timestamp,indoor_temperature_c,outdoor_temperature_c,heat_pump_modulation,heat_pump_electric_kw,delivered_heat_kw,cop,solar_irradiance_w_m2,internal_gains_kw,occupancy
2025-01-06 00:00:00,20.10870,6.12345,0.35000,1.75000,5.34830,3.05617,0.00000,1.00000,1.00000
2025-01-06 00:30:00,20.28575,5.40370,0.35000,1.75000,5.28532,3.02018,0.00000,1.00000,1.00000
2025-01-06 01:00:00,20.48672,6.02443,0.35000,1.75000,5.33964,3.05122,0.00000,1.00000,1.00000
2025-01-06 01:30:00,20.54029,5.75881,0.35000,1.75000,5.31640,3.03794,0.00000,1.00000,1.00000
2025-01-06 02:00:00,20.66100,5.06864,0.18000,0.90000,2.70309,3.00343,0.00000,1.00000,1.00000
2025-01-06 02:30:00,20.47237,4.98424,0.18000,0.90000,2.69929,2.99921,0.00000,1.00000,1.00000
2025-01-06 03:00:00,20.30355,5.13913,0.18000,0.90000,2.70626,3.00696,0.00000,1.00000,1.00000
2025-01-06 03:30:00,20.29634,4.60887,0.18000,0.90000,2.68240,2.98044,0.00000,1.00000,1.00000
2025-01-06 04:00:00,20.21464,4.20058,0.72000,3.60000,10.65610,2.96003,0.00000,1.00000,1.00000
2025-01-06 04:30:00,21.10955,3.93274,0.72000,3.60000,10.60789,2.94664,0.00000,1.00000,1.00000
2025-01-06 05:00:00,21.55565,3.15791,0.72000,3.60000,10.46842,2.90790,0.00000,1.00000,1.00000
2025-01-06 05:30:00,21.72845,3.59939,0.72000,3.60000,10.54789,2.92997,0.00000,1.00000,1.00000
2025-01-06 06:00:00,21.98717,2.52466,0.35000,1.75000,5.03341,2.87623,0.00000,1.00000,1.00000
2025-01-06 06:30:00,21.57454,2.86631,0.35000,1.75000,5.06330,2.89332,0.00000,1.00000,1.00000
2025-01-06 07:00:00,21.44477,2.75443,0.35000,1.75000,5.05351,2.88772,0.00000,0.25000,0.00000
2025-01-06 07:30:00,21.26020,2.27348,0.35000,1.75000,5.01143,2.86367,0.00000,0.25000,0.00000
2025-01-06 08:00:00,21.12888,2.85805,0.35000,1.75000,5.06258,2.89290,0.00000,0.25000,0.00000
2025-01-06 08:30:00,21.18465,3.53771,0.35000,1.75000,5.12205,2.92689,35.01480,0.25000,0.00000
2025-01-06 09:00:00,21.30440,2.95649,0.35000,1.75000,5.07119,2.89782,83.69162,0.25000,0.00000
2025-01-06 09:30:00,21.50957,2.81187,0.35000,1.75000,5.05854,2.89059,115.36328,0.25000,0.00000
2025-01-06 10:00:00,21.41427,3.40559,0.72000,3.60000,10.51301,2.92028,203.52537,0.25000,0.00000
2025-01-06 10:30:00,22.46990,3.98039,0.72000,3.60000,10.61647,2.94902,233.67816,0.25000,0.00000
2025-01-06 11:00:00,23.08208,4.03085,0.00000,0.00000,0.00000,2.95154,255.10131,0.25000,0.00000
2025-01-06 11:30:00,22.18442,4.27749,0.72000,3.60000,10.66995,2.96387,264.33948,0.25000,0.00000
2025-01-06 12:00:00,23.17869,4.12916,0.00000,0.00000,0.00000,2.95646,320.00000,0.25000,0.00000
2025-01-06 12:30:00,22.52409,5.16525,0.18000,0.90000,2.70744,3.00826,294.19761,0.25000,0.00000
2025-01-06 13:00:00,22.60752,5.54531,0.18000,0.90000,2.72454,3.02727,229.27792,0.25000,0.00000
2025-01-06 13:30:00,22.53143,6.24211,0.18000,0.90000,2.75590,3.06211,266.07028,0.25000,0.00000
2025-01-06 14:00:00,22.52496,6.69699,0.18000,0.90000,2.77636,3.08485,226.27417,0.25000,0.00000
2025-01-06 14:30:00,22.54113,6.81951,0.18000,0.90000,2.78188,3.09098,170.23898,0.25000,0.00000
2025-01-06 15:00:00,22.41801,6.39959,0.18000,0.90000,2.76298,3.06998,71.96412,0.25000,0.00000
2025-01-06 15:30:00,22.21282,6.85507,0.18000,0.90000,2.78348,3.09275,46.83717,0.25000,0.00000
2025-01-06 16:00:00,22.10848,7.33734,0.55000,2.75000,8.57138,3.11687,0.00000,0.25000,0.00000
2025-01-06 16:30:00,22.46557,8.16454,0.55000,2.75000,8.68512,3.15823,0.00000,0.25000,0.00000
2025-01-06 17:00:00,22.91956,8.09574,0.55000,2.75000,8.67566,3.15479,0.00000,0.25000,0.00000
2025-01-06 17:30:00,23.27448,9.10514,0.00000,0.00000,0.00000,3.20526,0.00000,0.25000,0.00000
2025-01-06 18:00:00,22.31375,8.96909,0.72000,3.60000,11.51444,3.19845,0.00000,0.25000,0.00000
2025-01-06 18:30:00,23.34124,9.20627,0.00000,0.00000,0.00000,3.21031,0.00000,0.25000,0.00000
2025-01-06 19:00:00,22.48837,9.49126,0.72000,3.60000,11.60843,3.22456,0.00000,0.25000,0.00000
2025-01-06 19:30:00,23.42022,9.45077,0.00000,0.00000,0.00000,3.22254,0.00000,0.25000,0.00000
2025-01-06 20:00:00,22.71465,8.89295,0.72000,3.60000,11.50073,3.19465,0.00000,1.00000,1.00000
2025-01-06 20:30:00,23.72069,10.25123,0.00000,0.00000,0.00000,3.26256,0.00000,1.00000,1.00000
2025-01-06 21:00:00,23.12311,9.86336,0.00000,0.00000,0.00000,3.24317,0.00000,1.00000,1.00000
2025-01-06 21:30:00,22.61808,9.79572,0.72000,3.60000,11.66323,3.23979,0.00000,1.00000,1.00000
2025-01-06 22:00:00,23.86722,8.86738,0.00000,0.00000,0.00000,3.19337,0.00000,1.00000,1.00000
2025-01-06 22:30:00,23.17640,8.30657,0.00000,0.00000,0.00000,3.16533,0.00000,1.00000,1.00000
2025-01-06 23:00:00,22.73165,8.21135,0.00000,0.00000,0.00000,3.16057,0.00000,1.00000,1.00000
2025-01-06 23:30:00,22.67392,8.12085,0.00000,0.00000,0.00000,3.15604,0.00000,1.00000,1.00000
2025-01-07 00:00:00,22.52713,8.51931,0.55000,2.75000,8.73391,3.17597,0.00000,1.00000,1.00000
2025-01-07 00:30:00,23.49490,8.22199,0.00000,0.00000,0.00000,3.16110,0.00000,1.00000,1.00000
2025-01-07 01:00:00,22.94365,8.09455,0.55000,2.75000,8.67550,3.15473,0.00000,1.00000,1.00000
2025-01-07 01:30:00,23.62107,7.99805,0.00000,0.00000,0.00000,3.14990,0.00000,1.00000,1.00000
2025-01-07 02:00:00,22.96830,7.08757,0.35000,1.75000,5.43266,3.10438,0.00000,1.00000,1.00000
2025-01-07 02:30:00,23.16638,6.68564,0.00000,0.00000,0.00000,3.08428,0.00000,1.00000,1.00000
2025-01-07 03:00:00,22.78429,6.09626,0.35000,1.75000,5.34592,3.05481,0.00000,1.00000,1.00000
2025-01-07 03:30:00,23.15935,5.77892,0.00000,0.00000,0.00000,3.03895,0.00000,1.00000,1.00000
2025-01-07 04:00:00,22.73890,5.18237,0.72000,3.60000,10.83283,3.00912,0.00000,1.00000,1.00000
2025-01-07 04:30:00,23.73338,5.48043,0.00000,0.00000,0.00000,3.02402,0.00000,1.00000,1.00000
2025-01-07 05:00:00,22.88882,5.15542,0.72000,3.60000,10.82797,3.00777,0.00000,1.00000,1.00000
2025-01-07 05:30:00,23.90909,4.67770,0.00000,0.00000,0.00000,2.98389,0.00000,1.00000,1.00000
2025-01-07 06:00:00,23.07279,4.34846,0.00000,0.00000,0.00000,2.96742,0.00000,1.00000,1.00000
2025-01-07 06:30:00,22.66548,4.64540,0.72000,3.60000,10.73617,2.98227,0.00000,1.00000,1.00000
2025-01-07 07:00:00,23.61804,4.83934,0.00000,0.00000,0.00000,2.99197,0.00000,0.25000,0.00000
2025-01-07 07:30:00,22.78929,4.35286,0.72000,3.60000,10.68352,2.96764,0.00000,0.25000,0.00000
2025-01-07 08:00:00,23.65746,4.41246,0.00000,0.00000,0.00000,2.97062,0.00000,0.25000,0.00000
2025-01-07 08:30:00,22.86054,4.15713,0.35000,1.75000,5.17625,2.95786,62.42890,0.25000,0.00000
2025-01-07 09:00:00,23.13053,4.34450,0.00000,0.00000,0.00000,2.96722,117.71970,0.25000,0.00000
2025-01-07 09:30:00,22.86633,4.44860,0.35000,1.75000,5.20175,2.97243,158.37372,0.25000,0.00000
2025-01-07 10:00:00,23.44583,4.63089,0.00000,0.00000,0.00000,2.98154,180.31761,0.25000,0.00000
2025-01-07 10:30:00,23.00028,4.73354,0.00000,0.00000,0.00000,2.98668,172.46105,0.25000,0.00000
2025-01-07 11:00:00,22.90748,5.33035,0.00000,0.00000,0.00000,3.01652,223.40002,0.25000,0.00000
2025-01-07 11:30:00,22.92886,5.92855,0.00000,0.00000,0.00000,3.04643,281.40429,0.25000,0.00000
2025-01-07 12:00:00,23.02728,5.45245,0.00000,0.00000,0.00000,3.02262,160.58869,0.25000,0.00000
2025-01-07 12:30:00,22.74162,6.60707,0.35000,1.75000,5.39062,3.08035,237.72018,0.25000,0.00000
2025-01-07 13:00:00,23.39286,6.32712,0.00000,0.00000,0.00000,3.06636,279.67806,0.25000,0.00000
2025-01-07 13:30:00,23.21241,6.70203,0.00000,0.00000,0.00000,3.08510,230.07681,0.25000,0.00000
2025-01-07 14:00:00,23.08805,6.44345,0.00000,0.00000,0.00000,3.07217,161.48423,0.25000,0.00000
2025-01-07 14:30:00,22.82356,6.71751,0.18000,0.90000,2.77729,3.08588,124.14028,0.25000,0.00000
2025-01-07 15:00:00,23.00110,8.18212,0.00000,0.00000,0.00000,3.15911,99.09156,0.25000,0.00000
2025-01-07 15:30:00,22.83466,7.88919,0.18000,0.90000,2.83001,3.14446,43.44992,0.25000,0.00000
2025-01-07 16:00:00,22.73233,8.88007,0.00000,0.00000,0.00000,3.19400,0.00000,0.25000,0.00000
2025-01-07 16:30:00,22.43017,8.91824,0.00000,0.00000,0.00000,3.19591,0.00000,0.25000,0.00000
2025-01-07 17:00:00,22.14203,9.26043,0.00000,0.00000,0.00000,3.21302,0.00000,0.25000,0.00000
2025-01-07 17:30:00,21.99554,9.87690,0.00000,0.00000,0.00000,3.24385,0.00000,0.25000,0.00000
2025-01-07 18:00:00,21.90538,9.58351,0.18000,0.90000,2.90626,3.22918,0.00000,0.25000,0.00000
2025-01-07 18:30:00,22.18313,8.62190,0.18000,0.90000,2.86299,3.18110,0.00000,0.25000,0.00000
2025-01-07 19:00:00,22.33023,9.26758,0.18000,0.90000,2.89204,3.21338,0.00000,0.25000,0.00000
2025-01-07 19:30:00,22.22445,10.28043,0.18000,0.90000,2.93762,3.26402,0.00000,0.25000,0.00000
2025-01-07 20:00:00,22.44439,10.65438,0.55000,2.75000,9.02748,3.28272,0.00000,1.00000,1.00000
2025-01-07 20:30:00,23.33359,9.88870,0.00000,0.00000,0.00000,3.24444,0.00000,1.00000,1.00000
2025-01-07 21:00:00,22.67717,9.59489,0.55000,2.75000,8.88180,3.22974,0.00000,1.00000,1.00000
2025-01-07 21:30:00,23.53298,9.22462,0.00000,0.00000,0.00000,3.21123,0.00000,1.00000,1.00000
2025-01-07 22:00:00,22.80282,9.72913,0.18000,0.90000,2.91281,3.23646,0.00000,1.00000,1.00000
2025-01-07 22:30:00,22.77197,8.69251,0.18000,0.90000,2.86616,3.18463,0.00000,1.00000,1.00000
2025-01-07 23:00:00,22.87876,8.63065,0.18000,0.90000,2.86338,3.18153,0.00000,1.00000,1.00000
2025-01-07 23:30:00,22.78175,8.82444,0.18000,0.90000,2.87210,3.19122,0.00000,1.00000,1.00000
2025-01-08 00:00:00,22.87384,8.49271,0.55000,2.75000,8.73025,3.17464,0.00000,1.00000,1.00000
2025-01-08 00:30:00,23.57310,8.02184,0.00000,0.00000,0.00000,3.15109,0.00000,1.00000,1.00000
2025-01-08 01:00:00,22.80353,8.12083,0.55000,2.75000,8.67911,3.15604,0.00000,1.00000,1.00000
2025-01-08 01:30:00,23.59839,6.93646,0.00000,0.00000,0.00000,3.09682,0.00000,1.00000,1.00000
2025-01-08 02:00:00,22.74606,6.57080,0.72000,3.60000,11.08274,3.07854,0.00000,1.00000,1.00000
2025-01-08 02:30:00,23.79639,6.45630,0.00000,0.00000,0.00000,3.07281,0.00000,1.00000,1.00000
2025-01-08 03:00:00,23.07890,6.24611,0.00000,0.00000,0.00000,3.06231,0.00000,1.00000,1.00000
2025-01-08 03:30:00,22.67021,5.73729,0.72000,3.60000,10.93271,3.03686,0.00000,1.00000,1.00000
2025-01-08 04:00:00,23.76364,6.20270,0.00000,0.00000,0.00000,3.06013,0.00000,1.00000,1.00000
2025-01-08 04:30:00,23.03160,4.96683,0.00000,0.00000,0.00000,2.99834,0.00000,1.00000,1.00000
2025-01-08 05:00:00,22.75035,5.10189,0.35000,1.75000,5.25892,3.00509,0.00000,1.00000,1.00000
2025-01-08 05:30:00,23.04456,4.40873,0.00000,0.00000,0.00000,2.97044,0.00000,1.00000,1.00000
2025-01-08 06:00:00,22.58073,4.49794,0.35000,1.75000,5.20607,2.97490,0.00000,1.00000,1.00000
2025-01-08 06:30:00,23.07662,4.04316,0.00000,0.00000,0.00000,2.95216,0.00000,1.00000,1.00000
2025-01-08 07:00:00,22.51447,3.91662,0.35000,1.75000,5.15520,2.94583,0.00000,0.25000,0.00000
2025-01-08 07:30:00,22.87227,4.52404,0.35000,1.75000,5.20835,2.97620,0.00000,0.25000,0.00000
2025-01-08 08:00:00,22.94568,3.78617,0.72000,3.60000,10.58151,2.93931,0.00000,0.25000,0.00000
2025-01-08 08:30:00,23.66565,4.50072,0.00000,0.00000,0.00000,2.97504,18.94205,0.25000,0.00000
2025-01-08 09:00:00,22.73848,3.68330,0.72000,3.60000,10.56299,2.93416,60.71809,0.25000,0.00000
2025-01-08 09:30:00,23.59491,3.86607,0.00000,0.00000,0.00000,2.94330,83.17751,0.25000,0.00000
2025-01-08 10:00:00,22.95780,4.55008,0.72000,3.60000,10.71901,2.97750,149.53861,0.25000,0.00000
2025-01-08 10:30:00,24.05429,3.46636,0.00000,0.00000,0.00000,2.92332,114.05349,0.25000,0.00000
2025-01-08 11:00:00,23.20138,3.95825,0.00000,0.00000,0.00000,2.94791,172.53549,0.25000,0.00000
2025-01-08 11:30:00,22.94299,4.79349,0.72000,3.60000,10.76283,2.98967,178.11018,0.25000,0.00000
2025-01-08 12:00:00,23.97016,5.22579,0.00000,0.00000,0.00000,3.01129,177.05061,0.25000,0.00000
2025-01-08 12:30:00,23.28859,5.55441,0.00000,0.00000,0.00000,3.02772,200.45419,0.25000,0.00000
2025-01-08 13:00:00,23.15041,5.55258,0.00000,0.00000,0.00000,3.02763,71.32955,0.25000,0.00000
2025-01-08 13:30:00,22.86176,5.48546,0.18000,0.90000,2.72185,3.02427,134.85985,0.25000,0.00000
2025-01-08 14:00:00,22.98671,6.61369,0.35000,1.75000,5.39120,3.08068,92.48770,0.25000,0.00000
2025-01-08 14:30:00,23.27940,6.80764,0.00000,0.00000,0.00000,3.09038,72.16504,0.25000,0.00000
2025-01-08 15:00:00,22.90447,6.57496,0.35000,1.75000,5.38781,3.07875,74.42087,0.25000,0.00000
2025-01-08 15:30:00,23.23171,7.31470,0.00000,0.00000,0.00000,3.11573,23.54552,0.25000,0.00000
2025-01-08 16:00:00,22.76144,8.21326,0.72000,3.60000,11.37839,3.16066,0.00000,0.25000,0.00000
2025-01-08 16:30:00,23.91774,7.88602,0.00000,0.00000,0.00000,3.14430,0.00000,0.25000,0.00000
2025-01-08 17:00:00,23.04141,7.65883,0.00000,0.00000,0.00000,3.13294,0.00000,0.25000,0.00000
2025-01-08 17:30:00,22.57302,8.13123,0.72000,3.60000,11.36362,3.15656,0.00000,0.25000,0.00000
2025-01-08 18:00:00,23.74803,8.31623,0.00000,0.00000,0.00000,3.16581,0.00000,0.25000,0.00000
2025-01-08 18:30:00,23.04025,8.69014,0.00000,0.00000,0.00000,3.18451,0.00000,0.25000,0.00000
2025-01-08 19:00:00,22.59376,8.96751,0.18000,0.90000,2.87854,3.19838,0.00000,0.25000,0.00000
2025-01-08 19:30:00,22.93498,8.34639,0.18000,0.90000,2.85059,3.16732,0.00000,0.25000,0.00000
2025-01-08 20:00:00,22.86550,8.43023,0.00000,0.00000,0.00000,3.17151,0.00000,1.00000,1.00000
2025-01-08 20:30:00,22.77659,8.95819,0.00000,0.00000,0.00000,3.19791,0.00000,1.00000,1.00000
2025-01-08 21:00:00,22.62594,8.74632,0.00000,0.00000,0.00000,3.18732,0.00000,1.00000,1.00000
2025-01-08 21:30:00,22.50063,8.80591,0.00000,0.00000,0.00000,3.19030,0.00000,1.00000,1.00000
2025-01-08 22:00:00,22.37973,7.60142,0.18000,0.90000,2.81706,3.13007,0.00000,1.00000,1.00000
2025-01-08 22:30:00,22.77540,7.53469,0.18000,0.90000,2.81406,3.12673,0.00000,1.00000,1.00000
2025-01-08 23:00:00,22.77758,7.94813,0.18000,0.90000,2.83267,3.14741,0.00000,1.00000,1.00000
2025-01-08 23:30:00,22.82833,6.93480,0.18000,0.90000,2.78707,3.09674,0.00000,1.00000,1.00000
2025-01-09 00:00:00,22.78889,7.04060,0.55000,2.75000,8.53058,3.10203,0.00000,1.00000,1.00000
2025-01-09 00:30:00,23.40628,6.53433,0.00000,0.00000,0.00000,3.07672,0.00000,1.00000,1.00000
2025-01-09 01:00:00,22.83477,5.89786,0.55000,2.75000,8.37346,3.04489,0.00000,1.00000,1.00000
2025-01-09 01:30:00,23.43439,6.28246,0.00000,0.00000,0.00000,3.06412,0.00000,1.00000,1.00000
2025-01-09 02:00:00,22.81436,5.34644,0.72000,3.60000,10.86236,3.01732,0.00000,1.00000,1.00000
2025-01-09 02:30:00,23.83257,4.76185,0.00000,0.00000,0.00000,2.98809,0.00000,1.00000,1.00000
2025-01-09 03:00:00,22.93494,4.48237,0.72000,3.60000,10.70683,2.97412,0.00000,1.00000,1.00000
2025-01-09 03:30:00,23.86748,4.23667,0.00000,0.00000,0.00000,2.96183,0.00000,1.00000,1.00000
2025-01-09 04:00:00,22.86060,3.21493,0.55000,2.75000,8.00455,2.91075,0.00000,1.00000,1.00000
2025-01-09 04:30:00,23.48426,3.11945,0.00000,0.00000,0.00000,2.90597,0.00000,1.00000,1.00000
2025-01-09 05:00:00,22.84880,2.65144,0.55000,2.75000,7.92707,2.88257,0.00000,1.00000,1.00000
2025-01-09 05:30:00,23.44015,2.07237,0.00000,0.00000,0.00000,2.85362,0.00000,1.00000,1.00000
2025-01-09 06:00:00,22.80651,2.92185,0.18000,0.90000,2.60648,2.89609,0.00000,1.00000,1.00000
2025-01-09 06:30:00,22.62673,2.87828,0.18000,0.90000,2.60452,2.89391,0.00000,1.00000,1.00000
2025-01-09 07:00:00,22.73867,2.62903,0.18000,0.90000,2.59331,2.88145,0.00000,0.25000,0.00000
2025-01-09 07:30:00,22.46833,1.45921,0.18000,0.90000,2.54066,2.82296,0.00000,0.25000,0.00000
2025-01-09 08:00:00,22.37762,2.16369,0.18000,0.90000,2.57237,2.85818,0.00000,0.25000,0.00000
2025-01-09 08:30:00,22.43097,2.24342,0.18000,0.90000,2.57595,2.86217,39.40065,0.25000,0.00000
2025-01-09 09:00:00,22.40942,1.82581,0.18000,0.90000,2.55716,2.84129,37.53011,0.25000,0.00000
2025-01-09 09:30:00,22.35475,2.39354,0.18000,0.90000,2.58271,2.86968,72.89021,0.25000,0.00000
2025-01-09 10:00:00,22.35941,1.82339,0.00000,0.00000,0.00000,2.84117,115.23752,0.25000,0.00000
2025-01-09 10:30:00,22.18750,1.99807,0.00000,0.00000,0.00000,2.84990,152.47721,0.25000,0.00000
2025-01-09 11:00:00,22.03049,2.28189,0.00000,0.00000,0.00000,2.86409,149.49895,0.25000,0.00000
2025-01-09 11:30:00,21.99170,2.55379,0.00000,0.00000,0.00000,2.87769,198.69663,0.25000,0.00000
2025-01-09 12:00:00,22.04845,2.71308,0.00000,0.00000,0.00000,2.88565,137.26284,0.25000,0.00000
2025-01-09 12:30:00,21.95200,3.69940,0.00000,0.00000,0.00000,2.93497,157.96858,0.25000,0.00000
2025-01-09 13:00:00,21.87086,3.28079,0.00000,0.00000,0.00000,2.91404,142.23710,0.25000,0.00000
2025-01-09 13:30:00,21.73735,3.81300,0.00000,0.00000,0.00000,2.94065,149.31807,0.25000,0.00000
2025-01-09 14:00:00,21.76258,4.07503,0.55000,2.75000,8.12282,2.95375,89.37549,0.25000,0.00000
2025-01-09 14:30:00,22.51136,5.40726,0.55000,2.75000,8.30600,3.02036,150.81161,0.25000,0.00000
2025-01-09 15:00:00,23.06133,4.62360,0.00000,0.00000,0.00000,2.98118,58.58737,0.25000,0.00000
2025-01-09 15:30:00,22.14352,5.41604,0.55000,2.75000,8.30721,3.02080,33.18192,0.25000,0.00000
2025-01-09 16:00:00,22.64119,6.18172,0.00000,0.00000,0.00000,3.05909,0.00000,0.25000,0.00000
2025-01-09 16:30:00,22.05134,5.37954,0.00000,0.00000,0.00000,3.01898,0.00000,0.25000,0.00000
2025-01-09 17:00:00,21.55596,5.73992,0.00000,0.00000,0.00000,3.03700,0.00000,0.25000,0.00000
2025-01-09 17:30:00,21.53649,6.11955,0.00000,0.00000,0.00000,3.05598,0.00000,0.25000,0.00000
2025-01-09 18:00:00,21.32658,5.93097,0.18000,0.90000,2.74189,3.04655,0.00000,0.25000,0.00000
2025-01-09 18:30:00,21.58213,6.95824,0.18000,0.90000,2.78812,3.09791,0.00000,0.25000,0.00000
2025-01-09 19:00:00,21.68958,6.43464,0.18000,0.90000,2.76456,3.07173,0.00000,0.25000,0.00000
2025-01-09 19:30:00,21.71461,7.00902,0.18000,0.90000,2.79041,3.10045,0.00000,0.25000,0.00000
2025-01-09 20:00:00,21.61700,6.81121,0.72000,3.60000,11.12602,3.09056,0.00000,1.00000,1.00000
2025-01-09 20:30:00,22.81498,6.56918,0.72000,3.60000,11.08245,3.07846,0.00000,1.00000,1.00000
2025-01-09 21:00:00,23.41593,6.79245,0.00000,0.00000,0.00000,3.08962,0.00000,1.00000,1.00000
2025-01-09 21:30:00,22.55351,6.19244,0.72000,3.60000,11.01464,3.05962,0.00000,1.00000,1.00000
2025-01-09 22:00:00,23.30104,6.47461,0.00000,0.00000,0.00000,3.07373,0.00000,1.00000,1.00000
2025-01-09 22:30:00,22.39654,5.39981,0.35000,1.75000,5.28498,3.01999,0.00000,1.00000,1.00000
2025-01-09 23:00:00,22.61762,5.32444,0.35000,1.75000,5.27839,3.01622,0.00000,1.00000,1.00000
2025-01-09 23:30:00,22.74945,5.70399,0.35000,1.75000,5.31160,3.03520,0.00000,1.00000,1.00000
2025-01-10 00:00:00,22.89221,4.20064,0.18000,0.90000,2.66403,2.96003,0.00000,1.00000,1.00000
2025-01-10 00:30:00,22.55740,4.74649,0.18000,0.90000,2.68859,2.98732,0.00000,1.00000,1.00000
2025-01-10 01:00:00,22.36910,4.05485,0.18000,0.90000,2.65747,2.95274,0.00000,1.00000,1.00000
2025-01-10 01:30:00,22.37101,3.61649,0.18000,0.90000,2.63774,2.93082,0.00000,1.00000,1.00000
2025-01-10 02:00:00,22.27846,3.16661,0.00000,0.00000,0.00000,2.90833,0.00000,1.00000,1.00000
2025-01-10 02:30:00,21.85446,3.46928,0.00000,0.00000,0.00000,2.92346,0.00000,1.00000,1.00000
2025-01-10 03:00:00,21.74745,2.09032,0.00000,0.00000,0.00000,2.85452,0.00000,1.00000,1.00000
2025-01-10 03:30:00,21.52467,2.54503,0.00000,0.00000,0.00000,2.87725,0.00000,1.00000,1.00000
2025-01-10 04:00:00,21.39186,2.06287,0.55000,2.75000,7.84615,2.85314,0.00000,1.00000,1.00000
2025-01-10 04:30:00,22.20498,1.41325,0.55000,2.75000,7.75682,2.82066,0.00000,1.00000,1.00000
2025-01-10 05:00:00,22.59521,1.23027,0.55000,2.75000,7.73166,2.81151,0.00000,1.00000,1.00000
2025-01-10 05:30:00,22.83124,1.24102,0.55000,2.75000,7.73314,2.81205,0.00000,1.00000,1.00000
2025-01-10 06:00:00,22.86205,0.55532,0.35000,1.75000,4.86109,2.77777,0.00000,1.00000,1.00000
2025-01-10 06:30:00,22.64317,0.04520,0.35000,1.75000,4.81646,2.75226,0.00000,1.00000,1.00000
2025-01-10 07:00:00,22.45759,0.53470,0.35000,1.75000,4.85929,2.77673,0.00000,0.25000,0.00000
2025-01-10 07:30:00,22.31476,0.04490,0.35000,1.75000,4.81643,2.75224,0.00000,0.25000,0.00000
2025-01-10 08:00:00,22.19651,0.15017,0.00000,0.00000,0.00000,2.75751,0.00000,0.25000,0.00000
2025-01-10 08:30:00,21.57917,0.31531,0.00000,0.00000,0.00000,2.76577,52.32896,0.25000,0.00000
2025-01-10 09:00:00,21.42252,0.60544,0.00000,0.00000,0.00000,2.78027,95.12500,0.25000,0.00000
2025-01-10 09:30:00,21.25855,1.08077,0.00000,0.00000,0.00000,2.80404,161.40895,0.25000,0.00000
2025-01-10 10:00:00,21.51915,0.70743,0.00000,0.00000,0.00000,2.78537,179.96442,0.25000,0.00000
2025-01-10 10:30:00,21.44325,0.81272,0.00000,0.00000,0.00000,2.79064,226.62178,0.25000,0.00000
2025-01-10 11:00:00,21.55709,1.28297,0.00000,0.00000,0.00000,2.81415,287.81324,0.25000,0.00000
2025-01-10 11:30:00,21.58611,1.35458,0.00000,0.00000,0.00000,2.81773,275.86318,0.25000,0.00000
2025-01-10 12:00:00,21.58692,0.95105,0.18000,0.90000,2.51780,2.79755,273.51677,0.25000,0.00000
2025-01-10 12:30:00,21.86596,1.64516,0.18000,0.90000,2.54903,2.83226,261.72042,0.25000,0.00000
2025-01-10 13:00:00,21.91143,1.75464,0.18000,0.90000,2.55396,2.83773,227.30200,0.25000,0.00000
2025-01-10 13:30:00,21.86443,2.77796,0.18000,0.90000,2.60001,2.88890,249.47128,0.25000,0.00000
2025-01-10 14:00:00,22.05645,3.33254,0.55000,2.75000,8.02072,2.91663,158.05082,0.25000,0.00000
2025-01-10 14:30:00,22.51038,3.36511,0.55000,2.75000,8.02520,2.91826,140.74552,0.25000,0.00000
2025-01-10 15:00:00,22.73642,3.22758,0.55000,2.75000,8.00629,2.91138,91.42139,0.25000,0.00000
2025-01-10 15:30:00,22.76148,4.20568,0.55000,2.75000,8.14078,2.96028,58.03293,0.25000,0.00000
2025-01-10 16:00:00,22.80822,3.90722,0.72000,3.60000,10.60330,2.94536,0.00000,0.25000,0.00000
2025-01-10 16:30:00,23.28796,4.62923,0.00000,0.00000,0.00000,2.98146,0.00000,0.25000,0.00000
2025-01-10 17:00:00,22.14111,4.38844,0.72000,3.60000,10.68992,2.96942,0.00000,0.25000,0.00000
2025-01-10 17:30:00,22.97800,4.55772,0.72000,3.60000,10.72039,2.97789,0.00000,0.25000,0.00000
2025-01-10 18:00:00,23.39829,4.74936,0.00000,0.00000,0.00000,2.98747,0.00000,0.25000,0.00000
2025-01-10 18:30:00,22.24496,5.40405,0.00000,0.00000,0.00000,3.02020,0.00000,0.25000,0.00000
2025-01-10 19:00:00,21.89963,5.28008,0.00000,0.00000,0.00000,3.01400,0.00000,0.25000,0.00000
2025-01-10 19:30:00,21.73159,5.73281,0.00000,0.00000,0.00000,3.03664,0.00000,0.25000,0.00000
2025-01-10 20:00:00,21.63136,5.14701,0.18000,0.90000,2.70662,3.00735,0.00000,1.00000,1.00000
2025-01-10 20:30:00,22.02987,5.74808,0.18000,0.90000,2.73366,3.03740,0.00000,1.00000,1.00000
2025-01-10 21:00:00,21.97022,5.28786,0.18000,0.90000,2.71295,3.01439,0.00000,1.00000,1.00000
2025-01-10 21:30:00,22.02383,5.82571,0.18000,0.90000,2.73716,3.04129,0.00000,1.00000,1.00000
2025-01-10 22:00:00,22.12927,5.58356,0.35000,1.75000,5.30106,3.02918,0.00000,1.00000,1.00000
2025-01-10 22:30:00,22.42480,4.94971,0.35000,1.75000,5.24560,2.99749,0.00000,1.00000,1.00000
2025-01-10 23:00:00,22.61285,4.82493,0.35000,1.75000,5.23468,2.99125,0.00000,1.00000,1.00000
2025-01-10 23:30:00,22.60139,4.60094,0.35000,1.75000,5.21508,2.98005,0.00000,1.00000,1.00000
2025-01-11 00:00:00,22.68620,4.37836,0.18000,0.90000,2.67203,2.96892,0.00000,1.00000,1.00000
2025-01-11 00:30:00,22.43841,3.79736,0.18000,0.90000,2.64588,2.93987,0.00000,1.00000,1.00000
2025-01-11 01:00:00,22.24405,3.93666,0.18000,0.90000,2.65215,2.94683,0.00000,1.00000,1.00000
2025-01-11 01:30:00,22.15070,3.02355,0.18000,0.90000,2.61106,2.90118,0.00000,1.00000,1.00000
2025-01-11 02:00:00,22.18243,2.17066,0.35000,1.75000,5.00243,2.85853,0.00000,1.00000,1.00000
2025-01-11 02:30:00,22.25378,2.57451,0.35000,1.75000,5.03777,2.87873,0.00000,1.00000,1.00000
2025-01-11 03:00:00,22.49648,2.10130,0.35000,1.75000,4.99636,2.85506,0.00000,1.00000,1.00000
2025-01-11 03:30:00,22.43237,2.09480,0.35000,1.75000,4.99579,2.85474,0.00000,1.00000,1.00000
2025-01-11 04:00:00,22.42296,1.69546,0.72000,3.60000,10.20518,2.83477,0.00000,1.00000,1.00000
2025-01-11 04:30:00,23.18438,1.24040,0.00000,0.00000,0.00000,2.81202,0.00000,1.00000,1.00000
2025-01-11 05:00:00,22.27590,0.97087,0.72000,3.60000,10.07476,2.79854,0.00000,1.00000,1.00000
2025-01-11 05:30:00,22.93701,0.75063,0.72000,3.60000,10.03511,2.78753,0.00000,1.00000,1.00000
2025-01-11 06:00:00,23.44002,0.28735,0.00000,0.00000,0.00000,2.76437,0.00000,1.00000,1.00000
2025-01-11 06:30:00,22.41345,-0.05388,0.35000,1.75000,4.80779,2.74731,0.00000,1.00000,1.00000
2025-01-11 07:00:00,22.43330,-0.01587,0.35000,1.75000,4.81111,2.74921,0.00000,1.00000,1.00000
2025-01-11 07:30:00,22.48942,0.18581,0.35000,1.75000,4.82876,2.75929,0.00000,1.00000,1.00000
2025-01-11 08:00:00,22.46774,-0.58047,0.72000,3.60000,9.79552,2.72098,0.00000,1.00000,1.00000
2025-01-11 08:30:00,23.18954,0.10326,0.00000,0.00000,0.00000,2.75516,43.58451,1.00000,1.00000
2025-01-11 09:00:00,22.34301,0.00372,0.72000,3.60000,9.90067,2.75019,83.17668,1.00000,1.00000
2025-01-11 09:30:00,23.31092,0.45526,0.00000,0.00000,0.00000,2.77276,135.48489,1.00000,1.00000
2025-01-11 10:00:00,22.70916,0.38517,0.55000,2.75000,7.61546,2.76926,198.04418,1.00000,1.00000
2025-01-11 10:30:00,23.49491,0.91769,0.00000,0.00000,0.00000,2.79588,229.07690,1.00000,1.00000
2025-01-11 11:00:00,22.94138,1.08083,0.55000,2.75000,7.71111,2.80404,211.58471,1.00000,1.00000
2025-01-11 11:30:00,23.62893,1.91373,0.00000,0.00000,0.00000,2.84569,203.36802,1.00000,1.00000
2025-01-11 12:00:00,23.19332,1.66930,0.00000,0.00000,0.00000,2.83346,217.84487,1.00000,1.00000
2025-01-11 12:30:00,22.90474,2.05822,0.18000,0.90000,2.56762,2.85291,220.76671,1.00000,1.00000
2025-01-11 13:00:00,23.10831,2.52554,0.00000,0.00000,0.00000,2.87628,220.05092,1.00000,1.00000
2025-01-11 13:30:00,23.01405,2.26646,0.00000,0.00000,0.00000,2.86332,167.18165,1.00000,1.00000
2025-01-11 14:00:00,22.69797,2.92061,0.18000,0.90000,2.60643,2.89603,145.00614,1.00000,1.00000
2025-01-11 14:30:00,22.87930,4.19239,0.18000,0.90000,2.66366,2.95962,120.43633,1.00000,1.00000
2025-01-11 15:00:00,22.92655,4.25874,0.18000,0.90000,2.66664,2.96294,61.98860,1.00000,1.00000
2025-01-11 15:30:00,22.80146,4.48400,0.18000,0.90000,2.67678,2.97420,38.50480,1.00000,1.00000
2025-01-11 16:00:00,22.79570,5.19189,0.00000,0.00000,0.00000,3.00959,0.00000,1.00000,1.00000
2025-01-11 16:30:00,22.29250,5.08581,0.00000,0.00000,0.00000,3.00429,0.00000,1.00000,1.00000
2025-01-11 17:00:00,22.13595,5.36870,0.00000,0.00000,0.00000,3.01844,0.00000,1.00000,1.00000
2025-01-11 17:30:00,21.79964,5.62372,0.00000,0.00000,0.00000,3.03119,0.00000,1.00000,1.00000
2025-01-11 18:00:00,22.00745,5.34443,0.55000,2.75000,8.29736,3.01722,0.00000,1.00000,1.00000
2025-01-11 18:30:00,22.67640,6.49013,0.55000,2.75000,8.45489,3.07451,0.00000,1.00000,1.00000
2025-01-11 19:00:00,23.37330,6.24700,0.00000,0.00000,0.00000,3.06235,0.00000,1.00000,1.00000
2025-01-11 19:30:00,22.54783,6.38633,0.55000,2.75000,8.44062,3.06932,0.00000,1.00000,1.00000
2025-01-11 20:00:00,23.22066,6.36139,0.00000,0.00000,0.00000,3.06807,0.00000,1.00000,1.00000
2025-01-11 20:30:00,22.62369,6.26786,0.18000,0.90000,2.75705,3.06339,0.00000,1.00000,1.00000
2025-01-11 21:00:00,22.60436,5.66416,0.18000,0.90000,2.72989,3.03321,0.00000,1.00000,1.00000
2025-01-11 21:30:00,22.61329,6.42673,0.18000,0.90000,2.76420,3.07134,0.00000,1.00000,1.00000
2025-01-11 22:00:00,22.56297,7.01240,0.72000,3.60000,11.16223,3.10062,0.00000,1.00000,1.00000
2025-01-11 22:30:00,23.54199,6.42910,0.00000,0.00000,0.00000,3.07146,0.00000,1.00000,1.00000
2025-01-11 23:00:00,22.71175,5.77904,0.72000,3.60000,10.94023,3.03895,0.00000,1.00000,1.00000
2025-01-11 23:30:00,23.62883,5.31948,0.00000,0.00000,0.00000,3.01597,0.00000,1.00000,1.00000
2025-01-12 00:00:00,22.83889,5.38660,0.35000,1.75000,5.28383,3.01933,0.00000,1.00000,1.00000
2025-01-12 00:30:00,23.06700,5.21837,0.00000,0.00000,0.00000,3.01092,0.00000,1.00000,1.00000
2025-01-12 01:00:00,22.55869,4.73946,0.35000,1.75000,5.22720,2.98697,0.00000,1.00000,1.00000
2025-01-12 01:30:00,22.95969,4.75448,0.35000,1.75000,5.22852,2.98772,0.00000,1.00000,1.00000
2025-01-12 02:00:00,23.18296,3.80407,0.00000,0.00000,0.00000,2.94020,0.00000,1.00000,1.00000
2025-01-12 02:30:00,22.49106,4.18682,0.72000,3.60000,10.65363,2.95934,0.00000,1.00000,1.00000
2025-01-12 03:00:00,23.60404,3.54947,0.00000,0.00000,0.00000,2.92747,0.00000,1.00000,1.00000
2025-01-12 03:30:00,22.79238,2.99772,0.72000,3.60000,10.43959,2.89989,0.00000,1.00000,1.00000
2025-01-12 04:00:00,23.53216,2.80405,0.00000,0.00000,0.00000,2.89020,0.00000,1.00000,1.00000
2025-01-12 04:30:00,22.86900,2.76253,0.55000,2.75000,7.94235,2.88813,0.00000,1.00000,1.00000
2025-01-12 05:00:00,23.35878,2.67483,0.00000,0.00000,0.00000,2.88374,0.00000,1.00000,1.00000
2025-01-12 05:30:00,22.72624,2.23456,0.55000,2.75000,7.86975,2.86173,0.00000,1.00000,1.00000
2025-01-12 06:00:00,23.17886,2.25229,0.00000,0.00000,0.00000,2.86261,0.00000,1.00000,1.00000
2025-01-12 06:30:00,22.67805,2.77100,0.35000,1.75000,5.05496,2.88855,0.00000,1.00000,1.00000
2025-01-12 07:00:00,23.07104,1.28174,0.00000,0.00000,0.00000,2.81409,0.00000,1.00000,1.00000
2025-01-12 07:30:00,22.39263,1.12552,0.35000,1.75000,4.91098,2.80628,0.00000,1.00000,1.00000
2025-01-12 08:00:00,22.65877,1.87815,0.18000,0.90000,2.55952,2.84391,0.00000,1.00000,1.00000
2025-01-12 08:30:00,22.57320,1.57613,0.18000,0.90000,2.54593,2.82881,26.99459,1.00000,1.00000
2025-01-12 09:00:00,22.48644,2.06979,0.18000,0.90000,2.56814,2.85349,51.84847,1.00000,1.00000
2025-01-12 09:30:00,22.54569,1.62834,0.18000,0.90000,2.54828,2.83142,53.01344,1.00000,1.00000
2025-01-12 10:00:00,22.63376,2.44462,0.72000,3.60000,10.34003,2.87223,91.14206,1.00000,1.00000
2025-01-12 10:30:00,23.59357,3.10458,0.00000,0.00000,0.00000,2.90523,143.40720,1.00000,1.00000
2025-01-12 11:00:00,22.97447,3.31948,0.72000,3.60000,10.49751,2.91597,148.57643,1.00000,1.00000
2025-01-12 11:30:00,24.01065,2.86687,0.00000,0.00000,0.00000,2.89334,134.21841,1.00000,1.00000
2025-01-12 12:00:00,23.24189,3.49166,0.00000,0.00000,0.00000,2.92458,129.54202,1.00000,1.00000
2025-01-12 12:30:00,22.89842,4.28260,0.00000,0.00000,0.00000,2.96413,190.09046,1.00000,1.00000
2025-01-12 13:00:00,22.84130,5.00248,0.00000,0.00000,0.00000,3.00012,186.78361,1.00000,1.00000
2025-01-12 13:30:00,22.86862,4.43377,0.00000,0.00000,0.00000,2.97169,82.49976,1.00000,1.00000
2025-01-12 14:00:00,22.65489,4.87811,0.72000,3.60000,10.77806,2.99391,80.71097,1.00000,1.00000
2025-01-12 14:30:00,23.78063,5.97780,0.00000,0.00000,0.00000,3.04889,66.14781,1.00000,1.00000
2025-01-12 15:00:00,23.14021,5.86415,0.00000,0.00000,0.00000,3.04321,62.17513,1.00000,1.00000
2025-01-12 15:30:00,22.78469,6.02126,0.72000,3.60000,10.98383,3.05106,27.17633,1.00000,1.00000
2025-01-12 16:00:00,23.85079,7.12081,0.00000,0.00000,0.00000,3.10604,0.00000,1.00000,1.00000
2025-01-12 16:30:00,23.02338,6.51308,0.00000,0.00000,0.00000,3.07565,0.00000,1.00000,1.00000
2025-01-12 17:00:00,22.57016,7.18057,0.55000,2.75000,8.54983,3.10903,0.00000,1.00000,1.00000
2025-01-12 17:30:00,23.49855,8.04298,0.00000,0.00000,0.00000,3.15215,0.00000,1.00000,1.00000
2025-01-12 18:00:00,22.97015,7.73145,0.35000,1.75000,5.48900,3.13657,0.00000,1.00000,1.00000
2025-01-12 18:30:00,23.35824,8.42357,0.00000,0.00000,0.00000,3.17118,0.00000,1.00000,1.00000
2025-01-12 19:00:00,22.83379,7.88734,0.35000,1.75000,5.50264,3.14437,0.00000,1.00000,1.00000
2025-01-12 19:30:00,23.36704,8.70193,0.00000,0.00000,0.00000,3.18510,0.00000,1.00000,1.00000
2025-01-12 20:00:00,22.84006,8.66191,0.72000,3.60000,11.45914,3.18310,0.00000,1.00000,1.00000
2025-01-12 20:30:00,23.96025,9.08183,0.00000,0.00000,0.00000,3.20409,0.00000,1.00000,1.00000
2025-01-12 21:00:00,23.20590,8.39866,0.00000,0.00000,0.00000,3.16993,0.00000,1.00000,1.00000
2025-01-12 21:30:00,22.89364,8.28483,0.72000,3.60000,11.39127,3.16424,0.00000,1.00000,1.00000
2025-01-12 22:00:00,24.11655,8.25366,0.00000,0.00000,0.00000,3.16268,0.00000,1.00000,1.00000
2025-01-12 22:30:00,23.31606,8.49095,0.00000,0.00000,0.00000,3.17455,0.00000,1.00000,1.00000
2025-01-12 23:00:00,22.88304,7.66309,0.00000,0.00000,0.00000,3.13315,0.00000,1.00000,1.00000
2025-01-12 23:30:00,22.70573,7.63774,0.00000,0.00000,0.00000,3.13189,0.00000,1.00000,1.00000
2025-01-13 00:00:00,22.58872,8.10477,0.55000,2.75000,8.67691,3.15524,0.00000,1.00000,1.00000
2025-01-13 00:30:00,23.54173,7.40602,0.00000,0.00000,0.00000,3.12030,0.00000,1.00000,1.00000
2025-01-13 01:00:00,23.11882,7.07819,0.00000,0.00000,0.00000,3.10391,0.00000,1.00000,1.00000
2025-01-13 01:30:00,22.80372,6.32123,0.55000,2.75000,8.43167,3.06606,0.00000,1.00000,1.00000
2025-01-13 02:00:00,23.51691,6.47719,0.00000,0.00000,0.00000,3.07386,0.00000,1.00000,1.00000
2025-01-13 02:30:00,22.96026,5.43993,0.55000,2.75000,8.31049,3.02200,0.00000,1.00000,1.00000
2025-01-13 03:00:00,23.56506,5.00286,0.00000,0.00000,0.00000,3.00014,0.00000,1.00000,1.00000
2025-01-13 03:30:00,22.88032,4.88460,0.55000,2.75000,8.23413,2.99423,0.00000,1.00000,1.00000
2025-01-13 04:00:00,23.56024,5.41784,0.00000,0.00000,0.00000,3.02089,0.00000,1.00000,1.00000
2025-01-13 04:30:00,22.90762,4.71080,0.55000,2.75000,8.21023,2.98554,0.00000,1.00000,1.00000
2025-01-13 05:00:00,23.71504,4.08456,0.00000,0.00000,0.00000,2.95423,0.00000,1.00000,1.00000
2025-01-13 05:30:00,23.05999,4.07866,0.00000,0.00000,0.00000,2.95393,0.00000,1.00000,1.00000
2025-01-13 06:00:00,22.59148,4.19177,0.18000,0.90000,2.66363,2.95959,0.00000,1.00000,1.00000
2025-01-13 06:30:00,22.65588,4.31842,0.18000,0.90000,2.66933,2.96592,0.00000,1.00000,1.00000
2025-01-13 07:00:00,22.80599,3.24770,0.18000,0.90000,2.62115,2.91238,0.00000,0.25000,0.00000
2025-01-13 07:30:00,22.51775,4.24753,0.18000,0.90000,2.66614,2.96238,0.00000,0.25000,0.00000
2025-01-13 08:00:00,22.76204,4.11262,0.72000,3.60000,10.64027,2.95563,0.00000,0.25000,0.00000
2025-01-13 08:30:00,23.39307,3.59680,0.00000,0.00000,0.00000,2.92984,28.10906,0.25000,0.00000
2025-01-13 09:00:00,22.66313,3.80236,0.72000,3.60000,10.58443,2.94012,67.38078,0.25000,0.00000
2025-01-13 09:30:00,23.70267,4.26059,0.00000,0.00000,0.00000,2.96303,114.89160,0.25000,0.00000
2025-01-13 10:00:00,23.00457,4.17897,0.00000,0.00000,0.00000,2.95895,144.70933,0.25000,0.00000
2025-01-13 10:30:00,22.64296,4.55852,0.55000,2.75000,8.18930,2.97793,160.08245,0.25000,0.00000
2025-01-13 11:00:00,23.60888,4.40784,0.00000,0.00000,0.00000,2.97039,179.59603,0.25000,0.00000
2025-01-13 11:30:00,23.18639,4.44252,0.00000,0.00000,0.00000,2.97213,182.04749,0.25000,0.00000
2025-01-13 12:00:00,22.89674,6.26063,0.55000,2.75000,8.42334,3.06303,249.14957,0.25000,0.00000
2025-01-13 12:30:00,23.93268,5.82357,0.00000,0.00000,0.00000,3.04118,212.56921,0.25000,0.00000
2025-01-13 13:00:00,23.45322,6.21328,0.00000,0.00000,0.00000,3.06066,154.03353,0.25000,0.00000
2025-01-13 13:30:00,23.07658,6.69533,0.00000,0.00000,0.00000,3.08477,199.32899,0.25000,0.00000
2025-01-13 14:00:00,22.89297,7.37267,0.35000,1.75000,5.45761,3.11863,172.94817,0.25000,0.00000
2025-01-13 14:30:00,23.50884,7.61762,0.00000,0.00000,0.00000,3.13088,154.20342,0.25000,0.00000
2025-01-13 15:00:00,23.15690,7.31275,0.00000,0.00000,0.00000,3.11564,113.92167,0.25000,0.00000
2025-01-13 15:30:00,22.82211,8.00016,0.35000,1.75000,5.51251,3.15001,45.57607,0.25000,0.00000
2025-01-13 16:00:00,23.22117,8.41182,0.00000,0.00000,0.00000,3.17059,0.00000,0.25000,0.00000
2025-01-13 16:30:00,22.69178,8.97733,0.72000,3.60000,11.51592,3.19887,0.00000,0.25000,0.00000
2025-01-13 17:00:00,23.68534,8.79372,0.00000,0.00000,0.00000,3.18969,0.00000,0.25000,0.00000
2025-01-13 17:30:00,23.03938,9.39577,0.00000,0.00000,0.00000,3.21979,0.00000,0.25000,0.00000
2025-01-13 18:00:00,22.49729,9.56071,0.00000,0.00000,0.00000,3.22804,0.00000,0.25000,0.00000
2025-01-13 18:30:00,22.39114,10.14201,0.00000,0.00000,0.00000,3.25710,0.00000,0.25000,0.00000
2025-01-13 19:00:00,22.40337,8.87825,0.00000,0.00000,0.00000,3.19391,0.00000,0.25000,0.00000
2025-01-13 19:30:00,22.29526,9.90429,0.00000,0.00000,0.00000,3.24521,0.00000,0.25000,0.00000
2025-01-13 20:00:00,22.17697,10.03186,0.55000,2.75000,8.94188,3.25159,0.00000,1.00000,1.00000
2025-01-13 20:30:00,23.32029,10.13718,0.00000,0.00000,0.00000,3.25686,0.00000,1.00000,1.00000
2025-01-13 21:00:00,22.93247,9.83766,0.55000,2.75000,8.91518,3.24188,0.00000,1.00000,1.00000
2025-01-13 21:30:00,23.70365,9.44309,0.00000,0.00000,0.00000,3.22215,0.00000,1.00000,1.00000
2025-01-13 22:00:00,23.03492,9.81468,0.00000,0.00000,0.00000,3.24073,0.00000,1.00000,1.00000
2025-01-13 22:30:00,22.77118,9.51441,0.00000,0.00000,0.00000,3.22572,0.00000,1.00000,1.00000
2025-01-13 23:00:00,22.61100,8.85703,0.00000,0.00000,0.00000,3.19285,0.00000,1.00000,1.00000
2025-01-13 23:30:00,22.31763,8.40631,0.00000,0.00000,0.00000,3.17032,0.00000,1.00000,1.00000
2025-01-14 00:00:00,22.39189,8.77918,0.00000,0.00000,0.00000,3.18896,0.00000,1.00000,1.00000
2025-01-14 00:30:00,22.32672,7.95680,0.00000,0.00000,0.00000,3.14784,0.00000,1.00000,1.00000
2025-01-14 01:00:00,22.22063,8.14502,0.00000,0.00000,0.00000,3.15725,0.00000,1.00000,1.00000
2025-01-14 01:30:00,22.07088,8.09200,0.00000,0.00000,0.00000,3.15460,0.00000,1.00000,1.00000
2025-01-14 02:00:00,22.00180,7.27034,0.00000,0.00000,0.00000,3.11352,0.00000,1.00000,1.00000
2025-01-14 02:30:00,21.98334,6.91415,0.00000,0.00000,0.00000,3.09571,0.00000,1.00000,1.00000
2025-01-14 03:00:00,21.91066,6.51919,0.00000,0.00000,0.00000,3.07596,0.00000,1.00000,1.00000
2025-01-14 03:30:00,21.90001,6.61313,0.00000,0.00000,0.00000,3.08066,0.00000,1.00000,1.00000
2025-01-14 04:00:00,21.62192,6.28923,0.00000,0.00000,0.00000,3.06446,0.00000,1.00000,1.00000
2025-01-14 04:30:00,21.66655,5.52096,0.00000,0.00000,0.00000,3.02605,0.00000,1.00000,1.00000
2025-01-14 05:00:00,21.58704,5.47281,0.00000,0.00000,0.00000,3.02364,0.00000,1.00000,1.00000
2025-01-14 05:30:00,21.33617,4.98320,0.00000,0.00000,0.00000,2.99916,0.00000,1.00000,1.00000
2025-01-14 06:00:00,21.41145,4.58515,0.00000,0.00000,0.00000,2.97926,0.00000,1.00000,1.00000
2025-01-14 06:30:00,21.20591,4.86018,0.00000,0.00000,0.00000,2.99301,0.00000,1.00000,1.00000
2025-01-14 07:00:00,21.14385,4.43585,0.00000,0.00000,0.00000,2.97179,0.00000,0.25000,0.00000
2025-01-14 07:30:00,20.89019,4.09043,0.00000,0.00000,0.00000,2.95452,0.00000,0.25000,0.00000
2025-01-14 08:00:00,20.76404,3.83123,0.72000,3.60000,10.58962,2.94156,0.00000,0.25000,0.00000
2025-01-14 08:30:00,21.85515,4.71743,0.72000,3.60000,10.74914,2.98587,51.65584,0.25000,0.00000
2025-01-14 09:00:00,22.44139,4.09412,0.72000,3.60000,10.63694,2.95471,94.39886,0.25000,0.00000
2025-01-14 09:30:00,22.90191,4.14948,0.72000,3.60000,10.64691,2.95747,128.52758,0.25000,0.00000
2025-01-14 10:00:00,23.40130,4.59602,0.00000,0.00000,0.00000,2.97980,159.46223,0.25000,0.00000
2025-01-14 10:30:00,22.41078,5.13780,0.00000,0.00000,0.00000,3.00689,258.18030,0.25000,0.00000
2025-01-14 11:00:00,22.25880,4.50231,0.00000,0.00000,0.00000,2.97512,295.64145,0.25000,0.00000
2025-01-14 11:30:00,22.14927,5.59066,0.00000,0.00000,0.00000,3.02953,262.56870,0.25000,0.00000
2025-01-14 12:00:00,22.22077,5.79411,0.18000,0.90000,2.73573,3.03971,283.28698,0.25000,0.00000
2025-01-14 12:30:00,22.34915,5.54383,0.18000,0.90000,2.72447,3.02719,298.55171,0.25000,0.00000
2025-01-14 13:00:00,22.67280,5.90054,0.18000,0.90000,2.74052,3.04503,234.06501,0.25000,0.00000
2025-01-14 13:30:00,22.57948,6.57965,0.18000,0.90000,2.77108,3.07898,233.75834,0.25000,0.00000
2025-01-14 14:00:00,22.69766,7.66445,0.35000,1.75000,5.48314,3.13322,154.58247,0.25000,0.00000
2025-01-14 14:30:00,22.91037,7.24590,0.35000,1.75000,5.44652,3.11229,105.30350,0.25000,0.00000
2025-01-14 15:00:00,22.85865,8.05282,0.35000,1.75000,5.51712,3.15264,89.84302,0.25000,0.00000
2025-01-14 15:30:00,23.02062,8.32885,0.00000,0.00000,0.00000,3.16644,59.73318,0.25000,0.00000
2025-01-14 16:00:00,22.26812,7.74970,0.35000,1.75000,5.49060,3.13748,0.00000,0.25000,0.00000
2025-01-14 16:30:00,22.51978,8.58679,0.35000,1.75000,5.56384,3.17934,0.00000,0.25000,0.00000
2025-01-14 17:00:00,22.83212,9.18479,0.35000,1.75000,5.61617,3.20924,0.00000,0.25000,0.00000
2025-01-14 17:30:00,22.86032,8.88280,0.35000,1.75000,5.58975,3.19414,0.00000,0.25000,0.00000
2025-01-14 18:00:00,22.87526,9.66314,0.35000,1.75000,5.65802,3.23316,0.00000,0.25000,0.00000
2025-01-14 18:30:00,23.03302,8.99478,0.00000,0.00000,0.00000,3.19974,0.00000,0.25000,0.00000
2025-01-14 19:00:00,22.33476,8.94916,0.35000,1.75000,5.59555,3.19746,0.00000,0.25000,0.00000
2025-01-14 19:30:00,22.82288,9.35446,0.35000,1.75000,5.63102,3.21772,0.00000,0.25000,0.00000
2025-01-14 20:00:00,22.99200,9.73471,0.00000,0.00000,0.00000,3.23674,0.00000,1.00000,1.00000
2025-01-14 20:30:00,22.66898,9.31761,0.00000,0.00000,0.00000,3.21588,0.00000,1.00000,1.00000
2025-01-14 21:00:00,22.34657,9.67501,0.00000,0.00000,0.00000,3.23375,0.00000,1.00000,1.00000
2025-01-14 21:30:00,22.14318,8.66448,0.00000,0.00000,0.00000,3.18322,0.00000,1.00000,1.00000
2025-01-14 22:00:00,22.24738,8.80926,0.18000,0.90000,2.87142,3.19046,0.00000,1.00000,1.00000
2025-01-14 22:30:00,22.51711,9.25738,0.18000,0.90000,2.89158,3.21287,0.00000,1.00000,1.00000
2025-01-14 23:00:00,22.67221,7.64592,0.18000,0.90000,2.81907,3.13230,0.00000,1.00000,1.00000
2025-01-14 23:30:00,22.57129,8.30615,0.18000,0.90000,2.84878,3.16531,0.00000,1.00000,1.00000
2025-01-15 00:00:00,22.66673,7.54911,0.72000,3.60000,11.25884,3.12746,0.00000,1.00000,1.00000
2025-01-15 00:30:00,23.51029,7.23808,0.00000,0.00000,0.00000,3.11190,0.00000,1.00000,1.00000
2025-01-15 01:00:00,22.67531,7.00319,0.72000,3.60000,11.16057,3.10016,0.00000,1.00000,1.00000
2025-01-15 01:30:00,23.70883,6.20948,0.00000,0.00000,0.00000,3.06047,0.00000,1.00000,1.00000
2025-01-15 02:00:00,22.96945,6.64791,0.18000,0.90000,2.77416,3.08240,0.00000,1.00000,1.00000
2025-01-15 02:30:00,22.81092,6.12621,0.18000,0.90000,2.75068,3.05631,0.00000,1.00000,1.00000
2025-01-15 03:00:00,22.63840,5.95369,0.18000,0.90000,2.74292,3.04768,0.00000,1.00000,1.00000
2025-01-15 03:30:00,22.64964,5.20063,0.18000,0.90000,2.70903,3.01003,0.00000,1.00000,1.00000
2025-01-15 04:00:00,22.70915,4.44685,0.00000,0.00000,0.00000,2.97234,0.00000,1.00000,1.00000
2025-01-15 04:30:00,22.32331,4.66220,0.00000,0.00000,0.00000,2.98311,0.00000,1.00000,1.00000
2025-01-15 05:00:00,22.15299,3.65304,0.00000,0.00000,0.00000,2.93265,0.00000,1.00000,1.00000
2025-01-15 05:30:00,21.97067,3.52064,0.00000,0.00000,0.00000,2.92603,0.00000,1.00000,1.00000
2025-01-15 06:00:00,21.82378,4.33417,0.00000,0.00000,0.00000,2.96671,0.00000,1.00000,1.00000
2025-01-15 06:30:00,21.72154,3.77477,0.00000,0.00000,0.00000,2.93874,0.00000,1.00000,1.00000
2025-01-15 07:00:00,21.60870,3.39571,0.00000,0.00000,0.00000,2.91979,0.00000,0.25000,0.00000
2025-01-15 07:30:00,21.36061,3.64841,0.00000,0.00000,0.00000,2.93242,0.00000,0.25000,0.00000
2025-01-15 08:00:00,21.26365,2.96312,0.35000,1.75000,5.07177,2.89816,0.00000,0.25000,0.00000
2025-01-15 08:30:00,21.53986,3.25357,0.35000,1.75000,5.09719,2.91268,27.64549,0.25000,0.00000
2025-01-15 09:00:00,21.89140,2.79343,0.35000,1.75000,5.05693,2.88967,75.34491,0.25000,0.00000
2025-01-15 09:30:00,22.04390,3.03777,0.35000,1.75000,5.07830,2.90189,92.66544,0.25000,0.00000
2025-01-15 10:00:00,22.19863,3.30574,0.72000,3.60000,10.49503,2.91529,137.42610,0.25000,0.00000
2025-01-15 10:30:00,23.16848,3.96013,0.00000,0.00000,0.00000,2.94801,210.44366,0.25000,0.00000
2025-01-15 11:00:00,22.44125,3.39125,0.72000,3.60000,10.51042,2.91956,192.97509,0.25000,0.00000
2025-01-15 11:30:00,23.42583,4.23887,0.00000,0.00000,0.00000,2.96194,193.08730,0.25000,0.00000
2025-01-15 12:00:00,22.51245,4.12686,0.72000,3.60000,10.64283,2.95634,161.72683,0.25000,0.00000
2025-01-15 12:30:00,23.48234,3.79873,0.00000,0.00000,0.00000,2.93994,147.57338,0.25000,0.00000
2025-01-15 13:00:00,22.62578,4.04213,0.72000,3.60000,10.62758,2.95211,150.83421,0.25000,0.00000
2025-01-15 13:30:00,23.54831,4.79037,0.00000,0.00000,0.00000,2.98952,163.30311,0.25000,0.00000
2025-01-15 14:00:00,22.77606,5.73317,0.35000,1.75000,5.31415,3.03666,163.80365,0.25000,0.00000
2025-01-15 14:30:00,23.04296,5.76894,0.00000,0.00000,0.00000,3.03845,106.70004,0.25000,0.00000
2025-01-15 15:00:00,22.60986,6.63184,0.35000,1.75000,5.39279,3.08159,61.47044,0.25000,0.00000
2025-01-15 15:30:00,22.85473,6.36029,0.35000,1.75000,5.36903,3.06801,31.79026,0.25000,0.00000
2025-01-15 16:00:00,22.98801,7.07863,0.72000,3.60000,11.17415,3.10393,0.00000,0.25000,0.00000
2025-01-15 16:30:00,23.59562,6.92947,0.00000,0.00000,0.00000,3.09647,0.00000,0.25000,0.00000
2025-01-15 17:00:00,22.73734,6.75256,0.72000,3.60000,11.11546,3.08763,0.00000,0.25000,0.00000
2025-01-15 17:30:00,23.59903,7.52082,0.00000,0.00000,0.00000,3.12604,0.00000,0.25000,0.00000
2025-01-15 18:00:00,22.81713,7.16787,0.72000,3.60000,11.19022,3.10839,0.00000,0.25000,0.00000
2025-01-15 18:30:00,23.77792,7.05116,0.00000,0.00000,0.00000,3.10256,0.00000,0.25000,0.00000
2025-01-15 19:00:00,22.87557,7.35637,0.72000,3.60000,11.22415,3.11782,0.00000,0.25000,0.00000
2025-01-15 19:30:00,23.75883,7.51070,0.00000,0.00000,0.00000,3.12553,0.00000,0.25000,0.00000
2025-01-15 20:00:00,23.03917,7.71516,0.00000,0.00000,0.00000,3.13576,0.00000,1.00000,1.00000
2025-01-15 20:30:00,22.84262,7.85863,0.35000,1.75000,5.50013,3.14293,0.00000,1.00000,1.00000
2025-01-15 21:00:00,23.32944,7.65810,0.00000,0.00000,0.00000,3.13291,0.00000,1.00000,1.00000
2025-01-15 21:30:00,22.95500,8.01713,0.35000,1.75000,5.51400,3.15086,0.00000,1.00000,1.00000
2025-01-15 22:00:00,23.42636,6.38894,0.00000,0.00000,0.00000,3.06945,0.00000,1.00000,1.00000
2025-01-15 22:30:00,22.93639,6.76669,0.55000,2.75000,8.49292,3.08833,0.00000,1.00000,1.00000
2025-01-15 23:00:00,23.62725,7.45401,0.00000,0.00000,0.00000,3.12270,0.00000,1.00000,1.00000
2025-01-15 23:30:00,22.95029,6.11706,0.55000,2.75000,8.40360,3.05585,0.00000,1.00000,1.00000
2025-01-16 00:00:00,23.73328,5.43720,0.00000,0.00000,0.00000,3.02186,0.00000,1.00000,1.00000
2025-01-16 00:30:00,23.06967,5.24291,0.00000,0.00000,0.00000,3.01215,0.00000,1.00000,1.00000
2025-01-16 01:00:00,22.62756,4.77792,0.55000,2.75000,8.21946,2.98890,0.00000,1.00000,1.00000
2025-01-16 01:30:00,23.45486,4.54398,0.00000,0.00000,0.00000,2.97720,0.00000,1.00000,1.00000
2025-01-16 02:00:00,22.92901,4.91803,0.18000,0.90000,2.69631,2.99590,0.00000,1.00000,1.00000
2025-01-16 02:30:00,22.79493,3.41160,0.18000,0.90000,2.62852,2.92058,0.00000,1.00000,1.00000
2025-01-16 03:00:00,22.81520,3.25770,0.18000,0.90000,2.62160,2.91289,0.00000,1.00000,1.00000
2025-01-16 03:30:00,22.79070,3.61258,0.18000,0.90000,2.63757,2.93063,0.00000,1.00000,1.00000
2025-01-16 04:00:00,22.90090,2.84928,0.72000,3.60000,10.41287,2.89246,0.00000,1.00000,1.00000
2025-01-16 04:30:00,23.68557,2.51584,0.00000,0.00000,0.00000,2.87579,0.00000,1.00000,1.00000
2025-01-16 05:00:00,22.84646,1.95200,0.72000,3.60000,10.25136,2.84760,0.00000,1.00000,1.00000
2025-01-16 05:30:00,23.67287,2.13446,0.00000,0.00000,0.00000,2.85672,0.00000,1.00000,1.00000
2025-01-16 06:00:00,22.90392,1.20259,0.00000,0.00000,0.00000,2.81013,0.00000,1.00000,1.00000
2025-01-16 06:30:00,22.46881,1.69601,0.00000,0.00000,0.00000,2.83480,0.00000,1.00000,1.00000
2025-01-16 07:00:00,22.15362,1.24649,0.00000,0.00000,0.00000,2.81232,0.00000,0.25000,0.00000
2025-01-16 07:30:00,21.88819,1.02775,0.00000,0.00000,0.00000,2.80139,0.00000,0.25000,0.00000
2025-01-16 08:00:00,21.70815,0.84407,0.72000,3.60000,10.05193,2.79220,0.00000,0.25000,0.00000
2025-01-16 08:30:00,22.81821,1.35332,0.72000,3.60000,10.14360,2.81767,41.38459,0.25000,0.00000
2025-01-16 09:00:00,23.32972,1.17277,0.00000,0.00000,0.00000,2.80864,45.34931,0.25000,0.00000
2025-01-16 09:30:00,22.51194,0.99784,0.72000,3.60000,10.07961,2.79989,58.45048,0.25000,0.00000
2025-01-16 10:00:00,23.28122,1.30375,0.00000,0.00000,0.00000,2.81519,113.02727,0.25000,0.00000
2025-01-16 10:30:00,22.49119,1.06164,0.18000,0.90000,2.52277,2.80308,103.26875,0.25000,0.00000
2025-01-16 11:00:00,22.39728,2.08735,0.18000,0.90000,2.56893,2.85437,122.71972,0.25000,0.00000
2025-01-16 11:30:00,22.58878,2.36514,0.18000,0.90000,2.58143,2.86826,206.18139,0.25000,0.00000
2025-01-16 12:00:00,22.66683,2.54937,0.18000,0.90000,2.58972,2.87747,69.17526,0.25000,0.00000
2025-01-16 12:30:00,22.48806,2.54854,0.18000,0.90000,2.58968,2.87743,172.47346,0.25000,0.00000
2025-01-16 13:00:00,22.66675,2.94126,0.18000,0.90000,2.60736,2.89706,100.47970,0.25000,0.00000
2025-01-16 13:30:00,22.52446,2.61195,0.18000,0.90000,2.59254,2.88060,131.68048,0.25000,0.00000
2025-01-16 14:00:00,22.53814,3.29526,0.72000,3.60000,10.49315,2.91476,121.56824,0.25000,0.00000
2025-01-16 14:30:00,23.46439,3.67382,0.00000,0.00000,0.00000,2.93369,92.88507,0.25000,0.00000
2025-01-16 15:00:00,22.59252,4.04274,0.72000,3.60000,10.62769,2.95214,36.83201,0.25000,0.00000
2025-01-16 15:30:00,23.37895,4.62901,0.00000,0.00000,0.00000,2.98145,31.28548,0.25000,0.00000
2025-01-16 16:00:00,22.63266,4.55297,0.35000,1.75000,5.21088,2.97765,0.00000,0.25000,0.00000
2025-01-16 16:30:00,22.80178,4.72507,0.35000,1.75000,5.22594,2.98625,0.00000,0.25000,0.00000
2025-01-16 17:00:00,22.88247,5.65507,0.35000,1.75000,5.30732,3.03275,0.00000,0.25000,0.00000
2025-01-16 17:30:00,22.95297,5.33844,0.35000,1.75000,5.27961,3.01692,0.00000,0.25000,0.00000
2025-01-16 18:00:00,23.03890,5.40005,0.00000,0.00000,0.00000,3.02000,0.00000,0.25000,0.00000
2025-01-16 18:30:00,22.30034,5.05496,0.72000,3.60000,10.80989,3.00275,0.00000,0.25000,0.00000
2025-01-16 19:00:00,23.26453,5.37694,0.00000,0.00000,0.00000,3.01885,0.00000,0.25000,0.00000
2025-01-16 19:30:00,22.59133,5.82271,0.72000,3.60000,10.94809,3.04114,0.00000,0.25000,0.00000
2025-01-16 20:00:00,23.42753,6.00000,0.00000,0.00000,0.00000,3.05000,0.00000,1.00000,1.00000
2025-01-16 20:30:00,22.84112,5.23330,0.00000,0.00000,0.00000,3.01166,0.00000,1.00000,1.00000
2025-01-16 21:00:00,22.41329,5.75946,0.00000,0.00000,0.00000,3.03797,0.00000,1.00000,1.00000
2025-01-16 21:30:00,22.33811,5.74225,0.00000,0.00000,0.00000,3.03711,0.00000,1.00000,1.00000
2025-01-16 22:00:00,22.23404,5.26840,0.35000,1.75000,5.27349,3.01342,0.00000,1.00000,1.00000
2025-01-16 22:30:00,22.67580,5.24270,0.35000,1.75000,5.27124,3.01213,0.00000,1.00000,1.00000
2025-01-16 23:00:00,22.88600,5.45742,0.35000,1.75000,5.29002,3.02287,0.00000,1.00000,1.00000
2025-01-16 23:30:00,23.09413,4.40845,0.00000,0.00000,0.00000,2.97042,0.00000,1.00000,1.00000
2025-01-17 00:00:00,22.43497,3.75600,0.00000,0.00000,0.00000,2.93780,0.00000,1.00000,1.00000
2025-01-17 00:30:00,22.15190,3.87314,0.00000,0.00000,0.00000,2.94366,0.00000,1.00000,1.00000
2025-01-17 01:00:00,22.09282,3.33511,0.00000,0.00000,0.00000,2.91676,0.00000,1.00000,1.00000
2025-01-17 01:30:00,21.97387,3.25419,0.00000,0.00000,0.00000,2.91271,0.00000,1.00000,1.00000
2025-01-17 02:00:00,21.75181,3.13714,0.18000,0.90000,2.61617,2.90686,0.00000,1.00000,1.00000
2025-01-17 02:30:00,21.97177,2.82722,0.18000,0.90000,2.60222,2.89136,0.00000,1.00000,1.00000
2025-01-17 03:00:00,21.95004,2.25789,0.18000,0.90000,2.57660,2.86289,0.00000,1.00000,1.00000
2025-01-17 03:30:00,21.99000,2.27938,0.18000,0.90000,2.57757,2.86397,0.00000,1.00000,1.00000
2025-01-17 04:00:00,22.00816,1.57717,0.72000,3.60000,10.18389,2.82886,0.00000,1.00000,1.00000
2025-01-17 04:30:00,22.75366,1.49714,0.72000,3.60000,10.16948,2.82486,0.00000,1.00000,1.00000
2025-01-17 05:00:00,23.26451,0.97729,0.00000,0.00000,0.00000,2.79886,0.00000,1.00000,1.00000
2025-01-17 05:30:00,22.29942,0.70246,0.72000,3.60000,10.02644,2.78512,0.00000,1.00000,1.00000
2025-01-17 06:00:00,23.02951,0.21915,0.00000,0.00000,0.00000,2.76096,0.00000,1.00000,1.00000
2025-01-17 06:30:00,22.14818,0.23046,0.35000,1.75000,4.83267,2.76152,0.00000,1.00000,1.00000
2025-01-17 07:00:00,22.38341,-0.09352,0.35000,1.75000,4.80432,2.74532,0.00000,0.25000,0.00000
2025-01-17 07:30:00,22.30901,-0.07079,0.35000,1.75000,4.80631,2.74646,0.00000,0.25000,0.00000
2025-01-17 08:00:00,22.17254,0.03228,0.18000,0.90000,2.47645,2.75161,0.00000,0.25000,0.00000
2025-01-17 08:30:00,21.90234,0.43366,0.18000,0.90000,2.49451,2.77168,45.09538,0.25000,0.00000
2025-01-17 09:00:00,21.81718,0.01062,0.18000,0.90000,2.47548,2.75053,104.35678,0.25000,0.00000
2025-01-17 09:30:00,21.89165,0.43592,0.18000,0.90000,2.49462,2.77180,143.77622,0.25000,0.00000
2025-01-17 10:00:00,22.00050,-0.05184,0.55000,2.75000,7.55537,2.74741,158.59269,0.25000,0.00000
2025-01-17 10:30:00,22.63011,0.48657,0.55000,2.75000,7.62940,2.77433,237.67015,0.25000,0.00000
2025-01-17 11:00:00,23.12465,1.27839,0.00000,0.00000,0.00000,2.81392,245.01024,0.25000,0.00000
2025-01-17 11:30:00,22.44111,1.23243,0.55000,2.75000,7.73196,2.81162,308.61518,0.25000,0.00000
2025-01-17 12:00:00,23.31551,0.78473,0.00000,0.00000,0.00000,2.78924,225.82214,0.25000,0.00000
2025-01-17 12:30:00,22.66186,1.74412,0.72000,3.60000,10.21394,2.83721,253.74457,0.25000,0.00000
2025-01-17 13:00:00,23.58352,2.02206,0.00000,0.00000,0.00000,2.85110,220.47022,0.25000,0.00000
2025-01-17 13:30:00,22.78255,2.05947,0.72000,3.60000,10.27070,2.85297,176.27763,0.25000,0.00000
2025-01-17 14:00:00,23.66884,2.23312,0.00000,0.00000,0.00000,2.86166,154.39708,0.25000,0.00000
2025-01-17 14:30:00,22.76665,2.89018,0.35000,1.75000,5.06539,2.89451,147.84291,0.25000,0.00000
2025-01-17 15:00:00,22.93379,3.21870,0.35000,1.75000,5.09414,2.91093,109.15790,0.25000,0.00000
2025-01-17 15:30:00,23.01244,4.20068,0.00000,0.00000,0.00000,2.96003,47.86902,0.25000,0.00000
2025-01-17 16:00:00,22.44442,4.49347,0.55000,2.75000,8.18035,2.97467,0.00000,0.25000,0.00000
2025-01-17 16:30:00,23.03229,4.83261,0.00000,0.00000,0.00000,2.99163,0.00000,0.25000,0.00000
2025-01-17 17:00:00,22.37448,5.27579,0.55000,2.75000,8.28792,3.01379,0.00000,0.25000,0.00000
2025-01-17 17:30:00,22.99196,4.39042,0.55000,2.75000,8.16618,2.96952,0.00000,0.25000,0.00000
2025-01-17 18:00:00,23.29062,5.27575,0.00000,0.00000,0.00000,3.01379,0.00000,0.25000,0.00000
2025-01-17 18:30:00,22.50549,5.66937,0.35000,1.75000,5.30857,3.03347,0.00000,0.25000,0.00000
2025-01-17 19:00:00,22.76807,5.45061,0.35000,1.75000,5.28943,3.02253,0.00000,0.25000,0.00000
2025-01-17 19:30:00,22.92878,5.55447,0.35000,1.75000,5.29852,3.02772,0.00000,0.25000,0.00000
2025-01-17 20:00:00,23.03839,5.53701,0.00000,0.00000,0.00000,3.02685,0.00000,1.00000,1.00000
2025-01-17 20:30:00,22.59636,5.87070,0.72000,3.60000,10.95673,3.04353,0.00000,1.00000,1.00000
2025-01-17 21:00:00,23.55562,5.74068,0.00000,0.00000,0.00000,3.03703,0.00000,1.00000,1.00000
2025-01-17 21:30:00,22.88196,6.09475,0.72000,3.60000,10.99705,3.05474,0.00000,1.00000,1.00000
2025-01-17 22:00:00,23.90082,5.66129,0.00000,0.00000,0.00000,3.03306,0.00000,1.00000,1.00000
2025-01-17 22:30:00,23.05600,5.41734,0.00000,0.00000,0.00000,3.02087,0.00000,1.00000,1.00000
2025-01-17 23:00:00,22.55896,5.11711,0.18000,0.90000,2.70527,3.00586,0.00000,1.00000,1.00000
2025-01-17 23:30:00,22.83826,4.59871,0.18000,0.90000,2.68194,2.97994,0.00000,1.00000,1.00000
2025-01-18 00:00:00,22.70821,4.63724,0.00000,0.00000,0.00000,2.98186,0.00000,1.00000,1.00000
2025-01-18 00:30:00,22.32168,4.57947,0.00000,0.00000,0.00000,2.97897,0.00000,1.00000,1.00000
2025-01-18 01:00:00,22.24019,4.13558,0.00000,0.00000,0.00000,2.95678,0.00000,1.00000,1.00000
2025-01-18 01:30:00,22.10549,3.26587,0.00000,0.00000,0.00000,2.91329,0.00000,1.00000,1.00000
2025-01-18 02:00:00,22.02861,2.77222,0.18000,0.90000,2.59975,2.88861,0.00000,1.00000,1.00000
2025-01-18 02:30:00,22.18260,3.20855,0.18000,0.90000,2.61938,2.91043,0.00000,1.00000,1.00000
2025-01-18 03:00:00,22.27954,2.70056,0.18000,0.90000,2.59652,2.88503,0.00000,1.00000,1.00000
2025-01-18 03:30:00,22.12925,2.41895,0.18000,0.90000,2.58385,2.87095,0.00000,1.00000,1.00000
2025-01-18 04:00:00,22.16375,1.71962,0.72000,3.60000,10.20953,2.83598,0.00000,1.00000,1.00000
2025-01-18 04:30:00,22.99145,2.00662,0.72000,3.60000,10.26119,2.85033,0.00000,1.00000,1.00000
2025-01-18 05:00:00,23.43983,1.75626,0.00000,0.00000,0.00000,2.83781,0.00000,1.00000,1.00000
2025-01-18 05:30:00,22.60818,1.20488,0.72000,3.60000,10.11688,2.81024,0.00000,1.00000,1.00000
2025-01-18 06:00:00,23.25473,1.32474,0.00000,0.00000,0.00000,2.81624,0.00000,1.00000,1.00000
2025-01-18 06:30:00,22.44837,0.67504,0.18000,0.90000,2.50538,2.78375,0.00000,1.00000,1.00000
2025-01-18 07:00:00,22.45622,0.88206,0.18000,0.90000,2.51469,2.79410,0.00000,1.00000,1.00000
2025-01-18 07:30:00,22.26663,0.17403,0.18000,0.90000,2.48283,2.75870,0.00000,1.00000,1.00000
2025-01-18 08:00:00,22.10442,0.78639,0.18000,0.90000,2.51039,2.78932,0.00000,1.00000,1.00000
2025-01-18 08:30:00,22.14847,1.80677,0.18000,0.90000,2.55630,2.84034,41.61647,1.00000,1.00000
2025-01-18 09:00:00,22.23870,1.30152,0.18000,0.90000,2.53357,2.81508,76.37790,1.00000,1.00000
2025-01-18 09:30:00,22.34751,1.81237,0.18000,0.90000,2.55656,2.84062,162.50029,1.00000,1.00000
2025-01-18 10:00:00,22.49113,1.61390,0.35000,1.75000,4.95372,2.83070,196.54471,1.00000,1.00000
2025-01-18 10:30:00,22.91007,1.73777,0.35000,1.75000,4.96455,2.83689,179.60352,1.00000,1.00000
2025-01-18 11:00:00,23.05675,2.01232,0.00000,0.00000,0.00000,2.85062,288.57707,1.00000,1.00000
2025-01-18 11:30:00,22.90245,2.11001,0.35000,1.75000,4.99713,2.85550,262.22550,1.00000,1.00000
2025-01-18 12:00:00,23.28805,2.84960,0.00000,0.00000,0.00000,2.89248,241.90040,1.00000,1.00000
2025-01-18 12:30:00,22.94239,2.70640,0.35000,1.75000,5.04931,2.88532,240.17951,1.00000,1.00000
2025-01-18 13:00:00,23.42221,3.36721,0.00000,0.00000,0.00000,2.91836,251.76599,1.00000,1.00000
2025-01-18 13:30:00,22.85067,4.89361,0.35000,1.75000,5.24069,2.99468,203.47207,1.00000,1.00000
2025-01-18 14:00:00,23.31781,4.33318,0.00000,0.00000,0.00000,2.96666,170.15577,1.00000,1.00000
2025-01-18 14:30:00,22.97005,4.39795,0.00000,0.00000,0.00000,2.96990,155.31654,1.00000,1.00000
2025-01-18 15:00:00,22.74861,5.33814,0.00000,0.00000,0.00000,3.01691,78.58934,1.00000,1.00000
2025-01-18 15:30:00,22.34293,5.50552,0.00000,0.00000,0.00000,3.02528,49.27177,1.00000,1.00000
2025-01-18 16:00:00,22.32090,5.63200,0.00000,0.00000,0.00000,3.03160,0.00000,1.00000,1.00000
2025-01-18 16:30:00,22.09008,5.68065,0.00000,0.00000,0.00000,3.03403,0.00000,1.00000,1.00000
2025-01-18 17:00:00,21.88135,6.33130,0.00000,0.00000,0.00000,3.06656,0.00000,1.00000,1.00000
2025-01-18 17:30:00,21.95201,6.51794,0.00000,0.00000,0.00000,3.07590,0.00000,1.00000,1.00000
2025-01-18 18:00:00,21.80503,6.93661,0.72000,3.60000,11.14859,3.09683,0.00000,1.00000,1.00000
2025-01-18 18:30:00,23.08444,7.25805,0.00000,0.00000,0.00000,3.11290,0.00000,1.00000,1.00000
2025-01-18 19:00:00,22.28844,7.38604,0.72000,3.60000,11.22949,3.11930,0.00000,1.00000,1.00000
2025-01-18 19:30:00,23.31015,7.07104,0.00000,0.00000,0.00000,3.10355,0.00000,1.00000,1.00000
2025-01-18 20:00:00,22.52593,7.64921,0.18000,0.90000,2.81921,3.13246,0.00000,1.00000,1.00000
2025-01-18 20:30:00,22.60798,7.62953,0.18000,0.90000,2.81833,3.13148,0.00000,1.00000,1.00000
2025-01-18 21:00:00,22.45704,6.94363,0.18000,0.90000,2.78746,3.09718,0.00000,1.00000,1.00000
2025-01-18 21:30:00,22.64204,7.49866,0.18000,0.90000,2.81244,3.12493,0.00000,1.00000,1.00000
2025-01-18 22:00:00,22.57940,7.23592,0.72000,3.60000,11.20246,3.11180,0.00000,1.00000,1.00000
2025-01-18 22:30:00,23.55763,7.23821,0.00000,0.00000,0.00000,3.11191,0.00000,1.00000,1.00000
2025-01-18 23:00:00,22.76709,6.52319,0.72000,3.60000,11.07417,3.07616,0.00000,1.00000,1.00000
2025-01-18 23:30:00,23.62521,6.56034,0.00000,0.00000,0.00000,3.07802,0.00000,1.00000,1.00000
2025-01-19 00:00:00,22.80365,6.32802,0.55000,2.75000,8.43260,3.06640,0.00000,1.00000,1.00000
2025-01-19 00:30:00,23.52211,5.69313,0.00000,0.00000,0.00000,3.03466,0.00000,1.00000,1.00000
2025-01-19 01:00:00,22.74325,6.00322,0.55000,2.75000,8.38794,3.05016,0.00000,1.00000,1.00000
2025-01-19 01:30:00,23.38083,5.40294,0.00000,0.00000,0.00000,3.02015,0.00000,1.00000,1.00000
2025-01-19 02:00:00,22.78039,5.32245,0.00000,0.00000,0.00000,3.01612,0.00000,1.00000,1.00000
2025-01-19 02:30:00,22.47306,4.51261,0.00000,0.00000,0.00000,2.97563,0.00000,1.00000,1.00000
2025-01-19 03:00:00,22.26549,4.05795,0.00000,0.00000,0.00000,2.95290,0.00000,1.00000,1.00000
2025-01-19 03:30:00,22.17908,3.83921,0.00000,0.00000,0.00000,2.94196,0.00000,1.00000,1.00000
2025-01-19 04:00:00,22.02647,3.19498,0.18000,0.90000,2.61877,2.90975,0.00000,1.00000,1.00000
2025-01-19 04:30:00,22.15171,3.42782,0.18000,0.90000,2.62925,2.92139,0.00000,1.00000,1.00000
2025-01-19 05:00:00,22.28836,3.60671,0.18000,0.90000,2.63730,2.93034,0.00000,1.00000,1.00000
2025-01-19 05:30:00,22.23785,3.78185,0.18000,0.90000,2.64518,2.93909,0.00000,1.00000,1.00000
2025-01-19 06:00:00,22.30610,3.52560,0.18000,0.90000,2.63365,2.92628,0.00000,1.00000,1.00000
2025-01-19 06:30:00,22.19827,3.45873,0.18000,0.90000,2.63064,2.92294,0.00000,1.00000,1.00000
2025-01-19 07:00:00,22.16935,3.38199,0.18000,0.90000,2.62719,2.91910,0.00000,1.00000,1.00000
2025-01-19 07:30:00,22.15916,3.65234,0.18000,0.90000,2.63936,2.93262,0.00000,1.00000,1.00000
2025-01-19 08:00:00,22.14423,2.98268,0.35000,1.75000,5.07348,2.89913,0.00000,1.00000,1.00000
2025-01-19 08:30:00,22.38806,3.31522,0.35000,1.75000,5.10258,2.91576,40.40231,1.00000,1.00000
2025-01-19 09:00:00,22.63782,3.32487,0.35000,1.75000,5.10343,2.91624,57.30698,1.00000,1.00000
2025-01-19 09:30:00,22.86191,2.33934,0.35000,1.75000,5.01719,2.86697,94.65831,1.00000,1.00000
2025-01-19 10:00:00,22.83598,3.51380,0.35000,1.75000,5.11996,2.92569,135.21114,1.00000,1.00000
2025-01-19 10:30:00,23.00312,3.72246,0.00000,0.00000,0.00000,2.93612,179.38820,1.00000,1.00000
2025-01-19 11:00:00,22.59452,4.11954,0.35000,1.75000,5.17296,2.95598,118.57984,1.00000,1.00000
2025-01-19 11:30:00,23.02888,4.11552,0.00000,0.00000,0.00000,2.95578,133.48870,1.00000,1.00000
2025-01-19 12:00:00,22.63275,4.37949,0.55000,2.75000,8.16468,2.96897,74.39974,1.00000,1.00000
2025-01-19 12:30:00,23.22718,4.82643,0.00000,0.00000,0.00000,2.99132,159.99430,1.00000,1.00000
2025-01-19 13:00:00,22.88282,5.65445,0.55000,2.75000,8.33999,3.03272,138.22214,1.00000,1.00000
2025-01-19 13:30:00,23.73371,5.95546,0.00000,0.00000,0.00000,3.04777,125.54483,1.00000,1.00000
2025-01-19 14:00:00,22.95851,6.72158,0.35000,1.75000,5.40064,3.08608,152.88427,1.00000,1.00000
2025-01-19 14:30:00,23.43175,6.14521,0.00000,0.00000,0.00000,3.05726,57.70355,1.00000,1.00000
2025-01-19 15:00:00,22.90405,7.39338,0.35000,1.75000,5.45942,3.11967,32.11052,1.00000,1.00000
2025-01-19 15:30:00,23.22022,8.05329,0.00000,0.00000,0.00000,3.15266,20.56365,1.00000,1.00000
2025-01-19 16:00:00,22.80301,7.41364,0.55000,2.75000,8.58187,3.12068,0.00000,1.00000,1.00000
2025-01-19 16:30:00,23.65247,8.10503,0.00000,0.00000,0.00000,3.15525,0.00000,1.00000,1.00000
2025-01-19 17:00:00,22.77877,7.81637,0.55000,2.75000,8.63725,3.14082,0.00000,1.00000,1.00000
2025-01-19 17:30:00,23.53774,7.66235,0.00000,0.00000,0.00000,3.13312,0.00000,1.00000,1.00000
2025-01-19 18:00:00,23.00932,8.40349,0.00000,0.00000,0.00000,3.17017,0.00000,1.00000,1.00000
2025-01-19 18:30:00,22.60937,9.09609,0.18000,0.90000,2.88432,3.20480,0.00000,1.00000,1.00000
2025-01-19 19:00:00,22.93633,9.30789,0.18000,0.90000,2.89386,3.21539,0.00000,1.00000,1.00000
2025-01-19 19:30:00,22.90065,9.19281,0.18000,0.90000,2.88868,3.20964,0.00000,1.00000,1.00000
2025-01-19 20:00:00,23.05258,9.61782,0.00000,0.00000,0.00000,3.23089,0.00000,1.00000,1.00000
2025-01-19 20:30:00,22.70307,9.52006,0.72000,3.60000,11.61361,3.22600,0.00000,1.00000,1.00000
2025-01-19 21:00:00,23.95542,10.03131,0.00000,0.00000,0.00000,3.25157,0.00000,1.00000,1.00000
2025-01-19 21:30:00,23.20436,8.75235,0.00000,0.00000,0.00000,3.18762,0.00000,1.00000,1.00000
2025-01-19 22:00:00,22.90818,8.80986,0.18000,0.90000,2.87144,3.19049,0.00000,1.00000,1.00000
2025-01-19 22:30:00,22.94202,8.73728,0.18000,0.90000,2.86818,3.18686,0.00000,1.00000,1.00000
2025-01-19 23:00:00,23.00246,8.50200,0.00000,0.00000,0.00000,3.17510,0.00000,1.00000,1.00000
2025-01-19 23:30:00,22.76128,8.31507,0.18000,0.90000,2.84918,3.16575,0.00000,1.00000,1.00000
2025-01-20 00:00:00,22.93366,9.06631,0.18000,0.90000,2.88298,3.20332,0.00000,1.00000,1.00000
2025-01-20 00:30:00,23.05809,7.77347,0.00000,0.00000,0.00000,3.13867,0.00000,1.00000,1.00000
2025-01-20 01:00:00,22.60026,7.81685,0.18000,0.90000,2.82676,3.14084,0.00000,1.00000,1.00000
2025-01-20 01:30:00,22.71739,6.73092,0.18000,0.90000,2.77789,3.08655,0.00000,1.00000,1.00000
2025-01-20 02:00:00,22.78953,6.64861,0.55000,2.75000,8.47668,3.08243,0.00000,1.00000,1.00000
2025-01-20 02:30:00,23.43391,6.86715,0.00000,0.00000,0.00000,3.09336,0.00000,1.00000,1.00000
2025-01-20 03:00:00,22.80765,6.58135,0.55000,2.75000,8.46744,3.07907,0.00000,1.00000,1.00000
2025-01-20 03:30:00,23.52212,5.30985,0.00000,0.00000,0.00000,3.01549,0.00000,1.00000,1.00000
2025-01-20 04:00:00,22.78791,6.34681,0.72000,3.60000,11.04243,3.06734,0.00000,1.00000,1.00000
2025-01-20 04:30:00,23.74575,5.45426,0.00000,0.00000,0.00000,3.02271,0.00000,1.00000,1.00000
2025-01-20 05:00:00,23.02028,4.76390,0.00000,0.00000,0.00000,2.98820,0.00000,1.00000,1.00000
2025-01-20 05:30:00,22.59491,4.98907,0.72000,3.60000,10.79803,2.99945,0.00000,1.00000,1.00000
2025-01-20 06:00:00,23.69978,4.39856,0.00000,0.00000,0.00000,2.96993,0.00000,1.00000,1.00000
2025-01-20 06:30:00,22.94406,3.95559,0.55000,2.75000,8.10639,2.94778,0.00000,1.00000,1.00000
2025-01-20 07:00:00,23.53739,4.45021,0.00000,0.00000,0.00000,2.97251,0.00000,0.25000,0.00000
2025-01-20 07:30:00,22.70790,4.62631,0.55000,2.75000,8.19862,2.98132,0.00000,0.25000,0.00000
2025-01-20 08:00:00,23.31634,4.70375,0.00000,0.00000,0.00000,2.98519,0.00000,0.25000,0.00000
2025-01-20 08:30:00,22.69950,3.74056,0.55000,2.75000,8.07683,2.93703,43.54118,0.25000,0.00000
2025-01-20 09:00:00,23.34182,4.08278,0.00000,0.00000,0.00000,2.95414,43.93622,0.25000,0.00000
2025-01-20 09:30:00,22.71568,4.48724,0.55000,2.75000,8.17950,2.97436,60.39543,0.25000,0.00000
2025-01-20 10:00:00,23.42540,5.11469,0.00000,0.00000,0.00000,3.00573,129.46935,0.25000,0.00000
2025-01-20 10:30:00,22.91536,5.41941,0.72000,3.60000,10.87549,3.02097,170.38501,0.25000,0.00000
2025-01-20 11:00:00,24.13324,5.04358,0.00000,0.00000,0.00000,3.00218,148.61829,0.25000,0.00000
2025-01-20 11:30:00,23.38128,5.02862,0.00000,0.00000,0.00000,3.00143,186.56015,0.25000,0.00000
2025-01-20 12:00:00,23.11237,5.98998,0.00000,0.00000,0.00000,3.04950,147.93330,0.25000,0.00000
2025-01-20 12:30:00,22.92914,5.94074,0.72000,3.60000,10.96933,3.04704,204.26517,0.25000,0.00000
2025-01-20 13:00:00,24.24669,6.62304,0.00000,0.00000,0.00000,3.08115,121.23595,0.25000,0.00000
2025-01-20 13:30:00,23.40884,7.21568,0.00000,0.00000,0.00000,3.11078,159.04511,0.25000,0.00000
2025-01-20 14:00:00,23.12643,7.42267,0.00000,0.00000,0.00000,3.12113,147.30742,0.25000,0.00000
2025-01-20 14:30:00,23.12881,7.19516,0.00000,0.00000,0.00000,3.10976,99.00996,0.25000,0.00000
2025-01-20 15:00:00,22.89420,7.47252,0.55000,2.75000,8.58997,3.12363,72.46558,0.25000,0.00000
2025-01-20 15:30:00,23.61889,7.71979,0.00000,0.00000,0.00000,3.13599,37.67406,0.25000,0.00000
2025-01-20 16:00:00,23.12822,8.87140,0.00000,0.00000,0.00000,3.19357,0.00000,0.25000,0.00000
2025-01-20 16:30:00,22.71177,9.31580,0.72000,3.60000,11.57684,3.21579,0.00000,0.25000,0.00000
2025-01-20 17:00:00,23.93180,8.79057,0.00000,0.00000,0.00000,3.18953,0.00000,0.25000,0.00000
2025-01-20 17:30:00,23.10382,9.21007,0.00000,0.00000,0.00000,3.21050,0.00000,0.25000,0.00000
2025-01-20 18:00:00,22.71824,9.25776,0.35000,1.75000,5.62255,3.21289,0.00000,0.25000,0.00000
2025-01-20 18:30:00,23.29268,9.70587,0.00000,0.00000,0.00000,3.23529,0.00000,0.25000,0.00000
2025-01-20 19:00:00,22.87406,9.55433,0.35000,1.75000,5.64850,3.22772,0.00000,0.25000,0.00000
2025-01-20 19:30:00,23.38910,9.61673,0.00000,0.00000,0.00000,3.23084,0.00000,0.25000,0.00000
2025-01-20 20:00:00,22.88564,10.40649,0.00000,0.00000,0.00000,3.27032,0.00000,1.00000,1.00000
2025-01-20 20:30:00,22.75564,10.24930,0.00000,0.00000,0.00000,3.26246,0.00000,1.00000,1.00000
2025-01-20 21:00:00,22.83097,9.84005,0.00000,0.00000,0.00000,3.24200,0.00000,1.00000,1.00000
2025-01-20 21:30:00,22.70372,10.11774,0.00000,0.00000,0.00000,3.25589,0.00000,1.00000,1.00000
2025-01-20 22:00:00,22.60030,9.30512,0.72000,3.60000,11.57492,3.21526,0.00000,1.00000,1.00000
2025-01-20 22:30:00,23.81343,9.47850,0.00000,0.00000,0.00000,3.22393,0.00000,1.00000,1.00000
2025-01-20 23:00:00,23.23035,8.70651,0.00000,0.00000,0.00000,3.18533,0.00000,1.00000,1.00000
2025-01-20 23:30:00,22.76470,8.48497,0.72000,3.60000,11.42730,3.17425,0.00000,1.00000,1.00000
2025-01-21 00:00:00,23.92649,8.79692,0.00000,0.00000,0.00000,3.18985,0.00000,1.00000,1.00000
2025-01-21 00:30:00,23.20196,7.65138,0.00000,0.00000,0.00000,3.13257,0.00000,1.00000,1.00000
2025-01-21 01:00:00,22.84932,7.57549,0.18000,0.90000,2.81590,3.12877,0.00000,1.00000,1.00000
2025-01-21 01:30:00,23.01728,6.91980,0.00000,0.00000,0.00000,3.09599,0.00000,1.00000,1.00000
2025-01-21 02:00:00,22.58417,6.50456,0.55000,2.75000,8.45688,3.07523,0.00000,1.00000,1.00000
2025-01-21 02:30:00,23.48163,6.58034,0.00000,0.00000,0.00000,3.07902,0.00000,1.00000,1.00000
2025-01-21 03:00:00,22.88167,6.21807,0.55000,2.75000,8.41748,3.06090,0.00000,1.00000,1.00000
2025-01-21 03:30:00,23.62259,5.27045,0.00000,0.00000,0.00000,3.01352,0.00000,1.00000,1.00000
2025-01-21 04:00:00,22.89270,6.26605,0.35000,1.75000,5.36078,3.06330,0.00000,1.00000,1.00000
2025-01-21 04:30:00,23.37423,5.70382,0.00000,0.00000,0.00000,3.03519,0.00000,1.00000,1.00000
2025-01-21 05:00:00,22.84199,4.51087,0.35000,1.75000,5.20720,2.97554,0.00000,1.00000,1.00000
2025-01-21 05:30:00,23.15315,4.72773,0.00000,0.00000,0.00000,2.98639,0.00000,1.00000,1.00000
2025-01-21 06:00:00,22.63238,4.40471,0.35000,1.75000,5.19791,2.97024,0.00000,1.00000,1.00000
2025-01-21 06:30:00,22.98764,3.92708,0.35000,1.75000,5.15612,2.94635,0.00000,1.00000,1.00000
2025-01-21 07:00:00,23.26192,3.54084,0.00000,0.00000,0.00000,2.92704,0.00000,0.25000,0.00000
2025-01-21 07:30:00,22.60608,3.92024,0.35000,1.75000,5.15552,2.94601,0.00000,0.25000,0.00000
2025-01-21 08:00:00,22.90184,3.79770,0.00000,0.00000,0.00000,2.93988,0.00000,0.25000,0.00000
2025-01-21 08:30:00,22.36844,4.29881,0.00000,0.00000,0.00000,2.96494,59.25071,0.25000,0.00000
2025-01-21 09:00:00,22.19403,3.96016,0.00000,0.00000,0.00000,2.94801,87.90881,0.25000,0.00000
2025-01-21 09:30:00,22.16322,3.61936,0.00000,0.00000,0.00000,2.93097,171.76911,0.25000,0.00000
2025-01-21 10:00:00,22.12882,3.86997,0.00000,0.00000,0.00000,2.94350,164.68476,0.25000,0.00000
2025-01-21 10:30:00,22.31526,4.28627,0.00000,0.00000,0.00000,2.96431,249.08956,0.25000,0.00000
2025-01-21 11:00:00,22.48044,4.85935,0.00000,0.00000,0.00000,2.99297,295.64145,0.25000,0.00000
2025-01-21 11:30:00,22.52442,4.31940,0.00000,0.00000,0.00000,2.96597,306.82410,0.25000,0.00000
2025-01-21 12:00:00,22.53680,5.11403,0.35000,1.75000,5.25998,3.00570,248.87916,0.25000,0.00000
2025-01-21 12:30:00,23.15904,5.79383,0.00000,0.00000,0.00000,3.03969,209.17994,0.25000,0.00000
2025-01-21 13:00:00,22.59633,5.09923,0.35000,1.75000,5.25868,3.00496,240.25861,0.25000,0.00000
2025-01-21 13:30:00,23.22512,6.47395,0.00000,0.00000,0.00000,3.07370,180.26441,0.25000,0.00000
2025-01-21 14:00:00,22.72707,6.08450,0.72000,3.60000,10.99521,3.05422,226.27417,0.25000,0.00000
2025-01-21 14:30:00,23.80509,6.59700,0.00000,0.00000,0.00000,3.07985,177.26668,0.25000,0.00000
2025-01-21 15:00:00,23.06874,6.74573,0.00000,0.00000,0.00000,3.08729,74.09039,0.25000,0.00000
2025-01-21 15:30:00,22.56394,7.38651,0.72000,3.60000,11.22957,3.11933,51.39792,0.25000,0.00000
2025-01-21 16:00:00,23.57052,7.72652,0.00000,0.00000,0.00000,3.13633,0.00000,0.25000,0.00000
2025-01-21 16:30:00,22.76956,8.00537,0.72000,3.60000,11.34097,3.15027,0.00000,0.25000,0.00000
2025-01-21 17:00:00,23.69591,9.07371,0.00000,0.00000,0.00000,3.20369,0.00000,0.25000,0.00000
2025-01-21 17:30:00,22.74780,7.34488,0.72000,3.60000,11.22208,3.11724,0.00000,0.25000,0.00000
2025-01-21 18:00:00,23.80619,8.23285,0.00000,0.00000,0.00000,3.16164,0.00000,0.25000,0.00000
2025-01-21 18:30:00,22.85841,8.05904,0.35000,1.75000,5.51767,3.15295,0.00000,0.25000,0.00000
2025-01-21 19:00:00,23.27884,8.54183,0.00000,0.00000,0.00000,3.17709,0.00000,0.25000,0.00000
2025-01-21 19:30:00,22.70628,8.39248,0.35000,1.75000,5.54684,3.16962,0.00000,0.25000,0.00000
2025-01-21 20:00:00,23.12706,8.53991,0.00000,0.00000,0.00000,3.17700,0.00000,1.00000,1.00000
2025-01-21 20:30:00,22.80626,8.56034,0.18000,0.90000,2.86022,3.17802,0.00000,1.00000,1.00000
2025-01-21 21:00:00,23.01125,8.24256,0.00000,0.00000,0.00000,3.16213,0.00000,1.00000,1.00000
2025-01-21 21:30:00,22.71471,8.63887,0.18000,0.90000,2.86375,3.18194,0.00000,1.00000,1.00000
2025-01-21 22:00:00,22.80344,7.55899,0.55000,2.75000,8.60186,3.12795,0.00000,1.00000,1.00000
2025-01-21 22:30:00,23.61819,7.65921,0.00000,0.00000,0.00000,3.13296,0.00000,1.00000,1.00000
2025-01-21 23:00:00,22.92843,7.57846,0.55000,2.75000,8.60454,3.12892,0.00000,1.00000,1.00000
2025-01-21 23:30:00,23.71193,7.75077,0.00000,0.00000,0.00000,3.13754,0.00000,1.00000,1.00000
2025-01-22 00:00:00,23.10468,6.41585,0.00000,0.00000,0.00000,3.07079,0.00000,1.00000,1.00000
2025-01-22 00:30:00,22.72921,6.08309,0.72000,3.60000,10.99496,3.05415,0.00000,1.00000,1.00000
2025-01-22 01:00:00,23.81852,6.33603,0.00000,0.00000,0.00000,3.06680,0.00000,1.00000,1.00000
2025-01-22 01:30:00,23.05300,5.77139,0.00000,0.00000,0.00000,3.03857,0.00000,1.00000,1.00000
2025-01-22 02:00:00,22.74242,4.81186,0.18000,0.90000,2.69153,2.99059,0.00000,1.00000,1.00000
2025-01-22 02:30:00,22.81151,5.34571,0.18000,0.90000,2.71556,3.01729,0.00000,1.00000,1.00000
2025-01-22 03:00:00,22.93543,4.61674,0.18000,0.90000,2.68275,2.98084,0.00000,1.00000,1.00000
2025-01-22 03:30:00,22.75304,4.01275,0.18000,0.90000,2.65557,2.95064,0.00000,1.00000,1.00000
2025-01-22 04:00:00,22.77050,3.63951,0.55000,2.75000,8.06293,2.93198,0.00000,1.00000,1.00000
2025-01-22 04:30:00,23.41499,3.44881,0.00000,0.00000,0.00000,2.92244,0.00000,1.00000,1.00000
2025-01-22 05:00:00,22.63807,2.96074,0.55000,2.75000,7.96960,2.89804,0.00000,1.00000,1.00000
2025-01-22 05:30:00,23.34907,2.92626,0.00000,0.00000,0.00000,2.89631,0.00000,1.00000,1.00000
2025-01-22 06:00:00,22.56670,2.68065,0.35000,1.75000,5.04706,2.88403,0.00000,1.00000,1.00000
2025-01-22 06:30:00,22.91105,1.95741,0.35000,1.75000,4.98377,2.84787,0.00000,1.00000,1.00000
2025-01-22 07:00:00,23.04348,1.62707,0.00000,0.00000,0.00000,2.83135,0.00000,0.25000,0.00000
2025-01-22 07:30:00,22.36066,2.65350,0.35000,1.75000,5.04468,2.88268,0.00000,0.25000,0.00000
2025-01-22 08:00:00,22.72266,1.81636,0.72000,3.60000,10.22695,2.84082,0.00000,0.25000,0.00000
2025-01-22 08:30:00,23.34994,2.61300,0.00000,0.00000,0.00000,2.88065,49.66341,0.25000,0.00000
2025-01-22 09:00:00,22.56772,2.07176,0.72000,3.60000,10.27292,2.85359,90.83081,0.25000,0.00000
2025-01-22 09:30:00,23.53454,1.12777,0.00000,0.00000,0.00000,2.80639,176.23329,0.25000,0.00000
2025-01-22 10:00:00,22.79156,2.30979,0.18000,0.90000,2.57894,2.86549,186.55830,0.25000,0.00000
2025-01-22 10:30:00,22.96950,2.05614,0.18000,0.90000,2.56753,2.85281,198.19895,0.25000,0.00000
2025-01-22 11:00:00,22.97598,1.75814,0.18000,0.90000,2.55412,2.83791,237.75808,0.25000,0.00000
2025-01-22 11:30:00,23.08600,2.79479,0.00000,0.00000,0.00000,2.88974,237.19975,0.25000,0.00000
2025-01-22 12:00:00,22.81976,2.65681,0.18000,0.90000,2.59456,2.88284,220.47715,0.25000,0.00000
2025-01-22 12:30:00,22.93574,3.26715,0.18000,0.90000,2.62202,2.91336,232.22438,0.25000,0.00000
2025-01-22 13:00:00,23.11962,4.05921,0.00000,0.00000,0.00000,2.95296,192.03130,0.25000,0.00000
2025-01-22 13:30:00,22.74580,4.24526,0.18000,0.90000,2.66604,2.96226,169.69350,0.25000,0.00000
2025-01-22 14:00:00,22.88822,4.30542,0.35000,1.75000,5.18922,2.96527,189.47498,0.25000,0.00000
2025-01-22 14:30:00,23.25438,4.63873,0.00000,0.00000,0.00000,2.98194,83.05369,0.25000,0.00000
2025-01-22 15:00:00,22.76344,4.95686,0.35000,1.75000,5.24622,2.99784,72.96086,0.25000,0.00000
2025-01-22 15:30:00,23.03092,4.99095,0.00000,0.00000,0.00000,2.99955,35.83136,0.25000,0.00000
2025-01-22 16:00:00,22.46898,5.15284,0.55000,2.75000,8.27102,3.00764,0.00000,0.25000,0.00000
2025-01-22 16:30:00,23.09384,5.61512,0.00000,0.00000,0.00000,3.03076,0.00000,0.25000,0.00000
2025-01-22 17:00:00,22.36075,6.06164,0.55000,2.75000,8.39597,3.05308,0.00000,0.25000,0.00000
2025-01-22 17:30:00,23.05068,5.92290,0.00000,0.00000,0.00000,3.04615,0.00000,0.25000,0.00000
2025-01-22 18:00:00,22.46615,6.28490,0.55000,2.75000,8.42667,3.06425,0.00000,0.25000,0.00000
2025-01-22 18:30:00,23.13658,6.50011,0.00000,0.00000,0.00000,3.07501,0.00000,0.25000,0.00000
2025-01-22 19:00:00,22.48760,6.23712,0.55000,2.75000,8.42010,3.06186,0.00000,0.25000,0.00000
2025-01-22 19:30:00,23.04241,6.98104,0.00000,0.00000,0.00000,3.09905,0.00000,0.25000,0.00000
2025-01-22 20:00:00,22.53309,7.05046,0.18000,0.90000,2.79227,3.10252,0.00000,1.00000,1.00000
2025-01-22 20:30:00,22.64604,6.59584,0.18000,0.90000,2.77181,3.07979,0.00000,1.00000,1.00000
2025-01-22 21:00:00,22.84740,6.08198,0.18000,0.90000,2.74869,3.05410,0.00000,1.00000,1.00000
2025-01-22 21:30:00,22.84388,5.56800,0.18000,0.90000,2.72556,3.02840,0.00000,1.00000,1.00000
2025-01-22 22:00:00,22.72844,5.16711,0.35000,1.75000,5.26462,3.00836,0.00000,1.00000,1.00000
2025-01-22 22:30:00,23.04115,6.24843,0.00000,0.00000,0.00000,3.06242,0.00000,1.00000,1.00000
2025-01-22 23:00:00,22.60408,5.62739,0.35000,1.75000,5.30490,3.03137,0.00000,1.00000,1.00000
2025-01-22 23:30:00,22.92969,5.03088,0.35000,1.75000,5.25270,3.00154,0.00000,1.00000,1.00000
2025-01-23 00:00:00,23.07821,4.37081,0.00000,0.00000,0.00000,2.96854,0.00000,1.00000,1.00000
2025-01-23 00:30:00,22.57317,4.48086,0.72000,3.60000,10.70655,2.97404,0.00000,1.00000,1.00000
2025-01-23 01:00:00,23.45740,4.49929,0.00000,0.00000,0.00000,2.97496,0.00000,1.00000,1.00000
2025-01-23 01:30:00,22.70568,3.88621,0.72000,3.60000,10.59952,2.94431,0.00000,1.00000,1.00000
2025-01-23 02:00:00,23.56422,3.00384,0.00000,0.00000,0.00000,2.90019,0.00000,1.00000,1.00000
2025-01-23 02:30:00,22.78481,4.06454,0.00000,0.00000,0.00000,2.95323,0.00000,1.00000,1.00000
2025-01-23 03:00:00,22.46309,2.78281,0.00000,0.00000,0.00000,2.88914,0.00000,1.00000,1.00000
2025-01-23 03:30:00,22.15663,1.76356,0.00000,0.00000,0.00000,2.83818,0.00000,1.00000,1.00000
2025-01-23 04:00:00,21.97691,1.99930,0.18000,0.90000,2.56497,2.84996,0.00000,1.00000,1.00000
2025-01-23 04:30:00,22.16149,1.67439,0.18000,0.90000,2.55035,2.83372,0.00000,1.00000,1.00000
2025-01-23 05:00:00,22.17318,1.48999,0.18000,0.90000,2.54205,2.82450,0.00000,1.00000,1.00000
2025-01-23 05:30:00,22.15773,1.09224,0.18000,0.90000,2.52415,2.80461,0.00000,1.00000,1.00000
2025-01-23 06:00:00,22.10072,0.28754,0.18000,0.90000,2.48794,2.76438,0.00000,1.00000,1.00000
2025-01-23 06:30:00,22.10821,0.68409,0.18000,0.90000,2.50578,2.78420,0.00000,1.00000,1.00000
2025-01-23 07:00:00,22.08137,0.11548,0.18000,0.90000,2.48020,2.75577,0.00000,0.25000,0.00000
2025-01-23 07:30:00,21.75351,0.35902,0.18000,0.90000,2.49116,2.76795,0.00000,0.25000,0.00000
2025-01-23 08:00:00,21.60526,0.24816,0.72000,3.60000,9.94467,2.76241,0.00000,0.25000,0.00000
2025-01-23 08:30:00,22.31745,0.50925,0.72000,3.60000,9.99167,2.77546,30.34253,0.25000,0.00000
2025-01-23 09:00:00,22.93339,0.40230,0.72000,3.60000,9.97241,2.77012,28.21890,0.25000,0.00000
2025-01-23 09:30:00,23.16159,0.30055,0.00000,0.00000,0.00000,2.76503,70.94941,0.25000,0.00000
2025-01-23 10:00:00,22.18689,1.51071,0.00000,0.00000,0.00000,2.82554,87.34306,0.25000,0.00000
2025-01-23 10:30:00,21.86024,0.62709,0.00000,0.00000,0.00000,2.78135,119.64717,0.25000,0.00000
2025-01-23 11:00:00,21.72636,0.84114,0.00000,0.00000,0.00000,2.79206,166.05088,0.25000,0.00000
2025-01-23 11:30:00,21.64124,1.39463,0.00000,0.00000,0.00000,2.81973,144.35271,0.25000,0.00000
2025-01-23 12:00:00,21.60473,1.69444,0.00000,0.00000,0.00000,2.83472,173.32649,0.25000,0.00000
2025-01-23 12:30:00,21.53613,2.18659,0.00000,0.00000,0.00000,2.85933,159.35227,0.25000,0.00000
2025-01-23 13:00:00,21.49179,1.64561,0.00000,0.00000,0.00000,2.83228,148.95674,0.25000,0.00000
2025-01-23 13:30:00,21.44942,2.31043,0.00000,0.00000,0.00000,2.86552,103.66399,0.25000,0.00000
2025-01-23 14:00:00,21.30045,3.26025,0.72000,3.60000,10.48685,2.91301,95.02225,0.25000,0.00000
2025-01-23 14:30:00,22.36662,3.31495,0.72000,3.60000,10.49669,2.91575,79.36013,0.25000,0.00000
2025-01-23 15:00:00,22.98662,3.66940,0.72000,3.60000,10.56049,2.93347,48.43823,0.25000,0.00000
2025-01-23 15:30:00,23.19782,3.39092,0.00000,0.00000,0.00000,2.91955,29.94282,0.25000,0.00000
2025-01-23 16:00:00,22.01861,3.70515,0.00000,0.00000,0.00000,2.93526,0.00000,0.25000,0.00000
2025-01-23 16:30:00,21.66777,4.21796,0.00000,0.00000,0.00000,2.96090,0.00000,0.25000,0.00000
2025-01-23 17:00:00,21.26954,4.86310,0.00000,0.00000,0.00000,2.99316,0.00000,0.25000,0.00000
2025-01-23 17:30:00,21.27135,5.29744,0.00000,0.00000,0.00000,3.01487,0.00000,0.25000,0.00000
2025-01-23 18:00:00,21.00018,5.53572,0.72000,3.60000,10.89643,3.02679,0.00000,0.25000,0.00000
2025-01-23 18:30:00,22.44327,4.69304,0.72000,3.60000,10.74475,2.98465,0.00000,0.25000,0.00000
2025-01-23 19:00:00,22.97241,5.45984,0.72000,3.60000,10.88277,3.02299,0.00000,0.25000,0.00000
2025-01-23 19:30:00,23.25375,5.57943,0.00000,0.00000,0.00000,3.02897,0.00000,0.25000,0.00000
2025-01-23 20:00:00,22.03281,5.42550,0.72000,3.60000,10.87659,3.02128,0.00000,1.00000,1.00000
2025-01-23 20:30:00,23.21909,5.40655,0.00000,0.00000,0.00000,3.02033,0.00000,1.00000,1.00000
2025-01-23 21:00:00,22.32471,5.09215,0.72000,3.60000,10.81659,3.00461,0.00000,1.00000,1.00000
2025-01-23 21:30:00,23.22636,5.22834,0.00000,0.00000,0.00000,3.01142,0.00000,1.00000,1.00000
2025-01-23 22:00:00,22.38555,4.34739,0.18000,0.90000,2.67063,2.96737,0.00000,1.00000,1.00000
2025-01-23 22:30:00,22.21736,5.45336,0.18000,0.90000,2.72040,3.02267,0.00000,1.00000,1.00000
2025-01-23 23:00:00,22.20030,4.82724,0.18000,0.90000,2.69223,2.99136,0.00000,1.00000,1.00000
2025-01-23 23:30:00,22.32418,5.01257,0.18000,0.90000,2.70057,3.00063,0.00000,1.00000,1.00000
2025-01-24 00:00:00,22.36493,3.89124,0.55000,2.75000,8.09755,2.94456,0.00000,1.00000,1.00000
2025-01-24 00:30:00,22.90173,3.24234,0.55000,2.75000,8.00832,2.91212,0.00000,1.00000,1.00000
2025-01-24 01:00:00,23.11624,4.16579,0.00000,0.00000,0.00000,2.95829,0.00000,1.00000,1.00000
2025-01-24 01:30:00,22.35780,2.39022,0.55000,2.75000,7.89116,2.86951,0.00000,1.00000,1.00000
2025-01-24 02:00:00,22.80470,2.37059,0.18000,0.90000,2.58168,2.86853,0.00000,1.00000,1.00000
2025-01-24 02:30:00,22.51235,2.72904,0.18000,0.90000,2.59781,2.88645,0.00000,1.00000,1.00000
2025-01-24 03:00:00,22.31834,2.61453,0.18000,0.90000,2.59265,2.88073,0.00000,1.00000,1.00000
2025-01-24 03:30:00,22.33116,1.52413,0.18000,0.90000,2.54359,2.82621,0.00000,1.00000,1.00000
2025-01-24 04:00:00,22.30722,1.37888,0.35000,1.75000,4.93315,2.81894,0.00000,1.00000,1.00000
2025-01-24 04:30:00,22.42174,1.06896,0.35000,1.75000,4.90603,2.80345,0.00000,1.00000,1.00000
2025-01-24 05:00:00,22.45567,1.09372,0.35000,1.75000,4.90820,2.80469,0.00000,1.00000,1.00000
2025-01-24 05:30:00,22.68846,0.35626,0.35000,1.75000,4.84367,2.76781,0.00000,1.00000,1.00000
2025-01-24 06:00:00,22.48335,0.70401,0.72000,3.60000,10.02672,2.78520,0.00000,1.00000,1.00000
2025-01-24 06:30:00,23.18289,0.66240,0.00000,0.00000,0.00000,2.78312,0.00000,1.00000,1.00000
2025-01-24 07:00:00,22.34863,0.20585,0.72000,3.60000,9.93705,2.76029,0.00000,0.25000,0.00000
2025-01-24 07:30:00,22.89412,0.22395,0.72000,3.60000,9.94031,2.76120,0.00000,0.25000,0.00000
2025-01-24 08:00:00,23.25527,1.01092,0.00000,0.00000,0.00000,2.80055,0.00000,0.25000,0.00000
2025-01-24 08:30:00,22.19124,0.34090,0.55000,2.75000,7.60937,2.76705,29.13110,0.25000,0.00000
2025-01-24 09:00:00,22.72121,0.17365,0.55000,2.75000,7.58638,2.75868,91.78810,0.25000,0.00000
2025-01-24 09:30:00,23.08342,0.84942,0.00000,0.00000,0.00000,2.79247,86.82194,0.25000,0.00000
2025-01-24 10:00:00,22.47561,1.07963,0.55000,2.75000,7.71095,2.80398,142.74861,0.25000,0.00000
2025-01-24 10:30:00,23.12873,0.62060,0.00000,0.00000,0.00000,2.78103,195.17659,0.25000,0.00000
2025-01-24 11:00:00,22.61283,0.78903,0.55000,2.75000,7.67099,2.78945,171.19911,0.25000,0.00000
2025-01-24 11:30:00,23.13983,1.95682,0.00000,0.00000,0.00000,2.84784,211.90699,0.25000,0.00000
2025-01-24 12:00:00,22.88728,2.20414,0.55000,2.75000,7.86557,2.86021,198.57460,0.25000,0.00000
2025-01-24 12:30:00,23.49429,2.59416,0.00000,0.00000,0.00000,2.87971,190.82485,0.25000,0.00000
2025-01-24 13:00:00,22.91772,3.08821,0.55000,2.75000,7.98713,2.90441,230.87110,0.25000,0.00000
2025-01-24 13:30:00,23.53321,2.47508,0.00000,0.00000,0.00000,2.87375,167.78039,0.25000,0.00000
2025-01-24 14:00:00,22.90734,2.69563,0.35000,1.75000,5.04837,2.88478,98.84625,0.25000,0.00000
2025-01-24 14:30:00,23.09371,4.03216,0.00000,0.00000,0.00000,2.95161,98.60662,0.25000,0.00000
2025-01-24 15:00:00,22.69803,4.39983,0.35000,1.75000,5.19748,2.96999,81.56127,0.25000,0.00000
2025-01-24 15:30:00,22.88873,4.49797,0.35000,1.75000,5.20607,2.97490,48.96134,0.25000,0.00000
2025-01-24 16:00:00,23.05833,5.05878,0.00000,0.00000,0.00000,3.00294,0.00000,0.25000,0.00000
2025-01-24 16:30:00,22.51970,4.86368,0.00000,0.00000,0.00000,2.99318,0.00000,0.25000,0.00000
2025-01-24 17:00:00,21.90709,5.07903,0.00000,0.00000,0.00000,3.00395,0.00000,0.25000,0.00000
2025-01-24 17:30:00,21.83732,5.67691,0.00000,0.00000,0.00000,3.03385,0.00000,0.25000,0.00000
2025-01-24 18:00:00,21.76677,6.10180,0.18000,0.90000,2.74958,3.05509,0.00000,0.25000,0.00000
2025-01-24 18:30:00,21.99751,6.36663,0.18000,0.90000,2.76150,3.06833,0.00000,0.25000,0.00000
2025-01-24 19:00:00,22.18624,6.25918,0.18000,0.90000,2.75666,3.06296,0.00000,0.25000,0.00000
2025-01-24 19:30:00,22.14540,6.61895,0.18000,0.90000,2.77285,3.08095,0.00000,0.25000,0.00000
2025-01-24 20:00:00,22.19417,6.89526,0.55000,2.75000,8.51060,3.09476,0.00000,1.00000,1.00000
2025-01-24 20:30:00,22.95071,6.64686,0.55000,2.75000,8.47644,3.08234,0.00000,1.00000,1.00000
2025-01-24 21:00:00,23.27189,6.26727,0.00000,0.00000,0.00000,3.06336,0.00000,1.00000,1.00000
2025-01-24 21:30:00,22.56293,6.95966,0.55000,2.75000,8.51945,3.09798,0.00000,1.00000,1.00000
2025-01-24 22:00:00,23.32058,5.82094,0.00000,0.00000,0.00000,3.04105,0.00000,1.00000,1.00000
2025-01-24 22:30:00,22.67862,6.14130,0.18000,0.90000,2.75136,3.05707,0.00000,1.00000,1.00000
2025-01-24 23:00:00,22.57288,6.54152,0.18000,0.90000,2.76937,3.07708,0.00000,1.00000,1.00000
2025-01-24 23:30:00,22.61710,6.50038,0.18000,0.90000,2.76752,3.07502,0.00000,1.00000,1.00000
2025-01-25 00:00:00,22.61999,5.93642,0.55000,2.75000,8.37876,3.04682,0.00000,1.00000,1.00000
2025-01-25 00:30:00,23.23633,4.92402,0.00000,0.00000,0.00000,2.99620,0.00000,1.00000,1.00000
2025-01-25 01:00:00,22.48896,4.14344,0.55000,2.75000,8.13222,2.95717,0.00000,1.00000,1.00000
2025-01-25 01:30:00,23.25028,4.28226,0.00000,0.00000,0.00000,2.96411,0.00000,1.00000,1.00000
2025-01-25 02:00:00,22.50546,4.11037,0.00000,0.00000,0.00000,2.95552,0.00000,1.00000,1.00000
2025-01-25 02:30:00,22.10957,3.84697,0.00000,0.00000,0.00000,2.94235,0.00000,1.00000,1.00000
2025-01-25 03:00:00,22.04967,3.12883,0.00000,0.00000,0.00000,2.90644,0.00000,1.00000,1.00000
2025-01-25 03:30:00,21.86655,2.99794,0.00000,0.00000,0.00000,2.89990,0.00000,1.00000,1.00000
2025-01-25 04:00:00,21.78032,2.97507,0.55000,2.75000,7.97157,2.89875,0.00000,1.00000,1.00000
2025-01-25 04:30:00,22.53271,2.65849,0.55000,2.75000,7.92804,2.88292,0.00000,1.00000,1.00000
2025-01-25 05:00:00,22.88079,2.86066,0.55000,2.75000,7.95584,2.89303,0.00000,1.00000,1.00000
2025-01-25 05:30:00,23.18554,2.40879,0.00000,0.00000,0.00000,2.87044,0.00000,1.00000,1.00000
2025-01-25 06:00:00,22.39062,2.25566,0.72000,3.60000,10.30602,2.86278,0.00000,1.00000,1.00000
2025-01-25 06:30:00,23.23008,1.73793,0.00000,0.00000,0.00000,2.83690,0.00000,1.00000,1.00000
2025-01-25 07:00:00,22.38335,1.88074,0.72000,3.60000,10.23853,2.84404,0.00000,1.00000,1.00000
2025-01-25 07:30:00,23.20257,1.13951,0.00000,0.00000,0.00000,2.80698,0.00000,1.00000,1.00000
2025-01-25 08:00:00,22.45415,1.70071,0.00000,0.00000,0.00000,2.83504,0.00000,1.00000,1.00000
2025-01-25 08:30:00,22.05020,1.35177,0.00000,0.00000,0.00000,2.81759,51.46471,1.00000,1.00000
2025-01-25 09:00:00,21.88192,2.07929,0.00000,0.00000,0.00000,2.85396,111.13568,1.00000,1.00000
2025-01-25 09:30:00,21.96310,2.38438,0.00000,0.00000,0.00000,2.86922,127.89088,1.00000,1.00000
2025-01-25 10:00:00,21.97764,2.44044,0.18000,0.90000,2.58482,2.87202,192.35492,1.00000,1.00000
2025-01-25 10:30:00,22.40310,3.17980,0.18000,0.90000,2.61809,2.90899,236.19066,1.00000,1.00000
2025-01-25 11:00:00,22.72861,2.69142,0.18000,0.90000,2.59611,2.88457,295.64145,1.00000,1.00000
2025-01-25 11:30:00,22.90479,3.21562,0.18000,0.90000,2.61970,2.91078,256.83147,1.00000,1.00000
2025-01-25 12:00:00,22.92807,3.40296,0.72000,3.60000,10.51253,2.92015,236.68939,1.00000,1.00000
2025-01-25 12:30:00,23.96286,3.85766,0.00000,0.00000,0.00000,2.94288,313.85129,1.00000,1.00000
2025-01-25 13:00:00,23.24771,4.82753,0.00000,0.00000,0.00000,2.99138,262.31515,1.00000,1.00000
2025-01-25 13:30:00,23.08636,4.27930,0.00000,0.00000,0.00000,2.96397,255.33263,1.00000,1.00000
2025-01-25 14:00:00,22.90397,5.75690,0.35000,1.75000,5.31623,3.03785,172.95035,1.00000,1.00000
2025-01-25 14:30:00,23.34597,6.06395,0.00000,0.00000,0.00000,3.05320,118.47567,1.00000,1.00000
2025-01-25 15:00:00,22.86041,6.19632,0.35000,1.75000,5.35468,3.05982,98.12439,1.00000,1.00000
2025-01-25 15:30:00,23.09970,6.25655,0.00000,0.00000,0.00000,3.06283,55.82800,1.00000,1.00000
2025-01-25 16:00:00,22.71092,6.83682,0.72000,3.60000,11.13063,3.09184,0.00000,1.00000,1.00000
2025-01-25 16:30:00,23.63693,6.95966,0.00000,0.00000,0.00000,3.09798,0.00000,1.00000,1.00000
2025-01-25 17:00:00,22.79036,7.93664,0.72000,3.60000,11.32859,3.14683,0.00000,1.00000,1.00000
2025-01-25 17:30:00,23.80244,7.30713,0.00000,0.00000,0.00000,3.11536,0.00000,1.00000,1.00000
2025-01-25 18:00:00,23.00337,7.60692,0.00000,0.00000,0.00000,3.13035,0.00000,1.00000,1.00000
2025-01-25 18:30:00,22.54027,8.16883,0.35000,1.75000,5.52727,3.15844,0.00000,1.00000,1.00000
2025-01-25 19:00:00,23.18243,7.43536,0.00000,0.00000,0.00000,3.12177,0.00000,1.00000,1.00000
2025-01-25 19:30:00,22.70747,8.94639,0.35000,1.75000,5.59531,3.19732,0.00000,1.00000,1.00000
2025-01-25 20:00:00,23.16082,8.38260,0.00000,0.00000,0.00000,3.16913,0.00000,1.00000,1.00000
2025-01-25 20:30:00,22.75706,8.78062,0.18000,0.90000,2.87013,3.18903,0.00000,1.00000,1.00000
2025-01-25 21:00:00,22.78642,8.54616,0.18000,0.90000,2.85958,3.17731,0.00000,1.00000,1.00000
2025-01-25 21:30:00,22.88877,7.78694,0.18000,0.90000,2.82541,3.13935,0.00000,1.00000,1.00000
2025-01-25 22:00:00,22.79276,8.30190,0.35000,1.75000,5.53892,3.16510,0.00000,1.00000,1.00000
2025-01-25 22:30:00,23.35708,8.27174,0.00000,0.00000,0.00000,3.16359,0.00000,1.00000,1.00000
2025-01-25 23:00:00,22.84523,7.50358,0.35000,1.75000,5.46906,3.12518,0.00000,1.00000,1.00000
2025-01-25 23:30:00,23.17238,7.33043,0.00000,0.00000,0.00000,3.11652,0.00000,1.00000,1.00000
2025-01-26 00:00:00,22.77980,7.04969,0.72000,3.60000,11.16894,3.10248,0.00000,1.00000,1.00000
2025-01-26 00:30:00,23.71842,7.40518,0.00000,0.00000,0.00000,3.12026,0.00000,1.00000,1.00000
2025-01-26 01:00:00,22.97583,6.38136,0.72000,3.60000,11.04865,3.06907,0.00000,1.00000,1.00000
2025-01-26 01:30:00,23.90649,6.18139,0.00000,0.00000,0.00000,3.05907,0.00000,1.00000,1.00000
2025-01-26 02:00:00,23.12935,6.14370,0.00000,0.00000,0.00000,3.05719,0.00000,1.00000,1.00000
2025-01-26 02:30:00,22.75522,5.88770,0.35000,1.75000,5.32767,3.04438,0.00000,1.00000,1.00000
2025-01-26 03:00:00,23.14208,5.30999,0.00000,0.00000,0.00000,3.01550,0.00000,1.00000,1.00000
2025-01-26 03:30:00,22.71902,5.76204,0.35000,1.75000,5.31668,3.03810,0.00000,1.00000,1.00000
2025-01-26 04:00:00,23.18120,5.48566,0.00000,0.00000,0.00000,3.02428,0.00000,1.00000,1.00000
2025-01-26 04:30:00,22.70923,4.20345,0.55000,2.75000,8.14047,2.96017,0.00000,1.00000,1.00000
2025-01-26 05:00:00,23.39049,5.04052,0.00000,0.00000,0.00000,3.00203,0.00000,1.00000,1.00000
2025-01-26 05:30:00,22.82930,4.36425,0.55000,2.75000,8.16258,2.96821,0.00000,1.00000,1.00000
2025-01-26 06:00:00,23.51205,4.26402,0.00000,0.00000,0.00000,2.96320,0.00000,1.00000,1.00000
2025-01-26 06:30:00,22.88674,4.17626,0.35000,1.75000,5.17792,2.95881,0.00000,1.00000,1.00000
2025-01-26 07:00:00,23.22527,3.32872,0.00000,0.00000,0.00000,2.91644,0.00000,1.00000,1.00000
2025-01-26 07:30:00,22.61649,3.32929,0.35000,1.75000,5.10381,2.91646,0.00000,1.00000,1.00000
2025-01-26 08:00:00,22.90481,3.95127,0.18000,0.90000,2.65281,2.94756,0.00000,1.00000,1.00000
2025-01-26 08:30:00,22.83756,3.58204,0.18000,0.90000,2.63619,2.92910,47.69019,1.00000,1.00000
2025-01-26 09:00:00,22.82648,4.91181,0.18000,0.90000,2.69603,2.99559,72.71832,1.00000,1.00000
2025-01-26 09:30:00,22.96031,3.92687,0.18000,0.90000,2.65171,2.94634,109.59128,1.00000,1.00000
2025-01-26 10:00:00,23.06552,4.60679,0.00000,0.00000,0.00000,2.98034,125.07617,1.00000,1.00000
2025-01-26 10:30:00,22.78042,4.16358,0.55000,2.75000,8.13499,2.95818,252.08845,1.00000,1.00000
2025-01-26 11:00:00,23.89656,5.53526,0.00000,0.00000,0.00000,3.02676,156.44647,1.00000,1.00000
2025-01-26 11:30:00,23.39328,5.73834,0.00000,0.00000,0.00000,3.03692,204.75501,1.00000,1.00000
2025-01-26 12:00:00,23.16709,4.87955,0.00000,0.00000,0.00000,2.99398,231.08206,1.00000,1.00000
2025-01-26 12:30:00,23.07876,5.88658,0.00000,0.00000,0.00000,3.04433,142.00038,1.00000,1.00000
2025-01-26 13:00:00,22.90193,6.16443,0.35000,1.75000,5.35189,3.05822,139.81202,1.00000,1.00000
2025-01-26 13:30:00,23.37396,7.06090,0.00000,0.00000,0.00000,3.10305,116.45416,1.00000,1.00000
2025-01-26 14:00:00,22.98536,6.05253,0.72000,3.60000,10.98946,3.05263,136.37868,1.00000,1.00000
2025-01-26 14:30:00,24.30542,7.17303,0.00000,0.00000,0.00000,3.10865,108.86288,1.00000,1.00000
2025-01-26 15:00:00,23.33514,7.97661,0.00000,0.00000,0.00000,3.14883,81.30101,1.00000,1.00000
2025-01-26 15:30:00,23.14777,7.90210,0.00000,0.00000,0.00000,3.14511,27.14281,1.00000,1.00000
2025-01-26 16:00:00,22.89256,8.14077,0.18000,0.90000,2.84133,3.15704,0.00000,1.00000,1.00000
2025-01-26 16:30:00,23.01958,8.16850,0.00000,0.00000,0.00000,3.15842,0.00000,1.00000,1.00000
2025-01-26 17:00:00,22.64021,9.10489,0.18000,0.90000,2.88472,3.20524,0.00000,1.00000,1.00000
2025-01-26 17:30:00,22.80166,9.15857,0.18000,0.90000,2.88714,3.20793,0.00000,1.00000,1.00000
2025-01-26 18:00:00,23.04765,8.93419,0.00000,0.00000,0.00000,3.19671,0.00000,1.00000,1.00000
2025-01-26 18:30:00,22.66926,9.67393,0.72000,3.60000,11.64131,3.23370,0.00000,1.00000,1.00000
2025-01-26 19:00:00,24.02800,9.50415,0.00000,0.00000,0.00000,3.22521,0.00000,1.00000,1.00000
2025-01-26 19:30:00,23.27391,9.93970,0.00000,0.00000,0.00000,3.24699,0.00000,1.00000,1.00000
2025-01-26 20:00:00,22.97034,10.13629,0.55000,2.75000,8.95624,3.25681,0.00000,1.00000,1.00000
2025-01-26 20:30:00,23.78547,10.25535,0.00000,0.00000,0.00000,3.26277,0.00000,1.00000,1.00000
2025-01-26 21:00:00,23.28763,9.93381,0.00000,0.00000,0.00000,3.24669,0.00000,1.00000,1.00000
2025-01-26 21:30:00,22.93330,9.34132,0.55000,2.75000,8.84693,3.21707,0.00000,1.00000,1.00000
2025-01-26 22:00:00,23.71818,9.47172,0.00000,0.00000,0.00000,3.22359,0.00000,1.00000,1.00000
2025-01-26 22:30:00,23.15338,9.22055,0.00000,0.00000,0.00000,3.21103,0.00000,1.00000,1.00000
2025-01-26 23:00:00,22.91769,9.48098,0.72000,3.60000,11.60658,3.22405,0.00000,1.00000,1.00000
2025-01-26 23:30:00,24.26481,8.59953,0.00000,0.00000,0.00000,3.17998,0.00000,1.00000,1.00000
2025-01-27 00:00:00,23.37530,9.09184,0.00000,0.00000,0.00000,3.20459,0.00000,1.00000,1.00000
2025-01-27 00:30:00,23.07076,8.21713,0.00000,0.00000,0.00000,3.16086,0.00000,1.00000,1.00000
2025-01-27 01:00:00,22.92411,8.12212,0.72000,3.60000,11.36198,3.15611,0.00000,1.00000,1.00000
2025-01-27 01:30:00,24.11350,7.37066,0.00000,0.00000,0.00000,3.11853,0.00000,1.00000,1.00000
2025-01-27 02:00:00,23.35721,7.60279,0.00000,0.00000,0.00000,3.13014,0.00000,1.00000,1.00000
2025-01-27 02:30:00,23.00515,6.59318,0.00000,0.00000,0.00000,3.07966,0.00000,1.00000,1.00000
2025-01-27 03:00:00,22.78546,7.02723,0.55000,2.75000,8.52874,3.10136,0.00000,1.00000,1.00000
2025-01-27 03:30:00,23.56837,6.24910,0.00000,0.00000,0.00000,3.06246,0.00000,1.00000,1.00000
2025-01-27 04:00:00,23.13674,6.04936,0.00000,0.00000,0.00000,3.05247,0.00000,1.00000,1.00000
2025-01-27 04:30:00,22.86512,5.66574,0.00000,0.00000,0.00000,3.03329,0.00000,1.00000,1.00000
2025-01-27 05:00:00,22.64720,4.89945,0.00000,0.00000,0.00000,2.99497,0.00000,1.00000,1.00000
2025-01-27 05:30:00,22.44634,5.43705,0.00000,0.00000,0.00000,3.02185,0.00000,1.00000,1.00000
2025-01-27 06:00:00,22.48137,4.18475,0.18000,0.90000,2.66331,2.95924,0.00000,1.00000,1.00000
2025-01-27 06:30:00,22.53984,4.59923,0.18000,0.90000,2.68197,2.97996,0.00000,1.00000,1.00000
2025-01-27 07:00:00,22.66343,4.71889,0.18000,0.90000,2.68735,2.98594,0.00000,0.25000,0.00000
2025-01-27 07:30:00,22.46683,4.72564,0.18000,0.90000,2.68765,2.98628,0.00000,0.25000,0.00000
2025-01-27 08:00:00,22.38930,4.10262,0.55000,2.75000,8.12661,2.95513,0.00000,0.25000,0.00000
2025-01-27 08:30:00,23.06493,4.16847,0.00000,0.00000,0.00000,2.95842,37.90905,0.25000,0.00000
2025-01-27 09:00:00,22.43995,4.32194,0.55000,2.75000,8.15677,2.96610,68.26958,0.25000,0.00000
2025-01-27 09:30:00,23.20124,4.14800,0.00000,0.00000,0.00000,2.95740,81.89371,0.25000,0.00000
2025-01-27 10:00:00,22.50832,4.56983,0.00000,0.00000,0.00000,2.97849,94.85035,0.25000,0.00000
2025-01-27 10:30:00,22.35206,4.52896,0.00000,0.00000,0.00000,2.97645,135.97505,0.25000,0.00000
2025-01-27 11:00:00,22.13796,5.24448,0.00000,0.00000,0.00000,3.01222,159.27521,0.25000,0.00000
2025-01-27 11:30:00,22.33248,5.26367,0.00000,0.00000,0.00000,3.01318,133.20931,0.25000,0.00000
2025-01-27 12:00:00,22.18392,5.33383,0.18000,0.90000,2.71502,3.01669,111.97383,0.25000,0.00000
2025-01-27 12:30:00,22.36439,5.67009,0.18000,0.90000,2.73015,3.03350,73.18203,0.25000,0.00000
2025-01-27 13:00:00,22.40144,6.31469,0.18000,0.90000,2.75916,3.06573,197.53563,0.25000,0.00000
2025-01-27 13:30:00,22.68837,6.31326,0.18000,0.90000,2.75910,3.06566,126.05437,0.25000,0.00000
2025-01-27 14:00:00,22.61235,6.45958,0.72000,3.60000,11.06272,3.07298,102.73908,0.25000,0.00000
2025-01-27 14:30:00,23.53336,6.90810,0.00000,0.00000,0.00000,3.09541,103.43842,0.25000,0.00000
2025-01-27 15:00:00,22.71231,7.71622,0.72000,3.60000,11.28892,3.13581,82.68867,0.25000,0.00000
2025-01-27 15:30:00,23.83431,7.32454,0.00000,0.00000,0.00000,3.11623,22.97052,0.25000,0.00000
2025-01-27 16:00:00,22.78201,8.29742,0.18000,0.90000,2.84838,3.16487,0.00000,0.25000,0.00000
2025-01-27 16:30:00,22.69483,8.84004,0.18000,0.90000,2.87280,3.19200,0.00000,0.25000,0.00000
2025-01-27 17:00:00,22.66120,8.57833,0.18000,0.90000,2.86103,3.17892,0.00000,0.25000,0.00000
2025-01-27 17:30:00,22.59663,8.90707,0.18000,0.90000,2.87582,3.19535,0.00000,0.25000,0.00000
2025-01-27 18:00:00,22.62905,8.66758,0.18000,0.90000,2.86504,3.18338,0.00000,0.25000,0.00000
2025-01-27 18:30:00,22.57417,8.98029,0.18000,0.90000,2.87911,3.19901,0.00000,0.25000,0.00000
2025-01-27 19:00:00,22.67301,9.21596,0.18000,0.90000,2.88972,3.21080,0.00000,0.25000,0.00000
2025-01-27 19:30:00,22.54310,9.58122,0.18000,0.90000,2.90615,3.22906,0.00000,0.25000,0.00000
2025-01-27 20:00:00,22.58079,9.32119,0.72000,3.60000,11.57781,3.21606,0.00000,1.00000,1.00000
2025-01-27 20:30:00,23.79403,9.00647,0.00000,0.00000,0.00000,3.20032,0.00000,1.00000,1.00000
2025-01-27 21:00:00,23.08113,9.11188,0.00000,0.00000,0.00000,3.20559,0.00000,1.00000,1.00000
2025-01-27 21:30:00,22.63272,8.72730,0.72000,3.60000,11.47091,3.18636,0.00000,1.00000,1.00000
2025-01-27 22:00:00,23.91097,9.57671,0.00000,0.00000,0.00000,3.22884,0.00000,1.00000,1.00000
2025-01-27 22:30:00,23.15706,8.50776,0.00000,0.00000,0.00000,3.17539,0.00000,1.00000,1.00000
2025-01-27 23:00:00,22.73568,8.99904,0.18000,0.90000,2.87996,3.19995,0.00000,1.00000,1.00000
2025-01-27 23:30:00,22.92795,7.58946,0.18000,0.90000,2.81653,3.12947,0.00000,1.00000,1.00000
2025-01-28 00:00:00,22.99765,7.47096,0.55000,2.75000,8.58976,3.12355,0.00000,1.00000,1.00000
2025-01-28 00:30:00,23.60955,7.96154,0.00000,0.00000,0.00000,3.14808,0.00000,1.00000,1.00000
2025-01-28 01:00:00,22.98534,6.97563,0.55000,2.75000,8.52165,3.09878,0.00000,1.00000,1.00000
2025-01-28 01:30:00,23.58998,7.43806,0.00000,0.00000,0.00000,3.12190,0.00000,1.00000,1.00000
2025-01-28 02:00:00,23.08556,6.57157,0.00000,0.00000,0.00000,3.07858,0.00000,1.00000,1.00000
2025-01-28 02:30:00,22.79619,6.37481,0.72000,3.60000,11.04747,3.06874,0.00000,1.00000,1.00000
2025-01-28 03:00:00,23.83632,4.93771,0.00000,0.00000,0.00000,2.99689,0.00000,1.00000,1.00000
2025-01-28 03:30:00,23.07155,5.17270,0.00000,0.00000,0.00000,3.00863,0.00000,1.00000,1.00000
2025-01-28 04:00:00,22.67110,4.61808,0.18000,0.90000,2.68281,2.98090,0.00000,1.00000,1.00000
2025-01-28 04:30:00,22.73435,4.96670,0.18000,0.90000,2.69850,2.99834,0.00000,1.00000,1.00000
2025-01-28 05:00:00,22.78988,3.92648,0.18000,0.90000,2.65169,2.94632,0.00000,1.00000,1.00000
2025-01-28 05:30:00,22.75374,3.80914,0.18000,0.90000,2.64641,2.94046,0.00000,1.00000,1.00000
2025-01-28 06:00:00,22.70596,3.27417,0.18000,0.90000,2.62234,2.91371,0.00000,1.00000,1.00000
2025-01-28 06:30:00,22.75137,2.77162,0.18000,0.90000,2.59972,2.88858,0.00000,1.00000,1.00000
2025-01-28 07:00:00,22.56481,3.40940,0.18000,0.90000,2.62842,2.92047,0.00000,0.25000,0.00000
2025-01-28 07:30:00,22.41929,2.95540,0.18000,0.90000,2.60799,2.89777,0.00000,0.25000,0.00000
2025-01-28 08:00:00,22.28073,3.13843,0.35000,1.75000,5.08711,2.90692,0.00000,0.25000,0.00000
2025-01-28 08:30:00,22.58606,2.65017,0.35000,1.75000,5.04439,2.88251,47.80157,0.25000,0.00000
2025-01-28 09:00:00,22.67116,3.00317,0.35000,1.75000,5.07528,2.90016,93.20718,0.25000,0.00000
2025-01-28 09:30:00,22.80874,2.79821,0.35000,1.75000,5.05734,2.88991,109.14703,0.25000,0.00000
2025-01-28 10:00:00,22.96384,3.03459,0.18000,0.90000,2.61156,2.90173,176.33593,0.25000,0.00000
2025-01-28 10:30:00,23.02542,3.43616,0.00000,0.00000,0.00000,2.92181,190.84963,0.25000,0.00000
2025-01-28 11:00:00,22.60494,3.38619,0.18000,0.90000,2.62738,2.91931,214.03425,0.25000,0.00000
2025-01-28 11:30:00,22.93749,4.00486,0.18000,0.90000,2.65522,2.95024,235.89056,0.25000,0.00000
2025-01-28 12:00:00,22.99145,3.66096,0.72000,3.60000,10.55897,2.93305,279.85464,0.25000,0.00000
2025-01-28 12:30:00,23.98141,4.20861,0.00000,0.00000,0.00000,2.96043,256.63986,0.25000,0.00000
2025-01-28 13:00:00,23.49241,5.12237,0.00000,0.00000,0.00000,3.00612,295.64145,0.25000,0.00000
2025-01-28 13:30:00,23.13509,4.71519,0.00000,0.00000,0.00000,2.98576,203.24638,0.25000,0.00000
2025-01-28 14:00:00,22.98612,4.66435,0.35000,1.75000,5.22063,2.98322,157.72964,0.25000,0.00000
2025-01-28 14:30:00,23.38290,6.05859,0.00000,0.00000,0.00000,3.05293,155.45470,0.25000,0.00000
2025-01-28 15:00:00,22.93678,5.88149,0.35000,1.75000,5.32713,3.04407,69.66300,0.25000,0.00000
2025-01-28 15:30:00,23.09649,5.86891,0.00000,0.00000,0.00000,3.04345,62.42890,0.25000,0.00000
2025-01-28 16:00:00,22.55086,6.10574,0.35000,1.75000,5.34675,3.05529,0.00000,0.25000,0.00000
2025-01-28 16:30:00,22.88198,6.97513,0.35000,1.75000,5.42282,3.09876,0.00000,0.25000,0.00000
2025-01-28 17:00:00,22.91120,6.60244,0.35000,1.75000,5.39021,3.08012,0.00000,0.25000,0.00000
2025-01-28 17:30:00,23.08320,6.60043,0.00000,0.00000,0.00000,3.08002,0.00000,0.25000,0.00000
2025-01-28 18:00:00,22.54992,7.58438,0.55000,2.75000,8.60535,3.12922,0.00000,0.25000,0.00000
2025-01-28 18:30:00,23.32260,7.56031,0.00000,0.00000,0.00000,3.12802,0.00000,0.25000,0.00000
2025-01-28 19:00:00,22.69742,7.76467,0.55000,2.75000,8.63014,3.13823,0.00000,0.25000,0.00000
2025-01-28 19:30:00,23.37213,7.38718,0.00000,0.00000,0.00000,3.11936,0.00000,0.25000,0.00000
2025-01-28 20:00:00,22.71361,7.70063,0.35000,1.75000,5.48630,3.13503,0.00000,1.00000,1.00000
2025-01-28 20:30:00,23.28401,7.14859,0.00000,0.00000,0.00000,3.10743,0.00000,1.00000,1.00000
2025-01-28 21:00:00,22.74328,7.24902,0.35000,1.75000,5.44679,3.11245,0.00000,1.00000,1.00000
2025-01-28 21:30:00,23.07838,7.28166,0.00000,0.00000,0.00000,3.11408,0.00000,1.00000,1.00000
2025-01-28 22:00:00,22.66918,7.10228,0.35000,1.75000,5.43395,3.10511,0.00000,1.00000,1.00000
2025-01-28 22:30:00,23.23708,7.16462,0.00000,0.00000,0.00000,3.10823,0.00000,1.00000,1.00000
2025-01-28 23:00:00,22.67465,6.77324,0.35000,1.75000,5.40516,3.08866,0.00000,1.00000,1.00000
2025-01-28 23:30:00,23.15962,5.85811,0.00000,0.00000,0.00000,3.04291,0.00000,1.00000,1.00000
2025-01-29 00:00:00,22.66762,5.64001,0.00000,0.00000,0.00000,3.03200,0.00000,1.00000,1.00000
2025-01-29 00:30:00,22.37342,5.72729,0.00000,0.00000,0.00000,3.03636,0.00000,1.00000,1.00000
2025-01-29 01:00:00,22.25306,5.54373,0.00000,0.00000,0.00000,3.02719,0.00000,1.00000,1.00000
2025-01-29 01:30:00,22.22685,4.87403,0.00000,0.00000,0.00000,2.99370,0.00000,1.00000,1.00000
2025-01-29 02:00:00,22.04313,4.15218,0.18000,0.90000,2.66185,2.95761,0.00000,1.00000,1.00000
2025-01-29 02:30:00,22.19057,3.97575,0.18000,0.90000,2.65391,2.94879,0.00000,1.00000,1.00000
2025-01-29 03:00:00,22.41946,3.90164,0.18000,0.90000,2.65057,2.94508,0.00000,1.00000,1.00000
2025-01-29 03:30:00,22.25427,3.58610,0.18000,0.90000,2.63637,2.92930,0.00000,1.00000,1.00000
2025-01-29 04:00:00,22.15677,2.53978,0.18000,0.90000,2.58929,2.87699,0.00000,1.00000,1.00000
2025-01-29 04:30:00,22.26665,2.05396,0.18000,0.90000,2.56743,2.85270,0.00000,1.00000,1.00000
2025-01-29 05:00:00,22.14699,2.09891,0.18000,0.90000,2.56945,2.85495,0.00000,1.00000,1.00000
2025-01-29 05:30:00,22.07734,1.58453,0.18000,0.90000,2.54630,2.82923,0.00000,1.00000,1.00000
2025-01-29 06:00:00,22.05122,1.55616,0.35000,1.75000,4.94866,2.82781,0.00000,1.00000,1.00000
2025-01-29 06:30:00,22.19712,1.04547,0.35000,1.75000,4.90398,2.80227,0.00000,1.00000,1.00000
2025-01-29 07:00:00,22.37591,1.31274,0.35000,1.75000,4.92737,2.81564,0.00000,0.25000,0.00000
2025-01-29 07:30:00,22.20888,1.27022,0.35000,1.75000,4.92364,2.81351,0.00000,0.25000,0.00000
2025-01-29 08:00:00,22.15664,1.54469,0.00000,0.00000,0.00000,2.82723,0.00000,0.25000,0.00000
2025-01-29 08:30:00,21.59062,1.45882,0.00000,0.00000,0.00000,2.82294,57.41169,0.25000,0.00000
2025-01-29 09:00:00,21.40105,1.12929,0.00000,0.00000,0.00000,2.80646,120.84886,0.25000,0.00000
2025-01-29 09:30:00,21.32740,0.82016,0.00000,0.00000,0.00000,2.79101,124.20087,0.25000,0.00000
2025-01-29 10:00:00,21.29733,1.55728,0.55000,2.75000,7.77663,2.82786,161.62562,0.25000,0.00000
2025-01-29 10:30:00,22.24256,1.19857,0.55000,2.75000,7.72730,2.80993,226.11213,0.25000,0.00000
2025-01-29 11:00:00,22.81516,1.13180,0.55000,2.75000,7.71812,2.80659,247.58707,0.25000,0.00000
2025-01-29 11:30:00,23.11305,1.76495,0.00000,0.00000,0.00000,2.83825,250.01422,0.25000,0.00000
2025-01-29 12:00:00,22.42505,1.66650,0.72000,3.60000,10.19997,2.83332,244.06557,0.25000,0.00000
2025-01-29 12:30:00,23.31260,3.08003,0.00000,0.00000,0.00000,2.90400,221.82951,0.25000,0.00000
2025-01-29 13:00:00,22.65012,3.11487,0.72000,3.60000,10.46068,2.90574,240.85144,0.25000,0.00000
2025-01-29 13:30:00,23.50549,3.53290,0.00000,0.00000,0.00000,2.92664,180.35644,0.25000,0.00000
2025-01-29 14:00:00,22.80787,3.23508,0.18000,0.90000,2.62058,2.91175,171.88927,0.25000,0.00000
2025-01-29 14:30:00,22.69872,3.67429,0.18000,0.90000,2.64034,2.93371,154.55138,0.25000,0.00000
2025-01-29 15:00:00,22.65392,4.11623,0.18000,0.90000,2.66023,2.95581,85.03176,0.25000,0.00000
2025-01-29 15:30:00,22.42183,4.21734,0.18000,0.90000,2.66478,2.96087,47.35257,0.25000,0.00000
2025-01-29 16:00:00,22.28223,4.67107,0.72000,3.60000,10.74079,2.98355,0.00000,0.25000,0.00000
2025-01-29 16:30:00,23.11042,5.08539,0.00000,0.00000,0.00000,3.00427,0.00000,0.25000,0.00000
2025-01-29 17:00:00,22.30607,4.93717,0.72000,3.60000,10.78869,2.99686,0.00000,0.25000,0.00000
2025-01-29 17:30:00,23.22918,5.38230,0.00000,0.00000,0.00000,3.01912,0.00000,0.25000,0.00000
2025-01-29 18:00:00,22.44137,6.02151,0.00000,0.00000,0.00000,3.05108,0.00000,0.25000,0.00000
2025-01-29 18:30:00,22.03617,5.77275,0.00000,0.00000,0.00000,3.03864,0.00000,0.25000,0.00000
2025-01-29 19:00:00,21.74236,5.19402,0.00000,0.00000,0.00000,3.00970,0.00000,0.25000,0.00000
2025-01-29 19:30:00,21.64471,5.53615,0.00000,0.00000,0.00000,3.02681,0.00000,0.25000,0.00000
2025-01-29 20:00:00,21.51200,5.61934,0.55000,2.75000,8.33516,3.03097,0.00000,1.00000,1.00000
2025-01-29 20:30:00,22.37716,5.65632,0.55000,2.75000,8.34024,3.03282,0.00000,1.00000,1.00000
2025-01-29 21:00:00,22.90767,5.79260,0.55000,2.75000,8.35898,3.03963,0.00000,1.00000,1.00000
2025-01-29 21:30:00,23.34682,5.27418,0.00000,0.00000,0.00000,3.01371,0.00000,1.00000,1.00000
2025-01-29 22:00:00,22.43382,5.95125,0.35000,1.75000,5.33323,3.04756,0.00000,1.00000,1.00000
2025-01-29 22:30:00,22.82287,5.11043,0.35000,1.75000,5.25966,3.00552,0.00000,1.00000,1.00000
2025-01-29 23:00:00,22.82852,5.09846,0.35000,1.75000,5.25862,3.00492,0.00000,1.00000,1.00000
2025-01-29 23:30:00,22.89922,4.32870,0.35000,1.75000,5.19126,2.96643,0.00000,1.00000,1.00000
2025-01-30 00:00:00,22.94357,3.59011,0.00000,0.00000,0.00000,2.92951,0.00000,1.00000,1.00000
2025-01-30 00:30:00,22.42015,4.13563,0.00000,0.00000,0.00000,2.95678,0.00000,1.00000,1.00000
2025-01-30 01:00:00,22.18169,3.88934,0.00000,0.00000,0.00000,2.94447,0.00000,1.00000,1.00000
2025-01-30 01:30:00,21.93452,3.58423,0.00000,0.00000,0.00000,2.92921,0.00000,1.00000,1.00000
2025-01-30 02:00:00,21.85009,2.82296,0.72000,3.60000,10.40813,2.89115,0.00000,1.00000,1.00000
2025-01-30 02:30:00,22.88178,2.54812,0.72000,3.60000,10.35866,2.87741,0.00000,1.00000,1.00000
2025-01-30 03:00:00,23.46277,1.82228,0.00000,0.00000,0.00000,2.84111,0.00000,1.00000,1.00000
2025-01-30 03:30:00,22.41282,1.19901,0.72000,3.60000,10.11582,2.80995,0.00000,1.00000,1.00000
2025-01-30 04:00:00,23.20453,1.44465,0.00000,0.00000,0.00000,2.82223,0.00000,1.00000,1.00000
2025-01-30 04:30:00,22.43590,1.28190,0.72000,3.60000,10.13074,2.81410,0.00000,1.00000,1.00000
2025-01-30 05:00:00,23.20217,0.98773,0.00000,0.00000,0.00000,2.79939,0.00000,1.00000,1.00000
2025-01-30 05:30:00,22.39127,0.87457,0.72000,3.60000,10.05742,2.79373,0.00000,1.00000,1.00000
2025-01-30 06:00:00,23.21268,0.70930,0.00000,0.00000,0.00000,2.78546,0.00000,1.00000,1.00000
2025-01-30 06:30:00,22.40233,0.48047,0.72000,3.60000,9.98648,2.77402,0.00000,1.00000,1.00000
2025-01-30 07:00:00,23.17175,0.34625,0.00000,0.00000,0.00000,2.76731,0.00000,0.25000,0.00000
2025-01-30 07:30:00,22.36154,0.09532,0.72000,3.60000,9.91716,2.75477,0.00000,0.25000,0.00000
2025-01-30 08:00:00,22.95186,-0.21656,0.35000,1.75000,4.79355,2.73917,0.00000,0.25000,0.00000
2025-01-30 08:30:00,22.80457,-0.68858,0.35000,1.75000,4.75225,2.71557,42.50311,0.25000,0.00000
2025-01-30 09:00:00,22.61723,0.14939,0.35000,1.75000,4.82557,2.75747,76.30113,0.25000,0.00000
2025-01-30 09:30:00,22.74801,0.67859,0.35000,1.75000,4.87188,2.78393,68.99986,0.25000,0.00000
2025-01-30 10:00:00,22.90238,0.53151,0.35000,1.75000,4.85901,2.77658,94.93637,0.25000,0.00000
2025-01-30 10:30:00,22.85266,1.25499,0.35000,1.75000,4.92231,2.81275,206.89947,0.25000,0.00000
2025-01-30 11:00:00,23.16764,1.06977,0.00000,0.00000,0.00000,2.80349,158.30426,0.25000,0.00000
2025-01-30 11:30:00,22.67488,0.41354,0.35000,1.75000,4.84868,2.77068,248.80991,0.25000,0.00000
2025-01-30 12:00:00,23.05500,1.81066,0.00000,0.00000,0.00000,2.84053,165.17720,0.25000,0.00000
2025-01-30 12:30:00,22.59523,1.46168,0.00000,0.00000,0.00000,2.82308,154.60517,0.25000,0.00000
2025-01-30 13:00:00,22.33999,2.10792,0.00000,0.00000,0.00000,2.85540,161.88144,0.25000,0.00000
2025-01-30 13:30:00,22.20439,2.36760,0.00000,0.00000,0.00000,2.86838,172.51626,0.25000,0.00000
2025-01-30 14:00:00,22.13692,2.87316,0.00000,0.00000,0.00000,2.89366,108.90767,0.25000,0.00000
2025-01-30 14:30:00,21.91966,3.83561,0.00000,0.00000,0.00000,2.94178,79.84413,0.25000,0.00000
2025-01-30 15:00:00,21.89073,4.05747,0.00000,0.00000,0.00000,2.95287,54.03647,0.25000,0.00000
2025-01-30 15:30:00,21.71993,3.52311,0.00000,0.00000,0.00000,2.92616,26.66689,0.25000,0.00000
2025-01-30 16:00:00,21.49301,4.49407,0.00000,0.00000,0.00000,2.97470,0.00000,0.25000,0.00000
2025-01-30 16:30:00,21.40075,4.41821,0.00000,0.00000,0.00000,2.97091,0.00000,0.25000,0.00000
2025-01-30 17:00:00,21.25711,5.40292,0.00000,0.00000,0.00000,3.02015,0.00000,0.25000,0.00000
2025-01-30 17:30:00,21.10038,5.77358,0.00000,0.00000,0.00000,3.03868,0.00000,0.25000,0.00000
2025-01-30 18:00:00,20.94635,5.31065,0.35000,1.75000,5.27718,3.01553,0.00000,0.25000,0.00000
2025-01-30 18:30:00,21.59716,5.97810,0.35000,1.75000,5.33558,3.04891,0.00000,0.25000,0.00000
2025-01-30 19:00:00,21.75405,6.15248,0.35000,1.75000,5.35084,3.05762,0.00000,0.25000,0.00000
2025-01-30 19:30:00,21.91356,6.13867,0.35000,1.75000,5.34963,3.05693,0.00000,0.25000,0.00000
2025-01-30 20:00:00,21.93062,6.31371,0.35000,1.75000,5.36495,3.06569,0.00000,1.00000,1.00000
2025-01-30 20:30:00,22.13510,5.88247,0.35000,1.75000,5.32722,3.04412,0.00000,1.00000,1.00000
2025-01-30 21:00:00,22.22179,6.00454,0.35000,1.75000,5.33790,3.05023,0.00000,1.00000,1.00000
2025-01-30 21:30:00,22.39811,5.77038,0.35000,1.75000,5.31741,3.03852,0.00000,1.00000,1.00000
2025-01-30 22:00:00,22.38011,5.67450,0.35000,1.75000,5.30902,3.03372,0.00000,1.00000,1.00000
2025-01-30 22:30:00,22.39855,5.46173,0.35000,1.75000,5.29040,3.02309,0.00000,1.00000,1.00000
2025-01-30 23:00:00,22.56817,4.50963,0.35000,1.75000,5.20709,2.97548,0.00000,1.00000,1.00000
2025-01-30 23:30:00,22.52796,4.92685,0.35000,1.75000,5.24360,2.99634,0.00000,1.00000,1.00000
2025-01-31 00:00:00,22.63664,5.07844,0.55000,2.75000,8.26079,3.00392,0.00000,1.00000,1.00000
2025-01-31 00:30:00,23.03075,3.94439,0.00000,0.00000,0.00000,2.94722,0.00000,1.00000,1.00000
2025-01-31 01:00:00,22.30212,3.89632,0.55000,2.75000,8.09824,2.94482,0.00000,1.00000,1.00000
2025-01-31 01:30:00,22.76530,2.68990,0.55000,2.75000,7.93236,2.88449,0.00000,1.00000,1.00000
2025-01-31 02:00:00,23.05829,3.49939,0.00000,0.00000,0.00000,2.92497,0.00000,1.00000,1.00000
2025-01-31 02:30:00,22.34477,3.06706,0.55000,2.75000,7.98422,2.90335,0.00000,1.00000,1.00000
2025-01-31 03:00:00,22.83949,3.00813,0.55000,2.75000,7.97612,2.90041,0.00000,1.00000,1.00000
2025-01-31 03:30:00,23.20920,2.90916,0.00000,0.00000,0.00000,2.89546,0.00000,1.00000,1.00000
2025-01-31 04:00:00,22.46434,1.78696,0.55000,2.75000,7.80821,2.83935,0.00000,1.00000,1.00000
2025-01-31 04:30:00,22.99851,1.55837,0.55000,2.75000,7.77678,2.82792,0.00000,1.00000,1.00000
2025-01-31 05:00:00,23.10551,1.74471,0.00000,0.00000,0.00000,2.83724,0.00000,1.00000,1.00000
2025-01-31 05:30:00,22.45117,1.17446,0.55000,2.75000,7.72399,2.80872,0.00000,1.00000,1.00000
2025-01-31 06:00:00,22.87691,1.39685,0.55000,2.75000,7.75457,2.81984,0.00000,1.00000,1.00000
2025-01-31 06:30:00,23.24784,0.45861,0.00000,0.00000,0.00000,2.77293,0.00000,1.00000,1.00000
2025-01-31 07:00:00,22.47148,0.85589,0.55000,2.75000,7.68019,2.79279,0.00000,0.25000,0.00000
2025-01-31 07:30:00,22.94383,0.53499,0.55000,2.75000,7.63606,2.77675,0.00000,0.25000,0.00000
2025-01-31 08:00:00,23.05867,0.38034,0.00000,0.00000,0.00000,2.76902,0.00000,0.25000,0.00000
2025-01-31 08:30:00,22.17579,1.02134,0.72000,3.60000,10.08384,2.80107,19.29569,0.25000,0.00000
2025-01-31 09:00:00,23.09600,0.69042,0.00000,0.00000,0.00000,2.78452,54.72167,0.25000,0.00000
2025-01-31 09:30:00,22.26242,1.01909,0.72000,3.60000,10.08344,2.80095,99.49829,0.25000,0.00000
2025-01-31 10:00:00,23.35107,1.24312,0.00000,0.00000,0.00000,2.81216,136.58323,0.25000,0.00000
2025-01-31 10:30:00,22.65703,0.65880,0.55000,2.75000,7.65309,2.78294,126.05060,0.25000,0.00000
2025-01-31 11:00:00,23.26334,2.16217,0.00000,0.00000,0.00000,2.85811,195.98643,0.25000,0.00000
2025-01-31 11:30:00,22.64303,2.34924,0.55000,2.75000,7.88552,2.86746,158.96088,0.25000,0.00000
2025-01-31 12:00:00,23.39470,2.64677,0.00000,0.00000,0.00000,2.88234,177.85453,0.25000,0.00000
2025-01-31 12:30:00,22.90102,2.83024,0.55000,2.75000,7.95166,2.89151,192.71362,0.25000,0.00000
2025-01-31 13:00:00,23.43606,3.81649,0.00000,0.00000,0.00000,2.94082,122.31748,0.25000,0.00000
2025-01-31 13:30:00,22.85712,3.84400,0.55000,2.75000,8.09105,2.94220,143.95611,0.25000,0.00000
2025-01-31 14:00:00,23.45000,3.76713,0.00000,0.00000,0.00000,2.93836,91.08178,0.25000,0.00000
2025-01-31 14:30:00,22.95408,4.68266,0.55000,2.75000,8.20637,2.98413,64.80191,0.25000,0.00000
2025-01-31 15:00:00,23.37793,5.34958,0.00000,0.00000,0.00000,3.01748,58.05870,0.25000,0.00000
2025-01-31 15:30:00,22.82831,5.29898,0.55000,2.75000,8.29111,3.01495,29.31092,0.25000,0.00000
2025-01-31 16:00:00,23.44416,5.68692,0.00000,0.00000,0.00000,3.03435,0.00000,0.25000,0.00000
2025-01-31 16:30:00,22.72539,6.21571,0.55000,2.75000,8.41716,3.06079,0.00000,0.25000,0.00000
2025-01-31 17:00:00,23.38771,6.63982,0.00000,0.00000,0.00000,3.08199,0.00000,0.25000,0.00000
2025-01-31 17:30:00,22.82360,6.81752,0.55000,2.75000,8.49991,3.09088,0.00000,0.25000,0.00000
2025-01-31 18:00:00,23.48578,6.78614,0.00000,0.00000,0.00000,3.08931,0.00000,0.25000,0.00000
2025-01-31 18:30:00,22.87985,7.34135,0.72000,3.60000,11.22144,3.11707,0.00000,0.25000,0.00000
2025-01-31 19:00:00,23.72757,7.19712,0.00000,0.00000,0.00000,3.10986,0.00000,0.25000,0.00000
2025-01-31 19:30:00,23.02256,7.29290,0.00000,0.00000,0.00000,3.11464,0.00000,0.25000,0.00000
2025-01-31 20:00:00,22.46912,7.87859,0.35000,1.75000,5.50188,3.14393,0.00000,1.00000,1.00000
2025-01-31 20:30:00,23.09843,7.36130,0.00000,0.00000,0.00000,3.11806,0.00000,1.00000,1.00000
2025-01-31 21:00:00,22.68529,7.15752,0.35000,1.75000,5.43878,3.10788,0.00000,1.00000,1.00000
2025-01-31 21:30:00,23.23580,7.55897,0.00000,0.00000,0.00000,3.12795,0.00000,1.00000,1.00000
2025-01-31 22:00:00,22.89636,6.92925,0.18000,0.90000,2.78682,3.09646,0.00000,1.00000,1.00000
2025-01-31 22:30:00,22.80482,7.49166,0.18000,0.90000,2.81212,3.12458,0.00000,1.00000,1.00000
2025-01-31 23:00:00,22.93178,6.92849,0.18000,0.90000,2.78678,3.09642,0.00000,1.00000,1.00000
2025-01-31 23:30:00,23.00672,7.02196,0.00000,0.00000,0.00000,3.10110,0.00000,1.00000,1.00000
2025-02-01 00:00:00,22.64407,6.40745,0.00000,0.00000,0.00000,3.07037,0.00000,1.00000,1.00000
2025-02-01 00:30:00,22.50647,5.76445,0.00000,0.00000,0.00000,3.03822,0.00000,1.00000,1.00000
2025-02-01 01:00:00,22.36012,4.82522,0.00000,0.00000,0.00000,2.99126,0.00000,1.00000,1.00000
2025-02-01 01:30:00,22.13355,5.17685,0.00000,0.00000,0.00000,3.00884,0.00000,1.00000,1.00000
2025-02-01 02:00:00,22.12198,5.57236,0.00000,0.00000,0.00000,3.02862,0.00000,1.00000,1.00000
2025-02-01 02:30:00,21.97795,4.68430,0.00000,0.00000,0.00000,2.98421,0.00000,1.00000,1.00000
2025-02-01 03:00:00,21.94669,4.84469,0.00000,0.00000,0.00000,2.99223,0.00000,1.00000,1.00000
2025-02-01 03:30:00,21.84730,4.61322,0.00000,0.00000,0.00000,2.98066,0.00000,1.00000,1.00000
2025-02-01 04:00:00,21.61234,3.36585,0.55000,2.75000,8.02530,2.91829,0.00000,1.00000,1.00000
2025-02-01 04:30:00,22.56493,3.53755,0.55000,2.75000,8.04891,2.92688,0.00000,1.00000,1.00000
2025-02-01 05:00:00,22.84501,3.40515,0.55000,2.75000,8.03071,2.92026,0.00000,1.00000,1.00000
2025-02-01 05:30:00,23.04267,3.76059,0.00000,0.00000,0.00000,2.93803,0.00000,1.00000,1.00000
2025-02-01 06:00:00,22.32472,3.64749,0.18000,0.90000,2.63914,2.93237,0.00000,1.00000,1.00000
2025-02-01 06:30:00,22.34424,2.72006,0.18000,0.90000,2.59740,2.88600,0.00000,1.00000,1.00000
2025-02-01 07:00:00,22.22882,3.13188,0.18000,0.90000,2.61593,2.90659,0.00000,1.00000,1.00000
2025-02-01 07:30:00,22.38031,2.98908,0.18000,0.90000,2.60951,2.89945,0.00000,1.00000,1.00000
2025-02-01 08:00:00,22.19244,2.50277,0.18000,0.90000,2.58762,2.87514,0.00000,1.00000,1.00000
2025-02-01 08:30:00,22.09840,3.34089,0.18000,0.90000,2.62534,2.91704,52.74718,1.00000,1.00000
2025-02-01 09:00:00,22.21235,3.66433,0.18000,0.90000,2.63989,2.93322,97.93289,1.00000,1.00000
2025-02-01 09:30:00,22.36689,2.85901,0.18000,0.90000,2.60366,2.89295,145.55630,1.00000,1.00000
2025-02-01 10:00:00,22.45966,3.65940,0.18000,0.90000,2.63967,2.93297,226.27417,1.00000,1.00000
2025-02-01 10:30:00,22.80685,3.43134,0.18000,0.90000,2.62941,2.92157,235.01958,1.00000,1.00000
2025-02-01 11:00:00,22.80476,4.32864,0.18000,0.90000,2.66979,2.96643,286.05284,1.00000,1.00000
2025-02-01 11:30:00,23.04083,4.65602,0.00000,0.00000,0.00000,2.98280,287.09651,1.00000,1.00000
2025-02-01 12:00:00,22.77116,4.49181,0.55000,2.75000,8.18012,2.97459,249.13326,1.00000,1.00000
2025-02-01 12:30:00,23.61431,4.91761,0.00000,0.00000,0.00000,2.99588,281.72843,1.00000,1.00000
2025-02-01 13:00:00,23.34041,5.93077,0.00000,0.00000,0.00000,3.04654,244.67409,1.00000,1.00000
2025-02-01 13:30:00,22.95021,5.69452,0.55000,2.75000,8.34550,3.03473,257.86152,1.00000,1.00000
2025-02-01 14:00:00,23.79384,6.54066,0.00000,0.00000,0.00000,3.07703,174.41973,1.00000,1.00000
2025-02-01 14:30:00,23.15247,5.95598,0.00000,0.00000,0.00000,3.04780,129.78897,1.00000,1.00000
2025-02-01 15:00:00,22.93050,6.44412,0.55000,2.75000,8.44857,3.07221,106.10913,1.00000,1.00000
2025-02-01 15:30:00,23.65928,7.71761,0.00000,0.00000,0.00000,3.13588,55.94410,1.00000,1.00000
2025-02-01 16:00:00,23.02760,7.79185,0.00000,0.00000,0.00000,3.13959,0.00000,1.00000,1.00000
2025-02-01 16:30:00,22.56407,7.93808,0.72000,3.60000,11.32885,3.14690,0.00000,1.00000,1.00000
2025-02-01 17:00:00,23.80573,7.96365,0.00000,0.00000,0.00000,3.14818,0.00000,1.00000,1.00000
2025-02-01 17:30:00,22.92668,8.69911,0.72000,3.60000,11.46584,3.18496,0.00000,1.00000,1.00000
2025-02-01 18:00:00,23.90528,8.38860,0.00000,0.00000,0.00000,3.16943,0.00000,1.00000,1.00000
2025-02-01 18:30:00,23.13404,8.99251,0.00000,0.00000,0.00000,3.19963,0.00000,1.00000,1.00000
2025-02-01 19:00:00,22.85090,9.43080,0.55000,2.75000,8.85923,3.22154,0.00000,1.00000,1.00000
2025-02-01 19:30:00,23.75692,9.20079,0.00000,0.00000,0.00000,3.21004,0.00000,1.00000,1.00000
2025-02-01 20:00:00,23.24987,8.79827,0.00000,0.00000,0.00000,3.18991,0.00000,1.00000,1.00000
2025-02-01 20:30:00,22.78046,8.76828,0.72000,3.60000,11.47829,3.18841,0.00000,1.00000,1.00000
2025-02-01 21:00:00,24.10985,9.15128,0.00000,0.00000,0.00000,3.20756,0.00000,1.00000,1.00000
2025-02-01 21:30:00,23.22762,8.43359,0.00000,0.00000,0.00000,3.17168,0.00000,1.00000,1.00000
2025-02-01 22:00:00,22.97710,9.36316,0.55000,2.75000,8.84994,3.21816,0.00000,1.00000,1.00000
2025-02-01 22:30:00,23.80050,8.65990,0.00000,0.00000,0.00000,3.18300,0.00000,1.00000,1.00000
2025-02-01 23:00:00,23.29323,8.47271,0.00000,0.00000,0.00000,3.17364,0.00000,1.00000,1.00000
2025-02-01 23:30:00,23.08396,8.31631,0.00000,0.00000,0.00000,3.16582,0.00000,1.00000,1.00000
2025-02-02 00:00:00,22.79541,7.89280,0.35000,1.75000,5.50312,3.14464,0.00000,1.00000,1.00000
2025-02-02 00:30:00,23.31209,8.32780,0.00000,0.00000,0.00000,3.16639,0.00000,1.00000,1.00000
2025-02-02 01:00:00,22.96229,7.30421,0.35000,1.75000,5.45162,3.11521,0.00000,1.00000,1.00000
2025-02-02 01:30:00,23.37286,6.77410,0.00000,0.00000,0.00000,3.08870,0.00000,1.00000,1.00000
2025-02-02 02:00:00,22.83198,7.23244,0.72000,3.60000,11.20184,3.11162,0.00000,1.00000,1.00000
2025-02-02 02:30:00,23.99100,6.26739,0.00000,0.00000,0.00000,3.06337,0.00000,1.00000,1.00000
2025-02-02 03:00:00,23.20241,6.70169,0.00000,0.00000,0.00000,3.08508,0.00000,1.00000,1.00000
2025-02-02 03:30:00,22.82250,6.10610,0.72000,3.60000,10.99910,3.05530,0.00000,1.00000,1.00000
2025-02-02 04:00:00,23.95811,5.39207,0.00000,0.00000,0.00000,3.01960,0.00000,1.00000,1.00000
2025-02-02 04:30:00,23.21679,5.29456,0.00000,0.00000,0.00000,3.01473,0.00000,1.00000,1.00000
2025-02-02 05:00:00,22.79510,4.64305,0.72000,3.60000,10.73575,2.98215,0.00000,1.00000,1.00000
2025-02-02 05:30:00,23.78649,4.38246,0.00000,0.00000,0.00000,2.96912,0.00000,1.00000,1.00000
2025-02-02 06:00:00,22.96518,4.98435,0.35000,1.75000,5.24863,2.99922,0.00000,1.00000,1.00000
2025-02-02 06:30:00,23.28116,4.32203,0.00000,0.00000,0.00000,2.96610,0.00000,1.00000,1.00000
2025-02-02 07:00:00,22.86819,4.28450,0.35000,1.75000,5.18739,2.96423,0.00000,1.00000,1.00000
2025-02-02 07:30:00,23.33561,4.11861,0.00000,0.00000,0.00000,2.95593,0.00000,1.00000,1.00000
2025-02-02 08:00:00,22.75403,4.32296,0.18000,0.90000,2.66953,2.96615,0.00000,1.00000,1.00000
2025-02-02 08:30:00,22.98097,4.21433,0.18000,0.90000,2.66464,2.96072,37.28803,1.00000,1.00000
2025-02-02 09:00:00,22.95675,4.42202,0.18000,0.90000,2.67399,2.97110,91.81578,1.00000,1.00000
2025-02-02 09:30:00,23.14147,4.55115,0.00000,0.00000,0.00000,2.97756,172.69930,1.00000,1.00000
2025-02-02 10:00:00,23.09242,5.17358,0.00000,0.00000,0.00000,3.00868,144.79469,1.00000,1.00000
2025-02-02 10:30:00,22.93925,4.75337,0.18000,0.90000,2.68890,2.98767,144.10827,1.00000,1.00000
2025-02-02 11:00:00,23.19684,5.13837,0.00000,0.00000,0.00000,3.00692,237.44411,1.00000,1.00000
2025-02-02 11:30:00,23.14424,5.50231,0.00000,0.00000,0.00000,3.02512,143.31435,1.00000,1.00000
2025-02-02 12:00:00,23.01851,5.44330,0.00000,0.00000,0.00000,3.02217,228.37516,1.00000,1.00000
2025-02-02 12:30:00,23.12456,6.27661,0.00000,0.00000,0.00000,3.06383,236.75274,1.00000,1.00000
2025-02-02 13:00:00,23.08544,6.41587,0.00000,0.00000,0.00000,3.07079,268.90758,1.00000,1.00000
2025-02-02 13:30:00,23.15688,6.61756,0.00000,0.00000,0.00000,3.08088,204.02430,1.00000,1.00000
2025-02-02 14:00:00,23.01205,6.91436,0.00000,0.00000,0.00000,3.09572,212.89024,1.00000,1.00000
2025-02-02 14:30:00,23.11527,7.52147,0.00000,0.00000,0.00000,3.12607,113.86360,1.00000,1.00000
2025-02-02 15:00:00,22.85875,7.98758,0.35000,1.75000,5.51141,3.14938,94.26307,1.00000,1.00000
2025-02-02 15:30:00,23.40848,8.40405,0.00000,0.00000,0.00000,3.17020,36.21553,1.00000,1.00000
2025-02-02 16:00:00,22.83206,8.83699,0.55000,2.75000,8.77759,3.19185,0.00000,1.00000,1.00000
2025-02-02 16:30:00,23.66418,8.77957,0.00000,0.00000,0.00000,3.18898,0.00000,1.00000,1.00000
2025-02-02 17:00:00,22.95289,9.62952,0.55000,2.75000,8.88656,3.23148,0.00000,1.00000,1.00000
2025-02-02 17:30:00,23.72653,9.44178,0.00000,0.00000,0.00000,3.22209,0.00000,1.00000,1.00000
2025-02-02 18:00:00,23.07419,9.98324,0.00000,0.00000,0.00000,3.24916,0.00000,1.00000,1.00000
2025-02-02 18:30:00,22.89678,9.64852,0.18000,0.90000,2.90918,3.23243,0.00000,1.00000,1.00000
2025-02-02 19:00:00,23.05859,10.26307,0.00000,0.00000,0.00000,3.26315,0.00000,1.00000,1.00000
2025-02-02 19:30:00,22.85365,9.96019,0.18000,0.90000,2.92321,3.24801,0.00000,1.00000,1.00000
2025-02-02 20:00:00,23.08508,9.70396,0.00000,0.00000,0.00000,3.23520,0.00000,1.00000,1.00000
2025-02-02 20:30:00,22.76393,9.78121,0.72000,3.60000,11.66062,3.23906,0.00000,1.00000,1.00000
2025-02-02 21:00:00,23.93940,9.92159,0.00000,0.00000,0.00000,3.24608,0.00000,1.00000,1.00000
2025-02-02 21:30:00,23.23860,9.14162,0.00000,0.00000,0.00000,3.20708,0.00000,1.00000,1.00000
2025-02-02 22:00:00,22.83391,9.61714,0.35000,1.75000,5.65400,3.23086,0.00000,1.00000,1.00000
2025-02-02 22:30:00,23.43249,8.63727,0.00000,0.00000,0.00000,3.18186,0.00000,1.00000,1.00000
2025-02-02 23:00:00,22.89107,9.13289,0.35000,1.75000,5.61163,3.20664,0.00000,1.00000,1.00000
2025-02-02 23:30:00,23.40297,8.48976,0.00000,0.00000,0.00000,3.17449,0.00000,1.00000,1.00000
