timestamp,load_mw,air_temperature_c
2007-01-01 00:00:00,1859.6820,10.1515
2007-01-01 01:00:00,1761.2820,10.8081
2007-01-01 02:00:00,1660.2520,11.5152
2007-01-01 03:00:00,1617.5580,12.4747
2007-01-01 04:00:00,1610.1630,13.3838
2007-01-01 05:00:00,1646.2710,13.5859
2007-01-01 06:00:00,1632.6200,13.5859
2007-01-01 07:00:00,1714.9750,13.7374
2007-01-01 08:00:00,1903.7700,13.7879
2007-01-01 09:00:00,2164.4160,14.0404
2007-01-01 10:00:00,2277.5700,14.3434
2007-01-01 11:00:00,2281.9100,14.8990
2007-01-01 12:00:00,2197.5050,15.5051
2007-01-01 13:00:00,2075.7000,15.7071
2007-01-01 14:00:00,2007.0520,16.0606
2007-01-01 15:00:00,1983.6600,16.1616
2007-01-01 16:00:00,2063.8610,15.6566
2007-01-01 17:00:00,2279.9500,14.6465
2007-01-01 18:00:00,2339.0210,14.1919
2007-01-01 19:00:00,2312.5890,13.1313
2007-01-01 20:00:00,2267.5270,12.1212
2007-01-01 21:00:00,2136.4870,11.2121
2007-01-01 22:00:00,2020.7440,10.5051
2007-01-01 23:00:00,1882.9750,9.9495
2007-01-02 00:00:00,1814.5310,8.8889
2007-01-02 01:00:00,1768.2540,8.1313
2007-01-02 02:00:00,1789.9080,7.2727
2007-01-02 03:00:00,1849.1080,6.4141
2007-01-02 04:00:00,1917.4310,5.6061
2007-01-02 05:00:00,2111.4070,4.8990
2007-01-02 06:00:00,2332.3310,4.4949
2007-01-02 07:00:00,2482.6170,3.2828
2007-01-02 08:00:00,2426.6190,3.3838
2007-01-02 09:00:00,2332.9300,6.2121
2007-01-02 10:00:00,2310.5130,7.8788
2007-01-02 11:00:00,2232.7860,9.1414
2007-01-02 12:00:00,2151.3660,9.9495
2007-01-02 13:00:00,2067.0260,10.7576
2007-01-02 14:00:00,2011.0060,11.3636
2007-01-02 15:00:00,2044.6410,11.5152
2007-01-02 16:00:00,2130.9560,11.0606
2007-01-02 17:00:00,2450.4890,8.9899
2007-01-02 18:00:00,2656.1250,5.3535
2007-01-02 19:00:00,2693.0120,3.4848
2007-01-02 20:00:00,2666.5970,2.5253
2007-01-02 21:00:00,2542.6400,1.5152
2007-01-02 22:00:00,2454.9380,0.6061
2007-01-02 23:00:00,2296.9930,-0.2020
2007-01-03 00:00:00,2246.2050,-0.3535
2007-01-03 01:00:00,2228.3890,-0.8081
2007-01-03 02:00:00,2243.3400,-1.4646
2007-01-03 03:00:00,2310.5200,-1.6162
2007-01-03 04:00:00,2410.3480,-1.8687
2007-01-03 05:00:00,2602.0130,-1.9697
2007-01-03 06:00:00,2867.6180,-2.3737
2007-01-03 07:00:00,2953.7220,-2.4242
2007-01-03 08:00:00,2827.4290,-1.5152
2007-01-03 09:00:00,2585.3180,2.2222
2007-01-03 10:00:00,2473.4900,6.2121
2007-01-03 11:00:00,2290.1280,9.3939
2007-01-03 12:00:00,2159.8160,11.3131
2007-01-03 13:00:00,2063.9470,13.0808
2007-01-03 14:00:00,1987.3410,14.0404
2007-01-03 15:00:00,1996.1880,14.3939
2007-01-03 16:00:00,2093.9070,13.8889
2007-01-03 17:00:00,2391.0280,11.4141
2007-01-03 18:00:00,2586.4150,8.8889
2007-01-03 19:00:00,2585.9210,7.4242
2007-01-03 20:00:00,2568.5340,6.7677
2007-01-03 21:00:00,2450.7400,5.6061
2007-01-03 22:00:00,2373.1780,4.6465
2007-01-03 23:00:00,2176.6080,4.3939
2007-01-04 00:00:00,2094.0900,4.7980
2007-01-04 01:00:00,2043.2010,5.1010
2007-01-04 02:00:00,2020.6200,5.7071
2007-01-04 03:00:00,2040.4530,5.7071
2007-01-04 04:00:00,2104.0670,6.0606
2007-01-04 05:00:00,2247.9670,6.2121
2007-01-04 06:00:00,2477.7350,6.5152
2007-01-04 07:00:00,2549.5050,6.7677
2007-01-04 08:00:00,2422.5230,7.1212
2007-01-04 09:00:00,2281.5910,9.4949
2007-01-04 10:00:00,2243.4760,12.1717
2007-01-04 11:00:00,2098.3610,14.5960
2007-01-04 12:00:00,2011.9200,16.2626
2007-01-04 13:00:00,1927.7270,17.6768
2007-01-04 14:00:00,1868.1960,18.4343
2007-01-04 15:00:00,1888.5860,18.8384
2007-01-04 16:00:00,1997.4160,18.4848
2007-01-04 17:00:00,2225.0650,16.4141
2007-01-04 18:00:00,2422.0210,14.2929
2007-01-04 19:00:00,2440.9880,12.9798
2007-01-04 20:00:00,2354.8800,12.9293
2007-01-04 21:00:00,2170.0540,13.2323
2007-01-04 22:00:00,2039.6690,13.1818
2007-01-04 23:00:00,1827.3950,12.8788
2007-01-05 00:00:00,1710.4950,13.4848
2007-01-05 01:00:00,1595.1410,13.4343
2007-01-05 02:00:00,1554.7810,13.7374
2007-01-05 03:00:00,1551.1150,13.6869
2007-01-05 04:00:00,1592.4590,13.7374
2007-01-05 05:00:00,1743.6250,13.7879
2007-01-05 06:00:00,1997.2020,14.0404
2007-01-05 07:00:00,2125.8860,14.1414
2007-01-05 08:00:00,2063.1400,14.3434
2007-01-05 09:00:00,2038.6500,14.7980
2007-01-05 10:00:00,2018.4010,15.4545
2007-01-05 11:00:00,2006.1780,16.0606
2007-01-05 12:00:00,1975.2460,16.7677
2007-01-05 13:00:00,1955.6650,17.4242
2007-01-05 14:00:00,1926.0130,18.1818
2007-01-05 15:00:00,1912.8890,18.3838
2007-01-05 16:00:00,1971.5330,18.5859
2007-01-05 17:00:00,2186.2600,18.1818
2007-01-05 18:00:00,2284.2150,17.8788
2007-01-05 19:00:00,2222.5270,17.8283
2007-01-05 20:00:00,2153.8850,17.9798
2007-01-05 21:00:00,2037.5310,18.1818
2007-01-05 22:00:00,1861.6470,18.4848
2007-01-05 23:00:00,1734.1530,18.5354
2007-01-06 00:00:00,1587.0300,18.5354
2007-01-06 01:00:00,1481.0120,18.4343
2007-01-06 02:00:00,1438.9340,17.9798
2007-01-06 03:00:00,1410.9810,17.5758
2007-01-06 04:00:00,1438.2890,17.4242
2007-01-06 05:00:00,1443.8570,16.8687
2007-01-06 06:00:00,1543.7330,16.6162
2007-01-06 07:00:00,1651.8480,16.0606
2007-01-06 08:00:00,1808.8340,15.9091
2007-01-06 09:00:00,1910.4840,16.5152
2007-01-06 10:00:00,1915.0520,17.8283
2007-01-06 11:00:00,1922.9650,19.2929
2007-01-06 12:00:00,1889.5350,20.0000
2007-01-06 13:00:00,1808.9000,20.5051
2007-01-06 14:00:00,1763.5590,20.6566
2007-01-06 15:00:00,1768.5350,20.7576
2007-01-06 16:00:00,1843.9140,20.2525
2007-01-06 17:00:00,2063.7450,18.3838
2007-01-06 18:00:00,2151.3730,17.0202
2007-01-06 19:00:00,2103.0770,15.6061
2007-01-06 20:00:00,2031.8110,13.8384
2007-01-06 21:00:00,1900.3160,12.4242
2007-01-06 22:00:00,1754.7330,11.5657
2007-01-06 23:00:00,1624.9180,11.0101
2007-01-07 00:00:00,1580.7720,10.6566
2007-01-07 01:00:00,1495.6910,10.3030
2007-01-07 02:00:00,1489.2980,9.3939
2007-01-07 03:00:00,1487.4720,8.5859
2007-01-07 04:00:00,1510.8530,7.8283
2007-01-07 05:00:00,1521.4770,7.2222
2007-01-07 06:00:00,1673.0380,7.0707
2007-01-07 07:00:00,1861.5230,7.3232
2007-01-07 08:00:00,2114.2160,7.6768
2007-01-07 09:00:00,2168.8100,9.3939
2007-01-07 10:00:00,2109.8080,10.7071
2007-01-07 11:00:00,2066.3810,11.5152
2007-01-07 12:00:00,2033.8070,12.3232
2007-01-07 13:00:00,1996.2560,12.8283
2007-01-07 14:00:00,1971.3150,12.8283
2007-01-07 15:00:00,2016.2580,12.3232
2007-01-07 16:00:00,2141.0590,11.5657
2007-01-07 17:00:00,2345.9680,11.0606
2007-01-07 18:00:00,2352.1710,10.5556
2007-01-07 19:00:00,2321.0350,10.1010
2007-01-07 20:00:00,2259.7400,10.2525
2007-01-07 21:00:00,2098.0340,10.8586
2007-01-07 22:00:00,1897.3710,11.4646
2007-01-07 23:00:00,1704.9930,12.3737
2007-01-08 00:00:00,1679.2200,13.1313
2007-01-08 01:00:00,1546.4980,13.7374
2007-01-08 02:00:00,1541.3810,13.2828
2007-01-08 03:00:00,1559.9060,13.2828
2007-01-08 04:00:00,1620.6350,13.1313
2007-01-08 05:00:00,1801.0690,13.0808
2007-01-08 06:00:00,2085.5620,13.0303
2007-01-08 07:00:00,2211.1130,12.8788
2007-01-08 08:00:00,2162.8520,12.6768
2007-01-08 09:00:00,2193.3500,12.6263
2007-01-08 10:00:00,2153.8620,12.8788
2007-01-08 11:00:00,2116.8350,12.2222
2007-01-08 12:00:00,2067.5120,11.5657
2007-01-08 13:00:00,1981.5390,11.8182
2007-01-08 14:00:00,1953.2590,11.8182
2007-01-08 15:00:00,1983.3650,11.7677
2007-01-08 16:00:00,2130.9380,11.2121
2007-01-08 17:00:00,2505.1540,9.6465
2007-01-08 18:00:00,2662.5430,8.2323
2007-01-08 19:00:00,2671.7480,7.3232
2007-01-08 20:00:00,2614.0830,6.3131
2007-01-08 21:00:00,2511.9290,5.2525
2007-01-08 22:00:00,2373.2960,4.3434
2007-01-08 23:00:00,2208.6060,3.3838
2007-01-09 00:00:00,2205.0920,2.4747
2007-01-09 01:00:00,2113.9100,2.0707
2007-01-09 02:00:00,2135.4630,1.3636
2007-01-09 03:00:00,2182.3110,0.5051
2007-01-09 04:00:00,2279.7730,-0.2525
2007-01-09 05:00:00,2434.7130,-0.3535
2007-01-09 06:00:00,2785.1050,-0.9091
2007-01-09 07:00:00,2886.6390,-0.8081
2007-01-09 08:00:00,2735.1020,-0.0505
2007-01-09 09:00:00,2613.1790,2.5253
2007-01-09 10:00:00,2469.5350,5.6566
2007-01-09 11:00:00,2367.7370,7.6263
2007-01-09 12:00:00,2324.0640,8.6364
2007-01-09 13:00:00,2303.9940,8.7879
2007-01-09 14:00:00,2284.0830,8.3333
2007-01-09 15:00:00,2362.5100,8.0303
2007-01-09 16:00:00,2459.7850,7.2222
2007-01-09 17:00:00,2710.3010,6.3636
2007-01-09 18:00:00,2834.2660,5.3030
2007-01-09 19:00:00,2833.2860,4.4444
2007-01-09 20:00:00,2830.4390,4.1919
2007-01-09 21:00:00,2707.4880,3.4848
2007-01-09 22:00:00,2527.2680,2.9798
2007-01-09 23:00:00,2367.3930,2.7778
2007-01-10 00:00:00,2298.4100,2.2727
2007-01-10 01:00:00,2329.6840,1.5657
2007-01-10 02:00:00,2274.8210,1.0606
2007-01-10 03:00:00,2319.8900,0.7071
2007-01-10 04:00:00,2393.0540,0.3030
2007-01-10 05:00:00,2580.8400,0.3030
2007-01-10 06:00:00,2915.0530,-0.2020
2007-01-10 07:00:00,3009.7830,-0.7071
2007-01-10 08:00:00,2866.0730,-0.5556
2007-01-10 09:00:00,2718.2140,0.9596
2007-01-10 10:00:00,2610.1030,1.9697
2007-01-10 11:00:00,2531.4310,2.6263
2007-01-10 12:00:00,2460.8670,3.3838
2007-01-10 13:00:00,2343.6910,3.3838
2007-01-10 14:00:00,2276.8590,4.0404
2007-01-10 15:00:00,2340.7310,4.3434
2007-01-10 16:00:00,2513.3370,4.0404
2007-01-10 17:00:00,2850.1710,2.9293
2007-01-10 18:00:00,3040.9850,1.2121
2007-01-10 19:00:00,3068.9860,0.0000
2007-01-10 20:00:00,3096.4120,-0.8586
2007-01-10 21:00:00,2975.3200,-1.9192
2007-01-10 22:00:00,2798.8840,-2.6263
2007-01-10 23:00:00,2637.1610,-3.2323
2007-01-11 00:00:00,2580.4000,-3.6364
2007-01-11 01:00:00,2650.3660,-4.0909
2007-01-11 02:00:00,2613.5310,-4.5455
2007-01-11 03:00:00,2670.4120,-4.7475
2007-01-11 04:00:00,2754.2890,-5.0505
2007-01-11 05:00:00,2953.3980,-5.3030
2007-01-11 06:00:00,3271.0670,-5.3535
2007-01-11 07:00:00,3314.9440,-5.5051
2007-01-11 08:00:00,3126.2360,-5.3535
2007-01-11 09:00:00,2947.5100,-1.4646
2007-01-11 10:00:00,2743.0730,1.4646
2007-01-11 11:00:00,2563.8550,3.1818
2007-01-11 12:00:00,2458.4130,4.7475
2007-01-11 13:00:00,2364.3820,5.8586
2007-01-11 14:00:00,2286.8720,6.6667
2007-01-11 15:00:00,2318.3640,6.7172
2007-01-11 16:00:00,2469.7190,6.5657
2007-01-11 17:00:00,2761.9540,5.2020
2007-01-11 18:00:00,2932.9890,2.8788
2007-01-11 19:00:00,2905.6180,1.5657
2007-01-11 20:00:00,2857.8200,1.1111
2007-01-11 21:00:00,2720.2010,1.1111
2007-01-11 22:00:00,2519.7390,1.3636
2007-01-11 23:00:00,2332.4370,1.2121
2007-01-12 00:00:00,2230.3070,1.7172
2007-01-12 01:00:00,2248.8530,2.0707
2007-01-12 02:00:00,2147.4050,2.7273
2007-01-12 03:00:00,2168.1410,3.2323
2007-01-12 04:00:00,2202.6850,3.8889
2007-01-12 05:00:00,2316.4930,4.0909
2007-01-12 06:00:00,2564.5230,4.6465
2007-01-12 07:00:00,2678.7530,4.9495
2007-01-12 08:00:00,2651.7200,5.6566
2007-01-12 09:00:00,2590.5290,7.0707
2007-01-12 10:00:00,2496.5440,8.4848
2007-01-12 11:00:00,2406.7120,10.1010
2007-01-12 12:00:00,2305.6890,11.3131
2007-01-12 13:00:00,2242.9800,12.5253
2007-01-12 14:00:00,2184.7510,12.6768
2007-01-12 15:00:00,2157.6240,13.2323
2007-01-12 16:00:00,2267.6310,12.9293
2007-01-12 17:00:00,2451.5290,12.2727
2007-01-12 18:00:00,2497.8160,11.5657
2007-01-12 19:00:00,2452.6090,11.3636
2007-01-12 20:00:00,2353.6060,10.9091
2007-01-12 21:00:00,2280.4180,11.0606
2007-01-12 22:00:00,2110.5000,10.9596
2007-01-12 23:00:00,1951.1760,11.1111
2007-01-13 00:00:00,1868.1110,10.8586
2007-01-13 01:00:00,1784.4510,10.9596
2007-01-13 02:00:00,1744.3530,11.0101
2007-01-13 03:00:00,1740.0520,11.3636
2007-01-13 04:00:00,1771.2400,11.9697
2007-01-13 05:00:00,1808.4640,11.9697
2007-01-13 06:00:00,1929.5820,12.1212
2007-01-13 07:00:00,2008.5390,12.0202
2007-01-13 08:00:00,2200.2680,12.2222
2007-01-13 09:00:00,2254.9540,13.1313
2007-01-13 10:00:00,2219.1710,14.6465
2007-01-13 11:00:00,2111.6210,16.5152
2007-01-13 12:00:00,2112.1700,17.6263
2007-01-13 13:00:00,2011.9270,18.5859
2007-01-13 14:00:00,1982.2540,18.7879
2007-01-13 15:00:00,1999.7250,18.9394
2007-01-13 16:00:00,1974.6350,18.7374
2007-01-13 17:00:00,2140.8420,17.2727
2007-01-13 18:00:00,2211.5120,15.9091
2007-01-13 19:00:00,2115.7750,15.6566
2007-01-13 20:00:00,2055.2880,15.2020
2007-01-13 21:00:00,1926.7930,15.1515
2007-01-13 22:00:00,1796.8210,14.9495
2007-01-13 23:00:00,1726.3200,14.3939
2007-01-14 00:00:00,1570.3060,13.9899
2007-01-14 01:00:00,1499.5340,14.0404
2007-01-14 02:00:00,1466.7280,13.8889
2007-01-14 03:00:00,1449.0790,13.8889
2007-01-14 04:00:00,1453.8140,13.7374
2007-01-14 05:00:00,1494.3850,13.2323
2007-01-14 06:00:00,1598.7380,12.9293
2007-01-14 07:00:00,1717.7940,12.9293
2007-01-14 08:00:00,1921.5860,13.1313
2007-01-14 09:00:00,1998.6110,14.6465
2007-01-14 10:00:00,1925.0260,16.5152
2007-01-14 11:00:00,1855.6410,18.4343
2007-01-14 12:00:00,1891.5940,19.7980
2007-01-14 13:00:00,1886.1070,20.7071
2007-01-14 14:00:00,1829.1470,21.0101
2007-01-14 15:00:00,1809.7270,21.2626
2007-01-14 16:00:00,1784.5220,20.9091
2007-01-14 17:00:00,2010.4000,19.5455
2007-01-14 18:00:00,2083.3620,18.1313
2007-01-14 19:00:00,2044.9650,17.2222
2007-01-14 20:00:00,1996.2670,16.7172
2007-01-14 21:00:00,1836.0580,16.3636
2007-01-14 22:00:00,1713.8520,16.2626
2007-01-14 23:00:00,1594.7050,15.8586
2007-01-15 00:00:00,1420.2770,15.7576
2007-01-15 01:00:00,1328.7880,15.2525
2007-01-15 02:00:00,1304.6520,14.9495
2007-01-15 03:00:00,1327.2960,14.6465
2007-01-15 04:00:00,1377.1990,13.9394
2007-01-15 05:00:00,1483.7820,13.8384
2007-01-15 06:00:00,1734.3720,13.7374
2007-01-15 07:00:00,1895.0790,13.8384
2007-01-15 08:00:00,1996.2780,14.6465
2007-01-15 09:00:00,2026.3510,15.9596
2007-01-15 10:00:00,2034.9040,17.2727
2007-01-15 11:00:00,1988.5930,18.8384
2007-01-15 12:00:00,1940.9650,19.5960
2007-01-15 13:00:00,1888.0400,19.9495
2007-01-15 14:00:00,1841.9910,20.0505
2007-01-15 15:00:00,1893.4250,20.2020
2007-01-15 16:00:00,1956.6350,20.0505
2007-01-15 17:00:00,2193.1540,19.4444
2007-01-15 18:00:00,2270.1910,18.8384
2007-01-15 19:00:00,2220.5120,18.5354
2007-01-15 20:00:00,2120.3120,18.4343
2007-01-15 21:00:00,1961.0980,17.7778
2007-01-15 22:00:00,1755.9750,17.7778
2007-01-15 23:00:00,1577.8490,17.7273
2007-01-16 00:00:00,1446.1760,17.8788
2007-01-16 01:00:00,1383.7130,17.3232
2007-01-16 02:00:00,1349.2420,16.8687
2007-01-16 03:00:00,1390.4590,16.3636
2007-01-16 04:00:00,1464.8010,15.9091
2007-01-16 05:00:00,1634.1160,15.3030
2007-01-16 06:00:00,1984.3230,14.5455
2007-01-16 07:00:00,2158.1670,13.9899
2007-01-16 08:00:00,2124.4060,13.1818
2007-01-16 09:00:00,2118.2410,11.9192
2007-01-16 10:00:00,2184.5130,11.0101
2007-01-16 11:00:00,2170.6140,10.1515
2007-01-16 12:00:00,2156.4970,9.7475
2007-01-16 13:00:00,2151.9530,9.0909
2007-01-16 14:00:00,2076.1280,8.6364
2007-01-16 15:00:00,2199.5140,7.8283
2007-01-16 16:00:00,2366.5740,7.2727
2007-01-16 17:00:00,2613.3480,6.7172
2007-01-16 18:00:00,2787.0290,5.9091
2007-01-16 19:00:00,2781.9300,5.2020
2007-01-16 20:00:00,2746.7140,4.6465
2007-01-16 21:00:00,2694.0820,3.8889
2007-01-16 22:00:00,2513.5510,3.2828
2007-01-16 23:00:00,2386.5480,2.3737
2007-01-17 00:00:00,2335.4890,1.6162
2007-01-17 01:00:00,2311.4920,1.0101
2007-01-17 02:00:00,2358.6810,0.1010
2007-01-17 03:00:00,2419.8130,-0.6566
2007-01-17 04:00:00,2511.4350,-1.3636
2007-01-17 05:00:00,2715.3870,-2.1717
2007-01-17 06:00:00,3081.2840,-2.9798
2007-01-17 07:00:00,3208.2150,-3.6364
2007-01-17 08:00:00,3097.4640,-3.5354
2007-01-17 09:00:00,2960.0500,-2.5758
2007-01-17 10:00:00,2800.6720,-1.7677
2007-01-17 11:00:00,2638.0430,-1.1111
2007-01-17 12:00:00,2518.5370,-0.3030
2007-01-17 13:00:00,2422.6020,0.6061
2007-01-17 14:00:00,2343.4930,0.8586
2007-01-17 15:00:00,2377.2200,1.0606
2007-01-17 16:00:00,2536.1690,1.3131
2007-01-17 17:00:00,2849.1150,0.1515
2007-01-17 18:00:00,3044.9570,-1.5152
2007-01-17 19:00:00,3102.2420,-2.9293
2007-01-17 20:00:00,3152.6410,-3.6364
2007-01-17 21:00:00,3048.1230,-4.3434
2007-01-17 22:00:00,2911.4790,-4.5455
2007-01-17 23:00:00,2726.4590,-4.2424
2007-01-18 00:00:00,2642.9090,-4.0404
2007-01-18 01:00:00,2609.7640,-4.0909
2007-01-18 02:00:00,2637.5690,-4.3939
2007-01-18 03:00:00,2662.8710,-4.4444
2007-01-18 04:00:00,2729.8240,-4.4949
2007-01-18 05:00:00,2863.2120,-3.5354
2007-01-18 06:00:00,3165.3940,-3.0303
2007-01-18 07:00:00,3156.3180,-2.8788
2007-01-18 08:00:00,3066.8840,-2.1212
2007-01-18 09:00:00,3001.4200,-1.2121
2007-01-18 10:00:00,2950.9420,-0.5051
2007-01-18 11:00:00,2855.0030,0.3535
2007-01-18 12:00:00,2790.6590,0.9091
2007-01-18 13:00:00,2748.8510,1.3131
2007-01-18 14:00:00,2701.0480,1.4646
2007-01-18 15:00:00,2710.3750,1.6162
2007-01-18 16:00:00,2810.8080,1.5657
2007-01-18 17:00:00,3049.3230,1.3636
2007-01-18 18:00:00,3134.9500,1.3636
2007-01-18 19:00:00,3086.3210,1.2626
2007-01-18 20:00:00,2998.7680,1.2121
2007-01-18 21:00:00,2845.5140,1.2626
2007-01-18 22:00:00,2595.7120,1.4646
2007-01-18 23:00:00,2410.7610,1.4646
2007-01-19 00:00:00,2298.4600,1.5152
2007-01-19 01:00:00,2227.2800,1.7172
2007-01-19 02:00:00,2202.5040,1.8687
2007-01-19 03:00:00,2207.5390,1.8687
2007-01-19 04:00:00,2285.4450,2.0707
2007-01-19 05:00:00,2455.3830,2.0707
2007-01-19 06:00:00,2772.5880,2.5253
2007-01-19 07:00:00,2880.5800,2.5758
2007-01-19 08:00:00,2829.1990,2.7273
2007-01-19 09:00:00,2663.7370,4.2929
2007-01-19 10:00:00,2542.8490,5.9596
2007-01-19 11:00:00,2449.7620,7.7778
2007-01-19 12:00:00,2346.1070,8.6869
2007-01-19 13:00:00,2272.9070,8.8889
2007-01-19 14:00:00,2212.8270,8.9899
2007-01-19 15:00:00,2223.8120,8.9394
2007-01-19 16:00:00,2357.6080,8.4848
2007-01-19 17:00:00,2629.9880,6.7677
2007-01-19 18:00:00,2873.7310,4.8485
2007-01-19 19:00:00,2898.8620,4.2929
2007-01-19 20:00:00,2842.2770,3.6364
2007-01-19 21:00:00,2783.2970,2.8283
2007-01-19 22:00:00,2666.5320,1.9192
2007-01-19 23:00:00,2518.3440,1.3636
2007-01-20 00:00:00,2533.7530,1.5152
2007-01-20 01:00:00,2450.3120,1.2121
2007-01-20 02:00:00,2435.9640,0.6566
2007-01-20 03:00:00,2446.7910,0.5556
2007-01-20 04:00:00,2481.5100,0.6566
2007-01-20 05:00:00,2582.8090,0.1515
2007-01-20 06:00:00,2717.8500,0.2020
2007-01-20 07:00:00,2881.2950,-0.2525
2007-01-20 08:00:00,3021.5190,0.1010
2007-01-20 09:00:00,3022.4620,1.1616
2007-01-20 10:00:00,2833.6800,2.2727
2007-01-20 11:00:00,2793.2160,3.0808
2007-01-20 12:00:00,2767.1420,3.4848
2007-01-20 13:00:00,2641.4470,4.0404
2007-01-20 14:00:00,2544.3510,4.5960
2007-01-20 15:00:00,2523.4630,4.4444
2007-01-20 16:00:00,2545.1290,4.3434
2007-01-20 17:00:00,2809.7700,3.2323
2007-01-20 18:00:00,2972.3820,1.2121
2007-01-20 19:00:00,3009.9250,-0.3030
2007-01-20 20:00:00,2953.8860,-1.2626
2007-01-20 21:00:00,2879.2850,-2.1212
2007-01-20 22:00:00,2812.2670,-2.7778
2007-01-20 23:00:00,2723.6550,-3.3838
2007-01-21 00:00:00,2622.3400,-3.2323
2007-01-21 01:00:00,2558.4050,-2.7273
2007-01-21 02:00:00,2530.8170,-2.4242
2007-01-21 03:00:00,2552.3040,-2.7273
2007-01-21 04:00:00,2572.9810,-2.7778
2007-01-21 05:00:00,2657.0800,-3.0808
2007-01-21 06:00:00,2796.0350,-3.0808
2007-01-21 07:00:00,2926.8220,-2.9798
2007-01-21 08:00:00,3088.1150,-2.8283
2007-01-21 09:00:00,3144.3700,-2.0707
2007-01-21 10:00:00,3029.2010,-1.3636
2007-01-21 11:00:00,3043.0480,-1.1111
2007-01-21 12:00:00,3117.7390,-0.9091
2007-01-21 13:00:00,3072.0680,-0.9596
2007-01-21 14:00:00,3030.7040,-1.2121
2007-01-21 15:00:00,3049.5380,-1.2626
2007-01-21 16:00:00,3015.3840,-1.3636
2007-01-21 17:00:00,3132.7390,-1.5657
2007-01-21 18:00:00,3182.8870,-1.4141
2007-01-21 19:00:00,3107.9880,-1.3131
2007-01-21 20:00:00,3023.7620,-0.9596
2007-01-21 21:00:00,2864.0920,-0.7071
2007-01-21 22:00:00,2703.6410,-0.6566
2007-01-21 23:00:00,2577.0900,-0.4545
2007-01-22 00:00:00,2473.0380,-0.2020
2007-01-22 01:00:00,2433.9630,0.0505
2007-01-22 02:00:00,2427.1190,0.3030
2007-01-22 03:00:00,2402.1510,0.3030
2007-01-22 04:00:00,2459.1530,0.4040
2007-01-22 05:00:00,2559.8950,0.2525
2007-01-22 06:00:00,2743.1770,0.2525
2007-01-22 07:00:00,2872.7690,0.2525
2007-01-22 08:00:00,2973.0320,0.4040
2007-01-22 09:00:00,2964.7040,0.8081
2007-01-22 10:00:00,2919.5960,1.2121
2007-01-22 11:00:00,2865.0330,1.2626
2007-01-22 12:00:00,2780.0330,1.5152
2007-01-22 13:00:00,2718.0350,1.8687
2007-01-22 14:00:00,2664.9080,2.3737
2007-01-22 15:00:00,2649.9450,2.8788
2007-01-22 16:00:00,2733.9270,3.1313
2007-01-22 17:00:00,2921.8580,2.8788
2007-01-22 18:00:00,3021.4350,2.6263
2007-01-22 19:00:00,2988.3100,2.7273
2007-01-22 20:00:00,2904.5480,2.7778
2007-01-22 21:00:00,2743.7960,2.6768
2007-01-22 22:00:00,2521.1260,2.5758
2007-01-22 23:00:00,2329.7950,2.7778
2007-01-23 00:00:00,2307.2960,2.6768
2007-01-23 01:00:00,2268.5510,2.5758
2007-01-23 02:00:00,2272.9930,2.5758
2007-01-23 03:00:00,2234.6230,2.4747
2007-01-23 04:00:00,2350.8630,2.2727
2007-01-23 05:00:00,2524.5220,1.7677
2007-01-23 06:00:00,2864.1490,1.4141
2007-01-23 07:00:00,2974.7430,0.9596
2007-01-23 08:00:00,2861.8290,0.9596
2007-01-23 09:00:00,2751.7840,2.3737
2007-01-23 10:00:00,2619.4570,3.2828
2007-01-23 11:00:00,2498.6180,3.8384
2007-01-23 12:00:00,2440.6920,4.1919
2007-01-23 13:00:00,2375.8820,4.5455
2007-01-23 14:00:00,2308.1700,4.9495
2007-01-23 15:00:00,2311.9930,5.5051
2007-01-23 16:00:00,2431.7550,5.4040
2007-01-23 17:00:00,2752.9500,4.5455
2007-01-23 18:00:00,2995.6390,2.1212
2007-01-23 19:00:00,3034.8720,0.4545
2007-01-23 20:00:00,2989.0540,-0.4545
2007-01-23 21:00:00,2919.1010,-1.0606
2007-01-23 22:00:00,2738.6060,-1.5152
2007-01-23 23:00:00,2584.9800,-1.8182
2007-01-24 00:00:00,2560.9600,-1.9192
2007-01-24 01:00:00,2529.5950,-2.2222
2007-01-24 02:00:00,2505.1620,-2.2727
2007-01-24 03:00:00,2475.0380,-2.4747
2007-01-24 04:00:00,2526.2270,-1.8182
2007-01-24 05:00:00,2708.7850,-1.7172
2007-01-24 06:00:00,3057.1700,-1.6162
2007-01-24 07:00:00,3140.0190,-1.8182
2007-01-24 08:00:00,2977.6260,-1.6162
2007-01-24 09:00:00,2874.1390,0.5556
2007-01-24 10:00:00,2739.3480,2.2222
2007-01-24 11:00:00,2565.8110,3.4848
2007-01-24 12:00:00,2521.0320,4.3434
2007-01-24 13:00:00,2442.1170,4.8485
2007-01-24 14:00:00,2386.0160,5.1515
2007-01-24 15:00:00,2459.9600,5.7071
2007-01-24 16:00:00,2568.7030,5.0505
2007-01-24 17:00:00,2818.1290,4.8990
2007-01-24 18:00:00,2990.2010,2.6768
2007-01-24 19:00:00,2965.7460,1.6162
2007-01-24 20:00:00,2928.5010,0.9091
2007-01-24 21:00:00,2799.9960,0.3535
2007-01-24 22:00:00,2645.8350,-0.1515
2007-01-24 23:00:00,2467.7220,-0.2020
2007-01-25 00:00:00,2384.4970,-0.1515
2007-01-25 01:00:00,2341.1440,0.2020
2007-01-25 02:00:00,2402.2420,0.2020
2007-01-25 03:00:00,2389.1040,0.6566
2007-01-25 04:00:00,2379.6140,0.6061
2007-01-25 05:00:00,2572.3350,1.0101
2007-01-25 06:00:00,2870.4340,1.0101
2007-01-25 07:00:00,2974.2260,0.5556
2007-01-25 08:00:00,2901.5010,0.5051
2007-01-25 09:00:00,2780.1410,1.4646
2007-01-25 10:00:00,2695.1140,2.2222
2007-01-25 11:00:00,2644.2500,3.2323
2007-01-25 12:00:00,2614.1160,3.8889
2007-01-25 13:00:00,2569.9950,3.9394
2007-01-25 14:00:00,2571.1770,3.1818
2007-01-25 15:00:00,2631.0480,2.8283
2007-01-25 16:00:00,2786.7420,2.4747
2007-01-25 17:00:00,3072.4020,1.4646
2007-01-25 18:00:00,3323.6010,0.3030
2007-01-25 19:00:00,3357.1440,-0.3030
2007-01-25 20:00:00,3442.2070,-0.8586
2007-01-25 21:00:00,3346.3740,-1.3131
2007-01-25 22:00:00,3177.0200,-2.0707
2007-01-25 23:00:00,3021.0470,-2.9293
2007-01-26 00:00:00,2967.5160,-3.6364
2007-01-26 01:00:00,3006.1900,-4.2929
2007-01-26 02:00:00,3049.4690,-4.9495
2007-01-26 03:00:00,3053.7220,-5.3030
2007-01-26 04:00:00,3104.6000,-6.1111
2007-01-26 05:00:00,3268.7360,-6.6667
2007-01-26 06:00:00,3576.9880,-7.3737
2007-01-26 07:00:00,3679.7240,-7.9293
2007-01-26 08:00:00,3509.5200,-7.3232
2007-01-26 09:00:00,2977.8430,-5.2020
2007-01-26 10:00:00,2757.5320,-3.4848
2007-01-26 11:00:00,2685.3120,-2.2222
2007-01-26 12:00:00,2821.7460,-0.9091
2007-01-26 13:00:00,2852.6690,0.6566
2007-01-26 14:00:00,2790.6280,1.6162
2007-01-26 15:00:00,2843.2020,2.3737
2007-01-26 16:00:00,2950.7770,2.5758
2007-01-26 17:00:00,3101.4540,2.3737
2007-01-26 18:00:00,3225.0590,1.4141
2007-01-26 19:00:00,3169.8500,0.7071
2007-01-26 20:00:00,3123.9600,-0.2020
2007-01-26 21:00:00,3026.4580,-0.5556
2007-01-26 22:00:00,2854.8080,-0.6566
2007-01-26 23:00:00,2700.3560,-0.4545
2007-01-27 00:00:00,2667.4000,-0.8586
2007-01-27 01:00:00,2624.8590,-0.5051
2007-01-27 02:00:00,2629.9710,-0.3030
2007-01-27 03:00:00,2634.1260,0.0505
2007-01-27 04:00:00,2687.7170,0.1515
2007-01-27 05:00:00,2757.4090,0.1515
2007-01-27 06:00:00,2931.6660,0.5051
2007-01-27 07:00:00,3103.6180,1.0101
2007-01-27 08:00:00,3114.1030,1.8182
2007-01-27 09:00:00,2946.0840,4.2929
2007-01-27 10:00:00,2744.3670,7.5758
2007-01-27 11:00:00,2545.8310,10.5051
2007-01-27 12:00:00,2358.6950,12.1212
2007-01-27 13:00:00,2181.6010,13.6364
2007-01-27 14:00:00,2095.0230,14.6970
2007-01-27 15:00:00,2100.1280,15.1515
2007-01-27 16:00:00,2139.7160,14.8990
2007-01-27 17:00:00,2371.1050,13.3838
2007-01-27 18:00:00,2546.1080,10.7071
2007-01-27 19:00:00,2472.0810,9.6970
2007-01-27 20:00:00,2393.3580,9.2929
2007-01-27 21:00:00,2336.3510,9.7475
2007-01-27 22:00:00,2213.1630,9.7475
2007-01-27 23:00:00,2072.3470,9.8990
2007-01-28 00:00:00,1947.5650,9.6465
2007-01-28 01:00:00,1882.5500,9.5960
2007-01-28 02:00:00,1866.6680,9.3434
2007-01-28 03:00:00,1864.8200,8.9899
2007-01-28 04:00:00,1897.2380,8.2323
2007-01-28 05:00:00,1947.8520,7.6768
2007-01-28 06:00:00,2094.7120,7.5253
2007-01-28 07:00:00,2337.8250,6.6162
2007-01-28 08:00:00,2576.5080,6.3636
2007-01-28 09:00:00,2682.3190,6.7172
2007-01-28 10:00:00,2588.1840,6.9697
2007-01-28 11:00:00,2514.6800,7.1717
2007-01-28 12:00:00,2481.8030,6.6162
2007-01-28 13:00:00,2476.9400,6.3636
2007-01-28 14:00:00,2462.3940,6.1111
2007-01-28 15:00:00,2485.0650,5.3030
2007-01-28 16:00:00,2594.7470,4.5960
2007-01-28 17:00:00,2807.2750,3.2828
2007-01-28 18:00:00,3014.6710,2.2222
2007-01-28 19:00:00,3030.0300,1.4646
2007-01-28 20:00:00,2964.9440,0.8586
2007-01-28 21:00:00,2905.1770,0.5556
2007-01-28 22:00:00,2756.4590,0.1515
2007-01-28 23:00:00,2695.7390,-0.5051
2007-01-29 00:00:00,2664.8090,-1.3131
2007-01-29 01:00:00,2736.2580,-2.0202
2007-01-29 02:00:00,2818.6680,-3.0808
2007-01-29 03:00:00,2878.1730,-3.7879
2007-01-29 04:00:00,3019.7670,-4.4444
2007-01-29 05:00:00,3149.1520,-5.1515
2007-01-29 06:00:00,3466.0240,-5.6566
2007-01-29 07:00:00,3550.3840,-6.2626
2007-01-29 08:00:00,3435.5040,-5.8586
2007-01-29 09:00:00,3314.5810,-4.4949
2007-01-29 10:00:00,3116.7070,-3.5354
2007-01-29 11:00:00,3004.6520,-2.3737
2007-01-29 12:00:00,2969.8000,-1.2121
2007-01-29 13:00:00,2825.4490,-0.5051
2007-01-29 14:00:00,2757.7190,0.1010
2007-01-29 15:00:00,2680.5590,0.6566
2007-01-29 16:00:00,2781.0200,0.5051
2007-01-29 17:00:00,2979.2410,-0.1515
2007-01-29 18:00:00,3199.9950,-1.4141
2007-01-29 19:00:00,3237.9580,-2.2727
2007-01-29 20:00:00,3240.0450,-3.2828
2007-01-29 21:00:00,3167.2810,-3.8384
2007-01-29 22:00:00,3003.0040,-4.2929
2007-01-29 23:00:00,2927.1300,-4.7475
2007-01-30 00:00:00,2825.8240,-5.6061
2007-01-30 01:00:00,2818.6310,-5.8586
2007-01-30 02:00:00,2817.7450,-5.5556
2007-01-30 03:00:00,2890.0360,-5.0000
2007-01-30 04:00:00,2971.7930,-5.3030
2007-01-30 05:00:00,3077.9540,-5.6566
2007-01-30 06:00:00,3424.6300,-6.0606
2007-01-30 07:00:00,3504.7630,-6.6162
2007-01-30 08:00:00,3256.0640,-5.9596
2007-01-30 09:00:00,3041.8590,-2.4242
2007-01-30 10:00:00,2839.4600,0.5556
2007-01-30 11:00:00,2696.0120,3.3333
2007-01-30 12:00:00,2637.7880,4.9495
2007-01-30 13:00:00,2549.3800,5.8081
2007-01-30 14:00:00,2538.6090,6.3636
2007-01-30 15:00:00,2567.9050,6.5657
2007-01-30 16:00:00,2686.8730,6.3131
2007-01-30 17:00:00,2876.3020,5.5051
2007-01-30 18:00:00,3093.4090,3.8889
2007-01-30 19:00:00,3103.8130,2.8788
2007-01-30 20:00:00,3046.6130,1.8687
2007-01-30 21:00:00,2976.1940,1.1616
2007-01-30 22:00:00,2775.7240,0.6566
2007-01-30 23:00:00,2697.1090,0.2525
2007-01-31 00:00:00,2631.9060,-0.5051
2007-01-31 01:00:00,2648.8090,-1.0606
2007-01-31 02:00:00,2679.2420,-1.9192
2007-01-31 03:00:00,2750.4730,-2.6768
2007-01-31 04:00:00,2885.5160,-3.4848
2007-01-31 05:00:00,3027.8290,-4.0404
2007-01-31 06:00:00,3404.0310,-4.7475
2007-01-31 07:00:00,3477.5470,-5.1010
2007-01-31 08:00:00,3276.1670,-4.7475
2007-01-31 09:00:00,3155.3990,-3.6364
2007-01-31 10:00:00,2951.0290,-2.5758
2007-01-31 11:00:00,2803.1430,-1.4646
2007-01-31 12:00:00,2743.6240,-0.5051
2007-01-31 13:00:00,2628.1010,0.1515
2007-01-31 14:00:00,2543.3610,0.9091
2007-01-31 15:00:00,2545.5770,1.3131
2007-01-31 16:00:00,2647.7970,1.1616
2007-01-31 17:00:00,2873.1880,0.7071
2007-01-31 18:00:00,3089.8780,-2.0707
2007-01-31 19:00:00,3175.5520,-3.4848
2007-01-31 20:00:00,3213.1040,-4.0404
2007-01-31 21:00:00,3125.1240,-5.3030
2007-01-31 22:00:00,2940.0260,-5.6061
2007-01-31 23:00:00,2812.8120,-5.1515
2007-02-01 00:00:00,2704.0160,-4.8485
2007-02-01 01:00:00,2657.2790,-3.9899
2007-02-01 02:00:00,2632.3790,-2.9293
2007-02-01 03:00:00,2634.2280,-2.5253
2007-02-01 04:00:00,2702.9000,-1.9697
2007-02-01 05:00:00,2730.0800,-1.6162
2007-02-01 06:00:00,3034.2480,-1.4646
2007-02-01 07:00:00,3050.4010,-1.0101
2007-02-01 08:00:00,2987.0050,-0.9091
2007-02-01 09:00:00,2981.1550,-0.4545
2007-02-01 10:00:00,2927.4890,0.2525
2007-02-01 11:00:00,2833.3200,1.1616
2007-02-01 12:00:00,2787.9000,1.4646
2007-02-01 13:00:00,2713.6530,1.0101
2007-02-01 14:00:00,2689.7420,1.1616
2007-02-01 15:00:00,2629.7060,1.3131
2007-02-01 16:00:00,2697.8030,1.4646
2007-02-01 17:00:00,2839.6410,1.3636
2007-02-01 18:00:00,3049.6330,0.8586
2007-02-01 19:00:00,3088.6740,1.0101
2007-02-01 20:00:00,2986.1970,0.9091
2007-02-01 21:00:00,2853.5690,1.0101
2007-02-01 22:00:00,2637.0280,1.0101
2007-02-01 23:00:00,2493.4770,1.0101
2007-02-02 00:00:00,2354.5240,0.9596
2007-02-02 01:00:00,2349.1830,1.0606
2007-02-02 02:00:00,2331.3430,1.0101
2007-02-02 03:00:00,2343.7570,1.0606
2007-02-02 04:00:00,2407.9730,0.9596
2007-02-02 05:00:00,2469.9580,0.9091
2007-02-02 06:00:00,2747.8000,0.9091
2007-02-02 07:00:00,2845.8270,0.9596
2007-02-02 08:00:00,2795.8100,1.1616
2007-02-02 09:00:00,2707.8780,1.5657
2007-02-02 10:00:00,2629.6500,2.2727
2007-02-02 11:00:00,2531.7680,3.0808
2007-02-02 12:00:00,2593.6190,3.7374
2007-02-02 13:00:00,2543.4540,4.1919
2007-02-02 14:00:00,2519.0430,4.4444
2007-02-02 15:00:00,2565.0780,4.2424
2007-02-02 16:00:00,2673.7040,4.3939
2007-02-02 17:00:00,2746.6210,4.2424
2007-02-02 18:00:00,2819.1280,3.6869
2007-02-02 19:00:00,2816.0590,3.7374
2007-02-02 20:00:00,2762.5690,3.5859
2007-02-02 21:00:00,2663.4580,3.3838
2007-02-02 22:00:00,2639.7390,3.4343
2007-02-02 23:00:00,2522.1090,2.7778
2007-02-03 00:00:00,2423.9250,2.2222
2007-02-03 01:00:00,2398.1810,1.3636
2007-02-03 02:00:00,2404.1300,0.5556
2007-02-03 03:00:00,2462.1540,0.1515
2007-02-03 04:00:00,2547.4170,-0.8586
2007-02-03 05:00:00,2650.7290,-1.5657
2007-02-03 06:00:00,2864.1700,-2.1212
2007-02-03 07:00:00,3096.4840,-2.7778
2007-02-03 08:00:00,3167.7230,-2.3232
2007-02-03 09:00:00,3122.9480,-0.9596
2007-02-03 10:00:00,3015.1020,0.0000
2007-02-03 11:00:00,2886.0720,0.9091
2007-02-03 12:00:00,2778.3180,1.8687
2007-02-03 13:00:00,2651.4340,2.6768
2007-02-03 14:00:00,2591.9860,3.1818
2007-02-03 15:00:00,2575.7760,3.7374
2007-02-03 16:00:00,2689.0670,3.6364
2007-02-03 17:00:00,2859.5650,3.2323
2007-02-03 18:00:00,3029.9710,1.8687
2007-02-03 19:00:00,3022.8710,0.4040
2007-02-03 20:00:00,2954.0580,-0.1010
2007-02-03 21:00:00,2900.3930,0.0505
2007-02-03 22:00:00,2832.5940,0.1010
2007-02-03 23:00:00,2693.7860,0.2525
2007-02-04 00:00:00,2611.3600,0.2020
2007-02-04 01:00:00,2548.4020,-0.3030
2007-02-04 02:00:00,2553.7170,-0.5556
2007-02-04 03:00:00,2603.5640,-1.1111
2007-02-04 04:00:00,2672.5040,-1.8182
2007-02-04 05:00:00,2735.4830,-2.6768
2007-02-04 06:00:00,2892.7060,-3.0303
2007-02-04 07:00:00,3082.4230,-3.8384
2007-02-04 08:00:00,3233.3560,-2.8788
2007-02-04 09:00:00,3152.7350,-0.6061
2007-02-04 10:00:00,2961.8810,1.7172
2007-02-04 11:00:00,2823.9190,3.2323
2007-02-04 12:00:00,2770.2890,4.2424
2007-02-04 13:00:00,2741.1420,5.5051
2007-02-04 14:00:00,2679.1910,5.5051
2007-02-04 15:00:00,2647.3320,5.4545
2007-02-04 16:00:00,2682.1960,4.7475
2007-02-04 17:00:00,2883.8360,3.1818
2007-02-04 18:00:00,3120.5130,1.9697
2007-02-04 19:00:00,3130.6010,0.9091
2007-02-04 20:00:00,3169.8070,0.1010
2007-02-04 21:00:00,3160.4130,-0.9091
2007-02-04 22:00:00,3087.6000,-1.6667
2007-02-04 23:00:00,2977.9550,-2.2727
2007-02-05 00:00:00,2914.1520,-3.0808
2007-02-05 01:00:00,2915.3830,-4.0909
2007-02-05 02:00:00,2941.4670,-4.8485
2007-02-05 03:00:00,3012.0250,-5.6566
2007-02-05 04:00:00,3107.4970,-6.2121
2007-02-05 05:00:00,3307.6700,-6.5657
2007-02-05 06:00:00,3614.5440,-7.2222
2007-02-05 07:00:00,3678.0930,-7.5758
2007-02-05 08:00:00,3668.1790,-6.9697
2007-02-05 09:00:00,3564.9210,-5.9596
2007-02-05 10:00:00,3449.5150,-5.5051
2007-02-05 11:00:00,3317.8290,-5.0000
2007-02-05 12:00:00,3221.0600,-4.4949
2007-02-05 13:00:00,3120.9580,-3.7374
2007-02-05 14:00:00,3124.5410,-3.5859
2007-02-05 15:00:00,3147.3250,-3.3838
2007-02-05 16:00:00,3297.8050,-3.7374
2007-02-05 17:00:00,3656.3290,-4.4949
2007-02-05 18:00:00,3953.8770,-5.6061
2007-02-05 19:00:00,2944.5630,-6.2121
2007-02-05 20:00:00,3973.5390,-6.8687
2007-02-05 21:00:00,3904.3080,-7.4242
2007-02-05 22:00:00,3730.4350,-8.2323
2007-02-05 23:00:00,3605.7990,-9.0404
2007-02-06 00:00:00,3565.6660,-9.6970
2007-02-06 01:00:00,3575.8680,-10.5051
2007-02-06 02:00:00,3596.8390,-11.1111
2007-02-06 03:00:00,3666.6170,-11.6162
2007-02-06 04:00:00,3772.0820,-11.8182
2007-02-06 05:00:00,3937.6740,-12.0707
2007-02-06 06:00:00,4124.8460,-12.5758
2007-02-06 07:00:00,3280.4230,-12.5758
2007-02-06 08:00:00,3155.2380,-11.5657
2007-02-06 09:00:00,3923.1520,-9.7475
2007-02-06 10:00:00,3678.6800,-8.2323
2007-02-06 11:00:00,3489.1780,-6.7677
2007-02-06 12:00:00,3334.2860,-5.7576
2007-02-06 13:00:00,3136.0410,-4.5455
2007-02-06 14:00:00,3074.9900,-3.2323
2007-02-06 15:00:00,3128.4190,-2.5758
2007-02-06 16:00:00,3238.3700,-2.5758
2007-02-06 17:00:00,3462.9340,-2.5758
2007-02-06 18:00:00,3612.4380,-2.7273
2007-02-06 19:00:00,3705.6110,-3.0808
2007-02-06 20:00:00,3612.2840,-3.4343
2007-02-06 21:00:00,3472.7550,-3.5859
2007-02-06 22:00:00,3244.8380,-3.4343
2007-02-06 23:00:00,3082.3220,-3.4848
2007-02-07 00:00:00,2999.9380,-3.4848
2007-02-07 01:00:00,2964.2390,-3.2828
2007-02-07 02:00:00,2957.8940,-3.1313
2007-02-07 03:00:00,2961.1420,-3.0303
2007-02-07 04:00:00,3049.2540,-2.7273
2007-02-07 05:00:00,3131.4790,-2.7273
2007-02-07 06:00:00,3294.1710,-2.9293
2007-02-07 07:00:00,3423.9640,-3.3333
2007-02-07 08:00:00,3458.4040,-3.9899
2007-02-07 09:00:00,3326.7870,-3.2828
2007-02-07 10:00:00,3196.0500,-2.6768
2007-02-07 11:00:00,3071.7160,-1.4646
2007-02-07 12:00:00,2977.7300,-0.7071
2007-02-07 13:00:00,2872.7910,-0.3030
2007-02-07 14:00:00,2810.6980,0.8081
2007-02-07 15:00:00,2825.9010,0.9596
2007-02-07 16:00:00,2959.8280,1.1111
2007-02-07 17:00:00,3178.1060,0.2525
2007-02-07 18:00:00,3409.7110,-1.4141
2007-02-07 19:00:00,3493.3250,-2.9798
2007-02-07 20:00:00,3500.9120,-3.5859
2007-02-07 21:00:00,3425.3990,-4.7475
2007-02-07 22:00:00,3270.0130,-4.5960
2007-02-07 23:00:00,3110.9470,-4.6970
2007-02-08 00:00:00,3086.4200,-4.4949
2007-02-08 01:00:00,3091.6990,-5.0000
2007-02-08 02:00:00,3148.9660,-5.5051
2007-02-08 03:00:00,3201.1990,-6.2626
2007-02-08 04:00:00,3354.4240,-7.0707
2007-02-08 05:00:00,3522.7050,-7.2222
2007-02-08 06:00:00,3743.1940,-8.0808
2007-02-08 07:00:00,3851.2470,-8.3333
2007-02-08 08:00:00,3721.6030,-6.6162
2007-02-08 09:00:00,3469.8190,-3.8384
2007-02-08 10:00:00,3329.8540,-1.7677
2007-02-08 11:00:00,3185.9580,-0.8586
2007-02-08 12:00:00,3070.7270,0.1010
2007-02-08 13:00:00,2981.6850,0.6061
2007-02-08 14:00:00,2885.9410,1.1111
2007-02-08 15:00:00,2880.0620,1.2121
2007-02-08 16:00:00,2918.9550,1.2121
2007-02-08 17:00:00,3173.6270,0.3030
2007-02-08 18:00:00,3413.8750,-1.7172
2007-02-08 19:00:00,3570.8130,-3.1313
2007-02-08 20:00:00,3570.5960,-5.0505
2007-02-08 21:00:00,3492.1700,-5.8081
2007-02-08 22:00:00,3390.7450,-6.6162
2007-02-08 23:00:00,3253.1420,-7.4747
2007-02-09 00:00:00,3186.6770,-7.5758
2007-02-09 01:00:00,3195.9740,-7.7273
2007-02-09 02:00:00,3196.7350,-7.4242
2007-02-09 03:00:00,3240.0380,-7.3232
2007-02-09 04:00:00,3309.6040,-7.1212
2007-02-09 05:00:00,3412.2980,-6.3131
2007-02-09 06:00:00,3663.8050,-5.4040
2007-02-09 07:00:00,3767.7890,-5.5051
2007-02-09 08:00:00,3644.6360,-5.2020
2007-02-09 09:00:00,3435.5170,-3.1818
2007-02-09 10:00:00,3227.4560,-2.2222
2007-02-09 11:00:00,3116.9450,-0.9091
2007-02-09 12:00:00,2976.0170,-0.2525
2007-02-09 13:00:00,2843.1650,0.5051
2007-02-09 14:00:00,2769.8530,0.8586
2007-02-09 15:00:00,2754.6750,1.3636
2007-02-09 16:00:00,2887.9140,1.3131
2007-02-09 17:00:00,3107.0050,0.9596
2007-02-09 18:00:00,3282.2320,-0.7071
2007-02-09 19:00:00,3329.9140,-2.5758
2007-02-09 20:00:00,3296.8270,-3.3333
2007-02-09 21:00:00,3293.3910,-4.2424
2007-02-09 22:00:00,3181.4830,-4.8485
2007-02-09 23:00:00,3075.2990,-5.1010
2007-02-10 00:00:00,3030.0590,-5.7576
2007-02-10 01:00:00,3020.8690,-6.2626
2007-02-10 02:00:00,3048.1530,-6.8687
2007-02-10 03:00:00,3072.3540,-6.8687
2007-02-10 04:00:00,3151.8480,-7.0202
2007-02-10 05:00:00,3223.4810,-7.4242
2007-02-10 06:00:00,3414.5590,-7.7273
2007-02-10 07:00:00,3572.4020,-8.1818
2007-02-10 08:00:00,3562.3510,-6.5657
2007-02-10 09:00:00,3389.5680,-3.5354
2007-02-10 10:00:00,3213.7670,-1.4646
2007-02-10 11:00:00,3041.5480,-0.4040
2007-02-10 12:00:00,2881.3710,0.5051
2007-02-10 13:00:00,2755.1630,1.8182
2007-02-10 14:00:00,2644.5380,2.4747
2007-02-10 15:00:00,2653.5330,3.0808
2007-02-10 16:00:00,2748.8850,3.1313
2007-02-10 17:00:00,2974.0610,2.4747
2007-02-10 18:00:00,3223.1400,0.5051
2007-02-10 19:00:00,3284.0930,-1.9192
2007-02-10 20:00:00,3267.6300,-2.3232
2007-02-10 21:00:00,3197.9320,-3.5859
2007-02-10 22:00:00,3122.3930,-4.1414
2007-02-10 23:00:00,3005.9110,-5.2525
2007-02-11 00:00:00,2957.4240,-6.1616
2007-02-11 01:00:00,2966.8770,-6.8182
2007-02-11 02:00:00,3017.6910,-7.5253
2007-02-11 03:00:00,3099.5970,-7.7273
2007-02-11 04:00:00,3180.9930,-8.6364
2007-02-11 05:00:00,3289.3130,-9.0909
2007-02-11 06:00:00,3507.8060,-9.5960
2007-02-11 07:00:00,3685.7120,-10.1515
2007-02-11 08:00:00,3698.3730,-8.2828
2007-02-11 09:00:00,3540.3400,-4.3939
2007-02-11 10:00:00,3281.7330,-2.2222
2007-02-11 11:00:00,3079.3520,-0.5051
2007-02-11 12:00:00,2937.0060,1.0101
2007-02-11 13:00:00,2749.5480,2.4242
2007-02-11 14:00:00,2674.6300,3.3838
2007-02-11 15:00:00,2597.2750,3.7879
2007-02-11 16:00:00,2634.8130,4.3939
2007-02-11 17:00:00,2844.9200,4.0909
2007-02-11 18:00:00,3106.2520,1.9192
2007-02-11 19:00:00,3238.9600,-0.6061
2007-02-11 20:00:00,3212.6050,-1.8182
2007-02-11 21:00:00,3110.9350,-2.6263
2007-02-11 22:00:00,2934.1080,-3.4848
2007-02-11 23:00:00,2771.1660,-3.4848
2007-02-12 00:00:00,2688.6780,-3.6869
2007-02-12 01:00:00,2679.4150,-4.1919
2007-02-12 02:00:00,2708.5690,-4.6970
2007-02-12 03:00:00,2784.1320,-5.2020
2007-02-12 04:00:00,2871.1580,-4.9495
2007-02-12 05:00:00,3028.9630,-4.5455
2007-02-12 06:00:00,3315.8130,-4.2929
2007-02-12 07:00:00,3382.0680,-4.3939
2007-02-12 08:00:00,3253.4800,-3.1313
2007-02-12 09:00:00,3088.4530,-0.1515
2007-02-12 10:00:00,2912.7000,3.2828
2007-02-12 11:00:00,2732.6970,5.2525
2007-02-12 12:00:00,2609.1320,6.7677
2007-02-12 13:00:00,2529.2490,7.7778
2007-02-12 14:00:00,2470.6300,8.7374
2007-02-12 15:00:00,2477.0350,9.2424
2007-02-12 16:00:00,2562.6770,9.1919
2007-02-12 17:00:00,2751.7520,8.6364
2007-02-12 18:00:00,2914.4090,6.6667
2007-02-12 19:00:00,2878.9790,5.5556
2007-02-12 20:00:00,2904.5030,5.3535
2007-02-12 21:00:00,2778.1930,5.0000
2007-02-12 22:00:00,2565.8240,4.6465
2007-02-12 23:00:00,2382.1200,4.4444
2007-02-13 00:00:00,2285.4150,4.0404
2007-02-13 01:00:00,2243.9630,3.9394
2007-02-13 02:00:00,2252.6570,3.5354
2007-02-13 03:00:00,2287.5230,3.1818
2007-02-13 04:00:00,2354.0010,3.2828
2007-02-13 05:00:00,2501.5770,3.2828
2007-02-13 06:00:00,2713.1980,3.2828
2007-02-13 07:00:00,2799.6130,3.2828
2007-02-13 08:00:00,2915.0040,3.1818
2007-02-13 09:00:00,2928.2100,2.9798
2007-02-13 10:00:00,2948.5560,2.8788
2007-02-13 11:00:00,2969.7460,2.6768
2007-02-13 12:00:00,3011.5170,2.3737
2007-02-13 13:00:00,2994.7600,2.1717
2007-02-13 14:00:00,3005.4720,2.0202
2007-02-13 15:00:00,3071.1180,1.9192
2007-02-13 16:00:00,3169.4000,2.0202
2007-02-13 17:00:00,3299.2510,1.8687
2007-02-13 18:00:00,3269.1450,1.8182
2007-02-13 19:00:00,3285.3530,1.8182
2007-02-13 20:00:00,3129.2930,1.8182
2007-02-13 21:00:00,3042.0670,2.0707
2007-02-13 22:00:00,2843.9590,1.9192
2007-02-13 23:00:00,2670.3130,2.2222
2007-02-14 00:00:00,2564.9500,2.7273
2007-02-14 01:00:00,2519.1960,2.9798
2007-02-14 02:00:00,2471.5210,3.4343
2007-02-14 03:00:00,2471.8170,3.1818
2007-02-14 04:00:00,2479.8760,2.9293
2007-02-14 05:00:00,2530.9550,2.4242
2007-02-14 06:00:00,2657.5480,2.2222
2007-02-14 07:00:00,2705.6650,1.8687
2007-02-14 08:00:00,2863.2920,1.6667
2007-02-14 09:00:00,2912.9070,1.6162
2007-02-14 10:00:00,2890.3980,1.5152
2007-02-14 11:00:00,2839.6620,2.3232
2007-02-14 12:00:00,2770.3360,3.0808
2007-02-14 13:00:00,2743.7500,3.7879
2007-02-14 14:00:00,2704.8120,4.1414
2007-02-14 15:00:00,2758.2350,3.8384
2007-02-14 16:00:00,2909.5970,3.1818
2007-02-14 17:00:00,3109.3140,2.1717
2007-02-14 18:00:00,3341.0110,0.6566
2007-02-14 19:00:00,3371.3940,-0.7071
2007-02-14 20:00:00,3420.7380,-1.8182
2007-02-14 21:00:00,3347.0530,-2.5758
2007-02-14 22:00:00,3183.5170,-3.2323
2007-02-14 23:00:00,3042.0610,-3.7374
2007-02-15 00:00:00,2984.6150,-4.2424
2007-02-15 01:00:00,3021.8920,-4.3939
2007-02-15 02:00:00,3048.7300,-4.8485
2007-02-15 03:00:00,3111.4060,-5.2020
2007-02-15 04:00:00,3180.5530,-5.7071
2007-02-15 05:00:00,3323.7020,-5.9596
2007-02-15 06:00:00,3578.9900,-6.2626
2007-02-15 07:00:00,3570.2030,-6.6162
2007-02-15 08:00:00,3564.1390,-5.7071
2007-02-15 09:00:00,3518.8260,-4.8485
2007-02-15 10:00:00,3434.7640,-4.0909
2007-02-15 11:00:00,3313.1860,-3.0808
2007-02-15 12:00:00,3193.3280,-2.2222
2007-02-15 13:00:00,3063.3920,-1.5657
2007-02-15 14:00:00,3001.5100,-1.0101
2007-02-15 15:00:00,2970.3600,-0.9091
2007-02-15 16:00:00,3064.2900,-0.9596
2007-02-15 17:00:00,3318.7410,-1.4141
2007-02-15 18:00:00,3552.7170,-2.4242
2007-02-15 19:00:00,3619.8450,-3.3838
2007-02-15 20:00:00,3614.1280,-4.0404
2007-02-15 21:00:00,3552.0200,-4.4949
2007-02-15 22:00:00,3408.0520,-5.2020
2007-02-15 23:00:00,3294.9530,-5.7071
2007-02-16 00:00:00,3217.6070,-6.1616
2007-02-16 01:00:00,3202.5360,-6.3131
2007-02-16 02:00:00,3228.2100,-6.6667
2007-02-16 03:00:00,3313.3230,-6.8182
2007-02-16 04:00:00,3368.5360,-7.2727
2007-02-16 05:00:00,3554.7860,-7.6768
2007-02-16 06:00:00,3740.8750,-8.1313
2007-02-16 07:00:00,3804.8170,-8.3838
2007-02-16 08:00:00,3677.6770,-7.2222
2007-02-16 09:00:00,3509.3580,-5.4545
2007-02-16 10:00:00,3354.5840,-4.4444
2007-02-16 11:00:00,3217.3650,-3.1313
2007-02-16 12:00:00,3082.6160,-2.1212
2007-02-16 13:00:00,2943.7850,-1.2121
2007-02-16 14:00:00,2887.7500,-0.4040
2007-02-16 15:00:00,2821.7110,0.1010
2007-02-16 16:00:00,2906.7020,0.2525
2007-02-16 17:00:00,3101.8690,0.0000
2007-02-16 18:00:00,3367.0000,-1.2121
2007-02-16 19:00:00,3387.9670,-2.3737
2007-02-16 20:00:00,3376.0770,-3.3333
2007-02-16 21:00:00,3326.1470,-3.9394
2007-02-16 22:00:00,3253.0780,-4.7980
2007-02-16 23:00:00,3166.4550,-5.4545
2007-02-17 00:00:00,3107.0230,-6.2121
2007-02-17 01:00:00,3096.6560,-6.7172
2007-02-17 02:00:00,3102.4350,-7.3232
2007-02-17 03:00:00,3170.1160,-7.8788
2007-02-17 04:00:00,3241.7660,-8.5859
2007-02-17 05:00:00,3331.3290,-8.7879
2007-02-17 06:00:00,3485.7190,-9.0404
2007-02-17 07:00:00,3626.8180,-9.4444
2007-02-17 08:00:00,3503.4760,-6.7172
2007-02-17 09:00:00,3411.3520,-3.3838
2007-02-17 10:00:00,3255.3310,-0.8586
2007-02-17 11:00:00,3120.8670,1.3636
2007-02-17 12:00:00,2959.8860,3.5354
2007-02-17 13:00:00,2853.5220,4.0909
2007-02-17 14:00:00,2755.2520,4.5960
2007-02-17 15:00:00,2761.9070,4.5960
2007-02-17 16:00:00,2831.0680,4.5960
2007-02-17 17:00:00,2919.3590,4.2929
2007-02-17 18:00:00,3047.3870,3.6869
2007-02-17 19:00:00,3007.2430,3.5859
2007-02-17 20:00:00,2932.6530,2.7273
2007-02-17 21:00:00,2892.0060,2.5253
2007-02-17 22:00:00,2785.3830,1.9697
2007-02-17 23:00:00,2629.4880,1.3131
2007-02-18 00:00:00,2515.9730,0.9596
2007-02-18 01:00:00,2469.3120,0.0505
2007-02-18 02:00:00,2468.5610,-0.3535
2007-02-18 03:00:00,2485.8720,-0.4040
2007-02-18 04:00:00,2553.7300,-0.5051
2007-02-18 05:00:00,2639.9240,-0.8081
2007-02-18 06:00:00,2764.5970,-0.8081
2007-02-18 07:00:00,2943.5920,-1.1616
2007-02-18 08:00:00,3057.8220,-0.1010
2007-02-18 09:00:00,3085.5880,0.7576
2007-02-18 10:00:00,3009.7690,1.5657
2007-02-18 11:00:00,2942.5030,2.0202
2007-02-18 12:00:00,2831.5050,2.1717
2007-02-18 13:00:00,2795.9980,2.3737
2007-02-18 14:00:00,2760.6610,2.4747
2007-02-18 15:00:00,2788.1160,2.0707
2007-02-18 16:00:00,2897.0540,1.4646
2007-02-18 17:00:00,3032.0440,0.5051
2007-02-18 18:00:00,3207.5770,-0.3535
2007-02-18 19:00:00,3359.7720,-1.5152
2007-02-18 20:00:00,3374.1020,-2.2222
2007-02-18 21:00:00,3390.8270,-2.6263
2007-02-18 22:00:00,3202.3360,-2.9798
2007-02-18 23:00:00,3093.6330,-3.4848
2007-02-19 00:00:00,3032.5590,-4.0404
2007-02-19 01:00:00,3014.3290,-4.4949
2007-02-19 02:00:00,3017.1590,-4.8990
2007-02-19 03:00:00,3065.6080,-5.5556
2007-02-19 04:00:00,3155.6850,-6.4141
2007-02-19 05:00:00,3330.1520,-6.5657
2007-02-19 06:00:00,3534.9720,-7.4242
2007-02-19 07:00:00,3624.0470,-7.8788
2007-02-19 08:00:00,3478.8550,-6.3636
2007-02-19 09:00:00,3299.2510,-4.1919
2007-02-19 10:00:00,3191.5610,-2.3232
2007-02-19 11:00:00,3112.7690,-0.8081
2007-02-19 12:00:00,2966.1620,0.7071
2007-02-19 13:00:00,2772.4750,2.0202
2007-02-19 14:00:00,2622.2320,3.5354
2007-02-19 15:00:00,2643.3530,4.5960
2007-02-19 16:00:00,2712.7600,5.0505
2007-02-19 17:00:00,2806.0830,4.8990
2007-02-19 18:00:00,3138.6970,3.7879
2007-02-19 19:00:00,3177.5380,2.1212
2007-02-19 20:00:00,3084.4950,1.8687
2007-02-19 21:00:00,3015.7450,1.9192
2007-02-19 22:00:00,2773.1120,2.4747
2007-02-19 23:00:00,2567.9640,3.1313
2007-02-20 00:00:00,2444.2800,3.6869
2007-02-20 01:00:00,2400.3620,4.2424
2007-02-20 02:00:00,2362.4490,4.6970
2007-02-20 03:00:00,2360.6320,4.8485
2007-02-20 04:00:00,2427.0680,4.8990
2007-02-20 05:00:00,2466.6940,4.9495
2007-02-20 06:00:00,2785.0880,5.0505
2007-02-20 07:00:00,2872.0430,5.4040
2007-02-20 08:00:00,2715.6230,6.0101
2007-02-20 09:00:00,2611.4820,7.2727
2007-02-20 10:00:00,2482.0900,8.8889
2007-02-20 11:00:00,2458.2490,10.5051
2007-02-20 12:00:00,2428.4070,11.7677
2007-02-20 13:00:00,2299.8530,13.0303
2007-02-20 14:00:00,2281.3460,14.0909
2007-02-20 15:00:00,2257.6950,14.5455
2007-02-20 16:00:00,2326.1670,14.5960
2007-02-20 17:00:00,2502.1470,14.0909
2007-02-20 18:00:00,2639.2210,13.0303
2007-02-20 19:00:00,2645.5250,12.1212
2007-02-20 20:00:00,2563.8370,11.5657
2007-02-20 21:00:00,2483.7090,11.2626
2007-02-20 22:00:00,2289.6790,10.9596
2007-02-20 23:00:00,2094.7340,10.6061
2007-02-21 00:00:00,1985.5810,10.4545
2007-02-21 01:00:00,1948.0480,10.0000
2007-02-21 02:00:00,1957.2490,9.1414
2007-02-21 03:00:00,1988.4350,8.2828
2007-02-21 04:00:00,2079.1320,7.4747
2007-02-21 05:00:00,2253.4060,6.6162
2007-02-21 06:00:00,2486.5390,5.7071
2007-02-21 07:00:00,2535.9800,5.4545
2007-02-21 08:00:00,2413.8770,6.8182
2007-02-21 09:00:00,2235.5040,9.3434
2007-02-21 10:00:00,2124.8720,10.6566
2007-02-21 11:00:00,2131.7900,11.4141
2007-02-21 12:00:00,2038.5920,12.3232
2007-02-21 13:00:00,2003.5070,13.1313
2007-02-21 14:00:00,1974.8560,13.9899
2007-02-21 15:00:00,2011.6900,14.0404
2007-02-21 16:00:00,2055.3200,14.1414
2007-02-21 17:00:00,2137.5320,12.9293
2007-02-21 18:00:00,2448.7670,10.5556
2007-02-21 19:00:00,2529.4170,9.0909
2007-02-21 20:00:00,2481.1050,7.6768
2007-02-21 21:00:00,2438.4920,6.9697
2007-02-21 22:00:00,2282.1870,6.5657
2007-02-21 23:00:00,2116.6850,5.7576
2007-02-22 00:00:00,2015.6250,5.6061
2007-02-22 01:00:00,2018.2400,5.3535
2007-02-22 02:00:00,2010.2430,5.1515
2007-02-22 03:00:00,2029.7960,5.2020
2007-02-22 04:00:00,2132.7730,5.1515
2007-02-22 05:00:00,2313.6200,5.4040
2007-02-22 06:00:00,2610.0200,5.2020
2007-02-22 07:00:00,2622.4280,5.5556
2007-02-22 08:00:00,2507.1110,6.1616
2007-02-22 09:00:00,2352.2870,8.0808
2007-02-22 10:00:00,2223.1330,10.1515
2007-02-22 11:00:00,2211.3250,12.4747
2007-02-22 12:00:00,2129.5150,14.0404
2007-02-22 13:00:00,2091.8530,15.0000
2007-02-22 14:00:00,2096.4050,15.6566
2007-02-22 15:00:00,2116.7280,14.8485
2007-02-22 16:00:00,2234.7880,14.2424
2007-02-22 17:00:00,2478.4900,12.4747
2007-02-22 18:00:00,2724.5210,10.7576
2007-02-22 19:00:00,2804.6780,9.1919
2007-02-22 20:00:00,2794.0570,7.9293
2007-02-22 21:00:00,2702.5070,7.1717
2007-02-22 22:00:00,2610.8000,6.2121
2007-02-22 23:00:00,2461.3110,5.5051
2007-02-23 00:00:00,2379.7020,4.7980
2007-02-23 01:00:00,2393.3570,4.3434
2007-02-23 02:00:00,2407.7740,3.7879
2007-02-23 03:00:00,2460.4940,3.0303
2007-02-23 04:00:00,2562.6910,2.4747
2007-02-23 05:00:00,2730.4560,1.8687
2007-02-23 06:00:00,2998.7520,1.3636
2007-02-23 07:00:00,3093.1100,1.1616
2007-02-23 08:00:00,2976.6490,1.8182
2007-02-23 09:00:00,2847.9260,2.7778
2007-02-23 10:00:00,2749.9970,3.6364
2007-02-23 11:00:00,2712.3360,4.3939
2007-02-23 12:00:00,2602.7490,5.3535
2007-02-23 13:00:00,2490.3360,5.9596
2007-02-23 14:00:00,2391.8800,6.8687
2007-02-23 15:00:00,2374.5660,7.0707
2007-02-23 16:00:00,2476.0090,7.0202
2007-02-23 17:00:00,2686.1950,6.2121
2007-02-23 18:00:00,2863.2090,4.4949
2007-02-23 19:00:00,2929.1270,2.9798
2007-02-23 20:00:00,2927.9490,1.9697
2007-02-23 21:00:00,2876.4330,1.3636
2007-02-23 22:00:00,2872.8030,0.9596
2007-02-23 23:00:00,2763.7770,0.0000
2007-02-24 00:00:00,2681.8290,-0.6566
2007-02-24 01:00:00,2673.3240,-1.7172
2007-02-24 02:00:00,2654.1800,-2.6263
2007-02-24 03:00:00,2714.9120,-3.2828
2007-02-24 04:00:00,2781.8730,-3.4343
2007-02-24 05:00:00,2893.7490,-4.1414
2007-02-24 06:00:00,3051.9870,-4.2929
2007-02-24 07:00:00,3187.8130,-4.5960
2007-02-24 08:00:00,3196.9560,-2.2727
2007-02-24 09:00:00,3055.9000,0.0505
2007-02-24 10:00:00,2875.7120,1.8687
2007-02-24 11:00:00,2723.5010,3.3333
2007-02-24 12:00:00,2540.8630,4.5960
2007-02-24 13:00:00,2388.1010,6.4646
2007-02-24 14:00:00,2272.1950,7.5253
2007-02-24 15:00:00,2252.5500,8.3838
2007-02-24 16:00:00,2325.1720,8.4848
2007-02-24 17:00:00,2519.0500,7.7778
2007-02-24 18:00:00,2598.8510,5.7576
2007-02-24 19:00:00,2591.7120,3.8384
2007-02-24 20:00:00,2521.7530,2.8788
2007-02-24 21:00:00,2561.7970,2.8788
2007-02-24 22:00:00,2484.1770,2.8283
2007-02-24 23:00:00,2348.9390,3.0808
2007-02-25 00:00:00,2243.6390,2.9798
2007-02-25 01:00:00,2190.8180,3.2323
2007-02-25 02:00:00,2183.8860,3.5354
2007-02-25 03:00:00,2214.4090,2.7273
2007-02-25 04:00:00,2242.6730,2.4747
2007-02-25 05:00:00,2307.5380,2.4242
2007-02-25 06:00:00,2419.1540,2.2222
2007-02-25 07:00:00,2563.8360,2.1212
2007-02-25 08:00:00,2765.1350,2.2222
2007-02-25 09:00:00,2902.3560,2.5253
2007-02-25 10:00:00,2939.8270,2.6768
2007-02-25 11:00:00,2918.7680,2.9293
2007-02-25 12:00:00,2872.8840,3.3333
2007-02-25 13:00:00,2788.6590,3.0303
2007-02-25 14:00:00,2740.6050,2.8283
2007-02-25 15:00:00,2753.6040,2.7778
2007-02-25 16:00:00,2814.3790,2.7273
2007-02-25 17:00:00,2895.0630,3.0303
2007-02-25 18:00:00,2888.1090,3.2323
2007-02-25 19:00:00,2864.9820,3.7374
2007-02-25 20:00:00,2767.5480,4.1919
2007-02-25 21:00:00,2710.6510,4.5455
2007-02-25 22:00:00,2585.8300,4.4949
2007-02-25 23:00:00,2395.5280,4.2929
2007-02-26 00:00:00,2292.2760,4.0909
2007-02-26 01:00:00,2238.8290,3.6364
2007-02-26 02:00:00,2209.7060,3.0303
2007-02-26 03:00:00,2239.9950,2.4747
2007-02-26 04:00:00,2336.5790,2.1717
2007-02-26 05:00:00,2437.8680,2.1717
2007-02-26 06:00:00,2644.7550,1.9697
2007-02-26 07:00:00,2730.0210,1.9192
2007-02-26 08:00:00,2790.3000,2.2727
2007-02-26 09:00:00,2787.2570,3.1313
2007-02-26 10:00:00,2800.0610,3.8889
2007-02-26 11:00:00,2701.1820,4.3434
2007-02-26 12:00:00,2567.3330,5.5051
2007-02-26 13:00:00,2487.5710,6.8687
2007-02-26 14:00:00,2408.8930,7.6263
2007-02-26 15:00:00,2385.0820,7.8788
2007-02-26 16:00:00,2441.9960,7.9798
2007-02-26 17:00:00,2613.6560,7.6263
2007-02-26 18:00:00,2834.3630,6.2626
2007-02-26 19:00:00,2861.7530,4.8485
2007-02-26 20:00:00,2786.2400,4.2929
2007-02-26 21:00:00,2714.7360,3.9899
2007-02-26 22:00:00,2520.6280,3.5859
2007-02-26 23:00:00,2332.8110,2.9798
2007-02-27 00:00:00,2250.1000,2.5253
2007-02-27 01:00:00,2235.2750,2.5253
2007-02-27 02:00:00,2228.5990,1.9697
2007-02-27 03:00:00,2294.0070,1.4141
2007-02-27 04:00:00,2410.1590,0.5051
2007-02-27 05:00:00,2620.5960,0.2020
2007-02-27 06:00:00,2924.8970,-0.3030
2007-02-27 07:00:00,2970.2460,-0.6061
2007-02-27 08:00:00,2725.9440,0.6566
2007-02-27 09:00:00,2484.3180,3.6869
2007-02-27 10:00:00,2395.3890,6.8182
2007-02-27 11:00:00,2263.2540,9.0909
2007-02-27 12:00:00,2164.5450,10.6061
2007-02-27 13:00:00,2087.1570,11.5657
2007-02-27 14:00:00,2038.9030,12.7273
2007-02-27 15:00:00,2032.5690,13.0808
2007-02-27 16:00:00,2117.4010,13.2323
2007-02-27 17:00:00,2311.9000,12.4242
2007-02-27 18:00:00,2570.9780,10.2020
2007-02-27 19:00:00,2608.8240,7.9293
2007-02-27 20:00:00,2584.2600,6.9192
2007-02-27 21:00:00,2475.4980,6.2626
2007-02-27 22:00:00,2384.1010,5.7071
2007-02-27 23:00:00,2254.7170,5.4040
2007-02-28 00:00:00,2196.0410,4.6465
2007-02-28 01:00:00,2194.7020,3.8384
2007-02-28 02:00:00,2213.8970,2.6768
2007-02-28 03:00:00,2307.4290,1.2626
2007-02-28 04:00:00,2424.0250,0.9091
2007-02-28 05:00:00,2672.2940,-0.1010
2007-02-28 06:00:00,2977.6010,-0.7576
2007-02-28 07:00:00,2995.9310,-1.2121
2007-02-28 08:00:00,2730.3070,1.2626
2007-02-28 09:00:00,2517.7570,4.3939
2007-02-28 10:00:00,2347.1760,6.1111
2007-02-28 11:00:00,2267.4480,7.7778
2007-02-28 12:00:00,2168.1240,8.4848
2007-02-28 13:00:00,2078.5560,9.5960
2007-02-28 14:00:00,2022.6770,10.4040
2007-02-28 15:00:00,1991.4860,11.1616
2007-02-28 16:00:00,2076.5140,11.4141
2007-02-28 17:00:00,2284.1070,11.1111
2007-02-28 18:00:00,2572.7970,8.7879
2007-02-28 19:00:00,2661.6560,5.7576
2007-02-28 20:00:00,2635.6080,4.3434
2007-02-28 21:00:00,2545.9580,3.5354
2007-02-28 22:00:00,2469.6800,2.9293
2007-02-28 23:00:00,2294.4400,3.0808
2007-03-01 00:00:00,2221.9180,2.8283
2007-03-01 01:00:00,2211.5050,2.1717
2007-03-01 02:00:00,2218.3360,1.7677
2007-03-01 03:00:00,2254.4950,1.7172
2007-03-01 04:00:00,2368.6190,1.3636
2007-03-01 05:00:00,2518.5950,1.3131
2007-03-01 06:00:00,2794.3560,1.3636
2007-03-01 07:00:00,2812.6770,1.0101
2007-03-01 08:00:00,2569.2860,3.6364
2007-03-01 09:00:00,2410.5360,6.8687
2007-03-01 10:00:00,2358.1140,9.3434
2007-03-01 11:00:00,2324.6270,10.8586
2007-03-01 12:00:00,2246.5620,11.7172
2007-03-01 13:00:00,2222.9410,12.2222
2007-03-01 14:00:00,2200.8180,12.4747
2007-03-01 15:00:00,2238.9460,12.1212
2007-03-01 16:00:00,2375.8020,12.0202
2007-03-01 17:00:00,2557.3020,11.5152
2007-03-01 18:00:00,2667.4810,10.9596
2007-03-01 19:00:00,2673.5100,11.1111
2007-03-01 20:00:00,2601.4470,11.0101
2007-03-01 21:00:00,2442.2080,11.4141
2007-03-01 22:00:00,2300.7950,11.7677
2007-03-01 23:00:00,2093.9040,12.6263
2007-03-02 00:00:00,1941.6760,13.0808
2007-03-02 01:00:00,1876.6460,13.5859
2007-03-02 02:00:00,1836.5140,13.8889
2007-03-02 03:00:00,1826.9410,14.0404
2007-03-02 04:00:00,1867.3970,14.0404
2007-03-02 05:00:00,1997.0160,14.0404
2007-03-02 06:00:00,2238.3720,14.4949
2007-03-02 07:00:00,2305.2170,14.5960
2007-03-02 08:00:00,2196.2310,15.1010
2007-03-02 09:00:00,2127.9190,15.5556
2007-03-02 10:00:00,2156.2150,15.9596
2007-03-02 11:00:00,2069.8200,16.3131
2007-03-02 12:00:00,1992.5320,16.8182
2007-03-02 13:00:00,1947.0020,17.0707
2007-03-02 14:00:00,1951.7380,17.1717
2007-03-02 15:00:00,1904.7820,17.3737
2007-03-02 16:00:00,1973.5720,17.1717
2007-03-02 17:00:00,2099.0850,16.3636
2007-03-02 18:00:00,2258.1200,14.5960
2007-03-02 19:00:00,2282.6300,11.6667
2007-03-02 20:00:00,2298.6200,8.6869
2007-03-02 21:00:00,2237.8180,7.2727
2007-03-02 22:00:00,2182.4230,7.2222
2007-03-02 23:00:00,2054.1310,7.8788
2007-03-03 00:00:00,1956.0190,6.6162
2007-03-03 01:00:00,1926.9250,5.7576
2007-03-03 02:00:00,1936.3970,4.5960
2007-03-03 03:00:00,1993.5050,4.0404
2007-03-03 04:00:00,2068.2110,3.9394
2007-03-03 05:00:00,2169.9590,3.8889
2007-03-03 06:00:00,2381.8120,3.1313
2007-03-03 07:00:00,2542.8220,3.1818
2007-03-03 08:00:00,2608.3250,6.7172
2007-03-03 09:00:00,2514.5480,11.0606
2007-03-03 10:00:00,2428.2510,13.6869
2007-03-03 11:00:00,2328.1110,14.8485
2007-03-03 12:00:00,2195.7020,15.8586
2007-03-03 13:00:00,2078.4040,16.5152
2007-03-03 14:00:00,2011.4930,16.9192
2007-03-03 15:00:00,1999.7590,16.6667
2007-03-03 16:00:00,2039.0870,16.3636
2007-03-03 17:00:00,2169.7560,15.3030
2007-03-03 18:00:00,2427.5910,13.0303
2007-03-03 19:00:00,2481.6230,11.4141
2007-03-03 20:00:00,2445.5300,10.1010
2007-03-03 21:00:00,2356.1460,8.2828
2007-03-03 22:00:00,2255.6810,7.6263
2007-03-03 23:00:00,2143.6500,7.0707
2007-03-04 00:00:00,2050.8110,6.3636
2007-03-04 01:00:00,2052.4230,5.2020
2007-03-04 02:00:00,2066.9310,4.4949
2007-03-04 03:00:00,2093.3620,3.4343
2007-03-04 04:00:00,2172.8330,2.6263
2007-03-04 05:00:00,2272.9300,1.8182
2007-03-04 06:00:00,2496.8390,1.5657
2007-03-04 07:00:00,2703.9460,1.1616
2007-03-04 08:00:00,2834.9130,1.9697
2007-03-04 09:00:00,2828.3850,2.3737
2007-03-04 10:00:00,2709.4790,3.4343
2007-03-04 11:00:00,2609.1310,4.1414
2007-03-04 12:00:00,2568.9950,4.3939
2007-03-04 13:00:00,2523.4720,4.7980
2007-03-04 14:00:00,2460.4600,5.0505
2007-03-04 15:00:00,2456.8490,4.9495
2007-03-04 16:00:00,2508.9770,4.8485
2007-03-04 17:00:00,2664.7980,4.3434
2007-03-04 18:00:00,2840.4650,3.3838
2007-03-04 19:00:00,2965.2490,2.2222
2007-03-04 20:00:00,2932.2650,1.5657
2007-03-04 21:00:00,2861.1040,1.0606
2007-03-04 22:00:00,2697.2190,0.4545
2007-03-04 23:00:00,2518.9290,0.1515
2007-03-05 00:00:00,2450.0760,-0.2020
2007-03-05 01:00:00,2451.3670,-0.9091
2007-03-05 02:00:00,2473.7150,-1.0606
2007-03-05 03:00:00,2508.0980,-1.3636
2007-03-05 04:00:00,2611.3380,-1.4141
2007-03-05 05:00:00,2754.2150,-1.4141
2007-03-05 06:00:00,2967.8970,-1.6667
2007-03-05 07:00:00,2958.9550,-1.2121
2007-03-05 08:00:00,2784.2650,1.2121
2007-03-05 09:00:00,2689.7060,3.6364
2007-03-05 10:00:00,2585.0030,5.7576
2007-03-05 11:00:00,2435.4700,8.1313
2007-03-05 12:00:00,2347.7870,10.0505
2007-03-05 13:00:00,2302.0340,11.3636
2007-03-05 14:00:00,2212.4580,12.4747
2007-03-05 15:00:00,2241.7400,12.9293
2007-03-05 16:00:00,2316.3970,12.9293
2007-03-05 17:00:00,2497.5550,12.1717
2007-03-05 18:00:00,2752.9100,10.8586
2007-03-05 19:00:00,2861.5680,9.6970
2007-03-05 20:00:00,2786.5900,8.1818
2007-03-05 21:00:00,2751.3940,7.1717
2007-03-05 22:00:00,2572.7640,5.8081
2007-03-05 23:00:00,2432.0770,5.0505
2007-03-06 00:00:00,2370.6630,3.8889
2007-03-06 01:00:00,2413.8480,2.6263
2007-03-06 02:00:00,2488.7250,1.7172
2007-03-06 03:00:00,2567.5120,0.3535
2007-03-06 04:00:00,2754.2250,-0.5051
2007-03-06 05:00:00,2978.1340,-1.5152
2007-03-06 06:00:00,3281.7820,-2.3737
2007-03-06 07:00:00,3262.5920,-3.0303
2007-03-06 08:00:00,3131.3240,-2.2727
2007-03-06 09:00:00,3043.7680,-1.5152
2007-03-06 10:00:00,2881.1740,-0.7071
2007-03-06 11:00:00,2788.8910,0.5051
2007-03-06 12:00:00,2661.3510,1.0101
2007-03-06 13:00:00,2564.6810,2.2222
2007-03-06 14:00:00,2482.4790,2.8283
2007-03-06 15:00:00,2458.6410,3.6869
2007-03-06 16:00:00,2497.8710,3.6364
2007-03-06 17:00:00,2684.0840,3.6869
2007-03-06 18:00:00,2939.3710,2.1717
2007-03-06 19:00:00,3051.7430,0.7071
2007-03-06 20:00:00,3076.3230,-0.1010
2007-03-06 21:00:00,3065.1740,-0.7576
2007-03-06 22:00:00,2840.5540,-1.3636
2007-03-06 23:00:00,2664.1930,-1.7677
2007-03-07 00:00:00,2556.4420,-2.1717
2007-03-07 01:00:00,2569.4860,-2.5758
2007-03-07 02:00:00,2557.2360,-2.9798
2007-03-07 03:00:00,2604.7100,-2.9798
2007-03-07 04:00:00,2656.9900,-2.3232
2007-03-07 05:00:00,2816.7830,-2.0707
2007-03-07 06:00:00,2969.7720,-1.6162
2007-03-07 07:00:00,3008.2390,-1.1616
2007-03-07 08:00:00,3023.3660,-0.2525
2007-03-07 09:00:00,2955.9400,0.5051
2007-03-07 10:00:00,2839.9190,1.4141
2007-03-07 11:00:00,2730.8370,2.4242
2007-03-07 12:00:00,2636.6370,4.4444
2007-03-07 13:00:00,2557.9930,6.0101
2007-03-07 14:00:00,2505.2190,7.3232
2007-03-07 15:00:00,2556.7310,8.1818
2007-03-07 16:00:00,2595.8020,8.0303
2007-03-07 17:00:00,2762.1430,6.2626
2007-03-07 18:00:00,2922.6330,4.5960
2007-03-07 19:00:00,2974.8720,3.0303
2007-03-07 20:00:00,2959.7620,1.8182
2007-03-07 21:00:00,2943.3560,0.5556
2007-03-07 22:00:00,2743.6970,-0.4040
2007-03-07 23:00:00,2601.9850,-0.9596
2007-03-08 00:00:00,2555.0450,-1.8182
2007-03-08 01:00:00,2601.5320,-2.3232
2007-03-08 02:00:00,2623.9770,-2.9293
2007-03-08 03:00:00,2750.9490,-3.8889
2007-03-08 04:00:00,2842.1230,-4.3434
2007-03-08 05:00:00,3076.6550,-4.4444
2007-03-08 06:00:00,3342.2850,-5.4040
2007-03-08 07:00:00,3334.5730,-5.4545
2007-03-08 08:00:00,3096.0360,-3.1313
2007-03-08 09:00:00,2906.8660,-1.6162
2007-03-08 10:00:00,2707.4050,-0.1010
2007-03-08 11:00:00,2537.8100,1.2626
2007-03-08 12:00:00,2400.6590,2.9293
2007-03-08 13:00:00,2309.3130,4.6970
2007-03-08 14:00:00,2228.5850,6.1111
2007-03-08 15:00:00,2210.8720,7.1212
2007-03-08 16:00:00,2250.4990,7.6768
2007-03-08 17:00:00,2362.3360,7.3232
2007-03-08 18:00:00,2602.4030,5.7576
2007-03-08 19:00:00,2774.3940,3.3838
2007-03-08 20:00:00,2848.4980,2.2727
2007-03-08 21:00:00,2824.2350,1.3131
2007-03-08 22:00:00,2702.5490,0.7071
2007-03-08 23:00:00,2554.8040,-0.3535
2007-03-09 00:00:00,2507.0770,-1.7172
2007-03-09 01:00:00,2528.0700,-2.0707
2007-03-09 02:00:00,2556.5830,-2.4242
2007-03-09 03:00:00,2622.6400,-2.9293
2007-03-09 04:00:00,2727.2180,-3.3333
2007-03-09 05:00:00,2898.8670,-3.7374
2007-03-09 06:00:00,3166.5970,-4.2424
2007-03-09 07:00:00,3149.0820,-4.0404
2007-03-09 08:00:00,2970.8590,-0.6061
2007-03-09 09:00:00,2750.6280,1.9697
2007-03-09 10:00:00,2646.3460,3.7879
2007-03-09 11:00:00,2485.2620,5.3535
2007-03-09 12:00:00,2368.7160,6.8687
2007-03-09 13:00:00,2277.9380,8.3838
2007-03-09 14:00:00,2201.2580,9.4444
2007-03-09 15:00:00,2172.5940,10.1010
2007-03-09 16:00:00,2237.3470,10.0000
2007-03-09 17:00:00,2383.5950,9.3434
2007-03-09 18:00:00,2645.2410,7.9293
2007-03-09 19:00:00,2683.1360,5.6061
2007-03-09 20:00:00,2787.8300,4.1919
2007-03-09 21:00:00,2706.8960,3.5354
2007-03-09 22:00:00,2591.2410,2.9798
2007-03-09 23:00:00,2471.3310,2.2222
2007-03-10 00:00:00,2357.7760,1.9192
2007-03-10 01:00:00,2279.7840,2.0202
2007-03-10 02:00:00,2267.7500,1.9697
2007-03-10 03:00:00,2298.2940,1.9697
2007-03-10 04:00:00,2347.4010,1.8182
2007-03-10 05:00:00,2462.8380,1.5152
2007-03-10 06:00:00,2682.1460,1.6162
2007-03-10 07:00:00,2786.7230,1.8182
2007-03-10 08:00:00,2740.5140,4.8990
2007-03-10 09:00:00,2568.7970,9.4444
2007-03-10 10:00:00,2408.1570,13.3838
2007-03-10 11:00:00,2194.8240,15.6566
2007-03-10 12:00:00,2069.1900,17.0202
2007-03-10 13:00:00,1973.0370,18.1818
2007-03-10 14:00:00,1907.1570,19.1414
2007-03-10 15:00:00,1896.8080,19.1414
2007-03-10 16:00:00,1992.5220,19.0404
2007-03-10 17:00:00,2110.0630,18.3838
2007-03-10 18:00:00,2279.3980,16.6162
2007-03-10 19:00:00,2294.3570,14.9495
2007-03-10 20:00:00,2206.7370,13.9899
2007-03-10 21:00:00,2108.7820,13.8384
2007-03-10 22:00:00,1930.4440,13.8384
2007-03-10 23:00:00,1795.5010,13.2323
2007-03-11 00:00:00,1667.1200,12.4747
2007-03-11 01:00:00,1608.0680,11.6162
2007-03-11 02:00:00,1597.4810,11.7677
2007-03-11 03:00:00,1596.0620,11.6162
2007-03-11 04:00:00,1638.5010,10.9091
2007-03-11 05:00:00,1717.6770,10.0000
2007-03-11 06:00:00,1889.6850,9.3939
2007-03-11 07:00:00,2105.4710,8.9899
2007-03-11 08:00:00,2295.9540,10.1010
2007-03-11 09:00:00,2356.8510,11.1616
2007-03-11 10:00:00,2256.3830,12.4747
2007-03-11 11:00:00,2156.2630,13.4343
2007-03-11 12:00:00,2074.9510,14.6970
2007-03-11 13:00:00,2006.2840,15.8081
2007-03-11 14:00:00,1933.0760,16.1111
2007-03-11 15:00:00,1851.6960,16.7172
2007-03-11 16:00:00,1855.2670,16.6667
2007-03-11 17:00:00,1918.8100,15.9596
2007-03-11 18:00:00,2019.3890,13.9394
2007-03-11 19:00:00,2265.6650,10.6566
2007-03-11 20:00:00,2397.4120,8.7879
2007-03-11 21:00:00,2299.2800,7.7778
2007-03-11 22:00:00,2114.6700,6.4646
2007-03-11 23:00:00,1934.4550,5.1010
2007-03-12 00:00:00,1835.3820,4.0909
2007-03-12 01:00:00,1856.7010,3.5859
2007-03-12 02:00:00,1893.1280,2.7273
2007-03-12 03:00:00,1966.0340,1.2626
2007-03-12 04:00:00,2104.9080,0.1515
2007-03-12 05:00:00,2336.2550,-0.7071
2007-03-12 06:00:00,2647.6430,-1.3636
2007-03-12 07:00:00,2826.7930,-1.3131
2007-03-12 08:00:00,2768.8920,3.3838
2007-03-12 09:00:00,2541.1280,7.2727
2007-03-12 10:00:00,2413.7060,9.2929
2007-03-12 11:00:00,2270.4730,11.0101
2007-03-12 12:00:00,2181.6440,12.4747
2007-03-12 13:00:00,2110.9160,13.6364
2007-03-12 14:00:00,1980.8440,14.4444
2007-03-12 15:00:00,1968.8490,14.6465
2007-03-12 16:00:00,1977.0810,14.7475
2007-03-12 17:00:00,2040.7960,14.0404
2007-03-12 18:00:00,2188.5590,12.4242
2007-03-12 19:00:00,2312.2270,9.7475
2007-03-12 20:00:00,2411.6760,8.4343
2007-03-12 21:00:00,2361.1040,7.8283
2007-03-12 22:00:00,2132.7240,7.2222
2007-03-12 23:00:00,1905.3180,7.5758
2007-03-13 00:00:00,1792.9140,6.9697
2007-03-13 01:00:00,1766.3450,6.7677
2007-03-13 02:00:00,1751.3540,6.4646
2007-03-13 03:00:00,1771.4360,6.7172
2007-03-13 04:00:00,1857.9280,6.8687
2007-03-13 05:00:00,2027.6240,6.3131
2007-03-13 06:00:00,2311.1750,6.2121
2007-03-13 07:00:00,2427.0280,6.4141
2007-03-13 08:00:00,2318.4500,9.0909
2007-03-13 09:00:00,2251.0320,12.3737
2007-03-13 10:00:00,2151.7210,15.3030
2007-03-13 11:00:00,2059.5170,17.8788
2007-03-13 12:00:00,1960.8070,19.8990
2007-03-13 13:00:00,1899.8080,20.7576
2007-03-13 14:00:00,1863.7670,21.7677
2007-03-13 15:00:00,1844.1410,22.3232
2007-03-13 16:00:00,1873.7550,22.3232
2007-03-13 17:00:00,1953.2800,21.6162
2007-03-13 18:00:00,2017.5980,19.7475
2007-03-13 19:00:00,2116.3490,17.1717
2007-03-13 20:00:00,2279.1340,15.9596
2007-03-13 21:00:00,2133.7210,15.0000
2007-03-13 22:00:00,1866.7800,14.1414
2007-03-13 23:00:00,1659.7490,13.5859
2007-03-14 00:00:00,1536.1990,13.1818
2007-03-14 01:00:00,1488.6190,12.6768
2007-03-14 02:00:00,1481.5710,12.3737
2007-03-14 03:00:00,1495.4720,11.6667
2007-03-14 04:00:00,1556.7100,11.9697
2007-03-14 05:00:00,1695.0760,11.6667
2007-03-14 06:00:00,1992.4590,11.6162
2007-03-14 07:00:00,2084.4150,12.0202
2007-03-14 08:00:00,2080.0270,13.7879
2007-03-14 09:00:00,2029.3220,16.9697
2007-03-14 10:00:00,1942.6310,20.0000
2007-03-14 11:00:00,1926.6260,22.3232
2007-03-14 12:00:00,1879.0160,24.1414
2007-03-14 13:00:00,1833.1260,25.2525
2007-03-14 14:00:00,1809.6440,25.5051
2007-03-14 15:00:00,1805.5060,25.2525
2007-03-14 16:00:00,1803.1730,25.1515
2007-03-14 17:00:00,1891.1680,24.6465
2007-03-14 18:00:00,1959.8260,23.3333
2007-03-14 19:00:00,2024.1400,20.5051
2007-03-14 20:00:00,2211.1570,19.0404
2007-03-14 21:00:00,2087.6070,18.1313
2007-03-14 22:00:00,1867.8010,17.9293
2007-03-14 23:00:00,1663.5310,18.2828
2007-03-15 00:00:00,1491.7910,17.4747
2007-03-15 01:00:00,1404.5790,17.3232
2007-03-15 02:00:00,1386.7670,16.5657
2007-03-15 03:00:00,1414.4980,15.9091
2007-03-15 04:00:00,1492.5520,15.2525
2007-03-15 05:00:00,1650.4530,14.6465
2007-03-15 06:00:00,1903.1850,14.3939
2007-03-15 07:00:00,2030.0600,15.4545
2007-03-15 08:00:00,1944.8350,17.3232
2007-03-15 09:00:00,1985.8960,19.4444
2007-03-15 10:00:00,1948.4310,21.2626
2007-03-15 11:00:00,1966.3280,22.6263
2007-03-15 12:00:00,1927.8510,23.8889
2007-03-15 13:00:00,1895.8830,24.4444
2007-03-15 14:00:00,1878.7610,24.5960
2007-03-15 15:00:00,1858.9330,23.0303
2007-03-15 16:00:00,1892.4280,20.5051
2007-03-15 17:00:00,1998.0580,18.5859
2007-03-15 18:00:00,2148.6260,15.8081
2007-03-15 19:00:00,2259.1250,13.7879
2007-03-15 20:00:00,2240.5940,12.0202
2007-03-15 21:00:00,2177.9450,9.7980
2007-03-15 22:00:00,1989.9430,8.5354
2007-03-15 23:00:00,1811.7380,7.4242
2007-03-16 00:00:00,1724.0720,6.9192
2007-03-16 01:00:00,1705.9170,6.1616
2007-03-16 02:00:00,1719.1090,5.8081
2007-03-16 03:00:00,1778.8640,5.4545
2007-03-16 04:00:00,1874.4660,5.2020
2007-03-16 05:00:00,2083.7690,5.1515
2007-03-16 06:00:00,2439.3140,5.0505
2007-03-16 07:00:00,2506.6590,5.0505
2007-03-16 08:00:00,2501.3260,5.0000
2007-03-16 09:00:00,2556.8020,5.0505
2007-03-16 10:00:00,2591.2980,5.0505
2007-03-16 11:00:00,2580.9520,5.1010
2007-03-16 12:00:00,2563.0490,5.1010
2007-03-16 13:00:00,2495.2700,5.2525
2007-03-16 14:00:00,2626.2160,5.0000
2007-03-16 15:00:00,2666.6540,4.6970
2007-03-16 16:00:00,2748.3750,4.5455
2007-03-16 17:00:00,2815.4290,3.9899
2007-03-16 18:00:00,2910.0610,3.5859
2007-03-16 19:00:00,2898.4370,3.2323
2007-03-16 20:00:00,2899.8790,2.4242
2007-03-16 21:00:00,2894.0090,1.9697
2007-03-16 22:00:00,2740.7530,1.8182
2007-03-16 23:00:00,2567.7090,1.1616
2007-03-17 00:00:00,2448.2090,1.0101
2007-03-17 01:00:00,2385.9580,0.5556
2007-03-17 02:00:00,2362.6490,0.3030
2007-03-17 03:00:00,2338.9430,0.1515
2007-03-17 04:00:00,2396.9110,0.3030
2007-03-17 05:00:00,2469.9330,0.3535
2007-03-17 06:00:00,2554.9340,0.3535
2007-03-17 07:00:00,2626.8590,0.4040
2007-03-17 08:00:00,2831.3500,1.0101
2007-03-17 09:00:00,2869.1160,1.6667
2007-03-17 10:00:00,2823.9100,2.5253
2007-03-17 11:00:00,2736.7280,3.2323
2007-03-17 12:00:00,2711.7650,3.4848
2007-03-17 13:00:00,2657.8440,3.5859
2007-03-17 14:00:00,2573.9170,3.7374
2007-03-17 15:00:00,2562.5160,3.7879
2007-03-17 16:00:00,2608.4840,3.7879
2007-03-17 17:00:00,2664.6410,3.6869
2007-03-17 18:00:00,2652.7080,3.2323
2007-03-17 19:00:00,2835.5760,2.3737
2007-03-17 20:00:00,2920.4510,1.9697
2007-03-17 21:00:00,2838.8750,1.3131
2007-03-17 22:00:00,2794.3840,1.2121
2007-03-17 23:00:00,2624.9680,0.4040
2007-03-18 00:00:00,2444.3280,-0.1515
2007-03-18 01:00:00,2405.4390,-0.3535
2007-03-18 02:00:00,2377.0440,-0.7576
2007-03-18 03:00:00,2417.3940,-0.9596
2007-03-18 04:00:00,2448.8850,-0.5556
2007-03-18 05:00:00,2497.6980,-0.8586
2007-03-18 06:00:00,2589.1580,-1.2626
2007-03-18 07:00:00,2789.6690,-0.8081
2007-03-18 08:00:00,2905.4820,0.8081
2007-03-18 09:00:00,2842.4500,2.0202
2007-03-18 10:00:00,2727.5200,3.1313
2007-03-18 11:00:00,2579.5440,4.0404
2007-03-18 12:00:00,2467.7150,5.2020
2007-03-18 13:00:00,2348.8360,5.8081
2007-03-18 14:00:00,2252.1440,6.6162
2007-03-18 15:00:00,2231.9350,6.7172
2007-03-18 16:00:00,2233.4810,6.4646
2007-03-18 17:00:00,2299.9830,6.2121
2007-03-18 18:00:00,2405.7770,5.3535
2007-03-18 19:00:00,2673.0080,3.3838
2007-03-18 20:00:00,2792.1970,1.8182
2007-03-18 21:00:00,2687.4420,0.4545
2007-03-18 22:00:00,2521.6630,-0.7576
2007-03-18 23:00:00,2370.2130,-1.5152
2007-03-19 00:00:00,2305.6530,-2.1212
2007-03-19 01:00:00,2289.3850,-2.4747
2007-03-19 02:00:00,2327.5770,-3.1818
2007-03-19 03:00:00,2419.6240,-3.6869
2007-03-19 04:00:00,2545.4650,-4.1414
2007-03-19 05:00:00,2767.1670,-4.6465
2007-03-19 06:00:00,3085.5580,-4.6465
2007-03-19 07:00:00,3154.1560,-3.7374
2007-03-19 08:00:00,3042.6920,1.1111
2007-03-19 09:00:00,2684.7880,4.8485
2007-03-19 10:00:00,2548.1940,7.3737
2007-03-19 11:00:00,2417.9590,9.0404
2007-03-19 12:00:00,2301.0620,10.7071
2007-03-19 13:00:00,2182.5070,12.0202
2007-03-19 14:00:00,2093.3190,13.0303
2007-03-19 15:00:00,2054.1000,13.2828
2007-03-19 16:00:00,2144.2480,13.4848
2007-03-19 17:00:00,2225.8810,13.0808
2007-03-19 18:00:00,2329.2980,12.3232
2007-03-19 19:00:00,2464.1540,11.7172
2007-03-19 20:00:00,2464.4460,11.6667
2007-03-19 21:00:00,2345.7010,12.1717
2007-03-19 22:00:00,2130.8970,12.1717
2007-03-19 23:00:00,1906.3750,11.9697
2007-03-20 00:00:00,1855.0890,12.1212
2007-03-20 01:00:00,1805.6560,11.8687
2007-03-20 02:00:00,1772.7350,11.6162
2007-03-20 03:00:00,1782.6260,11.5657
2007-03-20 04:00:00,1804.5150,11.3131
2007-03-20 05:00:00,1989.1860,11.3131
2007-03-20 06:00:00,2250.1610,10.8586
2007-03-20 07:00:00,2343.7240,10.7576
2007-03-20 08:00:00,2182.1120,13.0303
2007-03-20 09:00:00,2072.2520,15.0000
2007-03-20 10:00:00,1981.6530,16.6667
2007-03-20 11:00:00,1903.2130,18.1313
2007-03-20 12:00:00,1850.0540,19.1414
2007-03-20 13:00:00,1900.7390,19.6970
2007-03-20 14:00:00,1832.4480,20.2525
2007-03-20 15:00:00,1836.3220,20.0000
2007-03-20 16:00:00,1884.3620,19.5960
2007-03-20 17:00:00,1837.4110,18.0303
2007-03-20 18:00:00,1920.4770,16.1111
2007-03-20 19:00:00,2095.2540,13.3333
2007-03-20 20:00:00,2179.4890,11.9192
2007-03-20 21:00:00,2087.1490,11.1616
2007-03-20 22:00:00,2000.6780,9.8485
2007-03-20 23:00:00,1803.9270,9.0909
2007-03-21 00:00:00,1688.9800,7.9293
2007-03-21 01:00:00,1683.1650,7.4747
2007-03-21 02:00:00,1700.9710,7.1717
2007-03-21 03:00:00,1749.9500,6.5152
2007-03-21 04:00:00,1843.9220,6.2121
2007-03-21 05:00:00,2038.2810,6.1111
2007-03-21 06:00:00,2393.6630,5.7576
2007-03-21 07:00:00,2517.5780,5.5556
2007-03-21 08:00:00,2425.5920,6.0101
2007-03-21 09:00:00,2348.4120,6.8182
2007-03-21 10:00:00,2289.7400,7.2727
2007-03-21 11:00:00,2264.6930,7.8788
2007-03-21 12:00:00,2233.2350,8.1313
2007-03-21 13:00:00,2130.3900,8.7374
2007-03-21 14:00:00,2106.3620,8.8384
2007-03-21 15:00:00,2162.1110,8.8384
2007-03-21 16:00:00,2191.8810,8.9394
2007-03-21 17:00:00,2235.3350,8.5354
2007-03-21 18:00:00,2331.5210,8.3333
2007-03-21 19:00:00,2471.9610,7.7273
2007-03-21 20:00:00,2543.0540,7.3737
2007-03-21 21:00:00,2403.5810,7.1212
2007-03-21 22:00:00,2166.3640,6.6162
2007-03-21 23:00:00,2040.8640,6.4646
2007-03-22 00:00:00,1939.1610,6.1616
2007-03-22 01:00:00,1899.3710,6.3636
2007-03-22 02:00:00,1882.4950,6.2626
2007-03-22 03:00:00,1924.8890,6.2121
2007-03-22 04:00:00,1971.0850,6.0606
2007-03-22 05:00:00,2151.2630,6.1616
2007-03-22 06:00:00,2451.9940,6.0606
2007-03-22 07:00:00,2497.5810,6.7677
2007-03-22 08:00:00,2348.7710,9.3939
2007-03-22 09:00:00,2217.4490,12.2222
2007-03-22 10:00:00,2046.4000,15.2020
2007-03-22 11:00:00,1918.1340,17.8788
2007-03-22 12:00:00,1822.9380,20.4040
2007-03-22 13:00:00,1769.2410,21.9192
2007-03-22 14:00:00,1806.9800,22.7273
2007-03-22 15:00:00,1803.0200,23.0303
2007-03-22 16:00:00,1855.6130,22.4747
2007-03-22 17:00:00,1939.7260,21.9192
2007-03-22 18:00:00,1955.9630,20.8586
2007-03-22 19:00:00,2114.6310,19.1919
2007-03-22 20:00:00,2166.3520,18.1818
2007-03-22 21:00:00,2027.7730,17.5758
2007-03-22 22:00:00,1880.4110,16.9697
2007-03-22 23:00:00,1632.3370,16.9192
2007-03-23 00:00:00,1484.9420,16.9192
2007-03-23 01:00:00,1434.1420,16.4646
2007-03-23 02:00:00,1394.0990,16.2121
2007-03-23 03:00:00,1420.5530,15.5556
2007-03-23 04:00:00,1451.3940,14.8485
2007-03-23 05:00:00,1605.6550,13.9899
2007-03-23 06:00:00,1876.0480,13.8889
2007-03-23 07:00:00,1990.9680,14.0909
2007-03-23 08:00:00,1915.9250,16.5657
2007-03-23 09:00:00,1874.1020,18.9394
2007-03-23 10:00:00,1839.6410,21.5657
2007-03-23 11:00:00,1822.5810,23.6364
2007-03-23 12:00:00,1788.6300,24.5455
2007-03-23 13:00:00,1771.5780,25.8081
2007-03-23 14:00:00,1811.2960,26.5152
2007-03-23 15:00:00,1806.9740,26.8687
2007-03-23 16:00:00,1843.0750,26.1111
2007-03-23 17:00:00,1908.6160,25.1515
2007-03-23 18:00:00,1949.2960,23.0808
2007-03-23 19:00:00,1960.2260,19.8990
2007-03-23 20:00:00,1982.7590,18.3838
2007-03-23 21:00:00,1920.4430,17.9293
2007-03-23 22:00:00,1841.0180,17.6768
2007-03-23 23:00:00,1634.5470,16.9192
2007-03-24 00:00:00,1506.4610,16.0101
2007-03-24 01:00:00,1402.4500,15.5556
2007-03-24 02:00:00,1360.0640,15.0000
2007-03-24 03:00:00,1341.5310,14.4444
2007-03-24 04:00:00,1362.0380,13.7879
2007-03-24 05:00:00,1417.0190,13.2828
2007-03-24 06:00:00,1550.4960,13.0808
2007-03-24 07:00:00,1747.4470,13.0808
2007-03-24 08:00:00,1934.8310,14.1414
2007-03-24 09:00:00,2044.0650,14.7980
2007-03-24 10:00:00,2086.9260,15.7071
2007-03-24 11:00:00,2037.8150,16.4646
2007-03-24 12:00:00,1994.9860,17.5758
2007-03-24 13:00:00,1952.3490,18.8384
2007-03-24 14:00:00,1872.6060,19.5960
2007-03-24 15:00:00,1866.1010,20.1010
2007-03-24 16:00:00,1879.2920,19.9495
2007-03-24 17:00:00,1912.0370,19.7475
2007-03-24 18:00:00,1933.8680,18.4848
2007-03-24 19:00:00,2024.9120,16.3636
2007-03-24 20:00:00,2106.6480,15.3535
2007-03-24 21:00:00,1976.3150,14.5960
2007-03-24 22:00:00,1813.6160,14.0909
2007-03-24 23:00:00,1644.6780,12.9293
2007-03-25 00:00:00,1506.9000,12.5253
2007-03-25 01:00:00,1426.7370,11.9192
2007-03-25 02:00:00,1368.6190,11.1616
2007-03-25 03:00:00,1373.9370,11.2626
2007-03-25 04:00:00,1370.7110,10.4545
2007-03-25 05:00:00,1425.0160,10.2020
2007-03-25 06:00:00,1563.6810,10.3030
2007-03-25 07:00:00,1767.4580,11.1111
2007-03-25 08:00:00,1939.0110,13.5859
2007-03-25 09:00:00,1991.0490,15.3535
2007-03-25 10:00:00,1958.5330,16.5152
2007-03-25 11:00:00,1852.0480,17.0707
2007-03-25 12:00:00,1842.9250,17.5253
2007-03-25 13:00:00,1821.0430,17.9798
2007-03-25 14:00:00,1755.5420,18.1818
2007-03-25 15:00:00,1750.4110,17.7778
2007-03-25 16:00:00,1766.3680,17.1212
2007-03-25 17:00:00,1792.3600,15.6566
2007-03-25 18:00:00,1851.4430,13.6869
2007-03-25 19:00:00,1994.4430,11.7172
2007-03-25 20:00:00,2161.8580,10.6566
2007-03-25 21:00:00,2023.8220,9.6970
2007-03-25 22:00:00,1806.7330,8.3333
2007-03-25 23:00:00,1587.0150,7.5253
2007-03-26 00:00:00,1480.2540,6.9697
2007-03-26 01:00:00,1444.7780,6.5152
2007-03-26 02:00:00,1443.6590,6.2121
2007-03-26 03:00:00,1474.8900,5.9596
2007-03-26 04:00:00,1559.9810,5.3535
2007-03-26 05:00:00,1750.6110,5.2020
2007-03-26 06:00:00,2037.9970,5.2020
2007-03-26 07:00:00,2133.7530,6.2626
2007-03-26 08:00:00,2113.9960,8.0808
2007-03-26 09:00:00,2055.2990,9.6970
2007-03-26 10:00:00,1988.5580,11.6667
2007-03-26 11:00:00,1901.0740,13.8889
2007-03-26 12:00:00,1815.4450,16.1616
2007-03-26 13:00:00,1803.1730,17.9798
2007-03-26 14:00:00,1729.4520,19.4444
2007-03-26 15:00:00,1728.2020,20.4040
2007-03-26 16:00:00,1767.8450,20.4545
2007-03-26 17:00:00,1824.1390,20.0505
2007-03-26 18:00:00,1907.5820,19.2929
2007-03-26 19:00:00,1988.8050,17.8788
2007-03-26 20:00:00,2109.7970,17.2727
2007-03-26 21:00:00,2045.4390,16.8687
2007-03-26 22:00:00,1798.4830,16.7172
2007-03-26 23:00:00,1589.9600,16.5657
2007-03-27 00:00:00,1453.7530,16.6667
2007-03-27 01:00:00,1395.2480,16.6162
2007-03-27 02:00:00,1373.8060,16.4646
2007-03-27 03:00:00,1390.1420,16.2121
2007-03-27 04:00:00,1445.5580,15.6566
2007-03-27 05:00:00,1611.9930,15.4545
2007-03-27 06:00:00,1929.5140,15.4545
2007-03-27 07:00:00,2028.3480,16.0606
2007-03-27 08:00:00,1861.8110,18.0303
2007-03-27 09:00:00,1815.4420,20.4545
2007-03-27 10:00:00,1850.0150,22.9798
2007-03-27 11:00:00,1844.9960,24.7980
2007-03-27 12:00:00,1839.9830,26.3636
2007-03-27 13:00:00,1826.3720,27.1717
2007-03-27 14:00:00,1826.9080,27.6768
2007-03-27 15:00:00,1821.7150,28.1313
2007-03-27 16:00:00,1876.8000,28.0303
2007-03-27 17:00:00,1929.9670,27.2727
2007-03-27 18:00:00,1970.3730,25.3535
2007-03-27 19:00:00,2046.1810,21.5657
2007-03-27 20:00:00,2133.1730,19.4444
2007-03-27 21:00:00,2056.3560,18.4343
2007-03-27 22:00:00,1833.2730,17.8283
2007-03-27 23:00:00,1598.3100,16.7677
2007-03-28 00:00:00,1439.1720,16.1616
2007-03-28 01:00:00,1368.9600,15.7576
2007-03-28 02:00:00,1331.3770,15.3535
2007-03-28 03:00:00,1336.8830,14.5960
2007-03-28 04:00:00,1384.2810,13.7879
2007-03-28 05:00:00,1535.3870,13.2323
2007-03-28 06:00:00,1877.9500,12.9293
2007-03-28 07:00:00,1974.1100,13.6364
2007-03-28 08:00:00,1898.8620,16.9192
2007-03-28 09:00:00,1833.0320,19.4949
2007-03-28 10:00:00,1862.3510,20.8081
2007-03-28 11:00:00,1858.2720,21.6667
2007-03-28 12:00:00,1782.4550,22.5758
2007-03-28 13:00:00,1766.4200,23.3838
2007-03-28 14:00:00,1828.8300,23.5354
2007-03-28 15:00:00,1827.2490,23.0808
2007-03-28 16:00:00,1876.4090,22.3737
2007-03-28 17:00:00,1951.9950,20.5051
2007-03-28 18:00:00,2006.1930,18.4343
2007-03-28 19:00:00,2043.4770,16.4141
2007-03-28 20:00:00,2101.7420,14.8485
2007-03-28 21:00:00,2033.6400,14.0404
2007-03-28 22:00:00,1796.0060,13.0303
2007-03-28 23:00:00,1570.8160,12.1717
2007-03-29 00:00:00,1437.1270,11.4141
2007-03-29 01:00:00,1385.7050,10.9596
2007-03-29 02:00:00,1387.1260,10.1515
2007-03-29 03:00:00,1388.8840,9.6465
2007-03-29 04:00:00,1475.1090,9.1414
2007-03-29 05:00:00,1651.9570,8.6364
2007-03-29 06:00:00,2012.9280,8.0808
2007-03-29 07:00:00,2163.1550,7.8788
2007-03-29 08:00:00,2086.1140,8.5354
2007-03-29 09:00:00,2007.4230,9.9495
2007-03-29 10:00:00,1962.9390,11.1616
2007-03-29 11:00:00,1841.5870,12.4242
2007-03-29 12:00:00,1752.4780,13.4848
2007-03-29 13:00:00,1787.4070,14.7475
2007-03-29 14:00:00,1768.4490,15.7576
2007-03-29 15:00:00,1741.3140,16.1616
2007-03-29 16:00:00,1791.1010,16.3131
2007-03-29 17:00:00,1826.7040,15.9596
2007-03-29 18:00:00,1868.0300,14.7980
2007-03-29 19:00:00,1967.7430,10.6061
2007-03-29 20:00:00,2127.0680,8.2828
2007-03-29 21:00:00,2167.8680,6.1616
2007-03-29 22:00:00,1958.3970,5.3030
2007-03-29 23:00:00,1802.3510,4.1919
2007-03-30 00:00:00,1709.2550,3.3838
2007-03-30 01:00:00,1688.2220,2.6263
2007-03-30 02:00:00,1705.2250,2.1212
2007-03-30 03:00:00,1764.0180,1.6667
2007-03-30 04:00:00,1863.3990,1.0606
2007-03-30 05:00:00,2111.4500,0.2020
2007-03-30 06:00:00,2429.0450,0.1010
2007-03-30 07:00:00,2575.3320,1.8687
2007-03-30 08:00:00,2379.5660,7.0707
2007-03-30 09:00:00,2208.6260,10.3535
2007-03-30 10:00:00,2058.0670,12.2727
2007-03-30 11:00:00,1926.1780,13.9899
2007-03-30 12:00:00,1864.2860,15.4545
2007-03-30 13:00:00,1829.6880,16.8182
2007-03-30 14:00:00,1756.4880,17.8283
2007-03-30 15:00:00,1750.4910,18.6869
2007-03-30 16:00:00,1770.1350,19.0404
2007-03-30 17:00:00,1816.3620,18.9394
2007-03-30 18:00:00,1859.2130,17.2727
2007-03-30 19:00:00,1980.7220,12.9798
2007-03-30 20:00:00,2082.2440,10.2525
2007-03-30 21:00:00,2010.3860,8.6869
2007-03-30 22:00:00,1897.6350,7.6768
2007-03-30 23:00:00,1700.2270,7.4242
2007-03-31 00:00:00,1593.4330,6.9697
2007-03-31 01:00:00,1537.2050,6.7677
2007-03-31 02:00:00,1543.6280,6.4646
2007-03-31 03:00:00,1539.5450,5.8586
2007-03-31 04:00:00,1606.1690,5.1515
2007-03-31 05:00:00,1714.7470,4.8485
2007-03-31 06:00:00,1881.6950,5.0505
2007-03-31 07:00:00,2082.4680,7.0707
2007-03-31 08:00:00,2183.3700,10.6566
2007-03-31 09:00:00,2061.0020,13.4848
2007-03-31 10:00:00,1988.1730,15.6566
2007-03-31 11:00:00,1952.9150,17.0202
2007-03-31 12:00:00,1881.7050,17.9293
2007-03-31 13:00:00,1806.9970,18.8384
2007-03-31 14:00:00,1787.3860,18.9394
2007-03-31 15:00:00,1824.1690,18.7879
2007-03-31 16:00:00,1848.1110,18.0303
2007-03-31 17:00:00,1883.6440,17.0707
2007-03-31 18:00:00,1894.0120,15.7576
2007-03-31 19:00:00,1955.1390,14.5455
2007-03-31 20:00:00,1994.7120,13.7374
2007-03-31 21:00:00,1956.8110,13.2323
2007-03-31 22:00:00,1837.1030,12.6768
2007-03-31 23:00:00,1651.7080,12.2727
2007-04-01 00:00:00,1506.8300,11.6162
2007-04-01 01:00:00,1438.8110,11.4646
2007-04-01 02:00:00,1410.9890,11.2121
2007-04-01 03:00:00,1401.8110,10.8081
2007-04-01 04:00:00,1418.0900,10.8081
2007-04-01 05:00:00,1485.4590,10.6061
2007-04-01 06:00:00,1595.8360,10.3535
2007-04-01 07:00:00,1801.2600,10.6566
2007-04-01 08:00:00,2014.7960,11.2626
2007-04-01 09:00:00,2096.7530,12.1717
2007-04-01 10:00:00,2036.1050,13.8384
2007-04-01 11:00:00,1961.1800,15.0505
2007-04-01 12:00:00,1921.8950,16.2626
2007-04-01 13:00:00,1867.1740,17.1717
2007-04-01 14:00:00,1841.1360,18.0303
2007-04-01 15:00:00,1814.2400,18.3333
2007-04-01 16:00:00,1812.1960,19.1919
2007-04-01 17:00:00,1867.2030,18.7374
2007-04-01 18:00:00,1910.4530,18.0303
2007-04-01 19:00:00,1973.5340,17.2727
2007-04-01 20:00:00,2090.3880,16.5657
2007-04-01 21:00:00,1936.4410,16.3636
2007-04-01 22:00:00,1785.0110,16.3636
2007-04-01 23:00:00,1588.9220,16.1616
2007-04-02 00:00:00,1453.9070,16.2626
2007-04-02 01:00:00,1387.7950,16.3636
2007-04-02 02:00:00,1377.7600,16.2626
2007-04-02 03:00:00,1397.8260,15.6566
2007-04-02 04:00:00,1459.1090,15.0505
2007-04-02 05:00:00,1640.0980,14.1919
2007-04-02 06:00:00,1898.5740,14.2424
2007-04-02 07:00:00,1986.2360,15.1515
2007-04-02 08:00:00,1893.7580,17.2222
2007-04-02 09:00:00,1873.7330,19.6970
2007-04-02 10:00:00,1856.3780,22.0707
2007-04-02 11:00:00,1829.0810,24.0404
2007-04-02 12:00:00,1811.3250,24.6970
2007-04-02 13:00:00,1797.0330,25.5051
2007-04-02 14:00:00,1805.6860,26.3131
2007-04-02 15:00:00,1780.2720,26.6162
2007-04-02 16:00:00,1897.8680,26.6162
2007-04-02 17:00:00,1978.7610,25.8586
2007-04-02 18:00:00,2013.2600,24.6465
2007-04-02 19:00:00,2016.6810,21.0101
2007-04-02 20:00:00,2147.9240,17.9293
2007-04-02 21:00:00,2009.2270,16.2121
2007-04-02 22:00:00,1831.6720,14.3434
2007-04-02 23:00:00,1604.9190,13.4848
2007-04-03 00:00:00,1434.3040,12.0707
2007-04-03 01:00:00,1367.2480,11.9697
2007-04-03 02:00:00,1358.4720,11.0606
2007-04-03 03:00:00,1361.0940,10.0505
2007-04-03 04:00:00,1410.9270,9.3434
2007-04-03 05:00:00,1602.2980,8.6869
2007-04-03 06:00:00,1957.8060,7.8283
2007-04-03 07:00:00,2047.1220,9.7980
2007-04-03 08:00:00,1870.1070,14.2929
2007-04-03 09:00:00,1831.8690,17.8283
2007-04-03 10:00:00,1786.2970,20.5051
2007-04-03 11:00:00,1750.2880,22.0202
2007-04-03 12:00:00,1777.0650,23.0303
2007-04-03 13:00:00,1764.4660,23.8889
2007-04-03 14:00:00,1762.7550,24.6465
2007-04-03 15:00:00,1791.2490,24.4949
2007-04-03 16:00:00,1922.3260,23.9394
2007-04-03 17:00:00,1992.2060,22.7778
2007-04-03 18:00:00,2040.5140,20.9596
2007-04-03 19:00:00,2039.6520,18.3333
2007-04-03 20:00:00,2172.2620,17.1212
2007-04-03 21:00:00,2033.5240,16.5152
2007-04-03 22:00:00,1876.7750,15.5051
2007-04-03 23:00:00,1630.2580,14.5960
2007-04-04 00:00:00,1483.1880,13.9899
2007-04-04 01:00:00,1433.5930,13.4848
2007-04-04 02:00:00,1389.5590,13.1818
2007-04-04 03:00:00,1380.1270,12.7778
2007-04-04 04:00:00,1442.8330,12.7778
2007-04-04 05:00:00,1601.7740,12.9293
2007-04-04 06:00:00,1826.5230,12.8788
2007-04-04 07:00:00,1920.4280,13.8384
2007-04-04 08:00:00,1864.3730,15.1010
2007-04-04 09:00:00,1842.0940,16.3636
2007-04-04 10:00:00,1823.8920,17.3737
2007-04-04 11:00:00,1783.8900,18.1313
2007-04-04 12:00:00,1741.4780,19.3939
2007-04-04 13:00:00,1720.2560,20.2020
2007-04-04 14:00:00,1681.6970,20.6566
2007-04-04 15:00:00,1680.2120,20.4545
2007-04-04 16:00:00,1735.0800,20.0505
2007-04-04 17:00:00,1896.5280,18.8889
2007-04-04 18:00:00,1913.9010,17.4242
2007-04-04 19:00:00,2017.1980,14.3939
2007-04-04 20:00:00,2149.1180,13.0303
2007-04-04 21:00:00,2054.7660,11.7677
2007-04-04 22:00:00,1926.6210,10.5556
2007-04-04 23:00:00,1745.2790,9.5455
2007-04-05 00:00:00,1637.2710,8.5859
2007-04-05 01:00:00,1609.3310,7.8788
2007-04-05 02:00:00,1609.6310,6.8687
2007-04-05 03:00:00,1647.3680,5.6061
2007-04-05 04:00:00,1705.6470,4.5960
2007-04-05 05:00:00,1835.8440,4.2424
2007-04-05 06:00:00,2220.5090,3.9899
2007-04-05 07:00:00,2330.7350,4.8485
2007-04-05 08:00:00,2310.1010,5.7576
2007-04-05 09:00:00,2272.0390,6.4646
2007-04-05 10:00:00,2211.8970,7.1212
2007-04-05 11:00:00,2116.3710,7.5253
2007-04-05 12:00:00,2072.8450,8.1818
2007-04-05 13:00:00,2018.5930,8.7879
2007-04-05 14:00:00,2094.1730,8.9899
2007-04-05 15:00:00,2017.4060,9.2929
2007-04-05 16:00:00,2018.0080,9.0909
2007-04-05 17:00:00,2139.4790,8.7879
2007-04-05 18:00:00,2226.4860,7.5758
2007-04-05 19:00:00,2408.0900,6.2121
2007-04-05 20:00:00,2564.2350,5.3030
2007-04-05 21:00:00,2516.3820,4.3939
2007-04-05 22:00:00,2342.8450,3.7374
2007-04-05 23:00:00,2254.2590,3.2323
2007-04-06 00:00:00,2152.0880,2.8283
2007-04-06 01:00:00,2119.4500,2.0202
2007-04-06 02:00:00,2112.8530,1.0606
2007-04-06 03:00:00,2137.8190,0.8081
2007-04-06 04:00:00,2214.2080,0.5051
2007-04-06 05:00:00,2364.0290,0.1515
2007-04-06 06:00:00,2518.6430,0.2020
2007-04-06 07:00:00,2573.3660,1.6667
2007-04-06 08:00:00,2537.0690,3.2323
2007-04-06 09:00:00,2507.5750,4.6970
2007-04-06 10:00:00,2447.0610,5.4545
2007-04-06 11:00:00,2274.0950,6.2626
2007-04-06 12:00:00,2141.7390,7.3737
2007-04-06 13:00:00,2016.5670,8.1818
2007-04-06 14:00:00,1959.8880,8.9899
2007-04-06 15:00:00,1945.7570,9.4444
2007-04-06 16:00:00,1953.0190,9.4444
2007-04-06 17:00:00,2045.2320,8.9394
2007-04-06 18:00:00,2255.0140,8.1313
2007-04-06 19:00:00,2240.3090,6.7677
2007-04-06 20:00:00,2357.1490,5.7071
2007-04-06 21:00:00,2334.3410,4.8990
2007-04-06 22:00:00,2309.9990,4.6970
2007-04-06 23:00:00,2135.0980,4.0404
2007-04-07 00:00:00,2030.4290,3.1313
2007-04-07 01:00:00,1984.8800,2.8283
2007-04-07 02:00:00,1985.9810,2.0707
2007-04-07 03:00:00,2044.2150,1.6162
2007-04-07 04:00:00,2111.0650,0.9596
2007-04-07 05:00:00,2209.3390,0.2020
2007-04-07 06:00:00,2264.6500,-0.4545
2007-04-07 07:00:00,2466.6730,-0.5556
2007-04-07 08:00:00,2610.8160,-0.2525
2007-04-07 09:00:00,2641.5660,0.4040
2007-04-07 10:00:00,2592.3850,1.4646
2007-04-07 11:00:00,2561.2970,2.4747
2007-04-07 12:00:00,2456.1180,3.1818
2007-04-07 13:00:00,2409.9380,3.5354
2007-04-07 14:00:00,2333.8680,4.1414
2007-04-07 15:00:00,2302.6940,4.6465
2007-04-07 16:00:00,2330.7430,4.8485
2007-04-07 17:00:00,2388.1770,4.1414
2007-04-07 18:00:00,2396.7870,3.6364
2007-04-07 19:00:00,2534.9440,2.5253
2007-04-07 20:00:00,2639.7010,1.9192
2007-04-07 21:00:00,2645.1390,1.4646
2007-04-07 22:00:00,2630.0830,0.9091
2007-04-07 23:00:00,2478.4370,0.3535
2007-04-08 00:00:00,2341.6410,-0.2020
2007-04-08 01:00:00,2303.3080,-0.5556
2007-04-08 02:00:00,2284.3160,-1.1111
2007-04-08 03:00:00,2297.7150,-1.1616
2007-04-08 04:00:00,2328.3570,-1.3636
2007-04-08 05:00:00,2478.6460,-1.8687
2007-04-08 06:00:00,2559.7010,-1.9697
2007-04-08 07:00:00,2666.9330,-0.5051
2007-04-08 08:00:00,2732.3940,1.4646
2007-04-08 09:00:00,2682.7630,2.5253
2007-04-08 10:00:00,2602.6890,3.5354
2007-04-08 11:00:00,2443.0770,4.6970
2007-04-08 12:00:00,2470.8590,5.5051
2007-04-08 13:00:00,2302.6030,6.5657
2007-04-08 14:00:00,2183.6790,7.2727
2007-04-08 15:00:00,2097.2540,7.8788
2007-04-08 16:00:00,2059.2460,7.9798
2007-04-08 17:00:00,2063.6300,7.7778
2007-04-08 18:00:00,2017.4170,7.3232
2007-04-08 19:00:00,2137.6270,5.5051
2007-04-08 20:00:00,2342.5770,3.8384
2007-04-08 21:00:00,2344.2680,2.1717
2007-04-08 22:00:00,2307.8870,1.6667
2007-04-08 23:00:00,2198.9650,1.0101
2007-04-09 00:00:00,2099.0470,0.6061
2007-04-09 01:00:00,2112.5130,-0.4545
2007-04-09 02:00:00,2131.5500,-1.3636
2007-04-09 03:00:00,2177.0020,-1.8182
2007-04-09 04:00:00,2265.2100,-2.1717
2007-04-09 05:00:00,2427.9780,-2.3232
2007-04-09 06:00:00,2527.8480,-2.2222
2007-04-09 07:00:00,2611.8150,-0.2020
2007-04-09 08:00:00,2547.7460,3.2828
2007-04-09 09:00:00,2523.2570,5.3030
2007-04-09 10:00:00,2445.8230,5.8586
2007-04-09 11:00:00,2404.7940,6.9697
2007-04-09 12:00:00,2337.3610,7.6768
2007-04-09 13:00:00,2206.1270,8.0808
2007-04-09 14:00:00,2185.7590,8.8384
2007-04-09 15:00:00,2146.5640,9.1919
2007-04-09 16:00:00,2094.9200,9.5455
2007-04-09 17:00:00,2156.5510,9.3434
2007-04-09 18:00:00,2238.5750,8.4848
2007-04-09 19:00:00,2400.1440,5.8586
2007-04-09 20:00:00,2516.7260,3.8384
2007-04-09 21:00:00,2446.3230,2.7778
2007-04-09 22:00:00,2272.7050,2.1212
2007-04-09 23:00:00,2163.9830,0.8586
2007-04-10 00:00:00,2097.0040,0.2525
2007-04-10 01:00:00,2128.2310,-0.2525
2007-04-10 02:00:00,2125.7900,-0.2525
2007-04-10 03:00:00,2194.5290,-1.0101
2007-04-10 04:00:00,2291.2480,-1.3636
2007-04-10 05:00:00,2387.9980,-1.3636
2007-04-10 06:00:00,2639.8890,-1.6162
2007-04-10 07:00:00,2660.9120,0.7071
2007-04-10 08:00:00,2527.9610,4.6465
2007-04-10 09:00:00,2334.3320,6.9192
2007-04-10 10:00:00,2190.3040,8.4343
2007-04-10 11:00:00,2105.9580,9.4444
2007-04-10 12:00:00,2000.8880,10.3030
2007-04-10 13:00:00,1926.8730,11.2121
2007-04-10 14:00:00,1920.6790,11.8687
2007-04-10 15:00:00,1885.0910,12.3232
2007-04-10 16:00:00,1891.4400,12.3737
2007-04-10 17:00:00,1955.0560,12.1717
2007-04-10 18:00:00,2043.8820,11.3636
2007-04-10 19:00:00,2048.1870,8.4343
2007-04-10 20:00:00,2214.1510,6.1111
2007-04-10 21:00:00,2193.5210,5.1010
2007-04-10 22:00:00,2116.1000,4.2424
2007-04-10 23:00:00,1960.7680,4.2424
2007-04-11 00:00:00,1879.0100,3.9899
2007-04-11 01:00:00,1878.0250,3.3838
2007-04-11 02:00:00,1932.7110,2.6768
2007-04-11 03:00:00,1940.6970,2.0707
2007-04-11 04:00:00,1991.7800,2.5758
2007-04-11 05:00:00,2174.6030,2.6768
2007-04-11 06:00:00,2407.9760,3.1818
2007-04-11 07:00:00,2463.3870,4.6970
2007-04-11 08:00:00,2347.4110,7.1212
2007-04-11 09:00:00,2260.9360,8.5354
2007-04-11 10:00:00,2194.4350,8.8889
2007-04-11 11:00:00,2168.8360,9.3939
2007-04-11 12:00:00,2118.0000,9.6465
2007-04-11 13:00:00,2094.5390,10.0000
2007-04-11 14:00:00,2161.8810,10.4545
2007-04-11 15:00:00,2176.9550,10.7071
2007-04-11 16:00:00,2229.6310,10.6061
2007-04-11 17:00:00,2332.4020,10.1010
2007-04-11 18:00:00,2427.4060,9.5455
2007-04-11 19:00:00,2424.5940,9.3939
2007-04-11 20:00:00,2451.0260,9.1414
2007-04-11 21:00:00,2321.9230,9.2424
2007-04-11 22:00:00,2214.6270,9.4949
2007-04-11 23:00:00,1981.9860,9.6465
2007-04-12 00:00:00,1863.3060,9.6465
2007-04-12 01:00:00,1788.0800,9.7980
2007-04-12 02:00:00,1780.5530,9.9495
2007-04-12 03:00:00,1780.7030,10.4040
2007-04-12 04:00:00,1844.8480,10.6566
2007-04-12 05:00:00,1981.9910,10.1010
2007-04-12 06:00:00,2184.7570,10.4040
2007-04-12 07:00:00,2279.7280,10.5051
2007-04-12 08:00:00,2201.5200,11.1111
2007-04-12 09:00:00,2102.4090,12.1717
2007-04-12 10:00:00,2039.1630,13.9394
2007-04-12 11:00:00,1929.9220,16.1111
2007-04-12 12:00:00,1951.3060,17.8283
2007-04-12 13:00:00,1888.7950,18.6869
2007-04-12 14:00:00,1852.3100,19.3939
2007-04-12 15:00:00,1855.7240,19.5960
2007-04-12 16:00:00,1883.0930,19.3939
2007-04-12 17:00:00,1929.4180,18.4343
2007-04-12 18:00:00,1999.1260,17.0707
2007-04-12 19:00:00,2058.8630,14.9495
2007-04-12 20:00:00,2186.3990,13.6869
2007-04-12 21:00:00,2088.4770,12.5758
2007-04-12 22:00:00,1994.6360,11.5152
2007-04-12 23:00:00,1836.4700,10.1515
2007-04-13 00:00:00,1742.8310,9.4949
2007-04-13 01:00:00,1713.9730,8.6364
2007-04-13 02:00:00,1746.8870,7.4747
2007-04-13 03:00:00,1529.0860,7.4747
2007-04-13 04:00:00,1421.7190,7.0202
2007-04-13 05:00:00,1548.1950,6.5152
2007-04-13 06:00:00,1771.5060,6.2626
2007-04-13 07:00:00,1849.8260,7.2727
2007-04-13 08:00:00,2329.1280,8.4848
2007-04-13 09:00:00,2318.4300,9.4949
2007-04-13 10:00:00,2220.4880,10.5556
2007-04-13 11:00:00,2187.7690,11.2626
2007-04-13 12:00:00,2098.6180,12.2222
2007-04-13 13:00:00,2039.4580,13.3333
2007-04-13 14:00:00,1968.6130,14.5960
2007-04-13 15:00:00,1923.1770,14.8990
2007-04-13 16:00:00,1903.3250,15.2525
2007-04-13 17:00:00,1911.1130,15.1010
2007-04-13 18:00:00,1940.4930,14.4444
2007-04-13 19:00:00,1939.4990,11.6162
2007-04-13 20:00:00,2126.7340,9.8485
2007-04-13 21:00:00,2055.8550,8.8384
2007-04-13 22:00:00,2066.5900,7.3737
2007-04-13 23:00:00,1943.3470,6.8687
2007-04-14 00:00:00,1839.1280,5.6566
2007-04-14 01:00:00,1821.1730,4.7980
2007-04-14 02:00:00,1835.3360,4.6970
2007-04-14 03:00:00,1850.9360,4.8990
2007-04-14 04:00:00,1860.4370,4.5455
2007-04-14 05:00:00,1954.6430,4.3939
2007-04-14 06:00:00,2088.0080,4.7980
2007-04-14 07:00:00,2240.1210,6.5152
2007-04-14 08:00:00,2284.1200,8.4343
2007-04-14 09:00:00,2238.7430,9.1414
2007-04-14 10:00:00,2264.9400,9.6970
2007-04-14 11:00:00,2233.3040,10.4545
2007-04-14 12:00:00,2245.0720,10.7071
2007-04-14 13:00:00,2146.0700,11.4141
2007-04-14 14:00:00,2091.3030,12.0202
2007-04-14 15:00:00,2109.1950,12.3232
2007-04-14 16:00:00,2119.8190,12.5253
2007-04-14 17:00:00,2169.9120,12.0202
2007-04-14 18:00:00,2167.6870,11.1111
2007-04-14 19:00:00,2114.1370,10.2525
2007-04-14 20:00:00,2171.0190,9.7980
2007-04-14 21:00:00,2092.6990,9.6970
2007-04-14 22:00:00,2052.8750,9.5960
2007-04-14 23:00:00,1885.8550,9.4444
2007-04-15 00:00:00,1748.5520,9.3939
2007-04-15 01:00:00,1684.5070,9.5455
2007-04-15 02:00:00,1663.5530,9.8485
2007-04-15 03:00:00,1657.8210,10.6061
2007-04-15 04:00:00,1679.4650,11.1616
2007-04-15 05:00:00,1713.7140,11.8687
2007-04-15 06:00:00,1813.7260,12.2222
2007-04-15 07:00:00,1972.6450,12.7778
2007-04-15 08:00:00,2170.1530,12.9293
2007-04-15 09:00:00,2163.1720,12.8283
2007-04-15 10:00:00,2192.6350,12.8788
2007-04-15 11:00:00,2264.7860,12.8788
2007-04-15 12:00:00,2223.7680,13.4343
2007-04-15 13:00:00,2153.0000,12.7273
2007-04-15 14:00:00,2096.9340,12.7273
2007-04-15 15:00:00,2065.4280,12.1212
2007-04-15 16:00:00,2084.1690,11.6162
2007-04-15 17:00:00,2194.9790,10.2525
2007-04-15 18:00:00,2228.0020,9.3939
2007-04-15 19:00:00,2193.1920,8.8889
2007-04-15 20:00:00,2295.2710,7.9293
2007-04-15 21:00:00,2214.5990,7.3737
2007-04-15 22:00:00,2181.3620,6.9697
2007-04-15 23:00:00,1984.9240,6.6667
2007-04-16 00:00:00,1873.5910,6.4141
2007-04-16 01:00:00,1785.6150,6.1111
2007-04-16 02:00:00,1816.2390,5.8586
2007-04-16 03:00:00,1845.2400,5.9091
2007-04-16 04:00:00,1925.4380,6.1616
2007-04-16 05:00:00,2059.9400,5.9596
2007-04-16 06:00:00,2273.5790,5.9596
2007-04-16 07:00:00,2359.6380,6.4141
2007-04-16 08:00:00,2304.1920,6.9192
2007-04-16 09:00:00,2280.5440,7.5758
2007-04-16 10:00:00,2271.8350,7.8788
2007-04-16 11:00:00,2309.1680,8.6364
2007-04-16 12:00:00,2271.9350,9.2929
2007-04-16 13:00:00,2283.1770,9.6970
2007-04-16 14:00:00,2320.2990,10.0000
2007-04-16 15:00:00,2243.7610,9.7980
2007-04-16 16:00:00,2317.9100,9.5455
2007-04-16 17:00:00,2548.5360,9.5960
2007-04-16 18:00:00,2508.6640,9.6465
2007-04-16 19:00:00,2452.8400,9.6465
2007-04-16 20:00:00,2472.3450,9.4949
2007-04-16 21:00:00,2429.3040,9.4949
2007-04-16 22:00:00,2309.1110,9.4949
2007-04-16 23:00:00,2132.4260,9.3434
2007-04-17 00:00:00,2023.1300,9.0909
2007-04-17 01:00:00,1943.4700,9.1919
2007-04-17 02:00:00,1885.6700,8.8889
2007-04-17 03:00:00,1891.3590,8.8889
2007-04-17 04:00:00,1950.1740,8.7374
2007-04-17 05:00:00,2119.3070,8.5354
2007-04-17 06:00:00,2356.8010,8.3838
2007-04-17 07:00:00,2374.0250,9.1919
2007-04-17 08:00:00,2225.2280,9.9495
2007-04-17 09:00:00,2168.2000,10.6566
2007-04-17 10:00:00,2148.7500,11.3636
2007-04-17 11:00:00,2082.4340,12.5253
2007-04-17 12:00:00,2046.8270,13.3333
2007-04-17 13:00:00,2016.2410,14.1919
2007-04-17 14:00:00,1957.4790,14.8990
2007-04-17 15:00:00,1947.9240,15.1010
2007-04-17 16:00:00,2034.0010,15.1515
2007-04-17 17:00:00,2117.1130,14.4444
2007-04-17 18:00:00,2223.3840,13.8384
2007-04-17 19:00:00,2232.5860,12.6263
2007-04-17 20:00:00,2321.8860,11.8182
2007-04-17 21:00:00,2243.7640,11.4646
2007-04-17 22:00:00,2071.5510,10.4545
2007-04-17 23:00:00,1870.2850,10.2020
2007-04-18 00:00:00,1682.9450,9.8990
2007-04-18 01:00:00,1647.2490,8.8384
2007-04-18 02:00:00,1653.4830,7.9798
2007-04-18 03:00:00,1670.8540,7.3737
2007-04-18 04:00:00,1762.4580,6.9697
2007-04-18 05:00:00,1950.2090,6.6162
2007-04-18 06:00:00,2310.5260,6.3636
2007-04-18 07:00:00,2329.0060,7.4242
2007-04-18 08:00:00,2213.2330,8.7879
2007-04-18 09:00:00,2105.2620,9.5960
2007-04-18 10:00:00,2039.5840,10.6566
2007-04-18 11:00:00,1964.3460,10.9596
2007-04-18 12:00:00,1863.4270,11.5152
2007-04-18 13:00:00,1830.8020,11.8687
2007-04-18 14:00:00,1772.3870,12.3737
2007-04-18 15:00:00,1759.1210,12.3232
2007-04-18 16:00:00,1829.2340,12.1212
2007-04-18 17:00:00,1898.6180,11.5657
2007-04-18 18:00:00,1980.0150,11.0606
2007-04-18 19:00:00,2124.6810,9.7980
2007-04-18 20:00:00,2311.3480,9.2424
2007-04-18 21:00:00,2182.4460,8.4848
2007-04-18 22:00:00,1997.8020,8.1313
2007-04-18 23:00:00,1789.1750,7.9293
2007-04-19 00:00:00,1666.5780,7.9798
2007-04-19 01:00:00,1641.8800,7.8788
2007-04-19 02:00:00,1609.2260,7.5253
2007-04-19 03:00:00,1639.0100,7.1717
2007-04-19 04:00:00,1709.8890,7.0202
2007-04-19 05:00:00,1896.6530,6.9192
2007-04-19 06:00:00,2187.6570,6.9697
2007-04-19 07:00:00,2224.2920,7.7273
2007-04-19 08:00:00,2112.3550,8.6364
2007-04-19 09:00:00,2037.2790,10.0000
2007-04-19 10:00:00,2015.0600,10.8081
2007-04-19 11:00:00,1993.8170,11.6667
2007-04-19 12:00:00,1928.8900,11.7677
2007-04-19 13:00:00,1886.6520,11.9192
2007-04-19 14:00:00,1854.0070,11.9697
2007-04-19 15:00:00,1828.1160,11.9192
2007-04-19 16:00:00,1896.7060,11.6667
2007-04-19 17:00:00,1971.6350,11.3636
2007-04-19 18:00:00,2075.2820,10.9596
2007-04-19 19:00:00,2192.3410,10.1010
2007-04-19 20:00:00,2284.5810,9.3939
2007-04-19 21:00:00,2239.8360,8.3838
2007-04-19 22:00:00,2013.5320,7.3737
2007-04-19 23:00:00,1854.9100,6.4646
2007-04-20 00:00:00,1728.9390,5.9091
2007-04-20 01:00:00,1730.9750,5.4545
2007-04-20 02:00:00,1730.5650,5.5051
2007-04-20 03:00:00,1754.7360,5.7576
2007-04-20 04:00:00,1837.3220,5.5556
2007-04-20 05:00:00,2028.3520,5.2020
2007-04-20 06:00:00,2355.1490,4.7980
2007-04-20 07:00:00,2385.6840,8.1818
2007-04-20 08:00:00,2157.8300,11.4646
2007-04-20 09:00:00,2001.3240,14.3434
2007-04-20 10:00:00,1893.0130,15.8081
2007-04-20 11:00:00,1816.4250,17.1212
2007-04-20 12:00:00,1730.1980,18.3838
2007-04-20 13:00:00,1705.3010,19.0404
2007-04-20 14:00:00,1669.7260,19.7980
2007-04-20 15:00:00,1648.4320,20.3030
2007-04-20 16:00:00,1696.0560,20.5051
2007-04-20 17:00:00,1727.4500,20.0000
2007-04-20 18:00:00,1757.4780,18.7879
2007-04-20 19:00:00,1791.6960,15.1010
2007-04-20 20:00:00,1913.1310,11.3131
2007-04-20 21:00:00,1874.4850,9.3434
2007-04-20 22:00:00,1755.2700,7.9798
2007-04-20 23:00:00,1564.4430,6.8687
2007-04-21 00:00:00,1498.6860,5.8586
2007-04-21 01:00:00,1443.1160,4.6970
2007-04-21 02:00:00,1452.2840,4.2424
2007-04-21 03:00:00,1493.1520,3.7879
2007-04-21 04:00:00,1572.9230,3.2323
2007-04-21 05:00:00,1698.0890,2.8283
2007-04-21 06:00:00,1878.6340,3.2323
2007-04-21 07:00:00,1975.2580,8.0808
2007-04-21 08:00:00,2052.0390,12.6263
2007-04-21 09:00:00,1934.7910,16.4646
2007-04-21 10:00:00,1815.4690,19.4444
2007-04-21 11:00:00,1717.4670,20.8586
2007-04-21 12:00:00,1641.1660,21.9697
2007-04-21 13:00:00,1631.3700,22.7778
2007-04-21 14:00:00,1584.3970,23.6364
2007-04-21 15:00:00,1596.8720,23.8384
2007-04-21 16:00:00,1619.9000,23.8889
2007-04-21 17:00:00,1669.7970,23.9899
2007-04-21 18:00:00,1681.6440,22.4242
2007-04-21 19:00:00,1683.3970,17.6263
2007-04-21 20:00:00,1844.7520,13.8889
2007-04-21 21:00:00,1798.7190,12.3232
2007-04-21 22:00:00,1647.5720,10.9091
2007-04-21 23:00:00,1553.7680,9.4949
2007-04-22 00:00:00,1408.6140,8.6869
2007-04-22 01:00:00,1341.8970,7.9798
2007-04-22 02:00:00,1327.7640,7.4242
2007-04-22 03:00:00,1359.2750,7.0202
2007-04-22 04:00:00,1382.5770,6.0606
2007-04-22 05:00:00,1466.6350,5.8586
2007-04-22 06:00:00,1611.9620,5.6061
2007-04-22 07:00:00,1757.1690,10.3535
2007-04-22 08:00:00,1906.0510,15.3030
2007-04-22 09:00:00,1924.0760,19.1919
2007-04-22 10:00:00,1828.1150,22.4242
2007-04-22 11:00:00,1698.1890,24.6970
2007-04-22 12:00:00,1697.6880,25.9596
2007-04-22 13:00:00,1710.0980,26.3636
2007-04-22 14:00:00,1686.7290,26.8182
2007-04-22 15:00:00,1705.1740,26.9697
2007-04-22 16:00:00,1753.9910,27.0202
2007-04-22 17:00:00,1813.3100,26.6667
2007-04-22 18:00:00,1849.6790,25.3030
2007-04-22 19:00:00,1878.8530,21.3636
2007-04-22 20:00:00,2032.2590,17.8283
2007-04-22 21:00:00,1979.3720,16.6667
2007-04-22 22:00:00,1711.9260,15.9091
2007-04-22 23:00:00,1544.2570,15.0000
2007-04-23 00:00:00,1382.7650,13.8384
2007-04-23 01:00:00,1325.1730,13.6364
2007-04-23 02:00:00,1289.4360,12.9293
2007-04-23 03:00:00,1295.4860,12.6263
2007-04-23 04:00:00,1356.4070,11.9697
2007-04-23 05:00:00,1453.5510,11.2121
2007-04-23 06:00:00,1771.1340,11.3131
2007-04-23 07:00:00,1837.6660,15.1010
2007-04-23 08:00:00,1778.8840,18.6869
2007-04-23 09:00:00,1766.4300,22.0707
2007-04-23 10:00:00,1810.6670,24.3434
2007-04-23 11:00:00,1843.0830,25.9091
2007-04-23 12:00:00,1836.0320,26.9192
2007-04-23 13:00:00,1857.9300,27.5758
2007-04-23 14:00:00,1832.3530,27.9293
2007-04-23 15:00:00,1830.0520,28.0808
2007-04-23 16:00:00,1885.0650,27.4747
2007-04-23 17:00:00,1958.1720,26.8687
2007-04-23 18:00:00,1987.9710,25.5051
2007-04-23 19:00:00,2022.5210,23.2323
2007-04-23 20:00:00,2189.3560,21.8182
2007-04-23 21:00:00,2115.6240,21.2121
2007-04-23 22:00:00,1830.7980,20.4040
2007-04-23 23:00:00,1662.9720,19.6465
2007-04-24 00:00:00,1480.8760,19.5455
2007-04-24 01:00:00,1417.5220,19.3939
2007-04-24 02:00:00,1383.9130,18.7374
2007-04-24 03:00:00,1380.3700,17.9293
2007-04-24 04:00:00,1434.2070,17.3737
2007-04-24 05:00:00,1577.2980,16.9697
2007-04-24 06:00:00,1768.0220,17.0202
2007-04-24 07:00:00,1868.4590,17.8788
2007-04-24 08:00:00,1838.1410,19.5455
2007-04-24 09:00:00,1829.4260,21.6162
2007-04-24 10:00:00,1822.5370,23.2323
2007-04-24 11:00:00,1838.9570,24.4444
2007-04-24 12:00:00,1841.9910,25.6061
2007-04-24 13:00:00,1848.1820,26.3636
2007-04-24 14:00:00,1850.9620,27.0707
2007-04-24 15:00:00,1902.3990,27.1717
2007-04-24 16:00:00,1953.5510,27.2222
2007-04-24 17:00:00,2038.3430,26.5657
2007-04-24 18:00:00,2066.1310,25.4545
2007-04-24 19:00:00,2098.1380,23.3333
2007-04-24 20:00:00,2232.2550,20.2020
2007-04-24 21:00:00,2109.5140,18.6364
2007-04-24 22:00:00,1815.0680,18.5859
2007-04-24 23:00:00,1538.3130,18.1313
2007-04-25 00:00:00,1453.9180,17.4242
2007-04-25 01:00:00,1387.5330,17.0202
2007-04-25 02:00:00,1357.0360,16.2121
2007-04-25 03:00:00,1340.6910,15.6061
2007-04-25 04:00:00,1399.0410,14.1414
2007-04-25 05:00:00,1533.8570,13.2323
2007-04-25 06:00:00,1758.9040,12.8283
2007-04-25 07:00:00,1824.5970,16.0101
2007-04-25 08:00:00,1764.0030,18.7879
2007-04-25 09:00:00,1741.0510,20.5051
2007-04-25 10:00:00,1739.6520,22.5758
2007-04-25 11:00:00,1750.5490,23.7879
2007-04-25 12:00:00,1763.0880,24.8485
2007-04-25 13:00:00,1781.4920,25.9091
2007-04-25 14:00:00,1817.9560,26.7172
2007-04-25 15:00:00,1841.9220,26.5657
2007-04-25 16:00:00,1887.0670,26.6162
2007-04-25 17:00:00,1972.0950,25.8081
2007-04-25 18:00:00,2055.7110,24.7475
2007-04-25 19:00:00,2074.3000,22.4747
2007-04-25 20:00:00,2189.7330,20.4545
2007-04-25 21:00:00,2039.9040,19.4444
2007-04-25 22:00:00,1775.6550,18.6869
2007-04-25 23:00:00,1537.3680,17.5253
2007-04-26 00:00:00,1445.7280,16.2121
2007-04-26 01:00:00,1389.5250,15.0000
2007-04-26 02:00:00,1351.4600,13.9899
2007-04-26 03:00:00,1345.2910,13.0303
2007-04-26 04:00:00,1393.3130,12.4242
2007-04-26 05:00:00,1496.6660,12.1212
2007-04-26 06:00:00,1748.6100,11.7172
2007-04-26 07:00:00,1844.7550,11.8182
2007-04-26 08:00:00,1786.6200,12.1717
2007-04-26 09:00:00,1754.4640,12.9798
2007-04-26 10:00:00,1743.3940,13.6364
2007-04-26 11:00:00,1704.6550,14.3939
2007-04-26 12:00:00,1669.4530,15.3535
2007-04-26 13:00:00,1669.0870,16.1616
2007-04-26 14:00:00,1655.5190,17.0707
2007-04-26 15:00:00,1629.7410,17.2222
2007-04-26 16:00:00,1673.5760,16.4646
2007-04-26 17:00:00,1807.7480,15.9596
2007-04-26 18:00:00,1890.7210,15.1515
2007-04-26 19:00:00,1976.4660,13.9394
2007-04-26 20:00:00,2075.6660,13.3838
2007-04-26 21:00:00,1994.1920,12.9293
2007-04-26 22:00:00,1744.5010,12.6768
2007-04-26 23:00:00,1524.2990,12.5253
2007-04-27 00:00:00,1463.3730,12.9798
2007-04-27 01:00:00,1408.7480,13.4848
2007-04-27 02:00:00,1393.2080,13.8889
2007-04-27 03:00:00,1374.8360,14.3939
2007-04-27 04:00:00,1425.9910,14.5455
2007-04-27 05:00:00,1540.0440,14.4444
2007-04-27 06:00:00,1803.9330,14.7980
2007-04-27 07:00:00,1912.6060,15.3030
2007-04-27 08:00:00,1861.9860,15.8586
2007-04-27 09:00:00,1852.2750,16.6667
2007-04-27 10:00:00,1849.0940,18.0303
2007-04-27 11:00:00,1828.0230,18.3838
2007-04-27 12:00:00,1791.9190,19.8485
2007-04-27 13:00:00,1771.6550,20.8081
2007-04-27 14:00:00,1742.6240,21.4141
2007-04-27 15:00:00,1743.7310,21.9697
2007-04-27 16:00:00,1789.8670,22.3737
2007-04-27 17:00:00,1825.0520,22.4747
2007-04-27 18:00:00,1821.2150,21.5152
2007-04-27 19:00:00,1847.1200,19.8990
2007-04-27 20:00:00,1971.6140,18.2323
2007-04-27 21:00:00,1914.9000,17.8788
2007-04-27 22:00:00,1756.4460,17.0202
2007-04-27 23:00:00,1568.3320,16.5657
2007-04-28 00:00:00,1448.4540,16.4141
2007-04-28 01:00:00,1373.5000,16.0101
2007-04-28 02:00:00,1324.9250,15.2020
2007-04-28 03:00:00,1307.0310,15.1515
2007-04-28 04:00:00,1323.1230,14.7980
2007-04-28 05:00:00,1375.2960,13.6869
2007-04-28 06:00:00,1479.5520,13.5354
2007-04-28 07:00:00,1662.5340,15.6061
2007-04-28 08:00:00,1824.7060,16.6162
2007-04-28 09:00:00,1911.4870,17.4242
2007-04-28 10:00:00,1920.3480,18.0303
2007-04-28 11:00:00,1867.6890,18.8889
2007-04-28 12:00:00,1814.2080,19.5455
2007-04-28 13:00:00,1775.4990,19.8485
2007-04-28 14:00:00,1752.2620,20.2020
2007-04-28 15:00:00,1731.8060,20.6566
2007-04-28 16:00:00,1789.7360,21.0606
2007-04-28 17:00:00,1830.8460,20.6061
2007-04-28 18:00:00,1844.2120,19.9495
2007-04-28 19:00:00,1870.5030,17.2222
2007-04-28 20:00:00,1959.4290,15.9091
2007-04-28 21:00:00,1905.1840,15.6061
2007-04-28 22:00:00,1774.8550,14.0909
2007-04-28 23:00:00,1584.3040,13.5354
2007-04-29 00:00:00,1426.3850,13.0808
2007-04-29 01:00:00,1331.9090,13.2323
2007-04-29 02:00:00,1294.5880,12.8283
2007-04-29 03:00:00,1288.7630,12.8788
2007-04-29 04:00:00,1296.6440,12.3737
2007-04-29 05:00:00,1343.2330,12.1212
2007-04-29 06:00:00,1464.6830,11.4646
2007-04-29 07:00:00,1682.0110,13.9899
2007-04-29 08:00:00,1881.6030,16.3636
2007-04-29 09:00:00,1915.7210,18.1313
2007-04-29 10:00:00,1876.9310,19.7475
2007-04-29 11:00:00,1799.3650,21.1111
2007-04-29 12:00:00,1785.2770,21.7677
2007-04-29 13:00:00,1750.3280,22.4747
2007-04-29 14:00:00,1726.5800,23.0303
2007-04-29 15:00:00,1714.1670,23.5859
2007-04-29 16:00:00,1756.3340,23.8384
2007-04-29 17:00:00,1766.7290,23.7879
2007-04-29 18:00:00,1833.6780,22.9293
2007-04-29 19:00:00,1869.6230,19.7475
2007-04-29 20:00:00,2027.3400,17.1212
2007-04-29 21:00:00,1962.1220,15.7071
2007-04-29 22:00:00,1724.4210,13.3838
2007-04-29 23:00:00,1488.9380,12.9798
2007-04-30 00:00:00,1359.8150,12.4747
2007-04-30 01:00:00,1302.6880,11.1616
2007-04-30 02:00:00,1279.3350,11.4646
2007-04-30 03:00:00,1302.4110,10.1515
2007-04-30 04:00:00,1353.4660,9.8990
2007-04-30 05:00:00,1514.5350,10.5556
2007-04-30 06:00:00,1828.9900,11.2626
2007-04-30 07:00:00,1930.0720,16.0101
2007-04-30 08:00:00,1853.6320,19.9495
2007-04-30 09:00:00,1758.5680,22.6263
2007-04-30 10:00:00,1793.6620,24.5960
2007-04-30 11:00:00,1773.8870,26.0101
2007-04-30 12:00:00,1804.2670,27.1717
2007-04-30 13:00:00,1812.0330,28.1313
2007-04-30 14:00:00,1833.2170,29.1919
2007-04-30 15:00:00,1860.9600,29.5960
2007-04-30 16:00:00,1933.7340,29.5455
2007-04-30 17:00:00,1977.0800,29.0404
2007-04-30 18:00:00,2113.2690,27.7778
2007-04-30 19:00:00,2088.5080,25.3030
2007-04-30 20:00:00,2189.4250,22.5758
2007-04-30 21:00:00,2139.9520,21.1111
2007-04-30 22:00:00,1933.8970,20.3030
2007-04-30 23:00:00,1641.7450,19.0909
2007-05-01 00:00:00,1481.1060,17.5758
2007-05-01 01:00:00,1404.3720,16.2121
2007-05-01 02:00:00,1361.9700,15.5556
2007-05-01 03:00:00,1344.9530,14.2929
2007-05-01 04:00:00,1383.8200,13.0808
2007-05-01 05:00:00,1523.0760,12.3737
2007-05-01 06:00:00,1812.5720,12.7778
2007-05-01 07:00:00,1889.8980,16.5657
2007-05-01 08:00:00,1826.0100,19.0909
2007-05-01 09:00:00,1764.2040,21.2121
2007-05-01 10:00:00,1767.6040,22.6263
2007-05-01 11:00:00,1792.3970,24.3939
2007-05-01 12:00:00,1819.7190,25.8081
2007-05-01 13:00:00,1855.7700,26.6667
2007-05-01 14:00:00,1883.1250,27.7778
2007-05-01 15:00:00,1942.4380,27.8788
2007-05-01 16:00:00,2003.5560,27.8283
2007-05-01 17:00:00,2064.0400,27.3737
2007-05-01 18:00:00,2234.8130,25.7576
2007-05-01 19:00:00,2154.5880,23.1818
2007-05-01 20:00:00,2304.8900,21.8182
2007-05-01 21:00:00,2218.3500,21.3636
2007-05-01 22:00:00,2005.2030,21.2626
2007-05-01 23:00:00,1703.7740,21.0101
2007-05-02 00:00:00,1544.3080,21.3131
2007-05-02 01:00:00,1455.5560,21.4141
2007-05-02 02:00:00,1406.1310,20.5556
2007-05-02 03:00:00,1358.3690,18.9394
2007-05-02 04:00:00,1369.4650,18.2828
2007-05-02 05:00:00,1501.1700,17.6263
2007-05-02 06:00:00,1775.8220,17.5253
2007-05-02 07:00:00,1855.9560,19.2424
2007-05-02 08:00:00,1803.3290,21.4141
2007-05-02 09:00:00,1851.7840,24.1414
2007-05-02 10:00:00,1928.8000,26.1111
2007-05-02 11:00:00,1925.1500,27.3737
2007-05-02 12:00:00,1952.2800,28.1818
2007-05-02 13:00:00,1979.5840,28.2323
2007-05-02 14:00:00,1989.4190,27.9798
2007-05-02 15:00:00,1967.1430,27.8283
2007-05-02 16:00:00,2020.5740,25.0505
2007-05-02 17:00:00,2040.3450,23.5859
2007-05-02 18:00:00,2184.8990,20.8081
2007-05-02 19:00:00,2137.7020,18.8384
2007-05-02 20:00:00,2185.6590,17.7273
2007-05-02 21:00:00,2062.2650,17.3232
2007-05-02 22:00:00,1856.2260,16.6162
2007-05-02 23:00:00,1620.9890,16.1111
2007-05-03 00:00:00,1478.6980,15.9091
2007-05-03 01:00:00,1404.5960,15.6566
2007-05-03 02:00:00,1369.7310,15.2020
2007-05-03 03:00:00,1347.6730,14.6465
2007-05-03 04:00:00,1400.9940,13.8889
2007-05-03 05:00:00,1525.5540,13.5354
2007-05-03 06:00:00,1806.0800,13.3838
2007-05-03 07:00:00,1881.5320,13.5354
2007-05-03 08:00:00,1823.8790,13.9394
2007-05-03 09:00:00,1817.4410,14.1919
2007-05-03 10:00:00,1761.6220,14.4444
2007-05-03 11:00:00,1738.4170,14.2424
2007-05-03 12:00:00,1718.7840,14.3939
2007-05-03 13:00:00,1723.7450,14.5960
2007-05-03 14:00:00,1701.0920,14.5455
2007-05-03 15:00:00,1703.4740,14.5455
2007-05-03 16:00:00,1737.3000,14.1919
2007-05-03 17:00:00,1856.7790,13.8384
2007-05-03 18:00:00,2034.7630,13.2323
2007-05-03 19:00:00,2042.9450,12.5253
2007-05-03 20:00:00,2094.5640,12.1717
2007-05-03 21:00:00,2053.1740,11.9697
2007-05-03 22:00:00,1819.5010,11.7677
2007-05-03 23:00:00,1615.1250,11.8182
2007-05-04 00:00:00,1463.4280,11.4141
2007-05-04 01:00:00,1395.0650,11.1616
2007-05-04 02:00:00,1376.2510,10.8586
2007-05-04 03:00:00,1366.5530,10.7071
2007-05-04 04:00:00,1410.3780,10.3535
2007-05-04 05:00:00,1539.9650,10.3535
2007-05-04 06:00:00,1816.5980,10.8586
2007-05-04 07:00:00,1911.6070,12.0202
2007-05-04 08:00:00,1885.6420,12.9798
2007-05-04 09:00:00,1889.6150,14.3434
2007-05-04 10:00:00,1830.8910,15.2525
2007-05-04 11:00:00,1744.4120,16.4646
2007-05-04 12:00:00,1720.6120,17.0707
2007-05-04 13:00:00,1690.7740,17.7778
2007-05-04 14:00:00,1678.1210,18.0303
2007-05-04 15:00:00,1673.4940,18.3333
2007-05-04 16:00:00,1711.5510,18.2828
2007-05-04 17:00:00,1822.6920,17.6768
2007-05-04 18:00:00,1887.4590,16.4141
2007-05-04 19:00:00,1905.8410,14.8990
2007-05-04 20:00:00,1905.3040,13.5354
2007-05-04 21:00:00,1897.4420,12.3232
2007-05-04 22:00:00,1786.0280,11.9697
2007-05-04 23:00:00,1598.0660,11.5657
2007-05-05 00:00:00,1457.7010,11.6667
2007-05-05 01:00:00,1386.1180,11.3131
2007-05-05 02:00:00,1341.6230,11.2626
2007-05-05 03:00:00,1326.9320,11.0606
2007-05-05 04:00:00,1353.4470,11.1616
2007-05-05 05:00:00,1402.4050,11.3131
2007-05-05 06:00:00,1540.8300,11.6667
2007-05-05 07:00:00,1712.6490,12.9798
2007-05-05 08:00:00,1826.6850,14.5960
2007-05-05 09:00:00,1870.7050,15.8081
2007-05-05 10:00:00,1863.2470,16.3131
2007-05-05 11:00:00,1844.1620,16.6162
2007-05-05 12:00:00,1783.1200,16.8182
2007-05-05 13:00:00,1752.3080,17.0202
2007-05-05 14:00:00,1715.8780,17.2727
2007-05-05 15:00:00,1708.0760,16.9192
2007-05-05 16:00:00,1710.3220,15.8081
2007-05-05 17:00:00,1806.4070,14.8990
2007-05-05 18:00:00,1872.3010,14.2929
2007-05-05 19:00:00,1919.6680,13.7374
2007-05-05 20:00:00,1931.7790,13.1818
2007-05-05 21:00:00,1873.1970,13.1313
2007-05-05 22:00:00,1696.7310,12.6768
2007-05-05 23:00:00,1538.8610,12.5758
2007-05-06 00:00:00,1410.7970,12.5253
2007-05-06 01:00:00,1344.1950,12.3232
2007-05-06 02:00:00,1304.1340,12.1212
2007-05-06 03:00:00,1310.1850,11.9192
2007-05-06 04:00:00,1325.3760,11.2626
2007-05-06 05:00:00,1384.2320,10.6061
2007-05-06 06:00:00,1503.6220,10.2020
2007-05-06 07:00:00,1730.6490,10.9596
2007-05-06 08:00:00,1922.1770,11.9192
2007-05-06 09:00:00,1972.4890,12.7273
2007-05-06 10:00:00,1906.5890,13.4848
2007-05-06 11:00:00,1786.8070,14.3434
2007-05-06 12:00:00,1760.7050,14.9495
2007-05-06 13:00:00,1727.5570,15.3030
2007-05-06 14:00:00,1657.4730,15.7071
2007-05-06 15:00:00,1661.9670,15.7576
2007-05-06 16:00:00,1698.5670,15.6061
2007-05-06 17:00:00,1738.6600,15.0000
2007-05-06 18:00:00,1778.6220,13.8384
2007-05-06 19:00:00,1839.7840,12.1212
2007-05-06 20:00:00,2106.2520,10.7071
2007-05-06 21:00:00,2015.8400,9.1414
2007-05-06 22:00:00,1838.9480,7.9293
2007-05-06 23:00:00,1597.0420,6.8182
2007-05-07 00:00:00,1484.1030,6.1616
2007-05-07 01:00:00,1480.9250,5.6061
2007-05-07 02:00:00,1493.4530,5.1515
2007-05-07 03:00:00,1532.5450,4.8990
2007-05-07 04:00:00,1630.7830,4.7475
2007-05-07 05:00:00,1835.4580,4.7475
2007-05-07 06:00:00,2230.5430,5.5556
2007-05-07 07:00:00,2264.6320,7.8788
2007-05-07 08:00:00,2128.9510,10.3535
2007-05-07 09:00:00,2024.8470,12.3737
2007-05-07 10:00:00,1950.4740,13.7374
2007-05-07 11:00:00,1869.9700,15.2525
2007-05-07 12:00:00,1837.3350,15.9091
2007-05-07 13:00:00,1734.6060,16.7677
2007-05-07 14:00:00,1723.6850,17.2222
2007-05-07 15:00:00,1707.1400,17.3232
2007-05-07 16:00:00,1713.0600,17.3232
2007-05-07 17:00:00,1863.8030,16.5657
2007-05-07 18:00:00,1908.5230,15.6061
2007-05-07 19:00:00,1986.9190,13.7879
2007-05-07 20:00:00,2085.6110,11.5152
2007-05-07 21:00:00,2095.9110,10.2020
2007-05-07 22:00:00,1872.2830,9.2424
2007-05-07 23:00:00,1631.9710,8.4848
2007-05-08 00:00:00,1521.0090,7.7778
2007-05-08 01:00:00,1482.0710,7.4747
2007-05-08 02:00:00,1488.6220,7.1212
2007-05-08 03:00:00,1517.6770,6.8687
2007-05-08 04:00:00,1600.6460,6.0606
2007-05-08 05:00:00,1811.9140,6.0606
2007-05-08 06:00:00,2140.8170,7.2222
2007-05-08 07:00:00,2178.4380,9.6970
2007-05-08 08:00:00,2008.1880,11.8182
2007-05-08 09:00:00,1937.9470,13.7374
2007-05-08 10:00:00,1799.8620,15.6061
2007-05-08 11:00:00,1762.2900,17.4242
2007-05-08 12:00:00,1720.3440,18.4848
2007-05-08 13:00:00,1694.6000,19.3434
2007-05-08 14:00:00,1687.0590,20.1515
2007-05-08 15:00:00,1695.6110,20.4040
2007-05-08 16:00:00,1741.8870,20.2525
2007-05-08 17:00:00,1920.5980,20.2020
2007-05-08 18:00:00,1983.3340,19.5960
2007-05-08 19:00:00,2009.2730,18.4343
2007-05-08 20:00:00,2054.4970,16.4646
2007-05-08 21:00:00,2094.5260,15.6566
2007-05-08 22:00:00,1830.7550,14.7475
2007-05-08 23:00:00,1576.6520,14.5455
2007-05-09 00:00:00,1423.6000,14.3939
2007-05-09 01:00:00,1368.3580,14.2929
2007-05-09 02:00:00,1343.1280,13.9899
2007-05-09 03:00:00,1339.8110,13.9899
2007-05-09 04:00:00,1388.4220,14.0404
2007-05-09 05:00:00,1544.8150,14.0909
2007-05-09 06:00:00,1832.5400,14.5455
2007-05-09 07:00:00,1931.9010,15.6061
2007-05-09 08:00:00,1878.4410,16.9192
2007-05-09 09:00:00,1869.0630,18.2828
2007-05-09 10:00:00,1785.9470,20.3535
2007-05-09 11:00:00,1798.9630,22.0202
2007-05-09 12:00:00,1832.1920,22.8788
2007-05-09 13:00:00,1835.4120,23.8889
2007-05-09 14:00:00,1821.0450,24.6465
2007-05-09 15:00:00,1861.4200,25.2525
2007-05-09 16:00:00,1949.2170,24.8990
2007-05-09 17:00:00,2036.4580,24.3434
2007-05-09 18:00:00,2205.7930,22.9798
2007-05-09 19:00:00,2186.3890,21.0101
2007-05-09 20:00:00,2224.8060,20.1515
2007-05-09 21:00:00,2160.5500,18.3838
2007-05-09 22:00:00,1970.0140,18.0808
2007-05-09 23:00:00,1700.2810,17.8283
2007-05-10 00:00:00,1524.1090,17.5758
2007-05-10 01:00:00,1451.4160,17.3737
2007-05-10 02:00:00,1402.1110,17.2222
2007-05-10 03:00:00,1384.5220,17.4747
2007-05-10 04:00:00,1421.2320,17.2222
2007-05-10 05:00:00,1558.4110,16.9192
2007-05-10 06:00:00,1836.0520,17.3232
2007-05-10 07:00:00,1948.3130,18.1818
2007-05-10 08:00:00,1929.0310,19.5960
2007-05-10 09:00:00,1931.8150,20.9091
2007-05-10 10:00:00,1936.3610,22.2222
2007-05-10 11:00:00,1914.2120,23.4343
2007-05-10 12:00:00,1969.1600,24.5455
2007-05-10 13:00:00,2006.4260,25.3030
2007-05-10 14:00:00,2024.8430,25.8586
2007-05-10 15:00:00,2038.8230,26.0606
2007-05-10 16:00:00,2094.2510,26.1111
2007-05-10 17:00:00,2161.1890,25.9091
2007-05-10 18:00:00,2232.7310,24.8990
2007-05-10 19:00:00,2304.9520,22.4242
2007-05-10 20:00:00,2300.9250,20.2020
2007-05-10 21:00:00,2229.5230,19.1919
2007-05-10 22:00:00,2067.2200,18.4343
2007-05-10 23:00:00,1764.1870,18.1313
2007-05-11 00:00:00,1569.6850,17.4242
2007-05-11 01:00:00,1474.9540,16.9697
2007-05-11 02:00:00,1408.9970,16.9697
2007-05-11 03:00:00,1393.5470,16.6667
2007-05-11 04:00:00,1432.0290,16.5657
2007-05-11 05:00:00,1559.9400,16.4646
2007-05-11 06:00:00,1849.6970,16.5657
2007-05-11 07:00:00,1953.6600,18.4848
2007-05-11 08:00:00,1927.7840,20.5556
2007-05-11 09:00:00,1973.8740,22.8788
2007-05-11 10:00:00,2025.1700,24.9495
2007-05-11 11:00:00,2025.9680,26.5657
2007-05-11 12:00:00,2065.7460,27.5253
2007-05-11 13:00:00,2101.1490,28.2323
2007-05-11 14:00:00,2114.3320,28.2828
2007-05-11 15:00:00,2159.1140,28.3333
2007-05-11 16:00:00,2179.9540,28.3333
2007-05-11 17:00:00,2240.6430,26.6162
2007-05-11 18:00:00,2405.8690,25.8586
2007-05-11 19:00:00,2312.1650,23.9394
2007-05-11 20:00:00,2259.5610,21.6162
2007-05-11 21:00:00,2291.7420,20.6566
2007-05-11 22:00:00,2056.2950,19.5455
2007-05-11 23:00:00,1814.2160,18.5859
2007-05-12 00:00:00,1615.3640,18.1313
2007-05-12 01:00:00,1501.8730,17.3232
2007-05-12 02:00:00,1419.5900,17.1212
2007-05-12 03:00:00,1377.8030,17.3737
2007-05-12 04:00:00,1375.2540,17.1717
2007-05-12 05:00:00,1408.4290,16.9192
2007-05-12 06:00:00,1543.6740,17.5758
2007-05-12 07:00:00,1734.7510,18.9899
2007-05-12 08:00:00,1871.1210,20.4040
2007-05-12 09:00:00,1938.2250,21.8182
2007-05-12 10:00:00,1997.1400,23.2323
2007-05-12 11:00:00,2006.8230,23.9394
2007-05-12 12:00:00,2028.7360,24.5960
2007-05-12 13:00:00,2008.5780,24.8485
2007-05-12 14:00:00,1981.8700,24.7475
2007-05-12 15:00:00,2008.0700,24.4444
2007-05-12 16:00:00,2047.7470,23.6364
2007-05-12 17:00:00,2086.9080,22.4242
2007-05-12 18:00:00,2089.4240,21.1616
2007-05-12 19:00:00,2054.1200,19.5960
2007-05-12 20:00:00,2052.1920,18.4848
2007-05-12 21:00:00,2031.7990,17.3737
2007-05-12 22:00:00,1863.0370,17.0202
2007-05-12 23:00:00,1622.1410,16.5152
2007-05-13 00:00:00,1460.4670,15.9596
2007-05-13 01:00:00,1341.2440,15.7071
2007-05-13 02:00:00,1310.0050,15.7576
2007-05-13 03:00:00,1282.9250,15.6061
2007-05-13 04:00:00,1270.4910,15.6061
2007-05-13 05:00:00,1286.0450,15.0000
2007-05-13 06:00:00,1379.0380,14.7980
2007-05-13 07:00:00,1549.5300,14.8485
2007-05-13 08:00:00,1794.3400,15.0505
2007-05-13 09:00:00,1928.3170,15.3535
2007-05-13 10:00:00,1873.1540,15.8586
2007-05-13 11:00:00,1799.0080,16.7677
2007-05-13 12:00:00,1772.2330,17.9293
2007-05-13 13:00:00,1748.2580,19.1414
2007-05-13 14:00:00,1728.7190,19.6970
2007-05-13 15:00:00,1725.4220,20.0505
2007-05-13 16:00:00,1771.5640,20.2020
2007-05-13 17:00:00,1797.0820,19.7475
2007-05-13 18:00:00,1834.7040,18.4848
2007-05-13 19:00:00,1828.0310,16.1616
2007-05-13 20:00:00,1946.9700,11.9697
2007-05-13 21:00:00,1924.1380,10.4040
2007-05-13 22:00:00,1737.3880,9.1414
2007-05-13 23:00:00,1508.8480,8.0303
2007-05-14 00:00:00,1359.2520,7.2222
2007-05-14 01:00:00,1316.8970,6.4646
2007-05-14 02:00:00,1301.4260,5.8081
2007-05-14 03:00:00,1338.6230,5.4040
2007-05-14 04:00:00,1393.6090,5.0505
2007-05-14 05:00:00,1590.1320,4.6970
2007-05-14 06:00:00,1939.9240,6.5152
2007-05-14 07:00:00,2016.0490,10.8081
2007-05-14 08:00:00,1899.0460,13.8889
2007-05-14 09:00:00,1861.0510,16.5657
2007-05-14 10:00:00,1870.1840,18.4848
2007-05-14 11:00:00,1785.0510,19.6970
2007-05-14 12:00:00,1758.0860,20.7576
2007-05-14 13:00:00,1742.6070,21.7172
2007-05-14 14:00:00,1753.2890,21.9192
2007-05-14 15:00:00,1787.4820,22.0707
2007-05-14 16:00:00,1825.4450,22.0707
2007-05-14 17:00:00,1891.7170,21.4141
2007-05-14 18:00:00,1998.9920,20.4545
2007-05-14 19:00:00,2030.7170,17.7273
2007-05-14 20:00:00,2040.8300,15.8081
2007-05-14 21:00:00,2064.8280,14.6970
2007-05-14 22:00:00,1818.0030,14.2424
2007-05-14 23:00:00,1571.1150,13.5354
2007-05-15 00:00:00,1412.7990,13.6869
2007-05-15 01:00:00,1364.1190,13.1818
2007-05-15 02:00:00,1344.9360,13.1818
2007-05-15 03:00:00,1353.6330,13.1818
2007-05-15 04:00:00,1396.9980,12.8788
2007-05-15 05:00:00,1551.2080,12.7273
2007-05-15 06:00:00,1854.2010,13.3333
2007-05-15 07:00:00,1926.2290,15.8081
2007-05-15 08:00:00,1846.7200,18.3333
2007-05-15 09:00:00,1857.1720,21.0606
2007-05-15 10:00:00,1859.7820,22.4242
2007-05-15 11:00:00,1861.5210,24.1919
2007-05-15 12:00:00,1878.3900,25.4545
2007-05-15 13:00:00,1900.0940,26.6162
2007-05-15 14:00:00,1934.6700,27.0202
2007-05-15 15:00:00,2019.1690,27.2727
2007-05-15 16:00:00,2135.5540,27.3232
2007-05-15 17:00:00,2254.4380,26.7172
2007-05-15 18:00:00,2252.7930,25.7576
2007-05-15 19:00:00,2326.4300,23.8889
2007-05-15 20:00:00,2328.2620,22.5253
2007-05-15 21:00:00,2255.5040,21.7172
2007-05-15 22:00:00,2032.6770,20.9091
2007-05-15 23:00:00,1759.0320,20.6566
2007-05-16 00:00:00,1571.7980,19.8990
2007-05-16 01:00:00,1477.2720,19.6970
2007-05-16 02:00:00,1405.1300,19.1414
2007-05-16 03:00:00,1377.9610,18.9899
2007-05-16 04:00:00,1384.1980,18.4848
2007-05-16 05:00:00,1508.9620,18.2323
2007-05-16 06:00:00,1777.1100,18.3333
2007-05-16 07:00:00,1871.6230,19.5455
2007-05-16 08:00:00,1865.6300,21.1111
2007-05-16 09:00:00,1920.6600,22.6263
2007-05-16 10:00:00,1981.4560,24.0909
2007-05-16 11:00:00,1968.8020,25.6566
2007-05-16 12:00:00,2007.5260,26.4141
2007-05-16 13:00:00,1980.1180,26.5657
2007-05-16 14:00:00,1966.6700,26.4646
2007-05-16 15:00:00,1959.7330,25.9091
2007-05-16 16:00:00,2041.1650,24.2424
2007-05-16 17:00:00,2071.5170,23.2828
2007-05-16 18:00:00,2139.7830,22.1212
2007-05-16 19:00:00,2099.2010,20.1010
2007-05-16 20:00:00,2066.4250,18.9394
2007-05-16 21:00:00,2000.6300,17.9293
2007-05-16 22:00:00,1820.9910,17.0202
2007-05-16 23:00:00,1614.2370,16.4141
2007-05-17 00:00:00,1454.7880,15.8586
2007-05-17 01:00:00,1397.0700,15.4040
2007-05-17 02:00:00,1368.3010,14.9495
2007-05-17 03:00:00,1356.2860,14.3434
2007-05-17 04:00:00,1401.2350,13.8889
2007-05-17 05:00:00,1545.6110,13.4848
2007-05-17 06:00:00,1800.9900,13.6364
2007-05-17 07:00:00,1861.3150,15.1010
2007-05-17 08:00:00,1850.4090,16.3131
2007-05-17 09:00:00,1839.6930,17.1212
2007-05-17 10:00:00,1828.7970,17.7273
2007-05-17 11:00:00,1691.4030,18.3333
2007-05-17 12:00:00,1685.2930,19.0404
2007-05-17 13:00:00,1697.3700,19.0404
2007-05-17 14:00:00,1694.3090,19.0909
2007-05-17 15:00:00,1744.7530,18.9899
2007-05-17 16:00:00,1792.3150,18.6364
2007-05-17 17:00:00,1879.2460,17.7778
2007-05-17 18:00:00,1968.9700,17.4242
2007-05-17 19:00:00,1990.4780,15.8586
2007-05-17 20:00:00,2041.8140,14.6970
2007-05-17 21:00:00,1997.0880,14.2929
2007-05-17 22:00:00,1844.7040,13.4848
2007-05-17 23:00:00,1625.1760,13.2828
2007-05-18 00:00:00,1451.1170,12.7273
2007-05-18 01:00:00,1388.3470,12.5758
2007-05-18 02:00:00,1358.8970,12.6263
2007-05-18 03:00:00,1368.0710,12.3232
2007-05-18 04:00:00,1399.7460,12.2222
2007-05-18 05:00:00,1555.0410,12.0202
2007-05-18 06:00:00,1835.3740,11.8687
2007-05-18 07:00:00,1984.2180,12.0707
2007-05-18 08:00:00,1934.1500,12.0202
2007-05-18 09:00:00,1939.7020,12.1717
2007-05-18 10:00:00,1971.3010,12.3737
2007-05-18 11:00:00,1927.1270,12.3232
2007-05-18 12:00:00,1885.3750,12.7778
2007-05-18 13:00:00,1852.1720,12.8283
2007-05-18 14:00:00,1829.8780,12.8283
2007-05-18 15:00:00,1860.3810,13.1818
2007-05-18 16:00:00,1891.9760,13.3333
2007-05-18 17:00:00,1996.6150,13.1313
2007-05-18 18:00:00,2104.6940,12.8788
2007-05-18 19:00:00,2091.2140,11.8687
2007-05-18 20:00:00,2057.0790,11.0606
2007-05-18 21:00:00,2072.6040,10.1515
2007-05-18 22:00:00,1966.9880,9.8485
2007-05-18 23:00:00,1747.0880,9.7475
2007-05-19 00:00:00,1611.5590,9.8990
2007-05-19 01:00:00,1542.0510,9.5960
2007-05-19 02:00:00,1496.5450,9.6465
2007-05-19 03:00:00,1488.1880,9.5455
2007-05-19 04:00:00,1550.9870,8.9899
2007-05-19 05:00:00,1600.3510,8.7374
2007-05-19 06:00:00,1783.1980,9.2424
2007-05-19 07:00:00,1934.6690,11.4141
2007-05-19 08:00:00,2038.1000,13.1313
2007-05-19 09:00:00,2023.9430,15.1515
2007-05-19 10:00:00,1918.1660,16.7172
2007-05-19 11:00:00,1842.7330,18.0303
2007-05-19 12:00:00,1780.9230,18.7879
2007-05-19 13:00:00,1723.2540,19.8990
2007-05-19 14:00:00,1718.6720,20.5051
2007-05-19 15:00:00,1733.3900,20.9596
2007-05-19 16:00:00,1741.1900,20.9091
2007-05-19 17:00:00,1787.1360,20.3535
2007-05-19 18:00:00,1781.8340,19.6465
2007-05-19 19:00:00,1790.8220,17.0707
2007-05-19 20:00:00,1892.1210,15.0000
2007-05-19 21:00:00,1897.8420,14.6465
2007-05-19 22:00:00,1744.2430,13.9899
2007-05-19 23:00:00,1595.5070,13.6869
2007-05-20 00:00:00,1428.8170,13.5859
2007-05-20 01:00:00,1344.7910,12.9798
2007-05-20 02:00:00,1317.4940,12.4747
2007-05-20 03:00:00,1306.5960,12.1212
2007-05-20 04:00:00,1322.8180,11.5152
2007-05-20 05:00:00,1383.9340,11.3636
2007-05-20 06:00:00,1498.3050,12.3232
2007-05-20 07:00:00,1634.4670,15.1515
2007-05-20 08:00:00,1820.5300,17.5253
2007-05-20 09:00:00,1892.3330,20.1010
2007-05-20 10:00:00,1882.2900,21.5657
2007-05-20 11:00:00,1864.3940,23.0303
2007-05-20 12:00:00,1867.1690,24.0404
2007-05-20 13:00:00,1851.6480,24.5455
2007-05-20 14:00:00,1834.7620,25.5051
2007-05-20 15:00:00,1862.7470,25.9091
2007-05-20 16:00:00,1888.5250,26.3636
2007-05-20 17:00:00,1936.7140,26.0101
2007-05-20 18:00:00,1982.2140,25.0000
2007-05-20 19:00:00,2010.0220,22.9798
2007-05-20 20:00:00,2122.4500,20.5556
2007-05-20 21:00:00,2106.8940,19.5455
2007-05-20 22:00:00,1839.6680,18.7374
2007-05-20 23:00:00,1584.9570,18.5354
2007-05-21 00:00:00,1412.1130,16.9697
2007-05-21 01:00:00,1330.0630,16.5657
2007-05-21 02:00:00,1303.9110,16.2626
2007-05-21 03:00:00,1302.9240,15.4040
2007-05-21 04:00:00,1340.3090,15.2020
2007-05-21 05:00:00,1475.0700,14.5960
2007-05-21 06:00:00,1769.1770,15.3030
2007-05-21 07:00:00,1874.4250,16.8182
2007-05-21 08:00:00,1888.0040,18.5859
2007-05-21 09:00:00,1895.9250,19.6465
2007-05-21 10:00:00,1869.7740,20.5051
2007-05-21 11:00:00,1821.1390,21.7172
2007-05-21 12:00:00,1849.2580,22.4747
2007-05-21 13:00:00,1861.8660,23.3333
2007-05-21 14:00:00,1908.9530,23.9899
2007-05-21 15:00:00,1973.7450,24.3939
2007-05-21 16:00:00,2020.0250,24.2929
2007-05-21 17:00:00,2148.7880,23.2323
2007-05-21 18:00:00,2132.3690,22.1212
2007-05-21 19:00:00,2126.5610,20.1010
2007-05-21 20:00:00,2140.5740,18.0808
2007-05-21 21:00:00,2141.8170,16.6667
2007-05-21 22:00:00,1875.9960,15.5051
2007-05-21 23:00:00,1624.1260,14.3939
2007-05-22 00:00:00,1456.4360,14.1414
2007-05-22 01:00:00,1367.8210,13.6364
2007-05-22 02:00:00,1328.5260,13.1313
2007-05-22 03:00:00,1326.8560,12.8788
2007-05-22 04:00:00,1359.6430,12.7778
2007-05-22 05:00:00,1516.6020,12.3737
2007-05-22 06:00:00,1788.2480,13.0808
2007-05-22 07:00:00,1889.3580,15.4040
2007-05-22 08:00:00,1863.7070,17.4747
2007-05-22 09:00:00,1860.7670,19.6465
2007-05-22 10:00:00,1878.4310,21.2121
2007-05-22 11:00:00,1885.5040,22.0707
2007-05-22 12:00:00,1858.1510,22.8283
2007-05-22 13:00:00,1864.2370,23.3838
2007-05-22 14:00:00,1861.8670,24.1919
2007-05-22 15:00:00,1903.0970,24.1919
2007-05-22 16:00:00,1987.4660,23.7374
2007-05-22 17:00:00,2074.6760,22.8788
2007-05-22 18:00:00,2174.9650,21.8182
2007-05-22 19:00:00,2168.6690,19.9495
2007-05-22 20:00:00,2126.0720,17.9798
2007-05-22 21:00:00,2171.4750,16.7677
2007-05-22 22:00:00,1928.8070,15.8586
2007-05-22 23:00:00,1663.4050,14.4949
2007-05-23 00:00:00,1490.1300,13.4848
2007-05-23 01:00:00,1398.0540,12.9798
2007-05-23 02:00:00,1365.3510,12.7778
2007-05-23 03:00:00,1354.9240,12.2222
2007-05-23 04:00:00,1393.3650,11.7677
2007-05-23 05:00:00,1530.7820,11.6162
2007-05-23 06:00:00,1794.7540,12.6768
2007-05-23 07:00:00,1897.5030,15.6566
2007-05-23 08:00:00,1866.8240,17.9798
2007-05-23 09:00:00,1880.0920,20.5556
2007-05-23 10:00:00,1903.0340,21.9697
2007-05-23 11:00:00,1869.3040,22.8283
2007-05-23 12:00:00,1904.2380,23.5354
2007-05-23 13:00:00,1920.9800,24.3939
2007-05-23 14:00:00,1903.6290,24.3434
2007-05-23 15:00:00,1959.3720,24.6465
2007-05-23 16:00:00,2034.2920,24.2424
2007-05-23 17:00:00,2116.4600,23.3333
2007-05-23 18:00:00,2209.9030,22.2222
2007-05-23 19:00:00,2179.4760,20.3535
2007-05-23 20:00:00,2149.7050,17.9293
2007-05-23 21:00:00,2177.2640,16.5152
2007-05-23 22:00:00,1923.8250,15.5051
2007-05-23 23:00:00,1674.1880,14.8485
2007-05-24 00:00:00,1494.8370,13.9899
2007-05-24 01:00:00,1426.1860,12.7778
2007-05-24 02:00:00,1369.2440,12.0202
2007-05-24 03:00:00,1351.8030,11.3131
2007-05-24 04:00:00,1401.4770,10.6061
2007-05-24 05:00:00,1535.6960,10.1515
2007-05-24 06:00:00,1797.4820,11.8182
2007-05-24 07:00:00,1885.1740,15.3030
2007-05-24 08:00:00,1852.7850,18.4343
2007-05-24 09:00:00,1858.6020,20.6061
2007-05-24 10:00:00,1895.7770,21.9192
2007-05-24 11:00:00,1892.0240,23.2828
2007-05-24 12:00:00,1904.8900,24.4444
2007-05-24 13:00:00,1958.8520,25.2525
2007-05-24 14:00:00,1963.5830,25.8586
2007-05-24 15:00:00,2025.6680,25.6061
2007-05-24 16:00:00,2159.6210,25.7071
2007-05-24 17:00:00,2214.0020,25.3030
2007-05-24 18:00:00,2249.4370,24.3434
2007-05-24 19:00:00,2264.9980,21.8687
2007-05-24 20:00:00,2308.5980,18.8889
2007-05-24 21:00:00,2293.1830,16.6667
2007-05-24 22:00:00,2023.3150,16.0101
2007-05-24 23:00:00,1713.0600,15.1010
2007-05-25 00:00:00,1540.9690,14.3939
2007-05-25 01:00:00,1463.1130,13.8384
2007-05-25 02:00:00,1403.8810,13.2323
2007-05-25 03:00:00,1374.3720,12.7778
2007-05-25 04:00:00,1407.3470,12.5758
2007-05-25 05:00:00,1528.4800,12.2727
2007-05-25 06:00:00,1788.1550,13.9899
2007-05-25 07:00:00,1941.1500,17.1717
2007-05-25 08:00:00,1978.1460,20.2020
2007-05-25 09:00:00,1977.0150,22.3737
2007-05-25 10:00:00,2001.0920,24.2929
2007-05-25 11:00:00,2105.8610,25.7576
2007-05-25 12:00:00,2153.9560,27.0202
2007-05-25 13:00:00,2151.6570,27.8283
2007-05-25 14:00:00,2180.8290,28.1313
2007-05-25 15:00:00,2244.4460,28.4848
2007-05-25 16:00:00,2312.3370,28.4848
2007-05-25 17:00:00,2374.1130,28.1313
2007-05-25 18:00:00,2438.1360,27.0202
2007-05-25 19:00:00,2464.8930,24.0909
2007-05-25 20:00:00,2475.4630,21.2121
2007-05-25 21:00:00,2439.4110,20.1010
2007-05-25 22:00:00,2201.8590,19.0404
2007-05-25 23:00:00,1919.3350,18.6869
2007-05-26 00:00:00,1697.6950,18.0303
2007-05-26 01:00:00,1573.5200,18.0303
2007-05-26 02:00:00,1496.2390,17.6263
2007-05-26 03:00:00,1446.7500,17.4747
2007-05-26 04:00:00,1431.0270,17.3232
2007-05-26 05:00:00,1459.2810,16.8182
2007-05-26 06:00:00,1541.0040,17.4242
2007-05-26 07:00:00,1748.9890,19.4949
2007-05-26 08:00:00,1977.9510,22.1212
2007-05-26 09:00:00,2161.6960,24.5960
2007-05-26 10:00:00,2279.5960,26.7677
2007-05-26 11:00:00,2352.1040,28.1313
2007-05-26 12:00:00,2450.1190,29.3939
2007-05-26 13:00:00,2428.7310,30.1010
2007-05-26 14:00:00,2445.6530,30.7071
2007-05-26 15:00:00,2464.4090,29.9495
2007-05-26 16:00:00,2507.4650,28.9899
2007-05-26 17:00:00,2522.1140,27.8788
2007-05-26 18:00:00,2667.3410,26.5152
2007-05-26 19:00:00,2533.8570,24.1414
2007-05-26 20:00:00,2480.1300,22.5758
2007-05-26 21:00:00,2415.5220,21.2626
2007-05-26 22:00:00,2202.8430,20.8586
2007-05-26 23:00:00,1908.0310,20.2020
2007-05-27 00:00:00,1690.4450,20.2020
2007-05-27 01:00:00,1562.2600,19.6970
2007-05-27 02:00:00,1489.9280,19.1414
2007-05-27 03:00:00,1431.6680,18.5859
2007-05-27 04:00:00,1407.4080,18.2323
2007-05-27 05:00:00,1411.0420,17.9293
2007-05-27 06:00:00,1480.0110,18.4343
2007-05-27 07:00:00,1666.2070,20.3030
2007-05-27 08:00:00,1974.2250,22.0707
2007-05-27 09:00:00,2137.7210,24.0404
2007-05-27 10:00:00,2256.5050,26.0101
2007-05-27 11:00:00,2325.7760,27.9798
2007-05-27 12:00:00,2426.7190,29.3434
2007-05-27 13:00:00,2545.1550,30.1515
2007-05-27 14:00:00,2545.8380,30.9596
2007-05-27 15:00:00,2553.3130,30.6061
2007-05-27 16:00:00,2480.9250,30.2020
2007-05-27 17:00:00,2484.1090,28.9899
2007-05-27 18:00:00,2549.3570,27.2727
2007-05-27 19:00:00,2425.7320,25.3535
2007-05-27 20:00:00,2427.4420,22.8788
2007-05-27 21:00:00,2346.6190,22.0707
2007-05-27 22:00:00,2126.8070,21.5657
2007-05-27 23:00:00,1839.9640,21.0606
2007-05-28 00:00:00,1622.6340,20.5556
2007-05-28 01:00:00,1527.3780,19.7475
2007-05-28 02:00:00,1460.8420,19.6970
2007-05-28 03:00:00,1415.6030,19.0404
2007-05-28 04:00:00,1381.1720,18.4343
2007-05-28 05:00:00,1383.9220,18.2323
2007-05-28 06:00:00,1459.8220,18.8384
2007-05-28 07:00:00,1635.9010,20.7071
2007-05-28 08:00:00,1901.8790,22.8283
2007-05-28 09:00:00,2154.9470,25.0000
2007-05-28 10:00:00,2333.6370,26.5152
2007-05-28 11:00:00,2413.7500,27.5758
2007-05-28 12:00:00,2476.4670,28.9899
2007-05-28 13:00:00,2495.7040,29.7980
2007-05-28 14:00:00,2470.2290,30.2525
2007-05-28 15:00:00,2466.4070,29.3939
2007-05-28 16:00:00,2440.2610,29.0909
2007-05-28 17:00:00,2457.4940,28.3333
2007-05-28 18:00:00,2606.4170,27.2222
2007-05-28 19:00:00,2512.0880,25.1010
2007-05-28 20:00:00,2497.3850,22.2222
2007-05-28 21:00:00,2401.8560,21.2626
2007-05-28 22:00:00,2104.9260,20.3030
2007-05-28 23:00:00,1779.0190,19.1414
2007-05-29 00:00:00,1574.2510,18.6869
2007-05-29 01:00:00,1474.1870,18.0808
2007-05-29 02:00:00,1410.2810,17.6263
2007-05-29 03:00:00,1409.5520,17.3737
2007-05-29 04:00:00,1429.2610,16.8687
2007-05-29 05:00:00,1541.0620,16.6667
2007-05-29 06:00:00,1816.8020,17.4242
2007-05-29 07:00:00,2091.6610,20.3030
2007-05-29 08:00:00,2093.5430,21.8182
2007-05-29 09:00:00,2185.0180,23.6364
2007-05-29 10:00:00,2278.2700,25.1515
2007-05-29 11:00:00,2273.6230,26.1616
2007-05-29 12:00:00,2229.8760,27.1717
2007-05-29 13:00:00,2291.5760,27.4747
2007-05-29 14:00:00,2321.9270,27.9293
2007-05-29 15:00:00,2393.3720,27.7778
2007-05-29 16:00:00,2496.7520,27.4747
2007-05-29 17:00:00,2553.6100,26.9192
2007-05-29 18:00:00,2606.3920,25.7576
2007-05-29 19:00:00,2593.4830,23.3333
2007-05-29 20:00:00,2565.6130,20.5556
2007-05-29 21:00:00,2507.8860,18.9899
2007-05-29 22:00:00,2195.1260,18.4343
2007-05-29 23:00:00,1860.4170,16.9697
2007-05-30 00:00:00,1644.5700,16.2626
2007-05-30 01:00:00,1548.9730,15.8081
2007-05-30 02:00:00,1485.5420,15.1010
2007-05-30 03:00:00,1463.3780,14.5455
2007-05-30 04:00:00,1486.2660,14.1414
2007-05-30 05:00:00,1615.6750,13.2828
2007-05-30 06:00:00,1855.7450,15.3030
2007-05-30 07:00:00,1962.9230,18.5859
2007-05-30 08:00:00,2001.8730,21.3636
2007-05-30 09:00:00,2086.6650,23.6869
2007-05-30 10:00:00,2170.9360,25.4040
2007-05-30 11:00:00,2262.1210,26.6667
2007-05-30 12:00:00,2264.7060,27.6768
2007-05-30 13:00:00,2394.5800,28.2323
2007-05-30 14:00:00,2440.8560,29.0404
2007-05-30 15:00:00,2514.0830,28.8889
2007-05-30 16:00:00,2567.6000,28.7879
2007-05-30 17:00:00,2659.5940,28.1818
2007-05-30 18:00:00,2713.5850,27.0202
2007-05-30 19:00:00,2717.0390,24.8485
2007-05-30 20:00:00,2686.7860,22.4747
2007-05-30 21:00:00,2588.8350,20.6566
2007-05-30 22:00:00,2268.4780,19.6465
2007-05-30 23:00:00,1924.9870,18.8384
2007-05-31 00:00:00,1728.0110,17.9798
2007-05-31 01:00:00,1632.6320,17.5758
2007-05-31 02:00:00,1553.7030,16.9192
2007-05-31 03:00:00,1515.9710,15.9596
2007-05-31 04:00:00,1545.6360,15.8586
2007-05-31 05:00:00,1660.7660,15.2525
2007-05-31 06:00:00,1913.4370,16.8687
2007-05-31 07:00:00,2139.4570,20.1010
2007-05-31 08:00:00,2223.9540,22.5758
2007-05-31 09:00:00,2349.2480,24.8485
2007-05-31 10:00:00,2453.8680,26.7677
2007-05-31 11:00:00,2476.1700,27.9293
2007-05-31 12:00:00,2516.3890,29.1414
2007-05-31 13:00:00,2585.9750,29.9495
2007-05-31 14:00:00,2599.4770,30.3535
2007-05-31 15:00:00,2625.9260,30.0505
2007-05-31 16:00:00,2678.3250,29.1919
2007-05-31 17:00:00,2701.7770,28.2828
2007-05-31 18:00:00,2695.1550,27.0707
2007-05-31 19:00:00,2704.7110,24.8485
2007-05-31 20:00:00,2591.1470,22.5253
2007-05-31 21:00:00,2591.6600,21.8182
2007-05-31 22:00:00,2271.4080,21.2121
2007-05-31 23:00:00,1956.6100,20.4040
2007-06-01 00:00:00,1756.6320,19.6970
2007-06-01 01:00:00,1639.1590,18.8889
2007-06-01 02:00:00,1578.2030,18.0303
2007-06-01 03:00:00,1538.3440,17.7273
2007-06-01 04:00:00,1553.4190,17.2222
2007-06-01 05:00:00,1670.9550,16.8182
2007-06-01 06:00:00,1926.9370,17.9293
2007-06-01 07:00:00,2079.8410,20.1010
2007-06-01 08:00:00,2118.8830,21.9192
2007-06-01 09:00:00,2191.2060,24.4444
2007-06-01 10:00:00,2304.6870,26.2121
2007-06-01 11:00:00,2424.8420,27.5253
2007-06-01 12:00:00,2539.6020,28.8384
2007-06-01 13:00:00,2566.5980,29.7475
2007-06-01 14:00:00,2632.0200,30.2525
2007-06-01 15:00:00,2703.0300,30.2020
2007-06-01 16:00:00,2745.6080,29.7980
2007-06-01 17:00:00,2666.7550,29.1414
2007-06-01 18:00:00,2234.3110,27.3232
2007-06-01 19:00:00,2184.5560,25.4545
2007-06-01 20:00:00,2240.8450,23.3333
2007-06-01 21:00:00,2131.4800,22.0707
2007-06-01 22:00:00,1938.8050,20.9596
2007-06-01 23:00:00,1707.7600,20.7576
2007-06-02 00:00:00,1515.3230,20.1515
2007-06-02 01:00:00,1400.5760,19.3939
2007-06-02 02:00:00,1315.9060,18.8889
2007-06-02 03:00:00,1262.2450,18.5354
2007-06-02 04:00:00,1250.0890,18.0808
2007-06-02 05:00:00,1261.4560,17.8283
2007-06-02 06:00:00,1324.1940,18.5859
2007-06-02 07:00:00,1489.7510,20.7576
2007-06-02 08:00:00,2163.1750,22.5253
2007-06-02 09:00:00,2340.6070,24.6970
2007-06-02 10:00:00,2464.4810,26.3636
2007-06-02 11:00:00,2541.3770,27.5253
2007-06-02 12:00:00,2632.0720,28.7374
2007-06-02 13:00:00,2701.4740,28.8889
2007-06-02 14:00:00,2701.3610,28.6364
2007-06-02 15:00:00,2707.8260,28.3333
2007-06-02 16:00:00,2633.2850,27.4747
2007-06-02 17:00:00,2603.6180,26.2626
2007-06-02 18:00:00,2580.9700,25.1515
2007-06-02 19:00:00,2480.1430,23.9899
2007-06-02 20:00:00,2424.7120,23.0303
2007-06-02 21:00:00,2354.4530,22.2727
2007-06-02 22:00:00,2141.6000,21.7172
2007-06-02 23:00:00,1918.4860,21.2121
2007-06-03 00:00:00,1724.0070,20.6566
2007-06-03 01:00:00,1596.0870,20.3535
2007-06-03 02:00:00,1513.5850,19.8990
2007-06-03 03:00:00,1474.9260,19.4444
2007-06-03 04:00:00,1453.9420,19.1919
2007-06-03 05:00:00,1467.7640,19.0909
2007-06-03 06:00:00,1552.2430,19.1414
2007-06-03 07:00:00,1703.2190,19.3939
2007-06-03 08:00:00,1913.3410,19.7980
2007-06-03 09:00:00,2053.1100,19.7980
2007-06-03 10:00:00,2077.8810,19.6970
2007-06-03 11:00:00,2055.3400,19.7475
2007-06-03 12:00:00,2030.4950,20.2525
2007-06-03 13:00:00,2032.0860,20.5051
2007-06-03 14:00:00,1976.4730,20.7071
2007-06-03 15:00:00,1961.7290,21.0606
2007-06-03 16:00:00,1996.1550,20.7576
2007-06-03 17:00:00,2053.9170,20.6566
2007-06-03 18:00:00,2099.3500,20.4545
2007-06-03 19:00:00,2108.1190,20.5051
2007-06-03 20:00:00,2126.0490,20.0000
2007-06-03 21:00:00,2103.9160,19.8990
2007-06-03 22:00:00,1876.0520,19.8990
2007-06-03 23:00:00,1647.1890,19.7475
2007-06-04 00:00:00,1508.1060,19.4949
2007-06-04 01:00:00,1450.6760,19.3434
2007-06-04 02:00:00,1398.2500,19.1919
2007-06-04 03:00:00,1386.7780,18.8384
2007-06-04 04:00:00,1423.6010,18.2828
2007-06-04 05:00:00,1560.0930,18.1818
2007-06-04 06:00:00,1823.6620,18.5859
2007-06-04 07:00:00,1960.7970,19.7980
2007-06-04 08:00:00,1974.4610,21.1111
2007-06-04 09:00:00,2059.4720,22.6768
2007-06-04 10:00:00,2116.1310,24.1414
2007-06-04 11:00:00,2189.8640,25.4545
2007-06-04 12:00:00,2245.7650,26.6162
2007-06-04 13:00:00,2275.8520,27.7778
2007-06-04 14:00:00,2338.2200,28.1313
2007-06-04 15:00:00,2299.3890,28.5354
2007-06-04 16:00:00,2504.3160,28.3838
2007-06-04 17:00:00,2664.7910,28.0808
2007-06-04 18:00:00,2633.3570,27.2222
2007-06-04 19:00:00,2587.1340,25.2525
2007-06-04 20:00:00,2542.4370,22.3737
2007-06-04 21:00:00,2500.4550,21.8687
2007-06-04 22:00:00,2194.6900,21.3636
2007-06-04 23:00:00,1872.1940,20.5556
2007-06-05 00:00:00,1663.0450,20.6566
2007-06-05 01:00:00,1578.7450,19.8990
2007-06-05 02:00:00,1511.8140,19.3434
2007-06-05 03:00:00,1481.4070,19.0909
2007-06-05 04:00:00,1499.5240,18.6364
2007-06-05 05:00:00,1616.8150,18.5859
2007-06-05 06:00:00,1866.5100,19.4444
2007-06-05 07:00:00,2017.3810,21.1616
2007-06-05 08:00:00,2062.8820,22.8283
2007-06-05 09:00:00,2109.8380,24.4444
2007-06-05 10:00:00,2173.4010,25.7071
2007-06-05 11:00:00,2223.8040,26.2121
2007-06-05 12:00:00,2240.9870,26.7677
2007-06-05 13:00:00,2241.7890,27.3737
2007-06-05 14:00:00,2249.3300,27.8283
2007-06-05 15:00:00,2246.0570,27.7273
2007-06-05 16:00:00,2344.6610,27.5758
2007-06-05 17:00:00,2445.4020,27.3232
2007-06-05 18:00:00,2543.7900,26.3636
2007-06-05 19:00:00,2443.2810,24.2929
2007-06-05 20:00:00,2473.9480,21.7172
2007-06-05 21:00:00,2414.5340,20.4040
2007-06-05 22:00:00,2136.4880,19.2424
2007-06-05 23:00:00,1821.7620,19.1919
2007-06-06 00:00:00,1650.7020,18.4343
2007-06-06 01:00:00,1536.6870,17.5758
2007-06-06 02:00:00,1472.4670,17.2222
2007-06-06 03:00:00,1456.6120,17.0707
2007-06-06 04:00:00,1482.4100,17.0202
2007-06-06 05:00:00,1600.9720,16.1111
2007-06-06 06:00:00,1847.5560,16.6667
2007-06-06 07:00:00,1980.3890,17.8788
2007-06-06 08:00:00,1966.7810,20.1010
2007-06-06 09:00:00,1981.2410,21.3131
2007-06-06 10:00:00,2045.5450,22.2222
2007-06-06 11:00:00,2076.2390,22.9293
2007-06-06 12:00:00,2106.4910,23.6364
2007-06-06 13:00:00,2127.3230,24.3434
2007-06-06 14:00:00,2123.3400,24.6465
2007-06-06 15:00:00,2175.1270,25.1010
2007-06-06 16:00:00,2290.0010,25.2020
2007-06-06 17:00:00,2379.5060,25.0000
2007-06-06 18:00:00,2421.3750,24.5960
2007-06-06 19:00:00,2344.1630,22.0707
2007-06-06 20:00:00,2309.0420,18.0808
2007-06-06 21:00:00,2309.0970,16.3131
2007-06-06 22:00:00,2030.9540,15.8081
2007-06-06 23:00:00,1710.4980,15.0000
2007-06-07 00:00:00,1541.9170,14.6970
2007-06-07 01:00:00,1463.8420,13.9899
2007-06-07 02:00:00,1417.0290,13.7879
2007-06-07 03:00:00,1404.9940,13.3838
2007-06-07 04:00:00,1443.3830,12.5758
2007-06-07 05:00:00,1550.9130,12.5758
2007-06-07 06:00:00,1800.8130,14.4444
2007-06-07 07:00:00,1950.0290,17.9293
2007-06-07 08:00:00,1956.1580,20.7576
2007-06-07 09:00:00,1965.8350,23.7879
2007-06-07 10:00:00,2066.8820,25.7071
2007-06-07 11:00:00,2161.0320,27.1212
2007-06-07 12:00:00,2256.9710,28.2323
2007-06-07 13:00:00,2288.3490,29.1414
2007-06-07 14:00:00,2316.5490,30.0505
2007-06-07 15:00:00,2455.7000,30.3535
2007-06-07 16:00:00,2589.3800,30.5556
2007-06-07 17:00:00,2690.3740,30.1515
2007-06-07 18:00:00,2831.7950,29.2424
2007-06-07 19:00:00,2772.2840,26.6667
2007-06-07 20:00:00,2713.1240,23.9899
2007-06-07 21:00:00,2690.4650,22.9293
2007-06-07 22:00:00,2376.0580,22.7273
2007-06-07 23:00:00,2023.7150,22.3737
2007-06-08 00:00:00,1821.6090,22.1717
2007-06-08 01:00:00,1710.7580,21.8182
2007-06-08 02:00:00,1616.4420,21.5657
2007-06-08 03:00:00,1578.1160,21.2626
2007-06-08 04:00:00,1586.0660,21.2626
2007-06-08 05:00:00,1712.4840,21.1616
2007-06-08 06:00:00,1952.8380,22.2727
2007-06-08 07:00:00,2156.8080,24.0404
2007-06-08 08:00:00,2295.1660,26.8687
2007-06-08 09:00:00,2485.6130,28.4848
2007-06-08 10:00:00,2639.9070,30.2020
2007-06-08 11:00:00,2811.0060,31.4646
2007-06-08 12:00:00,2904.2100,32.2727
2007-06-08 13:00:00,2925.4440,33.1818
2007-06-08 14:00:00,2990.1430,33.6364
2007-06-08 15:00:00,3037.6090,33.8384
2007-06-08 16:00:00,3057.6290,33.6869
2007-06-08 17:00:00,3052.1940,32.4242
2007-06-08 18:00:00,3025.3670,31.0606
2007-06-08 19:00:00,2967.7310,28.5354
2007-06-08 20:00:00,2852.6860,25.8081
2007-06-08 21:00:00,2760.0590,25.2020
2007-06-08 22:00:00,2514.5820,24.3434
2007-06-08 23:00:00,2211.4280,23.8384
2007-06-09 00:00:00,1980.1570,22.8283
2007-06-09 01:00:00,1840.7720,22.2727
2007-06-09 02:00:00,1719.5360,22.1717
2007-06-09 03:00:00,1656.5950,21.5657
2007-06-09 04:00:00,1641.5360,21.4141
2007-06-09 05:00:00,1642.7610,21.2626
2007-06-09 06:00:00,1746.6410,21.9697
2007-06-09 07:00:00,1962.0900,24.1919
2007-06-09 08:00:00,2181.3200,25.6566
2007-06-09 09:00:00,2299.6130,26.5657
2007-06-09 10:00:00,2463.4210,27.4242
2007-06-09 11:00:00,2586.6530,27.9798
2007-06-09 12:00:00,2657.3790,28.7879
2007-06-09 13:00:00,2700.4240,29.4444
2007-06-09 14:00:00,2728.8780,29.7980
2007-06-09 15:00:00,2783.3900,30.1010
2007-06-09 16:00:00,2759.9060,29.0909
2007-06-09 17:00:00,2763.6840,28.8889
2007-06-09 18:00:00,2789.3410,27.3737
2007-06-09 19:00:00,2654.0190,25.6566
2007-06-09 20:00:00,2478.7940,23.4848
2007-06-09 21:00:00,2423.8420,21.8687
2007-06-09 22:00:00,2185.3560,21.0606
2007-06-09 23:00:00,1898.3000,19.8485
2007-06-10 00:00:00,1672.1130,19.2929
2007-06-10 01:00:00,1538.8240,18.5859
2007-06-10 02:00:00,1441.8850,17.8283
2007-06-10 03:00:00,1399.5150,17.6768
2007-06-10 04:00:00,1395.7860,17.2727
2007-06-10 05:00:00,1396.2560,17.0707
2007-06-10 06:00:00,1447.4110,17.4747
2007-06-10 07:00:00,1644.6460,19.1919
2007-06-10 08:00:00,1888.9490,20.5556
2007-06-10 09:00:00,2034.4830,21.8182
2007-06-10 10:00:00,2081.3170,23.1313
2007-06-10 11:00:00,2144.2040,23.9394
2007-06-10 12:00:00,2225.2980,24.5960
2007-06-10 13:00:00,2257.6930,25.1515
2007-06-10 14:00:00,2283.1990,25.4040
2007-06-10 15:00:00,2308.1570,25.7071
2007-06-10 16:00:00,2385.2490,25.2525
2007-06-10 17:00:00,2459.8500,24.9495
2007-06-10 18:00:00,2468.9140,23.6869
2007-06-10 19:00:00,2414.8510,22.1717
2007-06-10 20:00:00,2363.1690,20.1010
2007-06-10 21:00:00,2334.4530,19.2424
2007-06-10 22:00:00,2076.6400,18.4343
2007-06-10 23:00:00,1802.0840,17.8788
2007-06-11 00:00:00,1604.4460,17.2222
2007-06-11 01:00:00,1510.3970,16.8182
2007-06-11 02:00:00,1441.7920,16.1616
2007-06-11 03:00:00,1433.3810,15.8586
2007-06-11 04:00:00,1453.8290,15.7071
2007-06-11 05:00:00,1567.7020,15.4040
2007-06-11 06:00:00,1761.5270,16.5657
2007-06-11 07:00:00,1923.0900,18.4848
2007-06-11 08:00:00,1983.1620,20.5556
2007-06-11 09:00:00,2017.7650,22.6263
2007-06-11 10:00:00,2118.1680,24.0404
2007-06-11 11:00:00,2246.4120,25.3030
2007-06-11 12:00:00,2336.9760,26.2626
2007-06-11 13:00:00,2431.7480,26.5657
2007-06-11 14:00:00,2466.6540,27.0202
2007-06-11 15:00:00,2449.4010,26.7172
2007-06-11 16:00:00,2477.6720,25.7576
2007-06-11 17:00:00,2563.0660,24.7475
2007-06-11 18:00:00,2662.2860,23.6364
2007-06-11 19:00:00,2579.4030,22.3737
2007-06-11 20:00:00,2474.7750,20.2525
2007-06-11 21:00:00,2431.2810,19.3434
2007-06-11 22:00:00,2158.8800,18.4848
2007-06-11 23:00:00,1837.2720,17.9293
2007-06-12 00:00:00,1648.1320,17.4242
2007-06-12 01:00:00,1562.9900,16.7677
2007-06-12 02:00:00,1478.8890,16.6162
2007-06-12 03:00:00,1457.5590,16.4141
2007-06-12 04:00:00,1494.4110,16.0606
2007-06-12 05:00:00,1596.7830,15.6061
2007-06-12 06:00:00,1783.5220,17.0202
2007-06-12 07:00:00,1947.5660,19.6465
2007-06-12 08:00:00,2009.8530,22.0707
2007-06-12 09:00:00,2104.7980,24.5455
2007-06-12 10:00:00,2229.7400,26.4646
2007-06-12 11:00:00,2333.1110,27.5758
2007-06-12 12:00:00,2415.9310,28.4343
2007-06-12 13:00:00,2475.1870,28.6869
2007-06-12 14:00:00,2434.6240,28.2323
2007-06-12 15:00:00,2467.0710,27.5758
2007-06-12 16:00:00,2509.3630,27.4242
2007-06-12 17:00:00,2550.6680,26.0101
2007-06-12 18:00:00,2622.3720,24.5960
2007-06-12 19:00:00,2506.8580,22.8283
2007-06-12 20:00:00,2416.0960,20.9091
2007-06-12 21:00:00,2341.1650,20.2525
2007-06-12 22:00:00,2105.0310,19.4949
2007-06-12 23:00:00,1809.6640,19.0909
2007-06-13 00:00:00,1644.1780,18.5354
2007-06-13 01:00:00,1546.3250,17.9293
2007-06-13 02:00:00,1480.8990,17.5253
2007-06-13 03:00:00,1457.4760,17.1212
2007-06-13 04:00:00,1469.1730,16.9697
2007-06-13 05:00:00,1534.4740,16.9192
2007-06-13 06:00:00,1718.0740,17.7273
2007-06-13 07:00:00,1855.4090,19.0909
2007-06-13 08:00:00,1938.5350,20.3535
2007-06-13 09:00:00,1990.4030,21.7677
2007-06-13 10:00:00,2062.8590,22.9798
2007-06-13 11:00:00,2156.7280,24.4949
2007-06-13 12:00:00,2262.3320,25.3535
2007-06-13 13:00:00,2322.7200,25.8081
2007-06-13 14:00:00,2357.1730,25.7576
2007-06-13 15:00:00,2372.5100,25.7071
2007-06-13 16:00:00,2422.0620,25.2525
2007-06-13 17:00:00,2436.1780,24.4444
2007-06-13 18:00:00,2512.3010,22.9798
2007-06-13 19:00:00,2408.8810,21.4646
2007-06-13 20:00:00,2351.5250,20.0505
2007-06-13 21:00:00,2290.4790,18.7879
2007-06-13 22:00:00,2025.5120,18.1818
2007-06-13 23:00:00,1772.7500,17.5758
2007-06-14 00:00:00,1586.0030,17.4747
2007-06-14 01:00:00,1500.7010,17.1212
2007-06-14 02:00:00,1464.9140,16.7677
2007-06-14 03:00:00,1442.1480,16.4141
2007-06-14 04:00:00,1457.0670,16.3131
2007-06-14 05:00:00,1568.0860,15.9596
2007-06-14 06:00:00,1770.4970,15.9596
2007-06-14 07:00:00,1924.3490,16.1616
2007-06-14 08:00:00,1933.5940,16.5152
2007-06-14 09:00:00,1952.6160,16.9697
2007-06-14 10:00:00,1960.7160,17.0707
2007-06-14 11:00:00,1947.9430,17.4747
2007-06-14 12:00:00,1923.7520,17.8283
2007-06-14 13:00:00,1900.4030,18.1313
2007-06-14 14:00:00,1878.5180,18.6364
2007-06-14 15:00:00,1828.6660,18.7374
2007-06-14 16:00:00,1846.9840,18.6364
2007-06-14 17:00:00,1889.5350,18.1313
2007-06-14 18:00:00,2006.7650,17.7778
2007-06-14 19:00:00,2007.8210,17.1717
2007-06-14 20:00:00,2054.9520,16.5152
2007-06-14 21:00:00,2019.8010,16.4141
2007-06-14 22:00:00,1801.7010,16.1111
2007-06-14 23:00:00,1584.8520,15.4545
2007-06-15 00:00:00,1464.0240,14.8485
2007-06-15 01:00:00,1405.0170,14.5455
2007-06-15 02:00:00,1372.5290,14.2929
2007-06-15 03:00:00,1361.3480,14.2929
2007-06-15 04:00:00,1393.1410,14.5960
2007-06-15 05:00:00,1510.1050,14.4949
2007-06-15 06:00:00,1690.2610,15.1515
2007-06-15 07:00:00,1828.9300,15.8586
2007-06-15 08:00:00,1869.5790,16.7677
2007-06-15 09:00:00,1920.3420,17.6768
2007-06-15 10:00:00,1932.8120,18.3838
2007-06-15 11:00:00,1927.9880,18.7879
2007-06-15 12:00:00,1923.3990,19.4444
2007-06-15 13:00:00,1912.4960,20.0505
2007-06-15 14:00:00,1906.7950,20.1010
2007-06-15 15:00:00,1829.0720,20.3535
2007-06-15 16:00:00,1882.3610,20.4040
2007-06-15 17:00:00,1933.2120,19.8485
2007-06-15 18:00:00,2031.7910,19.1919
2007-06-15 19:00:00,2004.5260,18.3838
2007-06-15 20:00:00,2004.6640,17.1717
2007-06-15 21:00:00,2030.4920,16.4646
2007-06-15 22:00:00,1887.0640,15.8586
2007-06-15 23:00:00,1672.4600,15.4545
2007-06-16 00:00:00,1496.2960,15.4545
2007-06-16 01:00:00,1400.1970,15.1515
2007-06-16 02:00:00,1348.7290,15.0505
2007-06-16 03:00:00,1326.3190,14.4949
2007-06-16 04:00:00,1329.5620,14.4949
2007-06-16 05:00:00,1381.7010,14.2424
2007-06-16 06:00:00,1484.9100,15.0505
2007-06-16 07:00:00,1650.9550,16.9192
2007-06-16 08:00:00,1791.8140,19.0404
2007-06-16 09:00:00,1913.8070,20.5556
2007-06-16 10:00:00,1972.5080,21.5657
2007-06-16 11:00:00,1962.9980,22.5253
2007-06-16 12:00:00,2004.9650,23.1313
2007-06-16 13:00:00,2082.3400,24.0404
2007-06-16 14:00:00,2077.8730,24.6970
2007-06-16 15:00:00,2123.8000,25.3030
2007-06-16 16:00:00,2222.5060,25.7071
2007-06-16 17:00:00,2315.6530,25.6061
2007-06-16 18:00:00,2323.1810,25.0000
2007-06-16 19:00:00,2261.5470,22.9798
2007-06-16 20:00:00,2192.7840,20.6566
2007-06-16 21:00:00,2170.8870,19.1919
2007-06-16 22:00:00,2021.4970,18.5859
2007-06-16 23:00:00,1771.1900,17.5758
2007-06-17 00:00:00,1552.2090,17.2222
2007-06-17 01:00:00,1436.1330,16.9697
2007-06-17 02:00:00,1369.2080,16.3131
2007-06-17 03:00:00,1330.3520,15.7576
2007-06-17 04:00:00,1327.6300,15.4040
2007-06-17 05:00:00,1323.9890,15.2020
2007-06-17 06:00:00,1396.3200,16.4141
2007-06-17 07:00:00,1597.7470,19.7980
2007-06-17 08:00:00,1869.9200,22.7273
2007-06-17 09:00:00,2085.6200,25.2525
2007-06-17 10:00:00,2218.7940,26.9697
2007-06-17 11:00:00,2292.1290,27.8283
2007-06-17 12:00:00,2434.7660,29.1414
2007-06-17 13:00:00,2508.4820,29.9495
2007-06-17 14:00:00,2566.9230,30.4040
2007-06-17 15:00:00,2658.1540,30.6566
2007-06-17 16:00:00,2719.5050,30.7576
2007-06-17 17:00:00,2782.4360,30.4545
2007-06-17 18:00:00,2793.8080,29.6465
2007-06-17 19:00:00,2716.4500,27.0707
2007-06-17 20:00:00,2613.9880,23.6869
2007-06-17 21:00:00,2620.3720,22.4747
2007-06-17 22:00:00,2305.6760,21.6667
2007-06-17 23:00:00,1973.6110,20.8586
2007-06-18 00:00:00,1770.7670,20.2020
2007-06-18 01:00:00,1651.9590,20.1010
2007-06-18 02:00:00,1586.9150,19.8485
2007-06-18 03:00:00,1537.0130,19.6970
2007-06-18 04:00:00,1565.0250,19.4444
2007-06-18 05:00:00,1642.5500,19.2929
2007-06-18 06:00:00,1839.6650,20.3030
2007-06-18 07:00:00,2059.5460,23.1313
2007-06-18 08:00:00,2225.4130,26.1111
2007-06-18 09:00:00,2372.6710,28.3333
2007-06-18 10:00:00,2594.2580,30.3030
2007-06-18 11:00:00,2787.9690,31.6162
2007-06-18 12:00:00,2938.2740,32.4747
2007-06-18 13:00:00,2969.1990,32.9798
2007-06-18 14:00:00,3015.4850,32.9293
2007-06-18 15:00:00,3037.7170,32.6768
2007-06-18 16:00:00,3024.0590,32.2727
2007-06-18 17:00:00,3062.3850,31.9697
2007-06-18 18:00:00,3094.8260,29.7980
2007-06-18 19:00:00,3020.5200,27.3737
2007-06-18 20:00:00,2934.1660,25.1515
2007-06-18 21:00:00,2846.0460,23.9394
2007-06-18 22:00:00,2535.3070,23.1313
2007-06-18 23:00:00,2193.1070,22.7273
2007-06-19 00:00:00,1943.9230,22.4747
2007-06-19 01:00:00,1802.5340,21.8687
2007-06-19 02:00:00,1701.0630,21.2626
2007-06-19 03:00:00,1664.8690,20.9596
2007-06-19 04:00:00,1681.8540,20.5556
2007-06-19 05:00:00,1778.5380,20.3030
2007-06-19 06:00:00,1976.2440,21.2626
2007-06-19 07:00:00,2136.6550,23.5354
2007-06-19 08:00:00,2288.7230,26.2626
2007-06-19 09:00:00,2477.5860,28.5354
2007-06-19 10:00:00,2673.3730,30.8586
2007-06-19 11:00:00,2878.6410,32.1717
2007-06-19 12:00:00,3040.3280,33.3333
2007-06-19 13:00:00,3157.0590,33.7879
2007-06-19 14:00:00,3092.6850,33.9394
2007-06-19 15:00:00,3046.2100,33.0303
2007-06-19 16:00:00,2962.2290,32.5758
2007-06-19 17:00:00,2964.3280,31.3131
2007-06-19 18:00:00,3017.4050,30.0505
2007-06-19 19:00:00,2920.5260,28.0303
2007-06-19 20:00:00,2824.5790,26.4141
2007-06-19 21:00:00,2765.8900,25.3535
2007-06-19 22:00:00,2497.3130,25.3030
2007-06-19 23:00:00,2163.5680,24.8485
2007-06-20 00:00:00,1950.9980,24.8485
2007-06-20 01:00:00,1839.4860,24.4444
2007-06-20 02:00:00,1747.8620,23.8384
2007-06-20 03:00:00,1713.7850,23.1818
2007-06-20 04:00:00,1711.3500,22.5758
2007-06-20 05:00:00,1778.4500,22.0707
2007-06-20 06:00:00,1957.3930,22.3737
2007-06-20 07:00:00,2118.5460,22.9798
2007-06-20 08:00:00,2180.0050,23.1313
2007-06-20 09:00:00,2245.2240,23.0808
2007-06-20 10:00:00,2305.9280,23.4343
2007-06-20 11:00:00,2357.0960,24.2929
2007-06-20 12:00:00,2404.2720,24.6465
2007-06-20 13:00:00,2452.8320,25.8081
2007-06-20 14:00:00,2428.4740,26.5152
2007-06-20 15:00:00,2496.7720,26.9192
2007-06-20 16:00:00,2587.1160,27.7273
2007-06-20 17:00:00,2656.5310,27.5253
2007-06-20 18:00:00,2730.0600,27.0707
2007-06-20 19:00:00,2601.8970,25.4545
2007-06-20 20:00:00,2447.8900,21.6667
2007-06-20 21:00:00,2388.5040,19.5960
2007-06-20 22:00:00,2151.4490,18.4848
2007-06-20 23:00:00,1847.8260,17.8788
2007-06-21 00:00:00,1639.5810,16.9192
2007-06-21 01:00:00,1518.3100,16.0606
2007-06-21 02:00:00,1442.2290,15.2525
2007-06-21 03:00:00,1421.6000,14.6970
2007-06-21 04:00:00,1445.0610,14.2424
2007-06-21 05:00:00,1528.3120,13.9394
2007-06-21 06:00:00,1720.0490,15.5051
2007-06-21 07:00:00,1881.1700,18.9394
2007-06-21 08:00:00,1958.2970,22.0202
2007-06-21 09:00:00,2009.0780,24.2424
2007-06-21 10:00:00,2116.9100,25.5556
2007-06-21 11:00:00,2233.5400,26.7172
2007-06-21 12:00:00,2354.8710,27.4747
2007-06-21 13:00:00,2420.5440,28.0808
2007-06-21 14:00:00,2492.2910,28.8384
2007-06-21 15:00:00,2513.0050,29.3434
2007-06-21 16:00:00,2583.1380,29.3939
2007-06-21 17:00:00,2642.1510,29.1414
2007-06-21 18:00:00,2693.2950,27.8788
2007-06-21 19:00:00,2640.9900,26.0606
2007-06-21 20:00:00,2535.1170,23.0808
2007-06-21 21:00:00,2460.8150,21.4646
2007-06-21 22:00:00,2222.8390,20.5051
2007-06-21 23:00:00,1895.9090,20.4040
2007-06-22 00:00:00,1699.0560,19.7980
2007-06-22 01:00:00,1587.4680,19.2424
2007-06-22 02:00:00,1518.5000,19.0909
2007-06-22 03:00:00,1493.5220,18.6364
2007-06-22 04:00:00,1512.4500,17.8788
2007-06-22 05:00:00,1586.0570,17.9798
2007-06-22 06:00:00,1763.1570,18.4343
2007-06-22 07:00:00,1948.7870,21.0101
2007-06-22 08:00:00,2032.0210,22.8788
2007-06-22 09:00:00,2110.5840,24.5455
2007-06-22 10:00:00,2180.5560,25.3030
2007-06-22 11:00:00,2239.5760,26.0101
2007-06-22 12:00:00,2267.9870,26.7677
2007-06-22 13:00:00,2258.5290,27.0202
2007-06-22 14:00:00,2251.0170,27.3737
2007-06-22 15:00:00,2210.2430,27.6263
2007-06-22 16:00:00,2323.8200,27.5253
2007-06-22 17:00:00,2432.1430,27.1717
2007-06-22 18:00:00,2513.5440,26.3131
2007-06-22 19:00:00,2418.1990,24.5960
2007-06-22 20:00:00,2273.1520,21.1616
2007-06-22 21:00:00,2263.1310,18.7879
2007-06-22 22:00:00,2078.6420,18.0303
2007-06-22 23:00:00,1801.3700,17.4242
2007-06-23 00:00:00,1593.7180,16.3636
2007-06-23 01:00:00,1468.3220,15.9091
2007-06-23 02:00:00,1390.6270,15.5051
2007-06-23 03:00:00,1352.0050,14.9495
2007-06-23 04:00:00,1360.5590,14.1919
2007-06-23 05:00:00,1382.4470,13.5859
2007-06-23 06:00:00,1483.5140,15.5051
2007-06-23 07:00:00,1639.3860,18.0808
2007-06-23 08:00:00,1804.6130,20.3030
2007-06-23 09:00:00,1932.8560,21.9697
2007-06-23 10:00:00,2021.1760,23.2323
2007-06-23 11:00:00,2074.6990,24.2424
2007-06-23 12:00:00,2142.2140,25.2020
2007-06-23 13:00:00,2177.1260,25.8586
2007-06-23 14:00:00,2196.4990,26.3636
2007-06-23 15:00:00,2243.1760,27.0707
2007-06-23 16:00:00,2366.2570,26.9697
2007-06-23 17:00:00,2431.6580,26.7172
2007-06-23 18:00:00,2407.7000,25.9091
2007-06-23 19:00:00,2299.6190,23.9394
2007-06-23 20:00:00,2165.2130,20.5556
2007-06-23 21:00:00,2170.2360,19.0909
2007-06-23 22:00:00,1993.5910,17.9798
2007-06-23 23:00:00,1734.9360,17.0202
2007-06-24 00:00:00,1542.7300,16.5657
2007-06-24 01:00:00,1442.2420,16.4646
2007-06-24 02:00:00,1360.4320,16.2626
2007-06-24 03:00:00,1329.0650,15.8586
2007-06-24 04:00:00,1320.1240,16.1111
2007-06-24 05:00:00,1319.1000,15.8081
2007-06-24 06:00:00,1388.3020,17.4242
2007-06-24 07:00:00,1587.2950,19.8485
2007-06-24 08:00:00,1836.3950,21.8182
2007-06-24 09:00:00,2037.3480,23.2323
2007-06-24 10:00:00,2099.6150,24.7980
2007-06-24 11:00:00,2133.8900,25.7576
2007-06-24 12:00:00,2208.8160,27.2222
2007-06-24 13:00:00,2258.8800,27.7273
2007-06-24 14:00:00,2299.8210,28.1313
2007-06-24 15:00:00,2325.5960,28.0808
2007-06-24 16:00:00,2402.5010,28.0808
2007-06-24 17:00:00,2427.1870,27.6768
2007-06-24 18:00:00,2456.9340,26.8182
2007-06-24 19:00:00,2451.5000,25.5051
2007-06-24 20:00:00,2413.9640,23.5354
2007-06-24 21:00:00,2370.9290,23.0808
2007-06-24 22:00:00,2174.2080,22.5253
2007-06-24 23:00:00,1889.4880,22.2727
2007-06-25 00:00:00,1680.5200,22.0707
2007-06-25 01:00:00,1598.7570,21.6667
2007-06-25 02:00:00,1550.3700,21.4646
2007-06-25 03:00:00,1526.5240,21.0606
2007-06-25 04:00:00,1540.0260,20.5556
2007-06-25 05:00:00,1639.5240,20.4545
2007-06-25 06:00:00,1828.6700,21.0606
2007-06-25 07:00:00,2003.2770,22.0707
2007-06-25 08:00:00,2068.5630,23.6364
2007-06-25 09:00:00,2191.3230,24.8485
2007-06-25 10:00:00,2320.5600,25.9596
2007-06-25 11:00:00,2431.1600,26.9192
2007-06-25 12:00:00,2573.9040,28.3838
2007-06-25 13:00:00,2699.6460,28.8384
2007-06-25 14:00:00,2646.8590,29.4444
2007-06-25 15:00:00,2718.5390,29.3939
2007-06-25 16:00:00,2774.1870,29.2929
2007-06-25 17:00:00,2831.6430,29.0404
2007-06-25 18:00:00,2843.5130,28.4848
2007-06-25 19:00:00,2814.2850,27.0202
2007-06-25 20:00:00,2711.4210,25.3535
2007-06-25 21:00:00,2652.5480,24.7475
2007-06-25 22:00:00,2418.7660,24.0404
2007-06-25 23:00:00,2102.2510,22.9798
2007-06-26 00:00:00,1891.7710,23.0303
2007-06-26 01:00:00,1770.0520,22.5758
2007-06-26 02:00:00,1701.5380,22.4747
2007-06-26 03:00:00,1645.6400,22.0707
2007-06-26 04:00:00,1679.3800,21.6162
2007-06-26 05:00:00,1739.4280,21.4141
2007-06-26 06:00:00,1959.7520,21.7172
2007-06-26 07:00:00,2112.5590,23.0808
2007-06-26 08:00:00,2244.9940,24.8990
2007-06-26 09:00:00,2417.6380,27.0202
2007-06-26 10:00:00,2624.9140,28.3333
2007-06-26 11:00:00,2802.7340,29.9495
2007-06-26 12:00:00,2923.6620,31.1616
2007-06-26 13:00:00,3022.6040,31.7677
2007-06-26 14:00:00,2996.5640,32.0707
2007-06-26 15:00:00,3045.8170,32.2222
2007-06-26 16:00:00,3096.8060,31.6667
2007-06-26 17:00:00,3149.2810,31.3131
2007-06-26 18:00:00,3238.7750,30.7071
2007-06-26 19:00:00,3160.9260,28.2828
2007-06-26 20:00:00,3062.3830,26.4141
2007-06-26 21:00:00,2990.1070,25.4040
2007-06-26 22:00:00,2702.2360,25.1010
2007-06-26 23:00:00,2316.9700,24.4444
2007-06-27 00:00:00,2058.8980,23.7374
2007-06-27 01:00:00,1941.7280,23.1818
2007-06-27 02:00:00,1843.9890,22.7778
2007-06-27 03:00:00,1786.3620,22.6768
2007-06-27 04:00:00,1794.6140,22.3737
2007-06-27 05:00:00,1871.7600,22.0202
2007-06-27 06:00:00,2073.0740,22.8283
2007-06-27 07:00:00,2240.8520,24.7980
2007-06-27 08:00:00,2409.9720,26.7172
2007-06-27 09:00:00,2638.9950,28.7374
2007-06-27 10:00:00,2833.0170,30.4040
2007-06-27 11:00:00,2986.9250,32.0202
2007-06-27 12:00:00,3102.3900,32.8283
2007-06-27 13:00:00,3227.0450,33.5859
2007-06-27 14:00:00,3124.1510,33.4848
2007-06-27 15:00:00,3100.2380,32.3232
2007-06-27 16:00:00,3068.0250,31.4646
2007-06-27 17:00:00,3081.6620,29.7980
2007-06-27 18:00:00,3134.4720,28.3838
2007-06-27 19:00:00,3016.0520,26.9192
2007-06-27 20:00:00,2982.4590,25.8081
2007-06-27 21:00:00,2922.5230,24.7475
2007-06-27 22:00:00,2608.0060,24.4949
2007-06-27 23:00:00,2297.7340,24.3434
2007-06-28 00:00:00,2065.4320,23.7374
2007-06-28 01:00:00,1940.1770,23.4343
2007-06-28 02:00:00,1845.1910,23.2323
2007-06-28 03:00:00,1791.1010,22.9798
2007-06-28 04:00:00,1814.5070,22.5253
2007-06-28 05:00:00,1877.0020,22.3232
2007-06-28 06:00:00,2060.9030,22.7273
2007-06-28 07:00:00,2266.0000,24.6970
2007-06-28 08:00:00,2413.1340,26.7172
2007-06-28 09:00:00,2562.8480,28.2828
2007-06-28 10:00:00,2735.4350,30.3030
2007-06-28 11:00:00,2915.1740,31.2121
2007-06-28 12:00:00,3008.6780,32.0202
2007-06-28 13:00:00,3037.5710,32.5253
2007-06-28 14:00:00,3069.6990,32.9293
2007-06-28 15:00:00,3040.7440,32.2222
2007-06-28 16:00:00,3087.2410,31.3131
2007-06-28 17:00:00,3054.5460,30.0000
2007-06-28 18:00:00,3084.6410,28.7374
2007-06-28 19:00:00,3038.8820,26.9697
2007-06-28 20:00:00,2912.1740,25.5051
2007-06-28 21:00:00,2823.9050,24.7475
2007-06-28 22:00:00,2548.2280,24.1919
2007-06-28 23:00:00,2236.0880,23.7879
2007-06-29 00:00:00,2008.0610,23.6869
2007-06-29 01:00:00,1896.7720,23.2323
2007-06-29 02:00:00,1800.3400,22.7778
2007-06-29 03:00:00,1749.7130,22.5758
2007-06-29 04:00:00,1778.9310,22.5758
2007-06-29 05:00:00,1848.6060,22.4242
2007-06-29 06:00:00,2019.7990,22.8283
2007-06-29 07:00:00,2155.6920,23.4848
2007-06-29 08:00:00,2221.3310,24.5455
2007-06-29 09:00:00,2302.9840,25.5556
2007-06-29 10:00:00,2369.9890,26.6162
2007-06-29 11:00:00,2386.2360,27.1717
2007-06-29 12:00:00,2408.9500,27.4242
2007-06-29 13:00:00,2449.5170,27.8283
2007-06-29 14:00:00,2460.0330,27.9293
2007-06-29 15:00:00,2399.5420,27.9798
2007-06-29 16:00:00,2476.1940,27.8788
2007-06-29 17:00:00,2582.3200,27.5253
2007-06-29 18:00:00,2644.0530,26.8182
2007-06-29 19:00:00,2581.7100,25.1515
2007-06-29 20:00:00,2502.0640,24.0404
2007-06-29 21:00:00,2498.1260,23.4343
2007-06-29 22:00:00,2332.0500,22.7778
2007-06-29 23:00:00,2051.7550,22.4242
2007-06-30 00:00:00,1854.7130,21.9697
2007-06-30 01:00:00,1725.7310,21.9192
2007-06-30 02:00:00,1648.8890,21.9697
2007-06-30 03:00:00,1601.5220,21.8182
2007-06-30 04:00:00,1584.3290,21.6667
2007-06-30 05:00:00,1594.4040,21.7677
2007-06-30 06:00:00,1700.4100,21.9192
2007-06-30 07:00:00,1855.2970,22.4747
2007-06-30 08:00:00,2075.7550,23.4343
2007-06-30 09:00:00,2233.3140,24.3434
2007-06-30 10:00:00,2356.8950,25.6061
2007-06-30 11:00:00,2428.6390,25.9091
2007-06-30 12:00:00,2501.5910,26.5152
2007-06-30 13:00:00,2545.2450,26.7172
2007-06-30 14:00:00,2562.9780,27.1717
2007-06-30 15:00:00,2631.0000,27.7778
2007-06-30 16:00:00,2731.4290,27.5253
2007-06-30 17:00:00,2715.7690,26.7677
2007-06-30 18:00:00,2659.6860,26.1111
2007-06-30 19:00:00,2531.1870,24.8485
2007-06-30 20:00:00,2378.6660,22.7273
2007-06-30 21:00:00,2322.6530,22.0202
2007-06-30 22:00:00,2173.0460,21.2626
2007-06-30 23:00:00,1902.8420,20.7576
2007-07-01 00:00:00,1676.8020,20.1010
2007-07-01 01:00:00,1546.2160,19.3434
2007-07-01 02:00:00,1462.0460,19.1414
2007-07-01 03:00:00,1405.3680,19.1919
2007-07-01 04:00:00,1384.3400,18.8889
2007-07-01 05:00:00,1395.2650,18.7879
2007-07-01 06:00:00,1441.1040,19.1414
2007-07-01 07:00:00,1632.1890,20.3535
2007-07-01 08:00:00,1876.0670,21.4646
2007-07-01 09:00:00,2060.2750,22.7778
2007-07-01 10:00:00,2123.1730,24.0404
2007-07-01 11:00:00,2172.1130,25.5051
2007-07-01 12:00:00,2221.2300,25.9091
2007-07-01 13:00:00,2279.6240,26.2121
2007-07-01 14:00:00,2271.4430,26.5152
2007-07-01 15:00:00,2324.6910,26.6667
2007-07-01 16:00:00,2372.7530,26.4646
2007-07-01 17:00:00,2461.8550,26.0101
2007-07-01 18:00:00,2468.7140,25.3535
2007-07-01 19:00:00,2398.9050,23.0303
2007-07-01 20:00:00,2346.8040,19.7475
2007-07-01 21:00:00,2295.3500,18.0303
2007-07-01 22:00:00,2033.5750,16.9697
2007-07-01 23:00:00,1773.1000,16.8182
2007-07-02 00:00:00,1561.0030,16.4141
2007-07-02 01:00:00,1461.4920,15.8081
2007-07-02 02:00:00,1383.5040,15.4545
2007-07-02 03:00:00,1350.0560,15.4040
2007-07-02 04:00:00,1394.1030,14.8485
2007-07-02 05:00:00,1462.7580,15.0000
2007-07-02 06:00:00,1655.6630,15.8586
2007-07-02 07:00:00,1830.1050,17.9798
2007-07-02 08:00:00,1915.3260,19.7980
2007-07-02 09:00:00,2001.7710,21.2626
2007-07-02 10:00:00,2049.3610,22.4242
2007-07-02 11:00:00,2094.9340,23.2828
2007-07-02 12:00:00,2135.2800,23.8889
2007-07-02 13:00:00,2196.4150,24.7475
2007-07-02 14:00:00,2147.9430,25.1010
2007-07-02 15:00:00,2207.1050,25.3535
2007-07-02 16:00:00,2309.8830,25.5051
2007-07-02 17:00:00,2410.2470,25.2020
2007-07-02 18:00:00,2496.9170,24.4949
2007-07-02 19:00:00,2429.9560,22.8788
2007-07-02 20:00:00,2343.3520,19.6970
2007-07-02 21:00:00,2312.9310,17.6768
2007-07-02 22:00:00,2052.0250,16.2121
2007-07-02 23:00:00,1755.7070,15.5556
2007-07-03 00:00:00,1528.5160,15.1010
2007-07-03 01:00:00,1417.8020,14.1414
2007-07-03 02:00:00,1357.8920,13.6364
2007-07-03 03:00:00,1342.4660,13.7879
2007-07-03 04:00:00,1390.0620,13.6869
2007-07-03 05:00:00,1447.4890,13.7374
2007-07-03 06:00:00,1610.0360,14.6970
2007-07-03 07:00:00,1750.2530,17.5758
2007-07-03 08:00:00,1837.0120,20.1010
2007-07-03 09:00:00,1944.2590,22.1212
2007-07-03 10:00:00,2001.0180,23.7879
2007-07-03 11:00:00,2075.0930,25.3030
2007-07-03 12:00:00,2138.3030,25.9091
2007-07-03 13:00:00,2195.9960,26.3636
2007-07-03 14:00:00,2114.0240,26.6667
2007-07-03 15:00:00,2183.9150,26.9192
2007-07-03 16:00:00,2243.6500,26.8182
2007-07-03 17:00:00,2402.6890,26.2626
2007-07-03 18:00:00,2518.0230,25.7071
2007-07-03 19:00:00,2446.4670,24.1919
2007-07-03 20:00:00,2378.3210,22.6768
2007-07-03 21:00:00,2363.6510,22.1717
2007-07-03 22:00:00,2196.3750,21.6162
2007-07-03 23:00:00,1929.4920,20.8081
2007-07-04 00:00:00,1673.7960,20.2525
2007-07-04 01:00:00,1531.9750,19.7475
2007-07-04 02:00:00,1435.5030,19.0909
2007-07-04 03:00:00,1395.5140,18.5859
2007-07-04 04:00:00,1392.0280,18.3838
2007-07-04 05:00:00,1397.0560,18.0808
2007-07-04 06:00:00,1477.2070,18.5859
2007-07-04 07:00:00,1640.6400,20.4545
2007-07-04 08:00:00,1855.8040,22.0707
2007-07-04 09:00:00,2124.4540,24.4949
2007-07-04 10:00:00,2281.0750,26.0101
2007-07-04 11:00:00,2404.4660,27.1717
2007-07-04 12:00:00,2479.8700,28.5859
2007-07-04 13:00:00,2517.1060,29.0909
2007-07-04 14:00:00,2566.6870,29.2929
2007-07-04 15:00:00,2579.0640,29.8485
2007-07-04 16:00:00,2582.8240,29.0909
2007-07-04 17:00:00,2571.9380,28.7879
2007-07-04 18:00:00,2565.4710,27.8788
2007-07-04 19:00:00,2419.2840,26.6667
2007-07-04 20:00:00,2333.0590,25.7576
2007-07-04 21:00:00,2288.7980,25.0505
2007-07-04 22:00:00,2213.1970,24.4949
2007-07-04 23:00:00,2041.0560,24.4949
2007-07-05 00:00:00,1819.3650,24.0404
2007-07-05 01:00:00,1697.2670,23.4343
2007-07-05 02:00:00,1610.7690,22.9293
2007-07-05 03:00:00,1547.5990,22.4747
2007-07-05 04:00:00,1559.2490,22.0202
2007-07-05 05:00:00,1606.1120,21.8687
2007-07-05 06:00:00,1778.6090,22.2222
2007-07-05 07:00:00,1974.4270,23.0303
2007-07-05 08:00:00,2108.6670,24.5960
2007-07-05 09:00:00,2235.9310,25.3535
2007-07-05 10:00:00,2338.3690,26.9192
2007-07-05 11:00:00,2420.4910,28.0303
2007-07-05 12:00:00,2457.8670,28.4343
2007-07-05 13:00:00,2472.2260,28.3333
2007-07-05 14:00:00,2389.8460,28.9394
2007-07-05 15:00:00,2454.5090,29.0404
2007-07-05 16:00:00,2504.5070,28.3838
2007-07-05 17:00:00,2597.4010,27.6768
2007-07-05 18:00:00,2675.1420,26.9697
2007-07-05 19:00:00,2660.7260,25.3030
2007-07-05 20:00:00,2609.6320,24.3434
2007-07-05 21:00:00,2582.4890,23.7374
2007-07-05 22:00:00,2341.9200,23.1818
2007-07-05 23:00:00,2031.1210,23.2828
2007-07-06 00:00:00,1862.5340,22.8788
2007-07-06 01:00:00,1730.4290,22.9293
2007-07-06 02:00:00,1643.0860,22.6263
2007-07-06 03:00:00,1611.2830,22.3232
2007-07-06 04:00:00,1597.0270,21.9192
2007-07-06 05:00:00,1653.5220,21.6162
2007-07-06 06:00:00,1860.3470,21.8182
2007-07-06 07:00:00,2056.6410,23.1818
2007-07-06 08:00:00,2279.5920,25.0505
2007-07-06 09:00:00,2452.3940,26.1111
2007-07-06 10:00:00,2583.8330,27.5253
2007-07-06 11:00:00,2687.6680,28.8384
2007-07-06 12:00:00,2751.6940,29.8485
2007-07-06 13:00:00,2789.9180,30.8081
2007-07-06 14:00:00,2730.1370,31.2626
2007-07-06 15:00:00,2835.7970,31.6667
2007-07-06 16:00:00,2899.3330,31.6667
2007-07-06 17:00:00,2958.5990,31.6667
2007-07-06 18:00:00,2988.6200,30.7071
2007-07-06 19:00:00,2854.7610,28.6869
2007-07-06 20:00:00,2730.5720,24.5455
2007-07-06 21:00:00,2642.6480,23.0808
2007-07-06 22:00:00,2386.2100,21.9697
2007-07-06 23:00:00,2074.5760,20.9596
2007-07-07 00:00:00,1832.2400,20.5051
2007-07-07 01:00:00,1673.9250,20.0000
2007-07-07 02:00:00,1556.3210,19.3939
2007-07-07 03:00:00,1503.4740,19.1919
2007-07-07 04:00:00,1476.2850,18.5859
2007-07-07 05:00:00,1469.5100,18.1313
2007-07-07 06:00:00,1558.7740,19.3434
2007-07-07 07:00:00,1791.9120,22.9798
2007-07-07 08:00:00,2071.1010,25.8081
2007-07-07 09:00:00,2311.4710,28.1818
2007-07-07 10:00:00,2532.7270,29.7980
2007-07-07 11:00:00,2666.0300,30.7576
2007-07-07 12:00:00,2787.4510,31.5657
2007-07-07 13:00:00,2851.0600,31.9192
2007-07-07 14:00:00,2863.5810,32.2222
2007-07-07 15:00:00,2959.2650,32.3232
2007-07-07 16:00:00,3059.0510,32.2727
2007-07-07 17:00:00,3098.6420,31.6162
2007-07-07 18:00:00,3050.9130,30.7071
2007-07-07 19:00:00,2916.1820,28.2323
2007-07-07 20:00:00,2737.1150,25.7071
2007-07-07 21:00:00,2643.6030,23.9899
2007-07-07 22:00:00,2397.1550,23.0303
2007-07-07 23:00:00,2098.1360,22.0202
2007-07-08 00:00:00,1828.5490,21.0606
2007-07-08 01:00:00,1658.4550,20.5556
2007-07-08 02:00:00,1542.0020,20.4040
2007-07-08 03:00:00,1487.5150,19.3434
2007-07-08 04:00:00,1458.4030,19.2424
2007-07-08 05:00:00,1446.3600,18.9394
2007-07-08 06:00:00,1488.5830,19.8990
2007-07-08 07:00:00,1735.8100,22.2727
2007-07-08 08:00:00,2076.5580,25.3535
2007-07-08 09:00:00,2368.8280,28.3333
2007-07-08 10:00:00,2571.2350,30.6566
2007-07-08 11:00:00,2734.5570,32.0202
2007-07-08 12:00:00,2918.6230,32.8283
2007-07-08 13:00:00,3003.3290,33.6364
2007-07-08 14:00:00,3017.7060,33.9394
2007-07-08 15:00:00,3077.3440,34.1414
2007-07-08 16:00:00,3096.4880,33.9899
2007-07-08 17:00:00,3148.5450,33.3838
2007-07-08 18:00:00,3251.6640,32.2727
2007-07-08 19:00:00,3110.2900,29.8485
2007-07-08 20:00:00,2954.4800,27.0707
2007-07-08 21:00:00,2914.0340,25.5556
2007-07-08 22:00:00,2586.3840,24.6465
2007-07-08 23:00:00,2212.6510,23.8384
2007-07-09 00:00:00,1946.2490,23.4343
2007-07-09 01:00:00,1808.6590,23.3333
2007-07-09 02:00:00,1703.1090,22.9798
2007-07-09 03:00:00,1651.5500,22.5758
2007-07-09 04:00:00,1662.0740,21.8182
2007-07-09 05:00:00,1750.8680,21.3636
2007-07-09 06:00:00,1919.7470,22.0202
2007-07-09 07:00:00,2125.7160,24.7475
2007-07-09 08:00:00,2304.9100,27.0202
2007-07-09 09:00:00,2504.3980,29.5960
2007-07-09 10:00:00,2759.3230,31.6667
2007-07-09 11:00:00,2958.2920,33.1313
2007-07-09 12:00:00,3066.8160,34.0909
2007-07-09 13:00:00,3227.9490,35.0000
2007-07-09 14:00:00,3254.8010,35.4545
2007-07-09 15:00:00,3271.6340,35.5556
2007-07-09 16:00:00,3375.9980,35.2525
2007-07-09 17:00:00,3408.4610,34.5960
2007-07-09 18:00:00,3507.9140,33.4343
2007-07-09 19:00:00,3447.4330,31.3636
2007-07-09 20:00:00,3333.4190,28.9899
2007-07-09 21:00:00,3219.7320,27.5758
2007-07-09 22:00:00,2888.1410,26.7677
2007-07-09 23:00:00,2477.0660,25.9596
2007-07-10 00:00:00,2223.8130,25.3030
2007-07-10 01:00:00,2083.3450,24.9495
2007-07-10 02:00:00,1978.1610,24.2929
2007-07-10 03:00:00,1913.4010,23.7879
2007-07-10 04:00:00,1923.5360,23.4848
2007-07-10 05:00:00,1987.2410,23.0808
2007-07-10 06:00:00,2167.7860,23.6869
2007-07-10 07:00:00,2355.0070,25.3030
2007-07-10 08:00:00,2461.9940,27.2222
2007-07-10 09:00:00,2645.3110,29.1414
2007-07-10 10:00:00,2822.8830,30.5051
2007-07-10 11:00:00,2962.4970,31.2121
2007-07-10 12:00:00,3044.8450,31.9697
2007-07-10 13:00:00,3048.7430,31.2626
2007-07-10 14:00:00,2951.9380,30.8586
2007-07-10 15:00:00,2942.0420,30.4040
2007-07-10 16:00:00,2968.0070,29.1414
2007-07-10 17:00:00,2978.0050,26.8687
2007-07-10 18:00:00,3074.2370,26.3636
2007-07-10 19:00:00,3019.1900,25.9596
2007-07-10 20:00:00,2937.2010,24.9495
2007-07-10 21:00:00,2886.6320,24.2929
2007-07-10 22:00:00,2630.1220,23.5859
2007-07-10 23:00:00,2285.7820,23.2323
2007-07-11 00:00:00,2033.9650,22.7273
2007-07-11 01:00:00,1921.7770,22.6768
2007-07-11 02:00:00,1841.1180,22.6263
2007-07-11 03:00:00,1804.1700,22.3232
2007-07-11 04:00:00,1812.8430,22.2727
2007-07-11 05:00:00,1859.0100,22.1717
2007-07-11 06:00:00,2000.5890,22.5758
2007-07-11 07:00:00,2208.9440,24.1919
2007-07-11 08:00:00,2306.7820,26.2121
2007-07-11 09:00:00,2436.2490,27.7778
2007-07-11 10:00:00,2593.7630,29.1414
2007-07-11 11:00:00,2676.9840,30.3030
2007-07-11 12:00:00,2756.3210,31.0101
2007-07-11 13:00:00,2811.1880,30.6566
2007-07-11 14:00:00,2861.0090,30.3030
2007-07-11 15:00:00,2806.2110,29.2929
2007-07-11 16:00:00,2849.3810,29.0909
2007-07-11 17:00:00,2881.2970,27.9293
2007-07-11 18:00:00,2944.9540,26.8182
2007-07-11 19:00:00,2885.3670,25.7071
2007-07-11 20:00:00,2791.7590,24.5960
2007-07-11 21:00:00,2713.0690,24.1414
2007-07-11 22:00:00,2471.7490,23.6869
2007-07-11 23:00:00,2171.3040,23.1818
2007-07-12 00:00:00,1915.7150,22.4747
2007-07-12 01:00:00,1782.3170,22.0707
2007-07-12 02:00:00,1680.3930,21.7172
2007-07-12 03:00:00,1612.4660,21.3131
2007-07-12 04:00:00,1612.5780,20.8586
2007-07-12 05:00:00,1692.1970,19.8485
2007-07-12 06:00:00,1868.4960,20.0000
2007-07-12 07:00:00,2030.9970,21.7172
2007-07-12 08:00:00,2122.8830,23.0303
2007-07-12 09:00:00,2248.3260,24.4949
2007-07-12 10:00:00,2335.3150,25.5051
2007-07-12 11:00:00,2409.8340,26.4141
2007-07-12 12:00:00,2513.7690,27.2727
2007-07-12 13:00:00,2605.4360,28.0303
2007-07-12 14:00:00,2599.8460,28.2828
2007-07-12 15:00:00,2598.8870,28.9899
2007-07-12 16:00:00,2649.8960,28.8384
2007-07-12 17:00:00,2722.6960,28.4848
2007-07-12 18:00:00,2797.3800,27.9798
2007-07-12 19:00:00,2700.1830,26.2121
2007-07-12 20:00:00,2588.9420,22.8788
2007-07-12 21:00:00,2531.9420,21.1616
2007-07-12 22:00:00,2263.2640,20.7071
2007-07-12 23:00:00,1934.0440,20.9596
2007-07-13 00:00:00,1733.0780,20.1515
2007-07-13 01:00:00,1601.8800,19.3939
2007-07-13 02:00:00,1530.3070,19.3434
2007-07-13 03:00:00,1490.5240,19.1414
2007-07-13 04:00:00,1521.9650,19.1919
2007-07-13 05:00:00,1616.7230,18.8384
2007-07-13 06:00:00,1802.2810,19.1919
2007-07-13 07:00:00,1973.4190,21.3131
2007-07-13 08:00:00,2076.6300,23.6364
2007-07-13 09:00:00,2207.6670,25.5051
2007-07-13 10:00:00,2348.8140,26.6667
2007-07-13 11:00:00,2431.2210,27.2727
2007-07-13 12:00:00,2455.2540,27.0707
2007-07-13 13:00:00,2452.3380,27.0707
2007-07-13 14:00:00,2391.8680,26.9192
2007-07-13 15:00:00,2371.3750,26.8182
2007-07-13 16:00:00,2349.6770,26.7172
2007-07-13 17:00:00,2463.9370,26.1616
2007-07-13 18:00:00,2522.3570,25.7071
2007-07-13 19:00:00,2482.4290,24.2929
2007-07-13 20:00:00,2413.0570,22.3232
2007-07-13 21:00:00,2395.3660,20.5556
2007-07-13 22:00:00,2204.6000,19.4949
2007-07-13 23:00:00,1908.4200,18.6869
2007-07-14 00:00:00,1704.9540,17.9293
2007-07-14 01:00:00,1554.9640,17.5253
2007-07-14 02:00:00,1468.8570,16.7172
2007-07-14 03:00:00,1429.2530,16.3636
2007-07-14 04:00:00,1419.4380,16.1616
2007-07-14 05:00:00,1441.5900,16.0101
2007-07-14 06:00:00,1529.4550,16.9697
2007-07-14 07:00:00,1702.8360,20.4040
2007-07-14 08:00:00,1924.5360,23.0808
2007-07-14 09:00:00,2124.8420,25.2020
2007-07-14 10:00:00,2270.7040,27.0707
2007-07-14 11:00:00,2444.8350,28.0303
2007-07-14 12:00:00,2531.7830,29.4444
2007-07-14 13:00:00,2591.1140,29.9495
2007-07-14 14:00:00,2613.5810,30.5051
2007-07-14 15:00:00,2712.9540,30.7576
2007-07-14 16:00:00,2737.2620,29.8990
2007-07-14 17:00:00,2795.2520,29.5960
2007-07-14 18:00:00,2760.2310,28.4848
2007-07-14 19:00:00,2638.5970,27.0707
2007-07-14 20:00:00,2541.8100,25.3030
2007-07-14 21:00:00,2535.1000,23.7879
2007-07-14 22:00:00,2340.3590,22.5253
2007-07-14 23:00:00,2056.9780,21.7172
2007-07-15 00:00:00,1817.3150,21.3636
2007-07-15 01:00:00,1663.8580,20.4040
2007-07-15 02:00:00,1571.0170,19.8990
2007-07-15 03:00:00,1508.3690,19.9495
2007-07-15 04:00:00,1482.9220,19.4949
2007-07-15 05:00:00,1470.3320,19.0404
2007-07-15 06:00:00,1502.9780,19.6465
2007-07-15 07:00:00,1749.0800,22.2222
2007-07-15 08:00:00,2133.1260,25.0000
2007-07-15 09:00:00,2358.7820,27.0707
2007-07-15 10:00:00,2513.8480,29.2424
2007-07-15 11:00:00,2636.7650,30.6566
2007-07-15 12:00:00,2764.7790,31.7172
2007-07-15 13:00:00,2907.6580,31.9192
2007-07-15 14:00:00,2936.7620,32.8283
2007-07-15 15:00:00,2984.5120,32.5758
2007-07-15 16:00:00,3048.4150,32.4242
2007-07-15 17:00:00,3086.3110,31.7677
2007-07-15 18:00:00,3020.3680,30.7576
2007-07-15 19:00:00,2918.4840,29.3434
2007-07-15 20:00:00,2857.6760,27.2222
2007-07-15 21:00:00,2765.0990,25.8586
2007-07-15 22:00:00,2479.3300,25.0000
2007-07-15 23:00:00,2179.4230,24.6465
2007-07-16 00:00:00,1935.4550,24.1414
2007-07-16 01:00:00,1787.6270,23.7374
2007-07-16 02:00:00,1656.6150,22.6263
2007-07-16 03:00:00,1651.0950,22.0707
2007-07-16 04:00:00,1698.7220,21.8687
2007-07-16 05:00:00,1770.1850,21.5657
2007-07-16 06:00:00,1968.5050,22.0707
2007-07-16 07:00:00,2151.6980,24.0404
2007-07-16 08:00:00,2308.5760,25.9091
2007-07-16 09:00:00,2497.4940,27.6263
2007-07-16 10:00:00,2690.7820,29.5960
2007-07-16 11:00:00,2834.1850,30.9091
2007-07-16 12:00:00,2945.2120,31.7172
2007-07-16 13:00:00,3029.7440,31.3636
2007-07-16 14:00:00,3027.3370,31.5657
2007-07-16 15:00:00,2991.4010,30.3030
2007-07-16 16:00:00,2993.7210,29.3434
2007-07-16 17:00:00,2990.5950,27.9293
2007-07-16 18:00:00,2997.6350,27.0202
2007-07-16 19:00:00,2890.6380,25.5051
2007-07-16 20:00:00,2791.8850,24.5960
2007-07-16 21:00:00,2760.8060,23.6869
2007-07-16 22:00:00,2451.2810,23.1818
2007-07-16 23:00:00,2131.2830,22.3232
2007-07-17 00:00:00,1880.5440,22.2222
2007-07-17 01:00:00,1765.7780,22.1212
2007-07-17 02:00:00,1672.3660,20.7071
2007-07-17 03:00:00,1618.7370,20.7576
2007-07-17 04:00:00,1626.7050,20.2525
2007-07-17 05:00:00,1717.3200,19.8485
2007-07-17 06:00:00,1899.9760,20.9091
2007-07-17 07:00:00,2064.7700,22.8283
2007-07-17 08:00:00,2188.1970,25.1010
2007-07-17 09:00:00,2370.3750,27.0202
2007-07-17 10:00:00,2531.0160,29.1919
2007-07-17 11:00:00,2687.9710,30.9596
2007-07-17 12:00:00,2803.1940,31.4646
2007-07-17 13:00:00,2935.7000,32.4747
2007-07-17 14:00:00,2956.9010,32.0707
2007-07-17 15:00:00,3043.7660,31.4646
2007-07-17 16:00:00,3069.2460,30.3535
2007-07-17 17:00:00,3123.1700,28.0808
2007-07-17 18:00:00,3157.2470,27.0202
2007-07-17 19:00:00,3026.5490,26.0606
2007-07-17 20:00:00,2926.3630,25.0000
2007-07-17 21:00:00,2805.6020,24.1919
2007-07-17 22:00:00,2534.1230,23.6869
2007-07-17 23:00:00,2231.7950,23.2323
2007-07-18 00:00:00,2020.8340,23.2323
2007-07-18 01:00:00,1886.9480,22.8283
2007-07-18 02:00:00,1814.4010,22.6768
2007-07-18 03:00:00,1783.0780,22.4242
2007-07-18 04:00:00,1786.3960,22.3232
2007-07-18 05:00:00,1887.3780,22.2222
2007-07-18 06:00:00,2046.0080,22.6768
2007-07-18 07:00:00,2187.3360,23.4343
2007-07-18 08:00:00,2266.3590,24.6970
2007-07-18 09:00:00,2445.7830,26.1616
2007-07-18 10:00:00,2645.3560,27.5253
2007-07-18 11:00:00,2770.7600,29.2929
2007-07-18 12:00:00,2879.3870,30.3535
2007-07-18 13:00:00,2921.0960,31.1616
2007-07-18 14:00:00,2922.4620,31.5657
2007-07-18 15:00:00,2987.2390,31.7677
2007-07-18 16:00:00,3105.5990,31.6667
2007-07-18 17:00:00,3184.6570,31.6162
2007-07-18 18:00:00,3239.7860,30.7576
2007-07-18 19:00:00,3128.6760,28.7374
2007-07-18 20:00:00,3020.1000,26.5152
2007-07-18 21:00:00,2910.4720,25.2525
2007-07-18 22:00:00,2606.0810,24.0909
2007-07-18 23:00:00,2264.4670,23.6364
2007-07-19 00:00:00,2014.8870,22.8788
2007-07-19 01:00:00,1878.4940,23.1818
2007-07-19 02:00:00,1779.8160,22.9798
2007-07-19 03:00:00,1733.6590,22.6768
2007-07-19 04:00:00,1757.6150,22.4747
2007-07-19 05:00:00,1821.8270,22.1717
2007-07-19 06:00:00,2011.9030,22.6768
2007-07-19 07:00:00,2209.0610,24.8485
2007-07-19 08:00:00,2359.0520,27.1212
2007-07-19 09:00:00,2547.1460,29.2424
2007-07-19 10:00:00,2682.8860,30.8586
2007-07-19 11:00:00,2856.2290,32.2222
2007-07-19 12:00:00,2952.5540,33.0303
2007-07-19 13:00:00,3032.8570,33.2828
2007-07-19 14:00:00,2895.8430,32.1717
2007-07-19 15:00:00,2902.9660,30.1515
2007-07-19 16:00:00,2903.9180,29.2424
2007-07-19 17:00:00,2886.3100,26.2626
2007-07-19 18:00:00,2913.3290,25.7071
2007-07-19 19:00:00,2855.7250,25.0000
2007-07-19 20:00:00,2766.3570,23.9899
2007-07-19 21:00:00,2702.8060,23.7879
2007-07-19 22:00:00,2475.8970,23.4343
2007-07-19 23:00:00,2163.0280,23.4343
2007-07-20 00:00:00,1971.4880,23.0303
2007-07-20 01:00:00,1861.8560,22.7778
2007-07-20 02:00:00,1778.7280,22.6263
2007-07-20 03:00:00,1740.2750,22.3232
2007-07-20 04:00:00,1740.6150,22.1212
2007-07-20 05:00:00,1804.4820,21.9697
2007-07-20 06:00:00,1966.6570,22.2727
2007-07-20 07:00:00,2132.7420,23.2323
2007-07-20 08:00:00,2194.7010,24.3939
2007-07-20 09:00:00,2294.7390,24.6465
2007-07-20 10:00:00,2342.2540,25.4040
2007-07-20 11:00:00,2381.0660,25.4545
2007-07-20 12:00:00,2432.5600,26.5152
2007-07-20 13:00:00,2493.4250,27.4747
2007-07-20 14:00:00,2509.3630,28.0808
2007-07-20 15:00:00,2518.5720,28.1818
2007-07-20 16:00:00,2586.1700,28.0303
2007-07-20 17:00:00,2643.0020,27.9293
2007-07-20 18:00:00,2664.1780,26.9697
2007-07-20 19:00:00,2548.3790,25.2525
2007-07-20 20:00:00,2440.1960,23.1818
2007-07-20 21:00:00,2389.9620,21.4646
2007-07-20 22:00:00,2146.9520,20.3030
2007-07-20 23:00:00,1860.8240,19.7475
2007-07-21 00:00:00,1667.9370,18.6869
2007-07-21 01:00:00,1540.6380,18.7879
2007-07-21 02:00:00,1460.2100,18.2828
2007-07-21 03:00:00,1420.7150,18.2323
2007-07-21 04:00:00,1401.7750,17.5758
2007-07-21 05:00:00,1418.3390,17.2727
2007-07-21 06:00:00,1489.9150,17.5253
2007-07-21 07:00:00,1671.2240,19.3434
2007-07-21 08:00:00,1867.3980,21.2121
2007-07-21 09:00:00,2054.1790,22.3232
2007-07-21 10:00:00,2152.1190,23.8889
2007-07-21 11:00:00,2213.2260,25.3030
2007-07-21 12:00:00,2263.6300,25.9091
2007-07-21 13:00:00,2288.9620,26.2626
2007-07-21 14:00:00,2307.8000,26.7677
2007-07-21 15:00:00,2386.0790,27.1212
2007-07-21 16:00:00,2444.0700,26.9697
2007-07-21 17:00:00,2496.9890,26.6667
2007-07-21 18:00:00,2477.3000,26.1111
2007-07-21 19:00:00,2392.7520,24.0404
2007-07-21 20:00:00,2279.4630,20.7576
2007-07-21 21:00:00,2206.0750,18.8889
2007-07-21 22:00:00,2030.7960,17.5253
2007-07-21 23:00:00,1783.2810,16.5657
2007-07-22 00:00:00,1574.5370,15.9596
2007-07-22 01:00:00,1443.7800,15.4040
2007-07-22 02:00:00,1376.3610,15.2020
2007-07-22 03:00:00,1330.2470,15.1515
2007-07-22 04:00:00,1322.1420,15.2020
2007-07-22 05:00:00,1337.8690,15.5051
2007-07-22 06:00:00,1390.2320,16.6162
2007-07-22 07:00:00,1554.5840,19.2929
2007-07-22 08:00:00,1821.1920,21.8687
2007-07-22 09:00:00,2020.8490,24.1414
2007-07-22 10:00:00,2105.7820,25.8586
2007-07-22 11:00:00,2185.3960,26.8687
2007-07-22 12:00:00,2271.4710,27.1212
2007-07-22 13:00:00,2338.6630,27.5253
2007-07-22 14:00:00,2294.9490,27.9293
2007-07-22 15:00:00,2333.4870,27.6768
2007-07-22 16:00:00,2396.8110,27.2727
2007-07-22 17:00:00,2452.5010,26.4646
2007-07-22 18:00:00,2458.6220,25.6061
2007-07-22 19:00:00,2418.4490,24.2929
2007-07-22 20:00:00,2352.9880,22.0707
2007-07-22 21:00:00,2312.0930,20.0505
2007-07-22 22:00:00,2052.5820,19.2424
2007-07-22 23:00:00,1756.1570,18.4343
2007-07-23 00:00:00,1561.1680,18.3333
2007-07-23 01:00:00,1459.2520,18.5354
2007-07-23 02:00:00,1409.5270,18.2323
2007-07-23 03:00:00,1407.4010,17.9293
2007-07-23 04:00:00,1440.4310,17.8788
2007-07-23 05:00:00,1546.4230,17.5253
2007-07-23 06:00:00,1700.1830,17.5758
2007-07-23 07:00:00,1853.5880,20.0000
2007-07-23 08:00:00,1947.5520,21.8687
2007-07-23 09:00:00,2039.6480,23.6364
2007-07-23 10:00:00,2140.4770,24.7475
2007-07-23 11:00:00,2220.7600,25.7071
2007-07-23 12:00:00,2294.1640,26.6667
2007-07-23 13:00:00,2376.9240,27.4242
2007-07-23 14:00:00,2409.5190,27.9293
2007-07-23 15:00:00,2385.7380,28.0303
2007-07-23 16:00:00,2471.8750,27.9293
2007-07-23 17:00:00,2579.4310,28.1313
2007-07-23 18:00:00,2639.4700,26.6667
2007-07-23 19:00:00,2558.3700,24.4949
2007-07-23 20:00:00,2483.6130,21.5152
2007-07-23 21:00:00,2385.6400,20.1010
2007-07-23 22:00:00,2135.9570,19.5960
2007-07-23 23:00:00,1830.6660,18.5859
2007-07-24 00:00:00,1645.8000,18.1313
2007-07-24 01:00:00,1541.2780,17.6768
2007-07-24 02:00:00,1475.8620,16.8687
2007-07-24 03:00:00,1445.5200,16.5152
2007-07-24 04:00:00,1472.3250,16.1111
2007-07-24 05:00:00,1577.4660,15.9091
2007-07-24 06:00:00,1744.3160,16.9697
2007-07-24 07:00:00,1876.5150,18.8384
2007-07-24 08:00:00,1996.1390,21.4646
2007-07-24 09:00:00,2097.9090,24.1919
2007-07-24 10:00:00,2203.1940,25.8586
2007-07-24 11:00:00,2261.9790,26.9697
2007-07-24 12:00:00,2367.9130,27.1717
2007-07-24 13:00:00,2446.1750,26.6162
2007-07-24 14:00:00,2414.3700,27.3232
2007-07-24 15:00:00,2364.8360,27.0202
2007-07-24 16:00:00,2373.3200,26.6162
2007-07-24 17:00:00,2430.1830,25.9596
2007-07-24 18:00:00,2506.8540,25.2020
2007-07-24 19:00:00,2451.5740,23.5859
2007-07-24 20:00:00,2449.7530,21.9192
2007-07-24 21:00:00,2387.0360,20.8586
2007-07-24 22:00:00,2147.7520,20.6566
2007-07-24 23:00:00,1868.4250,19.8485
2007-07-25 00:00:00,1662.9690,18.8384
2007-07-25 01:00:00,1573.2570,18.8889
2007-07-25 02:00:00,1506.8050,17.9798
2007-07-25 03:00:00,1481.2780,17.6768
2007-07-25 04:00:00,1515.8120,17.2727
2007-07-25 05:00:00,1593.6800,17.2222
2007-07-25 06:00:00,1796.4320,17.8788
2007-07-25 07:00:00,1886.6410,19.9495
2007-07-25 08:00:00,1984.9420,21.4141
2007-07-25 09:00:00,2102.7900,22.8788
2007-07-25 10:00:00,2226.1290,24.5455
2007-07-25 11:00:00,2324.6730,26.0606
2007-07-25 12:00:00,2378.9270,26.7677
2007-07-25 13:00:00,2426.7990,26.9697
2007-07-25 14:00:00,2402.2680,27.6768
2007-07-25 15:00:00,2453.6010,27.6768
2007-07-25 16:00:00,2507.4960,27.9798
2007-07-25 17:00:00,2636.4560,27.8283
2007-07-25 18:00:00,2712.1210,27.0707
2007-07-25 19:00:00,2630.7980,25.1515
2007-07-25 20:00:00,2570.9630,23.3333
2007-07-25 21:00:00,2562.3980,22.2727
2007-07-25 22:00:00,2295.4370,21.5657
2007-07-25 23:00:00,2026.5880,20.9596
2007-07-26 00:00:00,1802.5410,20.1515
2007-07-26 01:00:00,1692.9460,19.3939
2007-07-26 02:00:00,1626.1400,18.9899
2007-07-26 03:00:00,1584.8630,18.8384
2007-07-26 04:00:00,1592.4640,18.5859
2007-07-26 05:00:00,1692.8910,18.8889
2007-07-26 06:00:00,1848.4670,19.1414
2007-07-26 07:00:00,1994.7150,20.9091
2007-07-26 08:00:00,2116.0050,22.8283
2007-07-26 09:00:00,2250.9980,25.3535
2007-07-26 10:00:00,2392.4900,27.2222
2007-07-26 11:00:00,2527.6400,28.2828
2007-07-26 12:00:00,2623.9490,29.6465
2007-07-26 13:00:00,2685.3400,30.0505
2007-07-26 14:00:00,2727.1150,30.2525
2007-07-26 15:00:00,2802.4760,30.8586
2007-07-26 16:00:00,2862.4040,30.4040
2007-07-26 17:00:00,2977.5750,29.8485
2007-07-26 18:00:00,3041.4020,28.9394
2007-07-26 19:00:00,2948.2030,26.6162
2007-07-26 20:00:00,2883.0180,24.1414
2007-07-26 21:00:00,2837.9740,22.9293
2007-07-26 22:00:00,2512.2420,22.0707
2007-07-26 23:00:00,2191.1890,22.0202
2007-07-27 00:00:00,1953.4240,21.4646
2007-07-27 01:00:00,1784.7940,21.1616
2007-07-27 02:00:00,1691.1440,20.9596
2007-07-27 03:00:00,1639.3050,20.6566
2007-07-27 04:00:00,1658.1870,20.1515
2007-07-27 05:00:00,1728.6550,19.8485
2007-07-27 06:00:00,1901.0790,20.3535
2007-07-27 07:00:00,2061.7520,22.2727
2007-07-27 08:00:00,2237.9000,25.0000
2007-07-27 09:00:00,2412.9700,27.2727
2007-07-27 10:00:00,2584.0610,29.3939
2007-07-27 11:00:00,2746.9260,30.2525
2007-07-27 12:00:00,2907.7560,31.2121
2007-07-27 13:00:00,2996.8380,31.3636
2007-07-27 14:00:00,2900.5160,31.1616
2007-07-27 15:00:00,2823.9840,29.2929
2007-07-27 16:00:00,2757.1920,28.4343
2007-07-27 17:00:00,2775.0560,27.4747
2007-07-27 18:00:00,2816.7840,26.0101
2007-07-27 19:00:00,2737.3410,24.6970
2007-07-27 20:00:00,2642.6960,23.6364
2007-07-27 21:00:00,2597.7080,22.7778
2007-07-27 22:00:00,2384.4450,22.4747
2007-07-27 23:00:00,2106.5880,21.9192
2007-07-28 00:00:00,1878.0080,21.5657
2007-07-28 01:00:00,1738.9370,21.3636
2007-07-28 02:00:00,1651.7680,21.0101
2007-07-28 03:00:00,1590.1630,20.6566
2007-07-28 04:00:00,1567.3750,19.9495
2007-07-28 05:00:00,1606.6220,19.6970
2007-07-28 06:00:00,1662.2920,20.2020
2007-07-28 07:00:00,1858.9560,22.0202
2007-07-28 08:00:00,2117.4760,24.3434
2007-07-28 09:00:00,2382.4050,26.7172
2007-07-28 10:00:00,2615.6400,28.4848
2007-07-28 11:00:00,2749.1370,30.0000
2007-07-28 12:00:00,2867.0960,30.9596
2007-07-28 13:00:00,2962.1260,31.0606
2007-07-28 14:00:00,3001.9920,30.5556
2007-07-28 15:00:00,3038.5760,29.2424
2007-07-28 16:00:00,3069.4650,28.4848
2007-07-28 17:00:00,3068.5290,27.8788
2007-07-28 18:00:00,2985.1620,27.2222
2007-07-28 19:00:00,2861.7990,25.5051
2007-07-28 20:00:00,2782.7190,24.3939
2007-07-28 21:00:00,2753.2690,23.6364
2007-07-28 22:00:00,2524.1390,22.8283
2007-07-28 23:00:00,2223.7150,22.6263
2007-07-29 00:00:00,1987.0620,22.2727
2007-07-29 01:00:00,1836.0820,22.0707
2007-07-29 02:00:00,1714.5770,21.6162
2007-07-29 03:00:00,1656.3250,21.2121
2007-07-29 04:00:00,1611.4540,21.1616
2007-07-29 05:00:00,1623.0750,21.2121
2007-07-29 06:00:00,1674.2670,21.5657
2007-07-29 07:00:00,1851.5530,22.8788
2007-07-29 08:00:00,2142.6680,24.7980
2007-07-29 09:00:00,2388.4810,26.2626
2007-07-29 10:00:00,2518.6400,27.9798
2007-07-29 11:00:00,2658.6810,29.0404
2007-07-29 12:00:00,2779.2710,29.4444
2007-07-29 13:00:00,2830.1050,29.2424
2007-07-29 14:00:00,2807.2400,29.2929
2007-07-29 15:00:00,2838.8180,28.5859
2007-07-29 16:00:00,2785.3520,27.0202
2007-07-29 17:00:00,2750.2820,26.2121
2007-07-29 18:00:00,2663.1730,25.6061
2007-07-29 19:00:00,2564.5720,24.1919
2007-07-29 20:00:00,2572.8140,22.9798
2007-07-29 21:00:00,2487.7530,22.7778
2007-07-29 22:00:00,2225.9460,22.4242
2007-07-29 23:00:00,1974.7290,22.2222
2007-07-30 00:00:00,1776.8550,22.1717
2007-07-30 01:00:00,1673.7960,21.7677
2007-07-30 02:00:00,1618.1570,21.5657
2007-07-30 03:00:00,1594.4250,21.4141
2007-07-30 04:00:00,1617.1070,21.5152
2007-07-30 05:00:00,1719.0750,21.5152
2007-07-30 06:00:00,1926.5770,21.6162
2007-07-30 07:00:00,2034.0230,22.0707
2007-07-30 08:00:00,2144.5410,22.6768
2007-07-30 09:00:00,2254.8880,23.4343
2007-07-30 10:00:00,2387.4490,24.4949
2007-07-30 11:00:00,2461.7180,25.4545
2007-07-30 12:00:00,2565.3410,26.1111
2007-07-30 13:00:00,2621.8690,26.9192
2007-07-30 14:00:00,2707.6930,27.7778
2007-07-30 15:00:00,2705.6860,27.6263
2007-07-30 16:00:00,2816.9110,27.1212
2007-07-30 17:00:00,2866.0040,26.7677
2007-07-30 18:00:00,2920.0560,26.3636
2007-07-30 19:00:00,2854.3060,25.2525
2007-07-30 20:00:00,2828.6490,23.5859
2007-07-30 21:00:00,2729.5990,22.7778
2007-07-30 22:00:00,2437.4500,21.9697
2007-07-30 23:00:00,2106.9910,21.8182
2007-07-31 00:00:00,1872.7270,21.5152
2007-07-31 01:00:00,1739.5550,21.0606
2007-07-31 02:00:00,1663.4030,20.8586
2007-07-31 03:00:00,1627.9360,20.5051
2007-07-31 04:00:00,1633.3890,20.2020
2007-07-31 05:00:00,1722.3090,20.0000
2007-07-31 06:00:00,1907.3930,20.4040
2007-07-31 07:00:00,2056.3970,22.1717
2007-07-31 08:00:00,2178.4070,24.3434
2007-07-31 09:00:00,2350.4620,26.2626
2007-07-31 10:00:00,2524.0910,27.9293
2007-07-31 11:00:00,2697.4600,28.9394
2007-07-31 12:00:00,2808.5680,29.8990
2007-07-31 13:00:00,2882.9850,30.1010
2007-07-31 14:00:00,2984.3060,30.8586
2007-07-31 15:00:00,2990.6580,30.7576
2007-07-31 16:00:00,3084.3450,30.5556
2007-07-31 17:00:00,3148.0060,30.4040
2007-07-31 18:00:00,3180.5720,29.3939
2007-07-31 19:00:00,3091.7440,27.2222
2007-07-31 20:00:00,2972.7040,24.7980
2007-07-31 21:00:00,2832.8270,23.1313
2007-07-31 22:00:00,2459.6520,22.4747
2007-07-31 23:00:00,2107.1490,21.8687
2007-08-01 00:00:00,1867.0210,21.4141
2007-08-01 01:00:00,1730.2590,20.8081
2007-08-01 02:00:00,1641.4750,20.2525
2007-08-01 03:00:00,1590.3450,19.7980
2007-08-01 04:00:00,1593.8230,19.3939
2007-08-01 05:00:00,1681.4800,18.7374
2007-08-01 06:00:00,1856.8310,19.3939
2007-08-01 07:00:00,2030.8400,22.4242
2007-08-01 08:00:00,2191.5540,25.4545
2007-08-01 09:00:00,2367.8790,27.5253
2007-08-01 10:00:00,2575.6020,29.5960
2007-08-01 11:00:00,2767.0270,30.8081
2007-08-01 12:00:00,2903.7720,31.2121
2007-08-01 13:00:00,2982.5850,31.7677
2007-08-01 14:00:00,3014.0780,32.1717
2007-08-01 15:00:00,3107.7680,32.2727
2007-08-01 16:00:00,3139.1740,32.0202
2007-08-01 17:00:00,3224.5900,31.7172
2007-08-01 18:00:00,3372.5040,30.5556
2007-08-01 19:00:00,3202.9450,27.4242
2007-08-01 20:00:00,3081.5700,25.1010
2007-08-01 21:00:00,2974.0680,23.8384
2007-08-01 22:00:00,2614.6710,22.9293
2007-08-01 23:00:00,2252.5340,22.2727
2007-08-02 00:00:00,1991.7240,21.5657
2007-08-02 01:00:00,1833.7480,21.0606
2007-08-02 02:00:00,1727.3250,20.6061
2007-08-02 03:00:00,1668.8760,20.1515
2007-08-02 04:00:00,1672.7060,19.9495
2007-08-02 05:00:00,1759.2860,19.4444
2007-08-02 06:00:00,1935.3730,20.0000
2007-08-02 07:00:00,2097.1460,22.4747
2007-08-02 08:00:00,2244.0200,25.5051
2007-08-02 09:00:00,2461.6800,27.6263
2007-08-02 10:00:00,2700.0220,29.7980
2007-08-02 11:00:00,2881.3150,31.2121
2007-08-02 12:00:00,3044.5380,31.9697
2007-08-02 13:00:00,3139.0190,32.4747
2007-08-02 14:00:00,3158.1190,32.8283
2007-08-02 15:00:00,3237.5420,33.0808
2007-08-02 16:00:00,3252.1320,32.5758
2007-08-02 17:00:00,3297.2700,31.9697
2007-08-02 18:00:00,3447.7100,30.6061
2007-08-02 19:00:00,3325.8400,28.4848
2007-08-02 20:00:00,3176.7140,26.5152
2007-08-02 21:00:00,3073.2920,25.1010
2007-08-02 22:00:00,2718.1500,24.2929
2007-08-02 23:00:00,2354.2770,23.1818
2007-08-03 00:00:00,2095.0990,22.5758
2007-08-03 01:00:00,1931.4960,22.0202
2007-08-03 02:00:00,1823.2890,21.2626
2007-08-03 03:00:00,1756.3390,21.1111
2007-08-03 04:00:00,1747.9930,20.7071
2007-08-03 05:00:00,1818.4720,20.3535
2007-08-03 06:00:00,1992.1460,20.7576
2007-08-03 07:00:00,2174.1460,22.7778
2007-08-03 08:00:00,2375.7440,25.5556
2007-08-03 09:00:00,2539.8210,27.6768
2007-08-03 10:00:00,2765.4610,29.9495
2007-08-03 11:00:00,2983.0460,31.4646
2007-08-03 12:00:00,3147.2140,32.4242
2007-08-03 13:00:00,3190.8630,32.9293
2007-08-03 14:00:00,3150.5550,33.4848
2007-08-03 15:00:00,3157.5350,33.2828
2007-08-03 16:00:00,3187.9190,33.1313
2007-08-03 17:00:00,3215.7140,31.1616
2007-08-03 18:00:00,3249.2030,29.7980
2007-08-03 19:00:00,3113.4120,27.8283
2007-08-03 20:00:00,3001.3910,26.1111
2007-08-03 21:00:00,2906.5400,25.1010
2007-08-03 22:00:00,2630.5000,24.6465
2007-08-03 23:00:00,2307.9850,23.5354
2007-08-04 00:00:00,2099.7720,22.9798
2007-08-04 01:00:00,1938.8170,22.7778
2007-08-04 02:00:00,1824.6920,22.2727
2007-08-04 03:00:00,1748.4100,21.8687
2007-08-04 04:00:00,1722.7670,21.3636
2007-08-04 05:00:00,1741.2300,21.0606
2007-08-04 06:00:00,1828.7440,21.3131
2007-08-04 07:00:00,1990.1580,23.2828
2007-08-04 08:00:00,2290.8250,26.0101
2007-08-04 09:00:00,2574.8570,28.2323
2007-08-04 10:00:00,2852.4920,30.4545
2007-08-04 11:00:00,3043.3120,31.9697
2007-08-04 12:00:00,3243.2310,33.1313
2007-08-04 13:00:00,3313.6150,33.9394
2007-08-04 14:00:00,3300.1930,34.3434
2007-08-04 15:00:00,3339.8350,34.3434
2007-08-04 16:00:00,3379.2110,34.0909
2007-08-04 17:00:00,3466.3720,33.1313
2007-08-04 18:00:00,3402.7610,31.8687
2007-08-04 19:00:00,3266.6890,29.4949
2007-08-04 20:00:00,3189.7380,27.0707
2007-08-04 21:00:00,3083.3300,26.1616
2007-08-04 22:00:00,2800.7650,25.3030
2007-08-04 23:00:00,2465.2940,24.4949
2007-08-05 00:00:00,2190.3600,23.8889
2007-08-05 01:00:00,2013.7830,23.7879
2007-08-05 02:00:00,1892.5520,23.3333
2007-08-05 03:00:00,1810.0280,23.3333
2007-08-05 04:00:00,1779.6010,23.0808
2007-08-05 05:00:00,1781.4250,23.1313
2007-08-05 06:00:00,1862.3280,23.3333
2007-08-05 07:00:00,2048.0730,24.6465
2007-08-05 08:00:00,2297.5280,26.2121
2007-08-05 09:00:00,2566.0840,28.0808
2007-08-05 10:00:00,2727.8740,29.9495
2007-08-05 11:00:00,2856.3500,30.9596
2007-08-05 12:00:00,2947.9180,31.7172
2007-08-05 13:00:00,2961.6120,31.8182
2007-08-05 14:00:00,2945.1680,31.7677
2007-08-05 15:00:00,2891.0850,30.7576
2007-08-05 16:00:00,2826.9050,28.8384
2007-08-05 17:00:00,2791.2130,26.8687
2007-08-05 18:00:00,2728.6150,25.9596
2007-08-05 19:00:00,2696.6500,25.2525
2007-08-05 20:00:00,2677.2830,24.2929
2007-08-05 21:00:00,2557.5640,23.7374
2007-08-05 22:00:00,2351.6590,23.3333
2007-08-05 23:00:00,2088.4210,23.0303
2007-08-06 00:00:00,1918.6370,22.7273
2007-08-06 01:00:00,1802.7490,22.5758
2007-08-06 02:00:00,1745.3770,22.4242
2007-08-06 03:00:00,1721.2360,22.4747
2007-08-06 04:00:00,1745.0090,22.5253
2007-08-06 05:00:00,1847.5650,22.3232
2007-08-06 06:00:00,2038.0700,22.4242
2007-08-06 07:00:00,2195.1540,23.4343
2007-08-06 08:00:00,2312.9850,24.7980
2007-08-06 09:00:00,2461.5130,26.1616
2007-08-06 10:00:00,2653.2680,27.9293
2007-08-06 11:00:00,2828.8730,30.3535
2007-08-06 12:00:00,2946.1970,31.2121
2007-08-06 13:00:00,3113.4640,31.9697
2007-08-06 14:00:00,3131.2020,32.4242
2007-08-06 15:00:00,3182.1500,32.8788
2007-08-06 16:00:00,3244.1950,32.7273
2007-08-06 17:00:00,3440.6400,32.3232
2007-08-06 18:00:00,3476.0880,31.6667
2007-08-06 19:00:00,3361.9150,30.0000
2007-08-06 20:00:00,3308.1860,27.6768
2007-08-06 21:00:00,3185.4540,26.7172
2007-08-06 22:00:00,2845.4580,26.3131
2007-08-06 23:00:00,2498.3700,25.5051
2007-08-07 00:00:00,2246.2260,25.2525
2007-08-07 01:00:00,2085.7210,24.5960
2007-08-07 02:00:00,1976.2820,23.8889
2007-08-07 03:00:00,1934.0270,23.6364
2007-08-07 04:00:00,1913.4670,23.3838
2007-08-07 05:00:00,1983.5210,23.1818
2007-08-07 06:00:00,2123.2970,23.1313
2007-08-07 07:00:00,2321.0770,25.5556
2007-08-07 08:00:00,2495.9390,28.0808
2007-08-07 09:00:00,2712.3130,30.2525
2007-08-07 10:00:00,2964.9500,31.6162
2007-08-07 11:00:00,3139.1260,32.6263
2007-08-07 12:00:00,3239.9080,33.9899
2007-08-07 13:00:00,3400.9920,34.3939
2007-08-07 14:00:00,3413.3140,34.7980
2007-08-07 15:00:00,3435.3360,34.5960
2007-08-07 16:00:00,3414.8640,34.1414
2007-08-07 17:00:00,3445.0450,33.6869
2007-08-07 18:00:00,3556.5270,32.2222
2007-08-07 19:00:00,3464.6490,30.2020
2007-08-07 20:00:00,3393.9590,28.5354
2007-08-07 21:00:00,3305.5500,27.6768
2007-08-07 22:00:00,2935.0990,26.8687
2007-08-07 23:00:00,2615.4570,26.8182
2007-08-08 00:00:00,2378.1990,26.3131
2007-08-08 01:00:00,2233.5850,25.7071
2007-08-08 02:00:00,2119.6510,25.5556
2007-08-08 03:00:00,2081.7610,25.4040
2007-08-08 04:00:00,2072.6420,25.1010
2007-08-08 05:00:00,2123.7140,25.0505
2007-08-08 06:00:00,2260.2280,25.3030
2007-08-08 07:00:00,2421.8040,26.9697
2007-08-08 08:00:00,2593.1380,29.2929
2007-08-08 09:00:00,2874.4140,31.7677
2007-08-08 10:00:00,3125.1430,33.6869
2007-08-08 11:00:00,3320.3200,35.0505
2007-08-08 12:00:00,3488.8950,35.9596
2007-08-08 13:00:00,3589.7380,36.9697
2007-08-08 14:00:00,3548.5430,37.3737
2007-08-08 15:00:00,3620.4900,37.8788
2007-08-08 16:00:00,3663.2890,37.6263
2007-08-08 17:00:00,3699.2370,37.2222
2007-08-08 18:00:00,3778.0960,35.7071
2007-08-08 19:00:00,3671.9660,32.7273
2007-08-08 20:00:00,3561.6470,31.1616
2007-08-08 21:00:00,3445.8300,29.6970
2007-08-08 22:00:00,3115.3380,28.7374
2007-08-08 23:00:00,2804.6590,28.2323
2007-08-09 00:00:00,2534.6560,27.5253
2007-08-09 01:00:00,2356.3590,26.7172
2007-08-09 02:00:00,2231.1840,25.9091
2007-08-09 03:00:00,2160.9640,25.6061
2007-08-09 04:00:00,2120.7370,25.3030
2007-08-09 05:00:00,2195.2240,24.9495
2007-08-09 06:00:00,2341.4860,25.0000
2007-08-09 07:00:00,2534.3250,27.4242
2007-08-09 08:00:00,2688.4720,30.2525
2007-08-09 09:00:00,2901.9880,31.8182
2007-08-09 10:00:00,3148.2430,33.4848
2007-08-09 11:00:00,3319.8820,34.0909
2007-08-09 12:00:00,3395.7460,35.0000
2007-08-09 13:00:00,3448.5560,35.5556
2007-08-09 14:00:00,3350.7590,34.8485
2007-08-09 15:00:00,3349.1660,32.9293
2007-08-09 16:00:00,3282.6340,31.7172
2007-08-09 17:00:00,3374.8110,30.4545
2007-08-09 18:00:00,3319.1280,29.2424
2007-08-09 19:00:00,3278.7400,27.6263
2007-08-09 20:00:00,3258.4950,26.8182
2007-08-09 21:00:00,3123.2110,26.3131
2007-08-09 22:00:00,2799.9330,25.5556
2007-08-09 23:00:00,2507.2920,25.3535
2007-08-10 00:00:00,2256.0520,25.2020
2007-08-10 01:00:00,2101.7460,24.3939
2007-08-10 02:00:00,2025.1850,24.1414
2007-08-10 03:00:00,1983.9890,23.5859
2007-08-10 04:00:00,1984.4800,23.5859
2007-08-10 05:00:00,2056.5480,23.2323
2007-08-10 06:00:00,2221.7700,23.3838
2007-08-10 07:00:00,2367.4820,24.3939
2007-08-10 08:00:00,2470.5090,25.8081
2007-08-10 09:00:00,2642.1190,27.6263
2007-08-10 10:00:00,2823.0700,28.9899
2007-08-10 11:00:00,2976.2010,30.3535
2007-08-10 12:00:00,3053.6380,31.4646
2007-08-10 13:00:00,3194.4420,32.3737
2007-08-10 14:00:00,3261.1140,32.3232
2007-08-10 15:00:00,3285.5330,32.3737
2007-08-10 16:00:00,3351.4840,31.7172
2007-08-10 17:00:00,3493.5510,31.6667
2007-08-10 18:00:00,3408.2450,30.4545
2007-08-10 19:00:00,3275.3210,27.9293
2007-08-10 20:00:00,3212.4790,26.1111
2007-08-10 21:00:00,3071.9000,25.1515
2007-08-10 22:00:00,2769.5390,25.0000
2007-08-10 23:00:00,2461.3640,24.2929
2007-08-11 00:00:00,2203.0860,23.7879
2007-08-11 01:00:00,2018.8460,23.4848
2007-08-11 02:00:00,1900.0360,23.1313
2007-08-11 03:00:00,1809.6770,22.4242
2007-08-11 04:00:00,1766.6810,22.1212
2007-08-11 05:00:00,1774.4810,21.6667
2007-08-11 06:00:00,1832.9930,21.4141
2007-08-11 07:00:00,1956.5460,21.5152
2007-08-11 08:00:00,2158.3410,22.3232
2007-08-11 09:00:00,2346.6770,23.4848
2007-08-11 10:00:00,2449.7710,24.7475
2007-08-11 11:00:00,2547.1350,25.5051
2007-08-11 12:00:00,2668.2250,26.5657
2007-08-11 13:00:00,2709.1980,27.2727
2007-08-11 14:00:00,2769.0920,27.9293
2007-08-11 15:00:00,2858.4240,28.4848
2007-08-11 16:00:00,2895.7450,28.4343
2007-08-11 17:00:00,2968.8160,28.1313
2007-08-11 18:00:00,2923.8960,27.1717
2007-08-11 19:00:00,2774.8720,24.8990
2007-08-11 20:00:00,2673.7840,22.4747
2007-08-11 21:00:00,2596.3810,21.2121
2007-08-11 22:00:00,2291.9040,20.2525
2007-08-11 23:00:00,2001.8400,18.9899
2007-08-12 00:00:00,1788.4480,18.9394
2007-08-12 01:00:00,1640.1250,17.9798
2007-08-12 02:00:00,1546.6700,17.5253
2007-08-12 03:00:00,1506.3660,17.0202
2007-08-12 04:00:00,1476.7950,16.6667
2007-08-12 05:00:00,1481.3820,16.4646
2007-08-12 06:00:00,1538.6230,16.6667
2007-08-12 07:00:00,1711.2470,19.9495
2007-08-12 08:00:00,2005.6700,22.9798
2007-08-12 09:00:00,2258.8190,25.4545
2007-08-12 10:00:00,2440.6110,27.2222
2007-08-12 11:00:00,2575.7300,28.5354
2007-08-12 12:00:00,2723.0120,29.3939
2007-08-12 13:00:00,2822.1920,30.2525
2007-08-12 14:00:00,2900.8460,30.7071
2007-08-12 15:00:00,2986.8770,31.0101
2007-08-12 16:00:00,3090.9000,30.7576
2007-08-12 17:00:00,3165.2230,30.4040
2007-08-12 18:00:00,3181.6030,29.3434
2007-08-12 19:00:00,3071.2450,26.7677
2007-08-12 20:00:00,2993.5740,24.5960
2007-08-12 21:00:00,2817.4760,23.6869
2007-08-12 22:00:00,2501.8390,22.5253
2007-08-12 23:00:00,2160.9440,21.8182
2007-08-13 00:00:00,1923.4260,21.2121
2007-08-13 01:00:00,1764.5790,21.1111
2007-08-13 02:00:00,1677.7320,20.6566
2007-08-13 03:00:00,1656.1870,20.3030
2007-08-13 04:00:00,1655.7070,19.9495
2007-08-13 05:00:00,1729.7950,19.5960
2007-08-13 06:00:00,1904.1780,19.9495
2007-08-13 07:00:00,2052.3110,22.2222
2007-08-13 08:00:00,2230.3440,24.8990
2007-08-13 09:00:00,2473.7050,27.2222
2007-08-13 10:00:00,2658.4180,28.9394
2007-08-13 11:00:00,2784.1780,30.3030
2007-08-13 12:00:00,2943.0160,31.1111
2007-08-13 13:00:00,3058.2040,31.8687
2007-08-13 14:00:00,3046.1490,31.9192
2007-08-13 15:00:00,3122.4290,32.3737
2007-08-13 16:00:00,3208.6540,32.0202
2007-08-13 17:00:00,3286.8470,31.7677
2007-08-13 18:00:00,3318.6940,30.6566
2007-08-13 19:00:00,3141.3060,27.3737
2007-08-13 20:00:00,3011.7080,24.3434
2007-08-13 21:00:00,2865.9310,22.7273
2007-08-13 22:00:00,2476.2900,22.3737
2007-08-13 23:00:00,2133.5700,21.3131
2007-08-14 00:00:00,1901.2180,21.3636
2007-08-14 01:00:00,1751.4160,20.8586
2007-08-14 02:00:00,1665.2970,20.2525
2007-08-14 03:00:00,1630.0250,19.5455
2007-08-14 04:00:00,1605.3750,19.0909
2007-08-14 05:00:00,1702.9310,18.7879
2007-08-14 06:00:00,1873.9450,18.6364
2007-08-14 07:00:00,2003.4780,20.6061
2007-08-14 08:00:00,2099.0990,23.0808
2007-08-14 09:00:00,2229.6470,25.3535
2007-08-14 10:00:00,2341.7950,26.8182
2007-08-14 11:00:00,2424.7860,27.7273
2007-08-14 12:00:00,2570.8110,28.5859
2007-08-14 13:00:00,2661.7380,29.2929
2007-08-14 14:00:00,2698.3110,29.7475
2007-08-14 15:00:00,2819.9520,30.1010
2007-08-14 16:00:00,2908.5240,29.8990
2007-08-14 17:00:00,3026.8610,29.2929
2007-08-14 18:00:00,2991.3660,27.2222
2007-08-14 19:00:00,2839.1940,24.2929
2007-08-14 20:00:00,2734.3460,21.4141
2007-08-14 21:00:00,2582.4890,20.2525
2007-08-14 22:00:00,2266.8730,19.2424
2007-08-14 23:00:00,1967.8690,18.6364
2007-08-15 00:00:00,1748.3320,18.2828
2007-08-15 01:00:00,1634.9040,18.0808
2007-08-15 02:00:00,1564.3300,17.0707
2007-08-15 03:00:00,1551.7060,16.7677
2007-08-15 04:00:00,1552.3060,16.7677
2007-08-15 05:00:00,1624.6700,16.4646
2007-08-15 06:00:00,1793.2300,16.7172
2007-08-15 07:00:00,1928.6430,19.7475
2007-08-15 08:00:00,2007.8830,22.9798
2007-08-15 09:00:00,2159.5210,25.7071
2007-08-15 10:00:00,2308.8240,27.8788
2007-08-15 11:00:00,2488.9710,30.1515
2007-08-15 12:00:00,2660.4930,31.4141
2007-08-15 13:00:00,2819.2290,32.2727
2007-08-15 14:00:00,2882.5800,32.7778
2007-08-15 15:00:00,2986.8390,33.0303
2007-08-15 16:00:00,3086.2730,33.0303
2007-08-15 17:00:00,3154.9210,32.4242
2007-08-15 18:00:00,3218.8460,30.5556
2007-08-15 19:00:00,3065.3620,27.9798
2007-08-15 20:00:00,3032.1910,26.1111
2007-08-15 21:00:00,2913.9060,24.9495
2007-08-15 22:00:00,2562.6490,24.0909
2007-08-15 23:00:00,2255.0180,23.8889
2007-08-16 00:00:00,2049.9810,23.9394
2007-08-16 01:00:00,1901.2490,23.9899
2007-08-16 02:00:00,1816.0700,23.3838
2007-08-16 03:00:00,1785.3770,22.7273
2007-08-16 04:00:00,1783.4070,22.1717
2007-08-16 05:00:00,1864.0640,22.0202
2007-08-16 06:00:00,2039.5650,22.2727
2007-08-16 07:00:00,2200.5270,23.9394
2007-08-16 08:00:00,2326.2830,26.1616
2007-08-16 09:00:00,2470.4280,28.2323
2007-08-16 10:00:00,2586.5930,29.8990
2007-08-16 11:00:00,2665.3190,30.8586
2007-08-16 12:00:00,2813.6420,31.8687
2007-08-16 13:00:00,2961.1740,33.3333
2007-08-16 14:00:00,3042.0850,34.4444
2007-08-16 15:00:00,3188.8690,35.0000
2007-08-16 16:00:00,3278.9790,34.6465
2007-08-16 17:00:00,3352.6330,32.6263
2007-08-16 18:00:00,3417.4520,30.8081
2007-08-16 19:00:00,3233.7750,29.3939
2007-08-16 20:00:00,3225.6750,27.5253
2007-08-16 21:00:00,3058.8280,26.2121
2007-08-16 22:00:00,2688.5180,25.4545
2007-08-16 23:00:00,2370.8140,24.7475
2007-08-17 00:00:00,2170.1610,23.4343
2007-08-17 01:00:00,1997.5200,23.1313
2007-08-17 02:00:00,1904.4250,22.6263
2007-08-17 03:00:00,1847.2090,22.2222
2007-08-17 04:00:00,1831.8610,21.9192
2007-08-17 05:00:00,1896.1320,21.7677
2007-08-17 06:00:00,2071.2180,21.8687
2007-08-17 07:00:00,2185.7420,22.3232
2007-08-17 08:00:00,2258.4600,23.8384
2007-08-17 09:00:00,2384.1230,25.5556
2007-08-17 10:00:00,2558.6930,26.8687
2007-08-17 11:00:00,2747.8790,28.6364
2007-08-17 12:00:00,2926.3250,30.1010
2007-08-17 13:00:00,3068.3280,31.3636
2007-08-17 14:00:00,3112.7400,32.5253
2007-08-17 15:00:00,3162.1970,32.8788
2007-08-17 16:00:00,3253.6020,32.8283
2007-08-17 17:00:00,3351.0450,32.4747
2007-08-17 18:00:00,3317.1400,31.0101
2007-08-17 19:00:00,3171.0330,28.3333
2007-08-17 20:00:00,3078.9570,27.1212
2007-08-17 21:00:00,2907.1050,26.4646
2007-08-17 22:00:00,2683.3560,26.0101
2007-08-17 23:00:00,2342.5220,25.1515
2007-08-18 00:00:00,2066.4620,24.4444
2007-08-18 01:00:00,1884.5260,23.8889
2007-08-18 02:00:00,1757.4040,22.7273
2007-08-18 03:00:00,1664.9430,21.9192
2007-08-18 04:00:00,1623.9510,20.2020
2007-08-18 05:00:00,1620.3170,19.4444
2007-08-18 06:00:00,1700.5360,19.4444
2007-08-18 07:00:00,1856.2790,21.1616
2007-08-18 08:00:00,2062.7820,22.8788
2007-08-18 09:00:00,2243.0820,23.8384
2007-08-18 10:00:00,2303.3080,24.8990
2007-08-18 11:00:00,2369.5070,25.4545
2007-08-18 12:00:00,2396.9830,26.3131
2007-08-18 13:00:00,2418.1830,26.7172
2007-08-18 14:00:00,2464.1740,27.2727
2007-08-18 15:00:00,2519.3870,27.2727
2007-08-18 16:00:00,2565.5660,27.3232
2007-08-18 17:00:00,2621.1130,26.5657
2007-08-18 18:00:00,2574.0490,25.0505
2007-08-18 19:00:00,2421.5140,22.3232
2007-08-18 20:00:00,2388.5390,19.6970
2007-08-18 21:00:00,2269.6470,19.0404
2007-08-18 22:00:00,2042.6250,18.1313
2007-08-18 23:00:00,1798.6460,17.5758
2007-08-19 00:00:00,1637.6850,17.2222
2007-08-19 01:00:00,1520.7120,16.8687
2007-08-19 02:00:00,1456.6320,16.8182
2007-08-19 03:00:00,1433.8380,16.6667
2007-08-19 04:00:00,1411.3880,16.6667
2007-08-19 05:00:00,1428.3330,17.1717
2007-08-19 06:00:00,1492.5800,17.7273
2007-08-19 07:00:00,1643.0430,18.8889
2007-08-19 08:00:00,1899.4690,20.6061
2007-08-19 09:00:00,2039.1960,22.6263
2007-08-19 10:00:00,2143.9050,24.5455
2007-08-19 11:00:00,2208.6500,25.9596
2007-08-19 12:00:00,2305.6510,27.1717
2007-08-19 13:00:00,2381.7530,28.1818
2007-08-19 14:00:00,2451.0860,29.3434
2007-08-19 15:00:00,2563.1970,29.5455
2007-08-19 16:00:00,2597.0630,29.4444
2007-08-19 17:00:00,2661.0690,29.0404
2007-08-19 18:00:00,2679.5350,27.9798
2007-08-19 19:00:00,2622.3960,27.0202
2007-08-19 20:00:00,2686.1390,25.4545
2007-08-19 21:00:00,2533.1490,24.6970
2007-08-19 22:00:00,2259.1550,23.3838
2007-08-19 23:00:00,1888.7050,22.9293
2007-08-20 00:00:00,1729.6830,22.6263
2007-08-20 01:00:00,1618.7400,22.1717
2007-08-20 02:00:00,1571.7270,21.8687
2007-08-20 03:00:00,1578.1990,21.6667
2007-08-20 04:00:00,1593.7010,21.4646
2007-08-20 05:00:00,1688.3900,20.9091
2007-08-20 06:00:00,1917.9220,20.6566
2007-08-20 07:00:00,2016.5460,21.1111
2007-08-20 08:00:00,2072.8500,21.7677
2007-08-20 09:00:00,2151.1060,22.5253
2007-08-20 10:00:00,2205.5610,23.6364
2007-08-20 11:00:00,2308.9370,24.5960
2007-08-20 12:00:00,2383.0930,25.5051
2007-08-20 13:00:00,2374.9480,26.3636
2007-08-20 14:00:00,2395.5850,26.7677
2007-08-20 15:00:00,2362.0970,26.9192
2007-08-20 16:00:00,2445.7160,25.9091
2007-08-20 17:00:00,2653.5150,25.5556
2007-08-20 18:00:00,2638.0530,24.7475
2007-08-20 19:00:00,2582.7860,23.6364
2007-08-20 20:00:00,2579.7930,22.7273
2007-08-20 21:00:00,2476.1940,22.3737
2007-08-20 22:00:00,2170.2600,21.9192
2007-08-20 23:00:00,1922.8190,21.7172
2007-08-21 00:00:00,1765.9480,21.5657
2007-08-21 01:00:00,1673.5290,21.6667
2007-08-21 02:00:00,1631.6080,21.6162
2007-08-21 03:00:00,1626.7580,21.6162
2007-08-21 04:00:00,1647.0600,21.5657
2007-08-21 05:00:00,1756.6990,21.4646
2007-08-21 06:00:00,1980.4230,21.2626
2007-08-21 07:00:00,2059.5720,21.8182
2007-08-21 08:00:00,2092.5870,22.4242
2007-08-21 09:00:00,2157.1820,23.5354
2007-08-21 10:00:00,2205.7710,25.4040
2007-08-21 11:00:00,2321.8620,26.8182
2007-08-21 12:00:00,2413.1240,28.5859
2007-08-21 13:00:00,2493.1130,29.6970
2007-08-21 14:00:00,2469.9200,29.9495
2007-08-21 15:00:00,2497.8170,28.2828
2007-08-21 16:00:00,2481.2940,27.4242
2007-08-21 17:00:00,2542.3970,25.9596
2007-08-21 18:00:00,2550.6080,23.9899
2007-08-21 19:00:00,2555.5040,22.7778
2007-08-21 20:00:00,2543.4460,22.1717
2007-08-21 21:00:00,2438.3560,21.8182
2007-08-21 22:00:00,2165.7920,21.4141
2007-08-21 23:00:00,1918.0130,21.2121
2007-08-22 00:00:00,1766.8000,21.2121
2007-08-22 01:00:00,1671.1600,21.1616
2007-08-22 02:00:00,1622.7240,21.0101
2007-08-22 03:00:00,1612.3300,20.9091
2007-08-22 04:00:00,1627.6490,20.8586
2007-08-22 05:00:00,1727.5630,20.8081
2007-08-22 06:00:00,1949.2550,20.5051
2007-08-22 07:00:00,2042.4060,20.7071
2007-08-22 08:00:00,2053.8290,20.8081
2007-08-22 09:00:00,2120.3760,21.2121
2007-08-22 10:00:00,2192.3670,22.0707
2007-08-22 11:00:00,2204.4050,22.9798
2007-08-22 12:00:00,2259.0040,23.9899
2007-08-22 13:00:00,2312.0900,25.1515
2007-08-22 14:00:00,2246.5090,25.7071
2007-08-22 15:00:00,2257.7440,25.7576
2007-08-22 16:00:00,2328.5060,25.8081
2007-08-22 17:00:00,2494.9970,25.3030
2007-08-22 18:00:00,2499.0510,24.5455
2007-08-22 19:00:00,2504.0920,23.2828
2007-08-22 20:00:00,2601.5230,22.5253
2007-08-22 21:00:00,2495.0460,22.0707
2007-08-22 22:00:00,2217.7920,21.8182
2007-08-22 23:00:00,1930.6620,21.5657
2007-08-23 00:00:00,1779.1370,21.3131
2007-08-23 01:00:00,1692.0010,21.0606
2007-08-23 02:00:00,1641.5930,21.0101
2007-08-23 03:00:00,1642.0590,20.8586
2007-08-23 04:00:00,1659.2440,20.7576
2007-08-23 05:00:00,1761.6220,20.8586
2007-08-23 06:00:00,1990.6200,20.8586
2007-08-23 07:00:00,2081.8970,21.0101
2007-08-23 08:00:00,2136.9460,21.5152
2007-08-23 09:00:00,2187.5490,22.5758
2007-08-23 10:00:00,2268.0550,23.6364
2007-08-23 11:00:00,2291.8280,24.6465
2007-08-23 12:00:00,2366.3700,25.3535
2007-08-23 13:00:00,2356.0930,26.2121
2007-08-23 14:00:00,2394.2320,26.8182
2007-08-23 15:00:00,2483.9760,26.7677
2007-08-23 16:00:00,2531.3110,26.8687
2007-08-23 17:00:00,2570.5830,26.5152
2007-08-23 18:00:00,2674.7370,25.6566
2007-08-23 19:00:00,2668.9780,24.4444
2007-08-23 20:00:00,2710.7600,23.4343
2007-08-23 21:00:00,2600.2610,23.1313
2007-08-23 22:00:00,2347.1640,22.8283
2007-08-23 23:00:00,2077.4890,22.5253
2007-08-24 00:00:00,1922.9890,22.3232
2007-08-24 01:00:00,1827.3000,21.9192
2007-08-24 02:00:00,1750.0460,21.9192
2007-08-24 03:00:00,1729.3380,22.1212
2007-08-24 04:00:00,1731.4960,21.7172
2007-08-24 05:00:00,1849.7520,21.3636
2007-08-24 06:00:00,2058.9770,21.2626
2007-08-24 07:00:00,2143.3490,22.1717
2007-08-24 08:00:00,2255.4640,23.7879
2007-08-24 09:00:00,2389.2300,26.0101
2007-08-24 10:00:00,2606.2470,27.6768
2007-08-24 11:00:00,2802.2170,29.3434
2007-08-24 12:00:00,2961.3490,30.7576
2007-08-24 13:00:00,3046.5510,31.6667
2007-08-24 14:00:00,3172.1420,32.1717
2007-08-24 15:00:00,3209.8260,31.5152
2007-08-24 16:00:00,3254.9200,31.2121
2007-08-24 17:00:00,3234.7050,30.5556
2007-08-24 18:00:00,3219.1760,28.8889
2007-08-24 19:00:00,3110.7380,27.2222
2007-08-24 20:00:00,3064.7030,26.1111
2007-08-24 21:00:00,2920.8800,25.4040
2007-08-24 22:00:00,2655.2940,24.8990
2007-08-24 23:00:00,2373.2480,24.4444
2007-08-25 00:00:00,2140.6620,24.3939
2007-08-25 01:00:00,1989.4680,24.0909
2007-08-25 02:00:00,1885.8640,23.7374
2007-08-25 03:00:00,1832.0530,23.3333
2007-08-25 04:00:00,1795.9760,23.0808
2007-08-25 05:00:00,1810.0430,22.9293
2007-08-25 06:00:00,1907.2670,22.8283
2007-08-25 07:00:00,2095.6460,24.5455
2007-08-25 08:00:00,2347.1770,26.4646
2007-08-25 09:00:00,2638.5600,29.0909
2007-08-25 10:00:00,2891.5610,30.9091
2007-08-25 11:00:00,3148.0380,32.4747
2007-08-25 12:00:00,3316.0030,33.7879
2007-08-25 13:00:00,3455.2410,34.6465
2007-08-25 14:00:00,3477.2200,35.1010
2007-08-25 15:00:00,3535.0270,35.0505
2007-08-25 16:00:00,3401.7630,34.2929
2007-08-25 17:00:00,3337.6640,32.9798
2007-08-25 18:00:00,3333.6650,31.0101
2007-08-25 19:00:00,3147.2730,28.7879
2007-08-25 20:00:00,3119.2450,27.8283
2007-08-25 21:00:00,2933.5130,26.8687
2007-08-25 22:00:00,2666.3440,26.1616
2007-08-25 23:00:00,2381.8530,25.2525
2007-08-26 00:00:00,2151.8750,24.6465
2007-08-26 01:00:00,2005.7830,24.3939
2007-08-26 02:00:00,1888.9610,23.3838
2007-08-26 03:00:00,1803.4320,22.7778
2007-08-26 04:00:00,1762.5280,22.2727
2007-08-26 05:00:00,1741.3850,22.1717
2007-08-26 06:00:00,1765.4930,22.2222
2007-08-26 07:00:00,1918.5730,23.6869
2007-08-26 08:00:00,2249.4450,25.5556
2007-08-26 09:00:00,2491.7750,27.0202
2007-08-26 10:00:00,2651.4350,28.1818
2007-08-26 11:00:00,2756.8710,29.3939
2007-08-26 12:00:00,2879.7120,29.4949
2007-08-26 13:00:00,2926.0940,29.1919
2007-08-26 14:00:00,2878.3580,28.6364
2007-08-26 15:00:00,2907.6680,27.2222
2007-08-26 16:00:00,2873.5670,26.3636
2007-08-26 17:00:00,2986.6580,26.1111
2007-08-26 18:00:00,2946.5850,25.4040
2007-08-26 19:00:00,2864.2610,24.2424
2007-08-26 20:00:00,2879.2570,23.5859
2007-08-26 21:00:00,2677.8630,23.0808
2007-08-26 22:00:00,2404.3850,22.7778
2007-08-26 23:00:00,2086.6480,22.3232
2007-08-27 00:00:00,1888.5780,22.2222
2007-08-27 01:00:00,1765.9440,21.9697
2007-08-27 02:00:00,1685.4320,21.7172
2007-08-27 03:00:00,1642.9270,21.4646
2007-08-27 04:00:00,1640.4120,21.3636
2007-08-27 05:00:00,1743.5330,21.2626
2007-08-27 06:00:00,1992.2800,21.1111
2007-08-27 07:00:00,2103.3840,22.0202
2007-08-27 08:00:00,2158.8760,22.8788
2007-08-27 09:00:00,2288.6770,24.4949
2007-08-27 10:00:00,2408.7330,25.9091
2007-08-27 11:00:00,2539.5880,27.0202
2007-08-27 12:00:00,2664.8650,28.1818
2007-08-27 13:00:00,2746.2820,28.8889
2007-08-27 14:00:00,2845.2910,29.3434
2007-08-27 15:00:00,2885.4680,29.4949
2007-08-27 16:00:00,2961.2280,29.2424
2007-08-27 17:00:00,3090.6580,28.6869
2007-08-27 18:00:00,3060.5580,27.5253
2007-08-27 19:00:00,2950.3080,25.4040
2007-08-27 20:00:00,2957.5410,23.8889
2007-08-27 21:00:00,2724.1880,22.8283
2007-08-27 22:00:00,2411.5770,22.3232
2007-08-27 23:00:00,2077.4240,21.6667
2007-08-28 00:00:00,1852.8240,21.2121
2007-08-28 01:00:00,1733.2370,20.6061
2007-08-28 02:00:00,1644.3700,20.3030
2007-08-28 03:00:00,1608.1050,19.7475
2007-08-28 04:00:00,1632.3470,19.4949
2007-08-28 05:00:00,1746.9190,19.5960
2007-08-28 06:00:00,1996.0250,19.4949
2007-08-28 07:00:00,2073.3020,21.1616
2007-08-28 08:00:00,2153.9250,22.8788
2007-08-28 09:00:00,2277.1150,24.7980
2007-08-28 10:00:00,2424.1580,26.7677
2007-08-28 11:00:00,2575.5850,27.8788
2007-08-28 12:00:00,2706.5650,28.6364
2007-08-28 13:00:00,2823.7510,28.9899
2007-08-28 14:00:00,2782.0700,29.1414
2007-08-28 15:00:00,2873.8680,29.4949
2007-08-28 16:00:00,2931.4490,29.1919
2007-08-28 17:00:00,3023.1800,28.4848
2007-08-28 18:00:00,2987.6420,27.0202
2007-08-28 19:00:00,2923.0020,24.6465
2007-08-28 20:00:00,2948.2900,23.3333
2007-08-28 21:00:00,2768.8220,22.6263
2007-08-28 22:00:00,2452.0280,21.8687
2007-08-28 23:00:00,2116.4050,21.5152
2007-08-29 00:00:00,1912.4560,21.0606
2007-08-29 01:00:00,1809.8580,20.5556
2007-08-29 02:00:00,1732.6660,20.0505
2007-08-29 03:00:00,1718.2260,19.8485
2007-08-29 04:00:00,1720.6810,19.3939
2007-08-29 05:00:00,1838.8300,19.2424
2007-08-29 06:00:00,2035.9520,19.0404
2007-08-29 07:00:00,2135.5530,20.9091
2007-08-29 08:00:00,2165.5670,22.9798
2007-08-29 09:00:00,2301.1550,24.8485
2007-08-29 10:00:00,2447.9300,26.5152
2007-08-29 11:00:00,2592.9360,27.6263
2007-08-29 12:00:00,2723.5600,28.4848
2007-08-29 13:00:00,2770.4290,28.7879
2007-08-29 14:00:00,2809.7940,29.4949
2007-08-29 15:00:00,2879.0330,29.1919
2007-08-29 16:00:00,2953.8230,28.9394
2007-08-29 17:00:00,2984.7990,28.0808
2007-08-29 18:00:00,2948.1290,26.6162
2007-08-29 19:00:00,2850.8390,23.9899
2007-08-29 20:00:00,2883.6220,22.2727
2007-08-29 21:00:00,2700.1680,20.9596
2007-08-29 22:00:00,2371.8420,20.4040
2007-08-29 23:00:00,2077.8510,19.6970
2007-08-30 00:00:00,1866.2730,19.2424
2007-08-30 01:00:00,1758.1940,18.9394
2007-08-30 02:00:00,1690.7920,18.6364
2007-08-30 03:00:00,1649.4610,18.7374
2007-08-30 04:00:00,1666.5740,18.2828
2007-08-30 05:00:00,1767.5280,18.1313
2007-08-30 06:00:00,2008.1480,18.1818
2007-08-30 07:00:00,2086.6170,20.1010
2007-08-30 08:00:00,2161.8660,22.4242
2007-08-30 09:00:00,2262.7250,24.6970
2007-08-30 10:00:00,2424.4200,26.3636
2007-08-30 11:00:00,2565.9970,27.6263
2007-08-30 12:00:00,2713.2630,28.4343
2007-08-30 13:00:00,2805.4440,28.6869
2007-08-30 14:00:00,2782.6110,29.1414
2007-08-30 15:00:00,2871.5250,28.9394
2007-08-30 16:00:00,2938.2640,28.7879
2007-08-30 17:00:00,2995.6410,27.8283
2007-08-30 18:00:00,2875.8490,26.3636
2007-08-30 19:00:00,2821.8820,24.2929
2007-08-30 20:00:00,2788.9040,22.8283
2007-08-30 21:00:00,2582.0150,22.2222
2007-08-30 22:00:00,2331.6900,21.4646
2007-08-30 23:00:00,2062.2770,20.6566
2007-08-31 00:00:00,1877.6530,19.9495
2007-08-31 01:00:00,1747.2920,19.6970
2007-08-31 02:00:00,1660.3610,19.4444
2007-08-31 03:00:00,1628.7010,19.2424
2007-08-31 04:00:00,1628.1950,19.0909
2007-08-31 05:00:00,1753.2380,18.8384
2007-08-31 06:00:00,1956.1400,18.6364
2007-08-31 07:00:00,2078.4770,20.9596
2007-08-31 08:00:00,2209.6280,23.0303
2007-08-31 09:00:00,2349.2270,25.2020
2007-08-31 10:00:00,2445.2870,26.6162
2007-08-31 11:00:00,2614.0630,27.9798
2007-08-31 12:00:00,2735.3740,28.5859
2007-08-31 13:00:00,2798.9570,28.9394
2007-08-31 14:00:00,2846.4740,29.4949
2007-08-31 15:00:00,2927.9780,29.4444
2007-08-31 16:00:00,2968.5770,29.2424
2007-08-31 17:00:00,2924.7880,28.3333
2007-08-31 18:00:00,2839.2010,26.9697
2007-08-31 19:00:00,2706.8870,25.3030
2007-08-31 20:00:00,2693.0610,24.1919
2007-08-31 21:00:00,2553.0730,23.4343
2007-08-31 22:00:00,2332.5380,22.9293
2007-08-31 23:00:00,2085.8720,22.7273
2007-09-01 00:00:00,1888.7780,21.7172
2007-09-01 01:00:00,1740.9940,21.1111
2007-09-01 02:00:00,1631.4020,20.5556
2007-09-01 03:00:00,1574.9060,20.4040
2007-09-01 04:00:00,1539.8190,19.7980
2007-09-01 05:00:00,1548.9770,19.4444
2007-09-01 06:00:00,1605.3060,18.9394
2007-09-01 07:00:00,1748.2330,19.4949
2007-09-01 08:00:00,1973.7170,20.9091
2007-09-01 09:00:00,2142.3410,22.5758
2007-09-01 10:00:00,2230.0680,24.0909
2007-09-01 11:00:00,2277.7610,25.2020
2007-09-01 12:00:00,2323.7800,25.7576
2007-09-01 13:00:00,2368.7630,26.4646
2007-09-01 14:00:00,2472.1940,26.7172
2007-09-01 15:00:00,2542.5060,26.8687
2007-09-01 16:00:00,2595.2160,27.0202
2007-09-01 17:00:00,2589.3020,26.3131
2007-09-01 18:00:00,2536.9030,25.1515
2007-09-01 19:00:00,2359.8720,21.2626
2007-09-01 20:00:00,2284.4400,19.2424
2007-09-01 21:00:00,2131.0870,18.0808
2007-09-01 22:00:00,1923.3320,17.3232
2007-09-01 23:00:00,1728.4720,16.5657
2007-09-02 00:00:00,1554.1400,16.0606
2007-09-02 01:00:00,1425.8170,15.2525
2007-09-02 02:00:00,1361.9330,14.7980
2007-09-02 03:00:00,1342.3170,14.7980
2007-09-02 04:00:00,1335.5190,14.6465
2007-09-02 05:00:00,1365.3500,13.9899
2007-09-02 06:00:00,1426.8500,13.7374
2007-09-02 07:00:00,1570.2930,16.6162
2007-09-02 08:00:00,1847.2090,20.1515
2007-09-02 09:00:00,2031.0180,22.9293
2007-09-02 10:00:00,2115.4850,24.4444
2007-09-02 11:00:00,2159.1040,25.8081
2007-09-02 12:00:00,2257.7700,26.3636
2007-09-02 13:00:00,2367.2510,26.8687
2007-09-02 14:00:00,2408.7540,27.3232
2007-09-02 15:00:00,2477.6760,27.5758
2007-09-02 16:00:00,2565.1980,26.9192
2007-09-02 17:00:00,2588.5350,26.3636
2007-09-02 18:00:00,2534.6620,24.9495
2007-09-02 19:00:00,2402.6980,21.3636
2007-09-02 20:00:00,2393.7880,19.7980
2007-09-02 21:00:00,2219.8200,18.5859
2007-09-02 22:00:00,1984.8450,17.9798
2007-09-02 23:00:00,1741.4400,17.1717
2007-09-03 00:00:00,1571.8360,16.2626
2007-09-03 01:00:00,1445.2420,15.5556
2007-09-03 02:00:00,1392.2590,15.3030
2007-09-03 03:00:00,1368.6990,14.8990
2007-09-03 04:00:00,1352.1390,14.4444
2007-09-03 05:00:00,1374.3700,14.4444
2007-09-03 06:00:00,1456.5180,14.3939
2007-09-03 07:00:00,1574.1730,17.0707
2007-09-03 08:00:00,1878.0910,21.0101
2007-09-03 09:00:00,2134.4260,23.5354
2007-09-03 10:00:00,2292.1290,25.4040
2007-09-03 11:00:00,2424.4830,26.8687
2007-09-03 12:00:00,2530.1110,28.0303
2007-09-03 13:00:00,2609.3350,29.0404
2007-09-03 14:00:00,2618.1680,29.7980
2007-09-03 15:00:00,2715.0230,29.8990
2007-09-03 16:00:00,2792.9810,29.8990
2007-09-03 17:00:00,2901.3270,29.2929
2007-09-03 18:00:00,2850.8040,27.2727
2007-09-03 19:00:00,2765.4850,24.0404
2007-09-03 20:00:00,2743.8550,22.2222
2007-09-03 21:00:00,2483.7200,21.0101
2007-09-03 22:00:00,2145.6460,20.7071
2007-09-03 23:00:00,1829.5880,19.9495
2007-09-04 00:00:00,1630.3770,19.6465
2007-09-04 01:00:00,1527.6040,18.9394
2007-09-04 02:00:00,1468.4910,18.6869
2007-09-04 03:00:00,1448.4910,18.4343
2007-09-04 04:00:00,1476.8510,17.8788
2007-09-04 05:00:00,1609.8380,17.4747
2007-09-04 06:00:00,1884.5850,17.5253
2007-09-04 07:00:00,1981.2660,19.2424
2007-09-04 08:00:00,2037.0380,22.7273
2007-09-04 09:00:00,2156.7870,25.7071
2007-09-04 10:00:00,2311.1740,27.6263
2007-09-04 11:00:00,2473.1120,29.0909
2007-09-04 12:00:00,2619.1940,30.0505
2007-09-04 13:00:00,2702.1550,30.7576
2007-09-04 14:00:00,2672.2920,31.0606
2007-09-04 15:00:00,2755.4830,31.3131
2007-09-04 16:00:00,2847.7490,31.3131
2007-09-04 17:00:00,2921.3170,30.5556
2007-09-04 18:00:00,3025.6300,28.4343
2007-09-04 19:00:00,2924.8360,24.5455
2007-09-04 20:00:00,2863.8040,22.3232
2007-09-04 21:00:00,2586.4840,21.1111
2007-09-04 22:00:00,2233.2450,20.2020
2007-09-04 23:00:00,1928.1750,19.1414
2007-09-05 00:00:00,1743.3460,18.5859
2007-09-05 01:00:00,1629.0490,18.1818
2007-09-05 02:00:00,1549.8090,17.6768
2007-09-05 03:00:00,1528.6720,17.4242
2007-09-05 04:00:00,1521.7650,16.8687
2007-09-05 05:00:00,1615.4210,16.7172
2007-09-05 06:00:00,1862.2100,16.7172
2007-09-05 07:00:00,1902.3020,18.7879
2007-09-05 08:00:00,1958.1110,22.3737
2007-09-05 09:00:00,2076.3610,25.6061
2007-09-05 10:00:00,2213.3660,27.8788
2007-09-05 11:00:00,2382.4250,29.7475
2007-09-05 12:00:00,2551.6400,30.7071
2007-09-05 13:00:00,2687.3490,31.4141
2007-09-05 14:00:00,2724.8120,31.7172
2007-09-05 15:00:00,2804.9380,31.4141
2007-09-05 16:00:00,2901.4750,31.2626
2007-09-05 17:00:00,2959.5600,30.4545
2007-09-05 18:00:00,3010.8700,28.2323
2007-09-05 19:00:00,2893.5510,25.3535
2007-09-05 20:00:00,2977.6830,23.7374
2007-09-05 21:00:00,2704.4990,22.4747
2007-09-05 22:00:00,2366.9700,22.3737
2007-09-05 23:00:00,2049.6680,21.8182
2007-09-06 00:00:00,1831.6650,21.1111
2007-09-06 01:00:00,1713.5190,20.4545
2007-09-06 02:00:00,1651.7310,19.8990
2007-09-06 03:00:00,1624.0560,19.2929
2007-09-06 04:00:00,1623.9030,18.5859
2007-09-06 05:00:00,1748.1840,18.3838
2007-09-06 06:00:00,2033.5680,17.9293
2007-09-06 07:00:00,2104.2780,19.9495
2007-09-06 08:00:00,2143.9060,22.8283
2007-09-06 09:00:00,2236.6800,25.6061
2007-09-06 10:00:00,2408.2150,27.4242
2007-09-06 11:00:00,2537.7380,29.0909
2007-09-06 12:00:00,2662.3910,30.4545
2007-09-06 13:00:00,2859.9510,31.2121
2007-09-06 14:00:00,2928.2290,31.7172
2007-09-06 15:00:00,2987.3960,31.7677
2007-09-06 16:00:00,3058.7200,31.1616
2007-09-06 17:00:00,3144.9900,30.5556
2007-09-06 18:00:00,3205.0720,28.5354
2007-09-06 19:00:00,3122.1580,26.0101
2007-09-06 20:00:00,3104.7240,24.8485
2007-09-06 21:00:00,2867.6580,24.1414
2007-09-06 22:00:00,2511.9590,23.6869
2007-09-06 23:00:00,2183.3070,22.7778
2007-09-07 00:00:00,1939.2380,22.0202
2007-09-07 01:00:00,1809.9280,21.4141
2007-09-07 02:00:00,1742.9770,20.6061
2007-09-07 03:00:00,1690.1560,20.1515
2007-09-07 04:00:00,1690.7610,19.5455
2007-09-07 05:00:00,1816.5780,19.0404
2007-09-07 06:00:00,2090.4240,18.7879
2007-09-07 07:00:00,2171.4180,20.6061
2007-09-07 08:00:00,2195.1480,23.4343
2007-09-07 09:00:00,2323.2880,26.0101
2007-09-07 10:00:00,2495.5760,27.7778
2007-09-07 11:00:00,2682.8770,29.2424
2007-09-07 12:00:00,2851.4820,30.6061
2007-09-07 13:00:00,2959.4080,31.3636
2007-09-07 14:00:00,2971.4150,31.6162
2007-09-07 15:00:00,3028.4080,31.7172
2007-09-07 16:00:00,3102.4770,31.0606
2007-09-07 17:00:00,3158.5840,30.2525
2007-09-07 18:00:00,3139.2850,28.5354
2007-09-07 19:00:00,3024.0810,25.9596
2007-09-07 20:00:00,2980.1250,25.1515
2007-09-07 21:00:00,2790.5740,23.5859
2007-09-07 22:00:00,2528.1450,22.7778
2007-09-07 23:00:00,2225.8800,22.1212
2007-09-08 00:00:00,1958.2330,21.1616
2007-09-08 01:00:00,1796.4780,20.2525
2007-09-08 02:00:00,1707.8440,19.4949
2007-09-08 03:00:00,1646.9680,18.5354
2007-09-08 04:00:00,1615.0690,18.2323
2007-09-08 05:00:00,1632.7950,17.5758
2007-09-08 06:00:00,1732.9810,17.3232
2007-09-08 07:00:00,1847.1240,19.2424
2007-09-08 08:00:00,2070.1010,22.2222
2007-09-08 09:00:00,2289.4960,25.1515
2007-09-08 10:00:00,2477.4230,26.8687
2007-09-08 11:00:00,2690.2340,28.5354
2007-09-08 12:00:00,2881.6400,30.0000
2007-09-08 13:00:00,3057.9590,31.2121
2007-09-08 14:00:00,3098.3410,31.5152
2007-09-08 15:00:00,3041.2840,31.3636
2007-09-08 16:00:00,3065.0220,31.1111
2007-09-08 17:00:00,3058.3890,29.9495
2007-09-08 18:00:00,3018.6960,27.7778
2007-09-08 19:00:00,2878.7030,24.4444
2007-09-08 20:00:00,2801.6380,23.2828
2007-09-08 21:00:00,2591.1160,21.8182
2007-09-08 22:00:00,2315.6050,20.9091
2007-09-08 23:00:00,2054.8880,19.7475
2007-09-09 00:00:00,1833.8390,19.1414
2007-09-09 01:00:00,1683.7950,17.9293
2007-09-09 02:00:00,1576.8940,17.8283
2007-09-09 03:00:00,1521.3840,17.0707
2007-09-09 04:00:00,1498.4580,17.3232
2007-09-09 05:00:00,1486.6160,16.9697
2007-09-09 06:00:00,1542.9240,17.1717
2007-09-09 07:00:00,1663.3960,19.0909
2007-09-09 08:00:00,1926.8670,22.0202
2007-09-09 09:00:00,2193.5770,24.6465
2007-09-09 10:00:00,2343.0400,26.8182
2007-09-09 11:00:00,2524.7720,28.2828
2007-09-09 12:00:00,2699.1350,29.1414
2007-09-09 13:00:00,2832.5740,29.8990
2007-09-09 14:00:00,2904.3420,30.4545
2007-09-09 15:00:00,2957.1180,30.5051
2007-09-09 16:00:00,2990.2020,30.1515
2007-09-09 17:00:00,3029.2280,29.3434
2007-09-09 18:00:00,2979.5870,27.4747
2007-09-09 19:00:00,2959.2770,25.5556
2007-09-09 20:00:00,2920.0960,24.6970
2007-09-09 21:00:00,2693.7370,23.7374
2007-09-09 22:00:00,2356.9540,23.4848
2007-09-09 23:00:00,2084.5360,23.1818
2007-09-10 00:00:00,1905.2580,22.5758
2007-09-10 01:00:00,1770.8020,22.4747
2007-09-10 02:00:00,1703.6120,22.0707
2007-09-10 03:00:00,1659.1520,21.3636
2007-09-10 04:00:00,1647.5750,20.8081
2007-09-10 05:00:00,1768.7700,20.7071
2007-09-10 06:00:00,2067.5430,20.8081
2007-09-10 07:00:00,2157.7740,22.0202
2007-09-10 08:00:00,2211.9860,24.3434
2007-09-10 09:00:00,2342.8150,26.2626
2007-09-10 10:00:00,2504.0400,28.1313
2007-09-10 11:00:00,2648.2110,29.6970
2007-09-10 12:00:00,2756.6290,30.7071
2007-09-10 13:00:00,2878.5440,31.4646
2007-09-10 14:00:00,2915.2110,31.9192
2007-09-10 15:00:00,2907.1700,31.7677
2007-09-10 16:00:00,2912.6830,30.7576
2007-09-10 17:00:00,3010.9700,29.6465
2007-09-10 18:00:00,3054.7540,28.1313
2007-09-10 19:00:00,3088.1290,26.6667
2007-09-10 20:00:00,3001.7870,25.9596
2007-09-10 21:00:00,2748.5890,25.2020
2007-09-10 22:00:00,2433.6940,24.8990
2007-09-10 23:00:00,2170.4550,24.8990
2007-09-11 00:00:00,1990.1010,24.7980
2007-09-11 01:00:00,1878.1080,24.1919
2007-09-11 02:00:00,1821.5130,23.5859
2007-09-11 03:00:00,1796.8310,23.0808
2007-09-11 04:00:00,1812.6130,22.7273
2007-09-11 05:00:00,1934.3930,22.8788
2007-09-11 06:00:00,2220.1940,22.6263
2007-09-11 07:00:00,2293.7770,23.2323
2007-09-11 08:00:00,2304.4010,24.8990
2007-09-11 09:00:00,2345.9840,26.3131
2007-09-11 10:00:00,2399.3300,28.2828
2007-09-11 11:00:00,2425.1250,28.7374
2007-09-11 12:00:00,2468.5950,29.5960
2007-09-11 13:00:00,2490.3720,29.6970
2007-09-11 14:00:00,2373.2940,29.1919
2007-09-11 15:00:00,2360.2800,28.0303
2007-09-11 16:00:00,2425.4130,26.8182
2007-09-11 17:00:00,2487.6700,26.1616
2007-09-11 18:00:00,2554.5070,25.6061
2007-09-11 19:00:00,2589.4850,24.8485
2007-09-11 20:00:00,2641.0990,24.4949
2007-09-11 21:00:00,2445.4100,24.0909
2007-09-11 22:00:00,2184.6920,23.2828
2007-09-11 23:00:00,1898.5820,22.6768
2007-09-12 00:00:00,1733.5080,22.3737
2007-09-12 01:00:00,1622.7280,21.1111
2007-09-12 02:00:00,1561.4040,19.8485
2007-09-12 03:00:00,1520.6960,18.9394
2007-09-12 04:00:00,1524.6380,18.5354
2007-09-12 05:00:00,1629.3160,17.7778
2007-09-12 06:00:00,1917.4380,17.1717
2007-09-12 07:00:00,1967.9930,18.5859
2007-09-12 08:00:00,1944.2030,21.6667
2007-09-12 09:00:00,2029.2820,23.6869
2007-09-12 10:00:00,2105.5690,24.6465
2007-09-12 11:00:00,2154.9960,25.4040
2007-09-12 12:00:00,2223.3290,25.9596
2007-09-12 13:00:00,2288.7490,26.8182
2007-09-12 14:00:00,2306.6100,27.4242
2007-09-12 15:00:00,2391.1480,27.5253
2007-09-12 16:00:00,2470.4570,27.3737
2007-09-12 17:00:00,2597.1350,26.8182
2007-09-12 18:00:00,2513.5130,24.3939
2007-09-12 19:00:00,2458.8210,20.5556
2007-09-12 20:00:00,2426.6430,18.9394
2007-09-12 21:00:00,2227.8560,18.5859
2007-09-12 22:00:00,1938.5000,17.8283
2007-09-12 23:00:00,1680.8620,16.8182
2007-09-13 00:00:00,1526.3210,16.5152
2007-09-13 01:00:00,1446.0800,15.9596
2007-09-13 02:00:00,1401.4520,16.0101
2007-09-13 03:00:00,1388.0710,15.7576
2007-09-13 04:00:00,1427.1980,15.0000
2007-09-13 05:00:00,1558.0250,15.1010
2007-09-13 06:00:00,1858.4400,15.0000
2007-09-13 07:00:00,1908.2160,16.7172
2007-09-13 08:00:00,1887.5860,20.0000
2007-09-13 09:00:00,1923.6220,22.2222
2007-09-13 10:00:00,1989.0430,23.9394
2007-09-13 11:00:00,2054.7290,25.3030
2007-09-13 12:00:00,2113.4900,26.2121
2007-09-13 13:00:00,2204.9220,26.7677
2007-09-13 14:00:00,2266.9980,27.1717
2007-09-13 15:00:00,2252.7480,27.3737
2007-09-13 16:00:00,2322.8490,26.9697
2007-09-13 17:00:00,2431.7900,26.0606
2007-09-13 18:00:00,2429.5810,24.2929
2007-09-13 19:00:00,2436.6540,22.3737
2007-09-13 20:00:00,2508.8100,21.4646
2007-09-13 21:00:00,2310.3440,20.7576
2007-09-13 22:00:00,2035.7910,20.3535
2007-09-13 23:00:00,1760.0980,19.3939
2007-09-14 00:00:00,1590.9520,18.4848
2007-09-14 01:00:00,1503.0380,18.1818
2007-09-14 02:00:00,1457.1850,18.0303
2007-09-14 03:00:00,1446.8340,18.0808
2007-09-14 04:00:00,1468.9770,18.2828
2007-09-14 05:00:00,1594.9080,17.9798
2007-09-14 06:00:00,1892.1620,18.1313
2007-09-14 07:00:00,1984.8060,19.2424
2007-09-14 08:00:00,1992.8310,21.6667
2007-09-14 09:00:00,2032.2330,23.4848
2007-09-14 10:00:00,2106.3790,24.7475
2007-09-14 11:00:00,2109.7100,25.6566
2007-09-14 12:00:00,2161.2430,26.0101
2007-09-14 13:00:00,2189.0870,25.5556
2007-09-14 14:00:00,2156.9840,25.8081
2007-09-14 15:00:00,2094.5850,25.2525
2007-09-14 16:00:00,2121.6900,24.4444
2007-09-14 17:00:00,2233.3960,23.2323
2007-09-14 18:00:00,2278.9730,21.9697
2007-09-14 19:00:00,2280.4400,21.1616
2007-09-14 20:00:00,2218.8670,20.9091
2007-09-14 21:00:00,2130.6970,20.6566
2007-09-14 22:00:00,1979.1460,20.3535
2007-09-14 23:00:00,1756.4230,20.1010
2007-09-15 00:00:00,1615.3870,19.8485
2007-09-15 01:00:00,1500.5660,19.2929
2007-09-15 02:00:00,1445.3020,19.1919
2007-09-15 03:00:00,1418.3740,18.5859
2007-09-15 04:00:00,1413.6790,17.8283
2007-09-15 05:00:00,1450.2240,17.8788
2007-09-15 06:00:00,1561.2930,18.0808
2007-09-15 07:00:00,1700.4210,18.1313
2007-09-15 08:00:00,1881.6650,18.7879
2007-09-15 09:00:00,1964.4780,19.1919
2007-09-15 10:00:00,2000.3990,19.8990
2007-09-15 11:00:00,1992.9740,21.0606
2007-09-15 12:00:00,1997.0600,21.8182
2007-09-15 13:00:00,1973.0800,22.6768
2007-09-15 14:00:00,1989.1940,22.9798
2007-09-15 15:00:00,2000.7810,23.1313
2007-09-15 16:00:00,2013.2180,22.6768
2007-09-15 17:00:00,2034.4340,22.0707
2007-09-15 18:00:00,1963.9660,19.7980
2007-09-15 19:00:00,1991.1590,17.4242
2007-09-15 20:00:00,1997.5200,16.1111
2007-09-15 21:00:00,1888.2670,15.2020
2007-09-15 22:00:00,1724.5310,14.2424
2007-09-15 23:00:00,1554.8590,13.2828
2007-09-16 00:00:00,1410.7730,12.4242
2007-09-16 01:00:00,1335.8280,11.4646
2007-09-16 02:00:00,1306.3800,11.0101
2007-09-16 03:00:00,1284.3560,10.3030
2007-09-16 04:00:00,1293.8130,10.2020
2007-09-16 05:00:00,1340.8100,9.6465
2007-09-16 06:00:00,1419.8180,9.2424
2007-09-16 07:00:00,1640.3840,11.1111
2007-09-16 08:00:00,1853.3150,13.5354
2007-09-16 09:00:00,1924.7970,15.6061
2007-09-16 10:00:00,1879.4190,17.0707
2007-09-16 11:00:00,1843.1680,18.3838
2007-09-16 12:00:00,1850.3400,18.9899
2007-09-16 13:00:00,1799.5740,19.5455
2007-09-16 14:00:00,1789.0130,20.0000
2007-09-16 15:00:00,1808.4540,19.9495
2007-09-16 16:00:00,1864.5730,19.8990
2007-09-16 17:00:00,1910.7540,19.2929
2007-09-16 18:00:00,1948.9370,17.5758
2007-09-16 19:00:00,2028.9480,14.0909
2007-09-16 20:00:00,2095.6560,12.5758
2007-09-16 21:00:00,1937.0340,11.8182
2007-09-16 22:00:00,1719.6880,11.1111
2007-09-16 23:00:00,1507.5880,10.8081
2007-09-17 00:00:00,1379.2150,10.5556
2007-09-17 01:00:00,1329.6400,10.1010
2007-09-17 02:00:00,1325.0000,9.8990
2007-09-17 03:00:00,1341.5150,9.6465
2007-09-17 04:00:00,1395.0240,9.5455
2007-09-17 05:00:00,1568.9120,9.2929
2007-09-17 06:00:00,1883.7760,9.3939
2007-09-17 07:00:00,1957.5480,11.5152
2007-09-17 08:00:00,1914.2800,14.3434
2007-09-17 09:00:00,1906.1180,16.7677
2007-09-17 10:00:00,1896.0370,18.7374
2007-09-17 11:00:00,1843.3040,20.0505
2007-09-17 12:00:00,1877.3520,20.6061
2007-09-17 13:00:00,1885.3410,21.3636
2007-09-17 14:00:00,1824.3300,21.6667
2007-09-17 15:00:00,1828.6730,21.8687
2007-09-17 16:00:00,1897.1360,21.5657
2007-09-17 17:00:00,2057.0780,21.0101
2007-09-17 18:00:00,2080.3580,19.1414
2007-09-17 19:00:00,2143.8170,16.4141
2007-09-17 20:00:00,2200.9630,15.1515
2007-09-17 21:00:00,1990.7990,13.7879
2007-09-17 22:00:00,1798.2740,13.2828
2007-09-17 23:00:00,1576.5600,13.0808
2007-09-18 00:00:00,1451.5760,12.6768
2007-09-18 01:00:00,1381.8080,12.1212
2007-09-18 02:00:00,1369.5540,11.9192
2007-09-18 03:00:00,1370.0170,11.3636
2007-09-18 04:00:00,1429.2270,11.6162
2007-09-18 05:00:00,1576.5490,11.7172
2007-09-18 06:00:00,1881.8440,11.6162
2007-09-18 07:00:00,1974.2930,12.9293
2007-09-18 08:00:00,1902.7980,15.4545
2007-09-18 09:00:00,1859.7460,17.6768
2007-09-18 10:00:00,1884.9990,19.4444
2007-09-18 11:00:00,1894.3230,20.5051
2007-09-18 12:00:00,1907.2270,21.2626
2007-09-18 13:00:00,1901.5390,21.9697
2007-09-18 14:00:00,1907.6290,22.0707
2007-09-18 15:00:00,1854.8790,22.4242
2007-09-18 16:00:00,1922.3880,22.2222
2007-09-18 17:00:00,1992.5740,21.7677
2007-09-18 18:00:00,2072.1250,20.0505
2007-09-18 19:00:00,2143.5760,17.3232
2007-09-18 20:00:00,2187.3910,16.5152
2007-09-18 21:00:00,2015.4930,15.7071
2007-09-18 22:00:00,1768.4100,14.9495
2007-09-18 23:00:00,1553.3520,14.4444
2007-09-19 00:00:00,1415.0140,14.3434
2007-09-19 01:00:00,1361.7070,14.2424
2007-09-19 02:00:00,1335.7750,14.0909
2007-09-19 03:00:00,1345.5440,14.1919
2007-09-19 04:00:00,1395.8830,14.1919
2007-09-19 05:00:00,1550.9080,13.8889
2007-09-19 06:00:00,1868.0990,14.2424
2007-09-19 07:00:00,1918.0690,15.2525
2007-09-19 08:00:00,1857.1060,16.8182
2007-09-19 09:00:00,1853.9210,18.5859
2007-09-19 10:00:00,1892.2970,20.3030
2007-09-19 11:00:00,1907.7470,21.8182
2007-09-19 12:00:00,1920.3340,22.8283
2007-09-19 13:00:00,1952.9000,23.5859
2007-09-19 14:00:00,1957.3260,23.8889
2007-09-19 15:00:00,1964.6900,23.8384
2007-09-19 16:00:00,2045.7910,23.5859
2007-09-19 17:00:00,2184.4390,23.2828
2007-09-19 18:00:00,2225.3750,21.7172
2007-09-19 19:00:00,2180.9330,19.4444
2007-09-19 20:00:00,2209.9660,18.1313
2007-09-19 21:00:00,2108.0920,17.4242
2007-09-19 22:00:00,1839.0190,16.6667
2007-09-19 23:00:00,1621.6330,16.3636
2007-09-20 00:00:00,1461.1800,15.7071
2007-09-20 01:00:00,1401.4930,15.4545
2007-09-20 02:00:00,1373.9060,14.8990
2007-09-20 03:00:00,1370.6030,15.1515
2007-09-20 04:00:00,1395.2990,15.0000
2007-09-20 05:00:00,1552.9810,15.0000
2007-09-20 06:00:00,1861.4210,15.0000
2007-09-20 07:00:00,1923.5280,15.6566
2007-09-20 08:00:00,1889.6940,17.2222
2007-09-20 09:00:00,1899.6650,18.7879
2007-09-20 10:00:00,1936.2340,20.3030
2007-09-20 11:00:00,1944.2570,22.1212
2007-09-20 12:00:00,1991.6040,23.0808
2007-09-20 13:00:00,2010.1390,22.8788
2007-09-20 14:00:00,2052.7350,23.2323
2007-09-20 15:00:00,2102.2940,23.0808
2007-09-20 16:00:00,2073.7830,22.7273
2007-09-20 17:00:00,2137.8170,22.2222
2007-09-20 18:00:00,2227.2010,21.2626
2007-09-20 19:00:00,2222.5320,19.7475
2007-09-20 20:00:00,2238.0670,18.9394
2007-09-20 21:00:00,2167.9380,18.7879
2007-09-20 22:00:00,1914.0380,18.2323
2007-09-20 23:00:00,1665.5020,17.8788
2007-09-21 00:00:00,1499.6390,17.3232
2007-09-21 01:00:00,1420.7090,16.8182
2007-09-21 02:00:00,1377.1380,16.9192
2007-09-21 03:00:00,1370.7290,16.8687
2007-09-21 04:00:00,1376.8840,16.7172
2007-09-21 05:00:00,1494.4920,16.7677
2007-09-21 06:00:00,1779.0750,16.6667
2007-09-21 07:00:00,1848.5580,17.5758
2007-09-21 08:00:00,1826.7630,19.2929
2007-09-21 09:00:00,1870.7110,21.1111
2007-09-21 10:00:00,1928.6140,22.6263
2007-09-21 11:00:00,2002.4630,24.1414
2007-09-21 12:00:00,2048.1980,24.8485
2007-09-21 13:00:00,2138.4520,25.7071
2007-09-21 14:00:00,2114.3870,25.8586
2007-09-21 15:00:00,2160.1600,25.9091
2007-09-21 16:00:00,2201.4920,25.4040
2007-09-21 17:00:00,2266.5160,24.9495
2007-09-21 18:00:00,2314.1330,23.2323
2007-09-21 19:00:00,2309.8700,21.9697
2007-09-21 20:00:00,2344.9770,21.6162
2007-09-21 21:00:00,2234.9950,21.4141
2007-09-21 22:00:00,2034.1160,21.3131
2007-09-21 23:00:00,1827.0310,21.2626
2007-09-22 00:00:00,1640.1670,21.4141
2007-09-22 01:00:00,1530.6480,21.4141
2007-09-22 02:00:00,1466.0950,21.1616
2007-09-22 03:00:00,1470.6160,21.2626
2007-09-22 04:00:00,1469.4990,21.1616
2007-09-22 05:00:00,1503.3080,21.0101
2007-09-22 06:00:00,1627.7750,20.9091
2007-09-22 07:00:00,1792.3850,21.4646
2007-09-22 08:00:00,1983.2520,22.4747
2007-09-22 09:00:00,2124.7360,24.1414
2007-09-22 10:00:00,2235.8290,26.2626
2007-09-22 11:00:00,2323.4210,27.0202
2007-09-22 12:00:00,2421.7650,28.4343
2007-09-22 13:00:00,2502.6390,28.9899
2007-09-22 14:00:00,2566.7070,29.8485
2007-09-22 15:00:00,2605.2990,30.3030
2007-09-22 16:00:00,2693.1640,30.2020
2007-09-22 17:00:00,2754.6530,29.6465
2007-09-22 18:00:00,2697.0970,26.4646
2007-09-22 19:00:00,2616.0130,24.2424
2007-09-22 20:00:00,2490.1570,22.9293
2007-09-22 21:00:00,2381.7570,22.1212
2007-09-22 22:00:00,2129.4210,21.4141
2007-09-22 23:00:00,1883.7130,20.8586
2007-09-23 00:00:00,1691.3140,20.2020
2007-09-23 01:00:00,1589.3180,19.9495
2007-09-23 02:00:00,1492.0470,19.8990
2007-09-23 03:00:00,1451.0170,19.3434
2007-09-23 04:00:00,1425.9310,19.1919
2007-09-23 05:00:00,1433.1720,19.1414
2007-09-23 06:00:00,1497.9140,18.8384
2007-09-23 07:00:00,1640.5900,20.7576
2007-09-23 08:00:00,1927.9450,23.0303
2007-09-23 09:00:00,2146.1780,25.2020
2007-09-23 10:00:00,2243.9730,26.7172
2007-09-23 11:00:00,2310.9070,27.8283
2007-09-23 12:00:00,2387.0770,28.5354
2007-09-23 13:00:00,2498.6260,29.2424
2007-09-23 14:00:00,2547.5560,29.7475
2007-09-23 15:00:00,2581.7580,29.7980
2007-09-23 16:00:00,2522.9050,29.1414
2007-09-23 17:00:00,2572.3700,28.0303
2007-09-23 18:00:00,2463.2560,25.1010
2007-09-23 19:00:00,2400.5490,21.6162
2007-09-23 20:00:00,2366.6770,20.0505
2007-09-23 21:00:00,2173.5760,18.7374
2007-09-23 22:00:00,1891.1190,17.4747
2007-09-23 23:00:00,1650.5150,16.3636
2007-09-24 00:00:00,1479.4130,15.3030
2007-09-24 01:00:00,1377.8790,14.8485
2007-09-24 02:00:00,1340.3290,14.2424
2007-09-24 03:00:00,1332.3480,14.0909
2007-09-24 04:00:00,1372.1810,13.6364
2007-09-24 05:00:00,1466.2150,13.2828
2007-09-24 06:00:00,1745.4320,13.0303
2007-09-24 07:00:00,1853.8840,14.5455
2007-09-24 08:00:00,1864.7170,18.4343
2007-09-24 09:00:00,1934.9350,21.6667
2007-09-24 10:00:00,2000.6520,23.9394
2007-09-24 11:00:00,2068.1530,25.7576
2007-09-24 12:00:00,2154.3800,26.8687
2007-09-24 13:00:00,2169.3700,27.7778
2007-09-24 14:00:00,2249.7270,28.0808
2007-09-24 15:00:00,2271.6250,28.2828
2007-09-24 16:00:00,2357.2110,27.9798
2007-09-24 17:00:00,2453.6740,26.9192
2007-09-24 18:00:00,2528.7700,23.4343
2007-09-24 19:00:00,2540.5580,20.4545
2007-09-24 20:00:00,2481.8410,18.9899
2007-09-24 21:00:00,2239.3390,17.5758
2007-09-24 22:00:00,1932.0750,16.8687
2007-09-24 23:00:00,1689.2210,15.8586
2007-09-25 00:00:00,1555.2610,15.2020
2007-09-25 01:00:00,1474.5870,14.8485
2007-09-25 02:00:00,1435.5880,14.6970
2007-09-25 03:00:00,1437.6670,13.7374
2007-09-25 04:00:00,1479.0120,13.7879
2007-09-25 05:00:00,1606.3360,13.4848
2007-09-25 06:00:00,1900.4410,13.5354
2007-09-25 07:00:00,1942.7640,14.3939
2007-09-25 08:00:00,1915.5680,18.5859
2007-09-25 09:00:00,1980.4200,22.1717
2007-09-25 10:00:00,2079.4900,25.0505
2007-09-25 11:00:00,2182.0640,27.3232
2007-09-25 12:00:00,2307.9530,28.5354
2007-09-25 13:00:00,2435.8070,30.0000
2007-09-25 14:00:00,2545.1330,30.5051
2007-09-25 15:00:00,2597.1430,30.7576
2007-09-25 16:00:00,2822.6120,30.2525
2007-09-25 17:00:00,2895.1850,29.0404
2007-09-25 18:00:00,2893.2450,26.0101
2007-09-25 19:00:00,2933.2480,23.0808
2007-09-25 20:00:00,2819.9860,21.6162
2007-09-25 21:00:00,2581.2260,20.9596
2007-09-25 22:00:00,2287.9170,20.5556
2007-09-25 23:00:00,2009.6790,20.1010
2007-09-26 00:00:00,1823.9750,19.5960
2007-09-26 01:00:00,1728.3350,18.9394
2007-09-26 02:00:00,1682.4300,18.3333
2007-09-26 03:00:00,1652.6820,17.9293
2007-09-26 04:00:00,1660.7390,17.5253
2007-09-26 05:00:00,1782.7920,17.4242
2007-09-26 06:00:00,2092.5700,17.4242
2007-09-26 07:00:00,2166.5750,18.5354
2007-09-26 08:00:00,2168.5170,21.2626
2007-09-26 09:00:00,2235.2740,24.6465
2007-09-26 10:00:00,2356.0940,27.2222
2007-09-26 11:00:00,2537.4470,29.2424
2007-09-26 12:00:00,2698.0110,30.6566
2007-09-26 13:00:00,2805.4320,31.3636
2007-09-26 14:00:00,2917.5020,32.0202
2007-09-26 15:00:00,2912.7610,31.7172
2007-09-26 16:00:00,2951.3890,31.0101
2007-09-26 17:00:00,2942.7090,29.7475
2007-09-26 18:00:00,2930.9970,26.7172
2007-09-26 19:00:00,2958.2440,24.6465
2007-09-26 20:00:00,2892.0870,23.1313
2007-09-26 21:00:00,2694.2060,22.1717
2007-09-26 22:00:00,2409.1340,21.4141
2007-09-26 23:00:00,2095.3180,21.2121
2007-09-27 00:00:00,1901.4540,20.8081
2007-09-27 01:00:00,1801.7440,20.1010
2007-09-27 02:00:00,1733.9760,20.0000
2007-09-27 03:00:00,1705.3680,19.3939
2007-09-27 04:00:00,1736.3910,19.5960
2007-09-27 05:00:00,1864.7170,19.2929
2007-09-27 06:00:00,2191.8710,19.1414
2007-09-27 07:00:00,2247.5900,19.4949
2007-09-27 08:00:00,2184.7330,21.6162
2007-09-27 09:00:00,2285.0170,23.3838
2007-09-27 10:00:00,2391.0770,25.3535
2007-09-27 11:00:00,2487.4120,27.2727
2007-09-27 12:00:00,2592.9750,28.4343
2007-09-27 13:00:00,2667.1150,29.2929
2007-09-27 14:00:00,2760.8570,29.4949
2007-09-27 15:00:00,2741.0320,29.3434
2007-09-27 16:00:00,2770.8280,28.9899
2007-09-27 17:00:00,2719.8660,27.2727
2007-09-27 18:00:00,2730.8560,24.7475
2007-09-27 19:00:00,2772.2790,22.7778
2007-09-27 20:00:00,2712.1290,22.2727
2007-09-27 21:00:00,2502.0310,22.1212
2007-09-27 22:00:00,2245.6200,21.3636
2007-09-27 23:00:00,1959.2380,20.9091
2007-09-28 00:00:00,1765.0480,20.8081
2007-09-28 01:00:00,1688.6130,20.2525
2007-09-28 02:00:00,1625.2840,20.0505
2007-09-28 03:00:00,1600.6240,19.3434
2007-09-28 04:00:00,1627.8650,19.3434
2007-09-28 05:00:00,1756.6560,19.3434
2007-09-28 06:00:00,2057.1900,19.5455
2007-09-28 07:00:00,2074.0310,20.0000
2007-09-28 08:00:00,2064.9030,20.8081
2007-09-28 09:00:00,2098.6950,22.6263
2007-09-28 10:00:00,2186.3460,24.0404
2007-09-28 11:00:00,2264.4360,25.4040
2007-09-28 12:00:00,2295.5180,26.2626
2007-09-28 13:00:00,2329.8040,26.7172
2007-09-28 14:00:00,2301.9210,26.7677
2007-09-28 15:00:00,2325.0270,26.6162
2007-09-28 16:00:00,2385.7540,26.2121
2007-09-28 17:00:00,2367.0330,25.2020
2007-09-28 18:00:00,2349.9790,22.7778
2007-09-28 19:00:00,2359.9870,20.6061
2007-09-28 20:00:00,2331.6170,19.0909
2007-09-28 21:00:00,2213.8190,18.1818
2007-09-28 22:00:00,2024.2650,17.1212
2007-09-28 23:00:00,1852.8850,15.9596
2007-09-29 00:00:00,1674.2050,15.0505
2007-09-29 01:00:00,1588.4220,13.9899
2007-09-29 02:00:00,1519.2250,12.4747
2007-09-29 03:00:00,1474.1730,12.3232
2007-09-29 04:00:00,1475.0370,12.2727
2007-09-29 05:00:00,1519.7460,11.7172
2007-09-29 06:00:00,1661.9900,11.6667
2007-09-29 07:00:00,1774.3470,13.3838
2007-09-29 08:00:00,1970.3850,16.3636
2007-09-29 09:00:00,2045.1240,18.4848
2007-09-29 10:00:00,2033.8860,20.0505
2007-09-29 11:00:00,2021.5470,21.3131
2007-09-29 12:00:00,2059.7390,22.4747
2007-09-29 13:00:00,2070.4490,23.2828
2007-09-29 14:00:00,2061.1340,23.9899
2007-09-29 15:00:00,2133.3620,24.1919
2007-09-29 16:00:00,2226.2720,23.8384
2007-09-29 17:00:00,2205.3620,22.9293
2007-09-29 18:00:00,2203.7180,19.4949
2007-09-29 19:00:00,2210.0750,16.0606
2007-09-29 20:00:00,2123.0390,14.0909
2007-09-29 21:00:00,1998.1760,13.1313
2007-09-29 22:00:00,1835.4930,12.1717
2007-09-29 23:00:00,1622.6720,11.2626
2007-09-30 00:00:00,1480.2220,10.6566
2007-09-30 01:00:00,1411.2090,10.2525
2007-09-30 02:00:00,1375.5220,9.6970
2007-09-30 03:00:00,1385.2920,9.4444
2007-09-30 04:00:00,1413.3410,9.1414
2007-09-30 05:00:00,1449.3310,8.7879
2007-09-30 06:00:00,1559.7360,8.4848
2007-09-30 07:00:00,1761.5960,10.1515
2007-09-30 08:00:00,1976.9910,15.0505
2007-09-30 09:00:00,2081.4010,18.7879
2007-09-30 10:00:00,2074.1780,21.4646
2007-09-30 11:00:00,2074.5510,22.9293
2007-09-30 12:00:00,2115.4590,23.7879
2007-09-30 13:00:00,2126.6840,24.4444
2007-09-30 14:00:00,2094.5140,25.2525
2007-09-30 15:00:00,2143.3600,25.0505
2007-09-30 16:00:00,2206.4610,24.4444
2007-09-30 17:00:00,2264.2140,23.2323
2007-09-30 18:00:00,2256.3060,20.2020
2007-09-30 19:00:00,2313.0200,17.1717
2007-09-30 20:00:00,2244.1020,15.5051
2007-09-30 21:00:00,2065.1370,14.4444
2007-09-30 22:00:00,1823.9480,13.7879
2007-09-30 23:00:00,1575.7060,12.7273
2007-10-01 00:00:00,1325.3160,12.2222
2007-10-01 01:00:00,1271.0210,11.5152
2007-10-01 02:00:00,1246.3750,11.0101
2007-10-01 03:00:00,1252.6440,10.7576
2007-10-01 04:00:00,1273.4010,10.4545
2007-10-01 05:00:00,1465.6570,10.1010
2007-10-01 06:00:00,1774.6270,10.0505
2007-10-01 07:00:00,1860.3880,11.5152
2007-10-01 08:00:00,1803.4580,16.1616
2007-10-01 09:00:00,1781.8080,19.7980
2007-10-01 10:00:00,1839.7220,21.5657
2007-10-01 11:00:00,1845.6740,22.8788
2007-10-01 12:00:00,1866.2510,23.7879
2007-10-01 13:00:00,1890.9850,24.2424
2007-10-01 14:00:00,1900.1580,24.8485
2007-10-01 15:00:00,1936.2600,24.8485
2007-10-01 16:00:00,1920.3180,24.0404
2007-10-01 17:00:00,2066.1330,22.9293
2007-10-01 18:00:00,2060.9120,20.5556
2007-10-01 19:00:00,2211.5250,18.6869
2007-10-01 20:00:00,2096.1330,16.9697
2007-10-01 21:00:00,1988.2340,16.2626
2007-10-01 22:00:00,1762.5340,15.6566
2007-10-01 23:00:00,1567.8440,14.8990
2007-10-02 00:00:00,1421.4780,14.7475
2007-10-02 01:00:00,1335.3810,14.3434
2007-10-02 02:00:00,1315.7710,14.3939
2007-10-02 03:00:00,1327.4580,14.2929
2007-10-02 04:00:00,1359.5600,14.4949
2007-10-02 05:00:00,1491.9690,14.2424
2007-10-02 06:00:00,1792.8070,14.6970
2007-10-02 07:00:00,1907.7110,15.6061
2007-10-02 08:00:00,1959.4150,18.2828
2007-10-02 09:00:00,1914.8510,20.5051
2007-10-02 10:00:00,1899.6900,22.5758
2007-10-02 11:00:00,1976.2520,24.0404
2007-10-02 12:00:00,2017.8510,24.6465
2007-10-02 13:00:00,2036.3460,25.4545
2007-10-02 14:00:00,1988.3070,25.7071
2007-10-02 15:00:00,2009.7630,25.8586
2007-10-02 16:00:00,2022.0880,25.4040
2007-10-02 17:00:00,2068.3460,24.6465
2007-10-02 18:00:00,2150.4470,22.2222
2007-10-02 19:00:00,2164.8270,20.5051
2007-10-02 20:00:00,2277.8330,19.2929
2007-10-02 21:00:00,2045.7570,18.6869
2007-10-02 22:00:00,1821.3200,18.2828
2007-10-02 23:00:00,1586.1470,18.1818
2007-10-03 00:00:00,1457.9670,17.9293
2007-10-03 01:00:00,1406.8850,18.1818
2007-10-03 02:00:00,1356.8370,18.0303
2007-10-03 03:00:00,1349.4210,18.3333
2007-10-03 04:00:00,1378.6530,18.4848
2007-10-03 05:00:00,1530.1340,18.7374
2007-10-03 06:00:00,1835.4790,18.6364
2007-10-03 07:00:00,1912.9950,19.0404
2007-10-03 08:00:00,1858.4000,20.1515
2007-10-03 09:00:00,1874.3740,21.8687
2007-10-03 10:00:00,1910.3210,23.6364
2007-10-03 11:00:00,1990.4740,24.8990
2007-10-03 12:00:00,2046.0160,26.6162
2007-10-03 13:00:00,2130.0470,27.1717
2007-10-03 14:00:00,2189.4930,27.9293
2007-10-03 15:00:00,2259.8720,28.1313
2007-10-03 16:00:00,2249.9770,27.8788
2007-10-03 17:00:00,2324.8290,26.9697
2007-10-03 18:00:00,2400.7040,23.9899
2007-10-03 19:00:00,2444.3470,22.2727
2007-10-03 20:00:00,2408.6140,21.3636
2007-10-03 21:00:00,2214.1060,20.6061
2007-10-03 22:00:00,1949.0290,19.7980
2007-10-03 23:00:00,1682.0440,19.2424
2007-10-04 00:00:00,1544.6110,18.7879
2007-10-04 01:00:00,1473.6240,18.6364
2007-10-04 02:00:00,1398.7260,18.7879
2007-10-04 03:00:00,1393.0370,18.4343
2007-10-04 04:00:00,1417.0470,18.3333
2007-10-04 05:00:00,1529.0270,18.4848
2007-10-04 06:00:00,1834.5140,18.3333
2007-10-04 07:00:00,2105.6650,18.7374
2007-10-04 08:00:00,2022.3130,20.1515
2007-10-04 09:00:00,2096.2940,22.1717
2007-10-04 10:00:00,2135.6610,24.4444
2007-10-04 11:00:00,2310.3230,26.9192
2007-10-04 12:00:00,2362.7060,28.1818
2007-10-04 13:00:00,2355.8130,28.9899
2007-10-04 14:00:00,2301.1870,29.3939
2007-10-04 15:00:00,2406.0290,29.5455
2007-10-04 16:00:00,2407.9840,29.0404
2007-10-04 17:00:00,2530.6820,27.6768
2007-10-04 18:00:00,2529.0980,24.8990
2007-10-04 19:00:00,2545.9200,23.2323
2007-10-04 20:00:00,2522.3940,22.4747
2007-10-04 21:00:00,2311.6810,21.6667
2007-10-04 22:00:00,2058.7090,21.3636
2007-10-04 23:00:00,1805.8290,20.5051
2007-10-05 00:00:00,1613.4920,20.0505
2007-10-05 01:00:00,1521.0220,19.6465
2007-10-05 02:00:00,1452.6530,19.4444
2007-10-05 03:00:00,1425.4000,19.7475
2007-10-05 04:00:00,1431.4010,19.8990
2007-10-05 05:00:00,1557.1970,19.9495
2007-10-05 06:00:00,1885.3480,19.8485
2007-10-05 07:00:00,1955.1450,20.1010
2007-10-05 08:00:00,1904.0880,21.0101
2007-10-05 09:00:00,1975.2360,22.4242
2007-10-05 10:00:00,2033.3620,23.7879
2007-10-05 11:00:00,2112.6590,24.8990
2007-10-05 12:00:00,2157.9350,25.6566
2007-10-05 13:00:00,2202.4620,26.2121
2007-10-05 14:00:00,2272.8530,26.5657
2007-10-05 15:00:00,2238.4640,26.4646
2007-10-05 16:00:00,2297.9580,25.6061
2007-10-05 17:00:00,2336.1150,24.6465
2007-10-05 18:00:00,2376.3080,23.2828
2007-10-05 19:00:00,2445.3980,22.4242
2007-10-05 20:00:00,2365.6640,21.5657
2007-10-05 21:00:00,2204.7110,21.2121
2007-10-05 22:00:00,2028.9790,20.8081
2007-10-05 23:00:00,1777.3890,20.2525
2007-10-06 00:00:00,1579.7630,20.3535
2007-10-06 01:00:00,1472.6070,20.3030
2007-10-06 02:00:00,1393.3600,20.1515
2007-10-06 03:00:00,1364.2820,20.1515
2007-10-06 04:00:00,1361.2230,20.1010
2007-10-06 05:00:00,1419.2770,20.1515
2007-10-06 06:00:00,1523.8050,20.1515
2007-10-06 07:00:00,1655.2400,20.2525
2007-10-06 08:00:00,1863.7550,20.7576
2007-10-06 09:00:00,2028.0700,21.9192
2007-10-06 10:00:00,2048.4320,23.2323
2007-10-06 11:00:00,2158.1460,24.6465
2007-10-06 12:00:00,2246.9660,26.2121
2007-10-06 13:00:00,2303.2140,27.0202
2007-10-06 14:00:00,2368.6740,27.4747
2007-10-06 15:00:00,2447.2560,27.6768
2007-10-06 16:00:00,2521.4830,27.2727
2007-10-06 17:00:00,2528.7750,26.5657
2007-10-06 18:00:00,2418.4680,23.6364
2007-10-06 19:00:00,2430.7360,21.6667
2007-10-06 20:00:00,2374.0490,20.5556
2007-10-06 21:00:00,2161.0980,19.7980
2007-10-06 22:00:00,1950.8010,19.1919
2007-10-06 23:00:00,1734.5630,19.0404
2007-10-07 00:00:00,1590.8590,18.7374
2007-10-07 01:00:00,1471.4110,18.5354
2007-10-07 02:00:00,1402.9710,18.3838
2007-10-07 03:00:00,1341.7160,18.3333
2007-10-07 04:00:00,1314.1060,17.9293
2007-10-07 05:00:00,1334.5040,17.6768
2007-10-07 06:00:00,1424.3070,17.9293
2007-10-07 07:00:00,1579.6760,18.3333
2007-10-07 08:00:00,1856.6230,20.5556
2007-10-07 09:00:00,2072.2390,23.6869
2007-10-07 10:00:00,2134.7150,26.6667
2007-10-07 11:00:00,2223.0420,28.8889
2007-10-07 12:00:00,2386.0690,30.4545
2007-10-07 13:00:00,2546.4260,31.4646
2007-10-07 14:00:00,2586.2740,31.7172
2007-10-07 15:00:00,2646.8550,31.8182
2007-10-07 16:00:00,2667.6070,31.4141
2007-10-07 17:00:00,2653.4390,29.7980
2007-10-07 18:00:00,2602.2340,25.8586
2007-10-07 19:00:00,2633.7980,23.4848
2007-10-07 20:00:00,2546.2440,22.4242
2007-10-07 21:00:00,2305.6720,21.5657
2007-10-07 22:00:00,2038.8880,21.0606
2007-10-07 23:00:00,1767.1580,20.5556
2007-10-08 00:00:00,1581.5710,20.0000
2007-10-08 01:00:00,1483.1530,19.7475
2007-10-08 02:00:00,1426.7120,19.4444
2007-10-08 03:00:00,1414.6250,19.0404
2007-10-08 04:00:00,1420.1780,18.8384
2007-10-08 05:00:00,1534.5510,18.5859
2007-10-08 06:00:00,1824.2100,18.5859
2007-10-08 07:00:00,1906.2540,19.1414
2007-10-08 08:00:00,1963.1940,21.5152
2007-10-08 09:00:00,2074.2410,23.7374
2007-10-08 10:00:00,2197.5000,26.1111
2007-10-08 11:00:00,2368.9820,28.3838
2007-10-08 12:00:00,2495.1310,29.8485
2007-10-08 13:00:00,2646.9680,30.8586
2007-10-08 14:00:00,2691.7660,31.4646
2007-10-08 15:00:00,2742.9730,31.2121
2007-10-08 16:00:00,2814.4180,30.9596
2007-10-08 17:00:00,2783.8700,29.8485
2007-10-08 18:00:00,2834.8600,26.1111
2007-10-08 19:00:00,2898.4440,24.2929
2007-10-08 20:00:00,2759.8390,22.8283
2007-10-08 21:00:00,2517.5570,22.2222
2007-10-08 22:00:00,2222.4340,21.7677
2007-10-08 23:00:00,1916.2580,21.3636
2007-10-09 00:00:00,1726.0760,20.9596
2007-10-09 01:00:00,1618.1600,20.6566
2007-10-09 02:00:00,1560.9210,20.2020
2007-10-09 03:00:00,1528.9460,19.7475
2007-10-09 04:00:00,1544.6380,19.6465
2007-10-09 05:00:00,1655.2300,19.1919
2007-10-09 06:00:00,1974.9860,18.7879
2007-10-09 07:00:00,2058.5030,19.6465
2007-10-09 08:00:00,2024.8170,22.9293
2007-10-09 09:00:00,2050.0820,26.1111
2007-10-09 10:00:00,2186.0470,28.8384
2007-10-09 11:00:00,2343.2640,30.9596
2007-10-09 12:00:00,2490.1460,32.3737
2007-10-09 13:00:00,2614.8760,32.3232
2007-10-09 14:00:00,2622.2320,32.1717
2007-10-09 15:00:00,2704.9550,31.8687
2007-10-09 16:00:00,2675.7070,30.5556
2007-10-09 17:00:00,2726.2620,28.9394
2007-10-09 18:00:00,2710.4020,25.5051
2007-10-09 19:00:00,2735.3140,24.2929
2007-10-09 20:00:00,2595.0520,23.3333
2007-10-09 21:00:00,2418.1840,23.5859
2007-10-09 22:00:00,2134.5680,23.5859
2007-10-09 23:00:00,1851.6850,23.2323
2007-10-10 00:00:00,1709.0260,22.7273
2007-10-10 01:00:00,1590.8100,21.9192
2007-10-10 02:00:00,1523.4520,21.2626
2007-10-10 03:00:00,1493.9330,20.6061
2007-10-10 04:00:00,1504.9170,20.4040
2007-10-10 05:00:00,1620.4430,19.9495
2007-10-10 06:00:00,1913.0080,19.5455
2007-10-10 07:00:00,1999.1860,18.9394
2007-10-10 08:00:00,1969.5490,20.2525
2007-10-10 09:00:00,1980.8630,21.5657
2007-10-10 10:00:00,2021.7620,23.0303
2007-10-10 11:00:00,2090.5130,24.2929
2007-10-10 12:00:00,2137.6630,25.5556
2007-10-10 13:00:00,2156.1060,26.2626
2007-10-10 14:00:00,2218.8470,26.6667
2007-10-10 15:00:00,2277.1890,26.9697
2007-10-10 16:00:00,2248.3010,26.6162
2007-10-10 17:00:00,2259.6990,25.4545
2007-10-10 18:00:00,2286.6940,21.7172
2007-10-10 19:00:00,2350.9090,19.7980
2007-10-10 20:00:00,2315.0520,18.5354
2007-10-10 21:00:00,2170.4850,18.4343
2007-10-10 22:00:00,1884.0820,17.6768
2007-10-10 23:00:00,1637.6090,17.8788
2007-10-11 00:00:00,1526.8770,17.9293
2007-10-11 01:00:00,1431.5650,17.0707
2007-10-11 02:00:00,1413.1390,16.6162
2007-10-11 03:00:00,1399.9120,15.6061
2007-10-11 04:00:00,1428.3560,14.4949
2007-10-11 05:00:00,1570.2590,14.4444
2007-10-11 06:00:00,1879.7880,13.6869
2007-10-11 07:00:00,1939.8650,13.5859
2007-10-11 08:00:00,1882.5560,14.4444
2007-10-11 09:00:00,1885.9850,15.2525
2007-10-11 10:00:00,1863.5390,15.9091
2007-10-11 11:00:00,1842.0370,16.2626
2007-10-11 12:00:00,1828.7950,17.1717
2007-10-11 13:00:00,1805.8000,17.3737
2007-10-11 14:00:00,1828.8900,17.7273
2007-10-11 15:00:00,1845.3180,17.4242
2007-10-11 16:00:00,1834.8300,17.0707
2007-10-11 17:00:00,1962.2890,15.8081
2007-10-11 18:00:00,2050.7910,14.8485
2007-10-11 19:00:00,2165.4390,14.0404
2007-10-11 20:00:00,2131.2120,13.2828
2007-10-11 21:00:00,2091.2190,12.7273
2007-10-11 22:00:00,1847.3910,12.0202
2007-10-11 23:00:00,1637.4410,11.7677
2007-10-12 00:00:00,1518.8180,10.8586
2007-10-12 01:00:00,1445.7140,10.5556
2007-10-12 02:00:00,1435.9610,10.1010
2007-10-12 03:00:00,1443.8210,10.2020
2007-10-12 04:00:00,1471.8880,9.9495
2007-10-12 05:00:00,1605.8770,9.7980
2007-10-12 06:00:00,1860.1270,9.6970
2007-10-12 07:00:00,1960.4120,9.7980
2007-10-12 08:00:00,1958.0040,13.0808
2007-10-12 09:00:00,1938.4870,15.7576
2007-10-12 10:00:00,1910.0010,17.2222
2007-10-12 11:00:00,1881.5610,18.3333
2007-10-12 12:00:00,1868.3660,19.0909
2007-10-12 13:00:00,1839.6980,19.5960
2007-10-12 14:00:00,1797.3250,19.6970
2007-10-12 15:00:00,1827.1620,19.8485
2007-10-12 16:00:00,1867.7460,19.1919
2007-10-12 17:00:00,1950.8520,18.0808
2007-10-12 18:00:00,2058.5950,15.3030
2007-10-12 19:00:00,2171.3160,13.9899
2007-10-12 20:00:00,2145.7170,13.0808
2007-10-12 21:00:00,2058.4320,12.3737
2007-10-12 22:00:00,1912.4130,11.9192
2007-10-12 23:00:00,1708.2810,11.5152
2007-10-13 00:00:00,1558.6500,11.0606
2007-10-13 01:00:00,1480.8160,11.0606
2007-10-13 02:00:00,1423.8480,10.6566
2007-10-13 03:00:00,1448.6120,10.2525
2007-10-13 04:00:00,1456.6580,9.3939
2007-10-13 05:00:00,1541.6470,8.6364
2007-10-13 06:00:00,1667.6340,7.4747
2007-10-13 07:00:00,1827.7100,7.8788
2007-10-13 08:00:00,1995.0400,11.8687
2007-10-13 09:00:00,1983.9150,15.0505
2007-10-13 10:00:00,1956.8330,16.6667
2007-10-13 11:00:00,1900.4980,17.5758
2007-10-13 12:00:00,1819.2120,18.3333
2007-10-13 13:00:00,1782.1230,19.3939
2007-10-13 14:00:00,1761.7660,20.2525
2007-10-13 15:00:00,1758.5120,20.4545
2007-10-13 16:00:00,1779.3640,20.0505
2007-10-13 17:00:00,1856.2940,19.1414
2007-10-13 18:00:00,1917.9710,14.6970
2007-10-13 19:00:00,2058.3390,12.3737
2007-10-13 20:00:00,2043.3010,10.9596
2007-10-13 21:00:00,1929.8030,10.0000
2007-10-13 22:00:00,1775.6170,9.1414
2007-10-13 23:00:00,1626.7500,8.3838
2007-10-14 00:00:00,1508.2620,8.0303
2007-10-14 01:00:00,1438.5930,7.8283
2007-10-14 02:00:00,1401.0840,7.7778
2007-10-14 03:00:00,1398.2910,7.8283
2007-10-14 04:00:00,1418.2860,6.9192
2007-10-14 05:00:00,1482.4650,6.3636
2007-10-14 06:00:00,1596.7770,5.8586
2007-10-14 07:00:00,1804.5910,6.4141
2007-10-14 08:00:00,2056.5460,11.5152
2007-10-14 09:00:00,2103.0770,15.5556
2007-10-14 10:00:00,1987.5040,17.9798
2007-10-14 11:00:00,1890.6270,19.4444
2007-10-14 12:00:00,1838.2190,20.2020
2007-10-14 13:00:00,1798.1800,20.8081
2007-10-14 14:00:00,1771.0100,21.5152
2007-10-14 15:00:00,1738.5360,21.6162
2007-10-14 16:00:00,1797.3550,21.4141
2007-10-14 17:00:00,1840.7790,20.2020
2007-10-14 18:00:00,1953.6340,15.6566
2007-10-14 19:00:00,2086.0920,12.7778
2007-10-14 20:00:00,2077.5940,11.4141
2007-10-14 21:00:00,1900.4920,10.2525
2007-10-14 22:00:00,1711.1940,9.1414
2007-10-14 23:00:00,1528.8770,8.7374
2007-10-15 00:00:00,1432.6630,8.2323
2007-10-15 01:00:00,1390.2230,7.8788
2007-10-15 02:00:00,1394.2340,7.7273
2007-10-15 03:00:00,1404.1610,7.2222
2007-10-15 04:00:00,1481.0950,7.2222
2007-10-15 05:00:00,1633.2590,6.8687
2007-10-15 06:00:00,1894.5600,6.5657
2007-10-15 07:00:00,2076.1680,7.4242
2007-10-15 08:00:00,1969.7100,12.4747
2007-10-15 09:00:00,1936.1700,16.4646
2007-10-15 10:00:00,1897.2000,19.1414
2007-10-15 11:00:00,1874.4200,21.0606
2007-10-15 12:00:00,1857.3470,22.4242
2007-10-15 13:00:00,1887.1320,23.0808
2007-10-15 14:00:00,1871.3800,23.5859
2007-10-15 15:00:00,1868.4700,23.7374
2007-10-15 16:00:00,1902.3530,23.5859
2007-10-15 17:00:00,1970.8830,22.0707
2007-10-15 18:00:00,2071.8020,17.6768
2007-10-15 19:00:00,2148.6620,15.5556
2007-10-15 20:00:00,2142.9390,14.4444
2007-10-15 21:00:00,1970.4100,13.5859
2007-10-15 22:00:00,1751.8100,13.3333
2007-10-15 23:00:00,1561.5280,12.8283
2007-10-16 00:00:00,1448.5340,11.8182
2007-10-16 01:00:00,1405.6750,11.2121
2007-10-16 02:00:00,1380.2000,10.6566
2007-10-16 03:00:00,1379.5900,10.1515
2007-10-16 04:00:00,1436.5610,9.9495
2007-10-16 05:00:00,1594.6070,9.4949
2007-10-16 06:00:00,1900.4570,9.2929
2007-10-16 07:00:00,2019.0350,10.0505
2007-10-16 08:00:00,1928.7690,14.0909
2007-10-16 09:00:00,1880.5370,17.6768
2007-10-16 10:00:00,1861.9070,20.7576
2007-10-16 11:00:00,1845.6720,22.9798
2007-10-16 12:00:00,1852.6990,24.6970
2007-10-16 13:00:00,1874.9100,25.3030
2007-10-16 14:00:00,1876.0610,25.4545
2007-10-16 15:00:00,1900.5720,25.1515
2007-10-16 16:00:00,1930.6080,24.2424
2007-10-16 17:00:00,1957.4980,22.4747
2007-10-16 18:00:00,2123.1790,20.0000
2007-10-16 19:00:00,2178.2030,19.1919
2007-10-16 20:00:00,2191.0590,18.0303
2007-10-16 21:00:00,2003.4970,16.9192
2007-10-16 22:00:00,1773.9420,16.3131
2007-10-16 23:00:00,1569.3390,16.1111
2007-10-17 00:00:00,1436.7970,14.8990
2007-10-17 01:00:00,1374.8150,14.1414
2007-10-17 02:00:00,1366.4710,13.3838
2007-10-17 03:00:00,1355.9610,13.0808
2007-10-17 04:00:00,1395.2830,12.4242
2007-10-17 05:00:00,1538.7800,12.0707
2007-10-17 06:00:00,1839.5620,12.2727
2007-10-17 07:00:00,1920.5250,12.7778
2007-10-17 08:00:00,1867.6180,16.5152
2007-10-17 09:00:00,1842.9650,19.7475
2007-10-17 10:00:00,1870.5840,22.6768
2007-10-17 11:00:00,1879.5060,24.6465
2007-10-17 12:00:00,1909.7680,26.1111
2007-10-17 13:00:00,1947.9170,26.5657
2007-10-17 14:00:00,1991.6800,26.8687
2007-10-17 15:00:00,2007.1880,26.9192
2007-10-17 16:00:00,2081.4590,26.3131
2007-10-17 17:00:00,2145.0740,25.1010
2007-10-17 18:00:00,2127.9740,20.8586
2007-10-17 19:00:00,2253.0490,19.1414
2007-10-17 20:00:00,2145.7400,18.0808
2007-10-17 21:00:00,2054.4640,17.2727
2007-10-17 22:00:00,1870.7090,17.0202
2007-10-17 23:00:00,1618.7990,17.0202
2007-10-18 00:00:00,1464.6550,16.4646
2007-10-18 01:00:00,1414.9990,16.0101
2007-10-18 02:00:00,1367.8770,15.5051
2007-10-18 03:00:00,1369.8150,15.6566
2007-10-18 04:00:00,1393.2790,15.3030
2007-10-18 05:00:00,1526.6510,15.1515
2007-10-18 06:00:00,1832.0350,15.3535
2007-10-18 07:00:00,1917.5700,16.0101
2007-10-18 08:00:00,1860.6130,18.5354
2007-10-18 09:00:00,1875.0470,21.1111
2007-10-18 10:00:00,1898.9440,23.4848
2007-10-18 11:00:00,1909.5530,24.8485
2007-10-18 12:00:00,1925.9180,25.4040
2007-10-18 13:00:00,1918.5700,26.0606
2007-10-18 14:00:00,1938.5850,26.2626
2007-10-18 15:00:00,1933.3830,25.9091
2007-10-18 16:00:00,2017.9750,25.4040
2007-10-18 17:00:00,2092.4190,24.5455
2007-10-18 18:00:00,2139.6470,23.0303
2007-10-18 19:00:00,2274.2260,22.0202
2007-10-18 20:00:00,2236.5260,21.6667
2007-10-18 21:00:00,2168.5390,21.2626
2007-10-18 22:00:00,1941.2460,21.1616
2007-10-18 23:00:00,1732.5930,21.2626
2007-10-19 00:00:00,1557.2110,21.5152
2007-10-19 01:00:00,1485.8510,21.5657
2007-10-19 02:00:00,1461.1500,21.8687
2007-10-19 03:00:00,1447.1060,22.1212
2007-10-19 04:00:00,1472.3330,22.0202
2007-10-19 05:00:00,1627.0320,22.0202
2007-10-19 06:00:00,1932.4180,21.8687
2007-10-19 07:00:00,2066.8440,22.3232
2007-10-19 08:00:00,2047.7820,22.7778
2007-10-19 09:00:00,2080.5860,23.1818
2007-10-19 10:00:00,2126.6850,23.6869
2007-10-19 11:00:00,2131.5860,24.0909
2007-10-19 12:00:00,2093.1400,24.1919
2007-10-19 13:00:00,2066.1640,25.0505
2007-10-19 14:00:00,2012.6470,25.7576
2007-10-19 15:00:00,2042.2380,25.5556
2007-10-19 16:00:00,2158.5160,25.3030
2007-10-19 17:00:00,2218.7530,24.3434
2007-10-19 18:00:00,2287.3660,23.5354
2007-10-19 19:00:00,2248.3190,22.6768
2007-10-19 20:00:00,2232.3470,22.1717
2007-10-19 21:00:00,2098.8460,21.4141
2007-10-19 22:00:00,1939.1080,21.0101
2007-10-19 23:00:00,1709.7350,20.2020
2007-10-20 00:00:00,1550.2440,18.8889
2007-10-20 01:00:00,1448.9770,18.4343
2007-10-20 02:00:00,1388.6680,17.7273
2007-10-20 03:00:00,1363.5640,16.5657
2007-10-20 04:00:00,1349.3430,15.7576
2007-10-20 05:00:00,1414.1650,14.7980
2007-10-20 06:00:00,1520.7380,14.5455
2007-10-20 07:00:00,1684.4470,14.5960
2007-10-20 08:00:00,1842.4390,16.9192
2007-10-20 09:00:00,1955.3900,19.4949
2007-10-20 10:00:00,1968.1090,21.0101
2007-10-20 11:00:00,1931.6380,22.1212
2007-10-20 12:00:00,1899.2130,22.7273
2007-10-20 13:00:00,1895.7950,23.2323
2007-10-20 14:00:00,1850.3650,23.2323
2007-10-20 15:00:00,1847.7580,23.2323
2007-10-20 16:00:00,1886.4330,22.7778
2007-10-20 17:00:00,1922.1180,21.5657
2007-10-20 18:00:00,1950.7780,17.1212
2007-10-20 19:00:00,2043.9470,14.0909
2007-10-20 20:00:00,1964.5190,12.0707
2007-10-20 21:00:00,1904.0700,11.3131
2007-10-20 22:00:00,1756.1420,10.4040
2007-10-20 23:00:00,1587.1630,9.7475
2007-10-21 00:00:00,1461.5140,9.2424
2007-10-21 01:00:00,1381.7920,8.3333
2007-10-21 02:00:00,1340.9720,8.0303
2007-10-21 03:00:00,1338.1370,7.5253
2007-10-21 04:00:00,1353.9780,7.0707
2007-10-21 05:00:00,1392.1680,7.2222
2007-10-21 06:00:00,1549.6320,6.2121
2007-10-21 07:00:00,1729.3000,7.1717
2007-10-21 08:00:00,1952.1410,12.1717
2007-10-21 09:00:00,1970.8270,16.9697
2007-10-21 10:00:00,1898.2140,20.7576
2007-10-21 11:00:00,1904.8270,23.2323
2007-10-21 12:00:00,1871.4860,24.5455
2007-10-21 13:00:00,1822.5610,25.5051
2007-10-21 14:00:00,1836.1170,25.9596
2007-10-21 15:00:00,1846.1870,25.9091
2007-10-21 16:00:00,1873.6300,25.3030
2007-10-21 17:00:00,1900.8170,22.9293
2007-10-21 18:00:00,1969.5690,18.3838
2007-10-21 19:00:00,2115.6230,15.7071
2007-10-21 20:00:00,2036.8130,14.3939
2007-10-21 21:00:00,1880.4020,13.6364
2007-10-21 22:00:00,1691.5950,12.7778
2007-10-21 23:00:00,1505.3690,12.1212
2007-10-22 00:00:00,1367.4860,11.8182
2007-10-22 01:00:00,1348.3600,11.2626
2007-10-22 02:00:00,1315.6790,10.9091
2007-10-22 03:00:00,1331.0010,10.5051
2007-10-22 04:00:00,1398.3700,10.2020
2007-10-22 05:00:00,1526.3880,9.9495
2007-10-22 06:00:00,1887.9300,10.0505
2007-10-22 07:00:00,1978.7070,10.6566
2007-10-22 08:00:00,1912.8600,14.5960
2007-10-22 09:00:00,1922.6520,18.5859
2007-10-22 10:00:00,1904.2430,22.3737
2007-10-22 11:00:00,1920.2390,24.6465
2007-10-22 12:00:00,1867.8000,25.9091
2007-10-22 13:00:00,1872.8110,26.4646
2007-10-22 14:00:00,1916.9480,26.6162
2007-10-22 15:00:00,1906.9810,26.7172
2007-10-22 16:00:00,1970.2660,25.8586
2007-10-22 17:00:00,2079.4370,24.3434
2007-10-22 18:00:00,2118.1280,21.5657
2007-10-22 19:00:00,2258.0930,20.0000
2007-10-22 20:00:00,2157.3990,19.8990
2007-10-22 21:00:00,2050.0860,19.5960
2007-10-22 22:00:00,1840.3070,19.5960
2007-10-22 23:00:00,1626.7920,19.4949
2007-10-23 00:00:00,1502.4850,19.1414
2007-10-23 01:00:00,1437.7830,18.5354
2007-10-23 02:00:00,1400.7890,18.7879
2007-10-23 03:00:00,1385.6330,18.1818
2007-10-23 04:00:00,1429.6210,18.2323
2007-10-23 05:00:00,1577.3500,17.9293
2007-10-23 06:00:00,1895.7660,18.0808
2007-10-23 07:00:00,1993.4360,18.7879
2007-10-23 08:00:00,1897.7090,20.3030
2007-10-23 09:00:00,1904.0180,22.2222
2007-10-23 10:00:00,1894.5450,24.2424
2007-10-23 11:00:00,1884.8310,25.4545
2007-10-23 12:00:00,1883.9520,26.1111
2007-10-23 13:00:00,1924.9490,26.4141
2007-10-23 14:00:00,1906.2470,26.6667
2007-10-23 15:00:00,1943.3090,26.7172
2007-10-23 16:00:00,1990.4230,26.3636
2007-10-23 17:00:00,2109.5030,25.4040
2007-10-23 18:00:00,2216.0950,24.1919
2007-10-23 19:00:00,2314.7590,23.1313
2007-10-23 20:00:00,2260.3550,22.9293
2007-10-23 21:00:00,2159.4960,23.1313
2007-10-23 22:00:00,1924.0590,23.0808
2007-10-23 23:00:00,1744.9580,22.5758
2007-10-24 00:00:00,1582.3990,22.6263
2007-10-24 01:00:00,1510.4700,22.4747
2007-10-24 02:00:00,1482.6370,22.1212
2007-10-24 03:00:00,1438.2020,22.1212
2007-10-24 04:00:00,1473.5680,21.9697
2007-10-24 05:00:00,1599.4010,21.8182
2007-10-24 06:00:00,1926.7510,21.6162
2007-10-24 07:00:00,2055.5100,21.3131
2007-10-24 08:00:00,1960.0470,21.8687
2007-10-24 09:00:00,1926.0980,22.6263
2007-10-24 10:00:00,1939.0800,22.9293
2007-10-24 11:00:00,1906.6450,22.5253
2007-10-24 12:00:00,1894.0830,21.2121
2007-10-24 13:00:00,1876.0030,20.6061
2007-10-24 14:00:00,1893.2600,19.8990
2007-10-24 15:00:00,1909.6220,19.2929
2007-10-24 16:00:00,1920.0950,18.9394
2007-10-24 17:00:00,2084.0860,18.6869
2007-10-24 18:00:00,2165.9240,18.6364
2007-10-24 19:00:00,2154.2100,17.8788
2007-10-24 20:00:00,2092.2170,17.6263
2007-10-24 21:00:00,1991.2210,17.1212
2007-10-24 22:00:00,1786.9780,16.8687
2007-10-24 23:00:00,1584.0270,16.4646
2007-10-25 00:00:00,1478.4760,15.8081
2007-10-25 01:00:00,1430.6430,15.6566
2007-10-25 02:00:00,1409.6430,15.0505
2007-10-25 03:00:00,1403.2820,14.7980
2007-10-25 04:00:00,1443.8780,14.6465
2007-10-25 05:00:00,1573.3520,14.5455
2007-10-25 06:00:00,1882.9010,14.3939
2007-10-25 07:00:00,2030.8290,14.6970
2007-10-25 08:00:00,1959.5750,14.6465
2007-10-25 09:00:00,1959.8420,14.5960
2007-10-25 10:00:00,1965.4710,14.4949
2007-10-25 11:00:00,1955.8210,14.5960
2007-10-25 12:00:00,1920.5900,14.5455
2007-10-25 13:00:00,1922.5150,14.4949
2007-10-25 14:00:00,1937.8340,14.4949
2007-10-25 15:00:00,1931.2540,14.5960
2007-10-25 16:00:00,2025.7550,14.3434
2007-10-25 17:00:00,2127.5920,14.2424
2007-10-25 18:00:00,2250.6690,14.1414
2007-10-25 19:00:00,2244.9810,14.1919
2007-10-25 20:00:00,2166.1130,14.4949
2007-10-25 21:00:00,2070.9690,14.7980
2007-10-25 22:00:00,1900.0640,15.0505
2007-10-25 23:00:00,1681.6310,15.0505
2007-10-26 00:00:00,1556.8540,15.2525
2007-10-26 01:00:00,1500.2300,15.5556
2007-10-26 02:00:00,1458.5080,15.5051
2007-10-26 03:00:00,1456.1570,15.6566
2007-10-26 04:00:00,1494.0480,15.7071
2007-10-26 05:00:00,1630.6140,15.8586
2007-10-26 06:00:00,1912.0430,16.1616
2007-10-26 07:00:00,2032.8900,16.3131
2007-10-26 08:00:00,2011.1000,16.4141
2007-10-26 09:00:00,2012.2130,16.7677
2007-10-26 10:00:00,2034.8060,17.1212
2007-10-26 11:00:00,2022.4710,17.3737
2007-10-26 12:00:00,2004.3470,17.6263
2007-10-26 13:00:00,2020.4790,17.6768
2007-10-26 14:00:00,2008.5800,17.8283
2007-10-26 15:00:00,2010.5090,17.9293
2007-10-26 16:00:00,2061.5930,17.8788
2007-10-26 17:00:00,2110.6010,17.9293
2007-10-26 18:00:00,2118.1270,17.7273
2007-10-26 19:00:00,2151.2010,17.7778
2007-10-26 20:00:00,2162.6750,17.7778
2007-10-26 21:00:00,2044.1490,18.0303
2007-10-26 22:00:00,1888.6180,18.0303
2007-10-26 23:00:00,1682.9530,17.9798
2007-10-27 00:00:00,1559.0020,18.2828
2007-10-27 01:00:00,1477.4470,18.5859
2007-10-27 02:00:00,1418.7120,18.5859
2007-10-27 03:00:00,1418.2710,18.5859
2007-10-27 04:00:00,1424.5080,18.7374
2007-10-27 05:00:00,1475.9900,18.5354
2007-10-27 06:00:00,1566.0940,18.3333
2007-10-27 07:00:00,1728.9480,17.8788
2007-10-27 08:00:00,1877.8980,17.7778
2007-10-27 09:00:00,2016.7470,17.7778
2007-10-27 10:00:00,1954.8920,18.6869
2007-10-27 11:00:00,1906.9050,19.8485
2007-10-27 12:00:00,1902.6660,20.4545
2007-10-27 13:00:00,1853.7680,20.8081
2007-10-27 14:00:00,1818.5170,21.2626
2007-10-27 15:00:00,1801.6970,21.0606
2007-10-27 16:00:00,1816.0240,20.5556
2007-10-27 17:00:00,1891.0120,19.0909
2007-10-27 18:00:00,1970.5930,16.3636
2007-10-27 19:00:00,2069.6890,15.7576
2007-10-27 20:00:00,1974.4020,14.7475
2007-10-27 21:00:00,1870.9220,14.1414
2007-10-27 22:00:00,1707.9370,13.4848
2007-10-27 23:00:00,1557.1880,12.6263
2007-10-28 00:00:00,1426.2670,11.5657
2007-10-28 01:00:00,1340.6560,10.9091
2007-10-28 02:00:00,1292.7180,10.6566
2007-10-28 03:00:00,1310.0070,10.1010
2007-10-28 04:00:00,1353.4710,9.8485
2007-10-28 05:00:00,1410.0730,9.6970
2007-10-28 06:00:00,1502.3620,9.4444
2007-10-28 07:00:00,1711.4810,10.2525
2007-10-28 08:00:00,1948.9160,12.6768
2007-10-28 09:00:00,2041.6730,13.5354
2007-10-28 10:00:00,1956.1200,14.1414
2007-10-28 11:00:00,1908.1980,14.6465
2007-10-28 12:00:00,1909.0710,14.6970
2007-10-28 13:00:00,1889.3550,15.0505
2007-10-28 14:00:00,1817.9620,15.5051
2007-10-28 15:00:00,1808.7890,15.4545
2007-10-28 16:00:00,1797.2080,14.6970
2007-10-28 17:00:00,1885.4130,13.2828
2007-10-28 18:00:00,2055.9850,10.8081
2007-10-28 19:00:00,2228.8900,9.6465
2007-10-28 20:00:00,2169.6340,8.4343
2007-10-28 21:00:00,2084.3210,7.4747
2007-10-28 22:00:00,1925.5420,6.6162
2007-10-28 23:00:00,1746.0070,5.8081
2007-10-29 00:00:00,1675.1730,5.1010
2007-10-29 01:00:00,1626.4980,4.4949
2007-10-29 02:00:00,1661.1300,4.0909
2007-10-29 03:00:00,1707.2050,3.4848
2007-10-29 04:00:00,1811.7920,3.1313
2007-10-29 05:00:00,2011.5470,2.4747
2007-10-29 06:00:00,2388.6430,2.5253
2007-10-29 07:00:00,2449.4020,2.9293
2007-10-29 08:00:00,2467.0250,5.9596
2007-10-29 09:00:00,2328.7860,8.7374
2007-10-29 10:00:00,2172.7690,10.8586
2007-10-29 11:00:00,2055.8240,11.7677
2007-10-29 12:00:00,1986.9300,12.6263
2007-10-29 13:00:00,1915.5650,13.3333
2007-10-29 14:00:00,1847.4220,13.9394
2007-10-29 15:00:00,1832.5060,13.9899
2007-10-29 16:00:00,1882.3920,13.6869
2007-10-29 17:00:00,2020.7230,11.7172
2007-10-29 18:00:00,2291.1520,7.6263
2007-10-29 19:00:00,2369.7510,5.7071
2007-10-29 20:00:00,2341.7430,4.7980
2007-10-29 21:00:00,2297.9910,3.7879
2007-10-29 22:00:00,2108.8620,3.0808
2007-10-29 23:00:00,1980.2680,2.4747
2007-10-30 00:00:00,1877.3860,2.0707
2007-10-30 01:00:00,1880.4780,1.6667
2007-10-30 02:00:00,1877.5090,1.3131
2007-10-30 03:00:00,1934.5170,1.1616
2007-10-30 04:00:00,2010.8760,0.7071
2007-10-30 05:00:00,2184.3600,0.6061
2007-10-30 06:00:00,2440.9930,0.4040
2007-10-30 07:00:00,2492.1120,0.5556
2007-10-30 08:00:00,2435.9790,4.6970
2007-10-30 09:00:00,2248.8050,9.1919
2007-10-30 10:00:00,2117.0840,12.4242
2007-10-30 11:00:00,2049.3240,14.6465
2007-10-30 12:00:00,1944.7560,16.2121
2007-10-30 13:00:00,1894.3710,17.1717
2007-10-30 14:00:00,1829.9130,17.8788
2007-10-30 15:00:00,1808.5360,17.8788
2007-10-30 16:00:00,1859.4840,17.5758
2007-10-30 17:00:00,1989.4860,14.8485
2007-10-30 18:00:00,2160.6040,10.5556
2007-10-30 19:00:00,2274.2400,8.0808
2007-10-30 20:00:00,2292.8070,7.0707
2007-10-30 21:00:00,2178.6920,6.2626
2007-10-30 22:00:00,2014.2570,5.3535
2007-10-30 23:00:00,1828.6200,4.8485
2007-10-31 00:00:00,1734.7070,4.1919
2007-10-31 01:00:00,1731.8660,3.6364
2007-10-31 02:00:00,1738.3400,3.4848
2007-10-31 03:00:00,1791.9520,3.2323
2007-10-31 04:00:00,1877.3890,2.8788
2007-10-31 05:00:00,2073.2040,2.5253
2007-10-31 06:00:00,2432.2230,2.1717
2007-10-31 07:00:00,2435.7970,2.1717
2007-10-31 08:00:00,2385.4860,6.3131
2007-10-31 09:00:00,2263.8610,11.4646
2007-10-31 10:00:00,2101.2820,15.0505
2007-10-31 11:00:00,1993.9400,17.4242
2007-10-31 12:00:00,1918.4200,19.0909
2007-10-31 13:00:00,1845.3290,20.5051
2007-10-31 14:00:00,1801.7970,21.0101
2007-10-31 15:00:00,1773.8680,21.0101
2007-10-31 16:00:00,1828.7240,20.4040
2007-10-31 17:00:00,1871.4560,17.9293
2007-10-31 18:00:00,1977.7510,13.7374
2007-10-31 19:00:00,1953.3140,12.6263
2007-10-31 20:00:00,2028.3380,11.3636
2007-10-31 21:00:00,2040.3260,10.8586
2007-10-31 22:00:00,1874.8320,10.5051
2007-10-31 23:00:00,1729.2080,10.6566
2007-11-01 00:00:00,1613.8040,10.3535
2007-11-01 01:00:00,1557.3980,9.8990
2007-11-01 02:00:00,1551.0820,9.6465
2007-11-01 03:00:00,1562.1720,9.5960
2007-11-01 04:00:00,1620.3650,9.9495
2007-11-01 05:00:00,1780.7760,10.3535
2007-11-01 06:00:00,2079.4320,10.3535
2007-11-01 07:00:00,2077.1550,11.0101
2007-11-01 08:00:00,2047.6440,13.6869
2007-11-01 09:00:00,1951.5030,16.1616
2007-11-01 10:00:00,1900.4230,18.5859
2007-11-01 11:00:00,1839.9790,20.2020
2007-11-01 12:00:00,1802.9630,21.3636
2007-11-01 13:00:00,1785.5750,21.7677
2007-11-01 14:00:00,1756.9870,21.9192
2007-11-01 15:00:00,1766.5330,21.8687
2007-11-01 16:00:00,1822.5380,21.0101
2007-11-01 17:00:00,1926.5590,18.4848
2007-11-01 18:00:00,2123.7750,15.3535
2007-11-01 19:00:00,2191.8490,14.4444
2007-11-01 20:00:00,2209.0280,14.0909
2007-11-01 21:00:00,2091.3150,13.1313
2007-11-01 22:00:00,1902.6310,12.0707
2007-11-01 23:00:00,1748.4750,11.1616
2007-11-02 00:00:00,1644.2520,10.1515
2007-11-02 01:00:00,1619.1360,9.8485
2007-11-02 02:00:00,1625.0490,9.3434
2007-11-02 03:00:00,1666.1110,8.9394
2007-11-02 04:00:00,1762.5450,8.3838
2007-11-02 05:00:00,1946.4030,7.9798
2007-11-02 06:00:00,2290.6010,7.3232
2007-11-02 07:00:00,2351.7200,7.0707
2007-11-02 08:00:00,2315.8890,8.5354
2007-11-02 09:00:00,2225.6860,10.4040
2007-11-02 10:00:00,2125.1380,12.0202
2007-11-02 11:00:00,2042.3840,13.0808
2007-11-02 12:00:00,1972.3750,13.8889
2007-11-02 13:00:00,1925.2730,14.5455
2007-11-02 14:00:00,1860.8430,14.7980
2007-11-02 15:00:00,1868.4400,14.4444
2007-11-02 16:00:00,1932.1880,13.8384
2007-11-02 17:00:00,2049.9420,12.6768
2007-11-02 18:00:00,2206.2750,11.1616
2007-11-02 19:00:00,2235.4230,10.5051
2007-11-02 20:00:00,2289.6490,9.8485
2007-11-02 21:00:00,2236.7840,9.4949
2007-11-02 22:00:00,2117.5910,9.1414
2007-11-02 23:00:00,1972.1850,8.9899
2007-11-03 00:00:00,1848.9680,8.7879
2007-11-03 01:00:00,1807.5270,8.7374
2007-11-03 02:00:00,1782.0950,8.3838
2007-11-03 03:00:00,1775.7630,8.2828
2007-11-03 04:00:00,1828.0340,7.7778
2007-11-03 05:00:00,1912.6510,7.4242
2007-11-03 06:00:00,2058.6600,7.3737
2007-11-03 07:00:00,2259.0360,7.1212
2007-11-03 08:00:00,2421.3100,7.6768
2007-11-03 09:00:00,2402.4850,8.8889
2007-11-03 10:00:00,2314.1470,10.6566
2007-11-03 11:00:00,2173.6660,12.3737
2007-11-03 12:00:00,2043.6930,14.1414
2007-11-03 13:00:00,1982.4000,15.2020
2007-11-03 14:00:00,1893.5650,16.0101
2007-11-03 15:00:00,1862.4090,16.3636
2007-11-03 16:00:00,1866.6510,16.4646
2007-11-03 17:00:00,1983.4970,13.8889
2007-11-03 18:00:00,2109.4290,9.7475
2007-11-03 19:00:00,2194.3570,8.5859
2007-11-03 20:00:00,2139.6880,7.4242
2007-11-03 21:00:00,2090.1890,6.3636
2007-11-03 22:00:00,1969.7040,6.2626
2007-11-03 23:00:00,1858.1710,6.0101
2007-11-04 00:00:00,1744.2530,6.1616
2007-11-04 01:00:00,1698.2970,5.5556
2007-11-04 02:00:00,1697.3240,5.1010
2007-11-04 03:00:00,1710.6490,4.4444
2007-11-04 04:00:00,1802.7780,3.4343
2007-11-04 05:00:00,1886.4460,3.0303
2007-11-04 06:00:00,2051.3960,2.5253
2007-11-04 07:00:00,2289.1100,3.4848
2007-11-04 08:00:00,2404.1250,6.1111
2007-11-04 09:00:00,2329.5070,9.8990
2007-11-04 10:00:00,2187.6200,12.5758
2007-11-04 11:00:00,2052.3320,14.0909
2007-11-04 12:00:00,1940.2090,15.1010
2007-11-04 13:00:00,1967.9490,15.2525
2007-11-04 14:00:00,1946.9330,15.5556
2007-11-04 15:00:00,1927.3800,15.6061
2007-11-04 16:00:00,1950.9200,15.0000
2007-11-04 17:00:00,2181.7340,12.8283
2007-11-04 18:00:00,2307.3060,8.9394
2007-11-04 19:00:00,2282.1750,6.7172
2007-11-04 20:00:00,2264.1720,5.8081
2007-11-04 21:00:00,2116.1160,4.8485
2007-11-04 22:00:00,1974.9890,4.4949
2007-11-04 23:00:00,1842.9260,4.0404
2007-11-05 00:00:00,1798.0540,4.0909
2007-11-05 01:00:00,1775.1500,4.3434
2007-11-05 02:00:00,1792.7570,3.7879
2007-11-05 03:00:00,1854.7080,2.9798
2007-11-05 04:00:00,1971.6350,2.5758
2007-11-05 05:00:00,2167.8650,1.8687
2007-11-05 06:00:00,2457.1390,1.6162
2007-11-05 07:00:00,2467.2920,1.4141
2007-11-05 08:00:00,2386.6850,4.6465
2007-11-05 09:00:00,2215.5910,9.3434
2007-11-05 10:00:00,2088.6740,13.0808
2007-11-05 11:00:00,2008.5340,14.9495
2007-11-05 12:00:00,1952.0440,15.9596
2007-11-05 13:00:00,1902.2790,16.6667
2007-11-05 14:00:00,1838.4900,17.1212
2007-11-05 15:00:00,1865.9930,17.1717
2007-11-05 16:00:00,1967.3410,16.6667
2007-11-05 17:00:00,2270.9860,14.4444
2007-11-05 18:00:00,2415.5820,11.7172
2007-11-05 19:00:00,2284.8150,11.2121
2007-11-05 20:00:00,2251.2720,11.0101
2007-11-05 21:00:00,2099.2020,11.2121
2007-11-05 22:00:00,1899.3400,11.2626
2007-11-05 23:00:00,1733.4990,11.4646
2007-11-06 00:00:00,1641.2650,11.4646
2007-11-06 01:00:00,1588.8250,11.9192
2007-11-06 02:00:00,1568.5500,12.4747
2007-11-06 03:00:00,1572.1850,12.7778
2007-11-06 04:00:00,1669.7800,12.7778
2007-11-06 05:00:00,1865.6570,12.6263
2007-11-06 06:00:00,2143.9350,11.9697
2007-11-06 07:00:00,2159.6960,11.1111
2007-11-06 08:00:00,2176.3780,10.6566
2007-11-06 09:00:00,2111.9410,10.5556
2007-11-06 10:00:00,2064.6110,10.3535
2007-11-06 11:00:00,2043.5630,10.4545
2007-11-06 12:00:00,2007.5660,11.3636
2007-11-06 13:00:00,1957.6940,12.1212
2007-11-06 14:00:00,1939.8920,12.2727
2007-11-06 15:00:00,1997.7920,12.3737
2007-11-06 16:00:00,2124.6040,11.6667
2007-11-06 17:00:00,2367.3620,9.9495
2007-11-06 18:00:00,2464.0290,8.1313
2007-11-06 19:00:00,2582.3870,7.2727
2007-11-06 20:00:00,2523.9320,6.1111
2007-11-06 21:00:00,2409.4550,5.0505
2007-11-06 22:00:00,2218.2670,4.3434
2007-11-06 23:00:00,2074.2260,4.0909
2007-11-07 00:00:00,1989.6230,3.7374
2007-11-07 01:00:00,1945.6230,3.3333
2007-11-07 02:00:00,1943.5540,3.1818
2007-11-07 03:00:00,1996.2220,2.6768
2007-11-07 04:00:00,2072.5250,2.1717
2007-11-07 05:00:00,2245.5260,1.7677
2007-11-07 06:00:00,2541.7860,1.8182
2007-11-07 07:00:00,2541.3900,1.4646
2007-11-07 08:00:00,2395.2390,4.1919
2007-11-07 09:00:00,2292.3480,7.0707
2007-11-07 10:00:00,2219.5160,9.1414
2007-11-07 11:00:00,2114.7320,10.2020
2007-11-07 12:00:00,2066.4360,10.6566
2007-11-07 13:00:00,2014.0600,11.0606
2007-11-07 14:00:00,1987.9440,11.1616
2007-11-07 15:00:00,2012.2730,10.7576
2007-11-07 16:00:00,2161.2100,9.9495
2007-11-07 17:00:00,2400.8260,8.6364
2007-11-07 18:00:00,2547.4410,6.2626
2007-11-07 19:00:00,2577.6790,4.8485
2007-11-07 20:00:00,2612.4660,3.8889
2007-11-07 21:00:00,2501.5610,2.7778
2007-11-07 22:00:00,2345.1560,1.8687
2007-11-07 23:00:00,2253.3760,0.8586
2007-11-08 00:00:00,2180.8390,0.2525
2007-11-08 01:00:00,2198.8580,-0.2020
2007-11-08 02:00:00,2250.8990,-0.9091
2007-11-08 03:00:00,2296.3410,-1.0101
2007-11-08 04:00:00,2410.0860,-1.4141
2007-11-08 05:00:00,2586.6260,-1.4141
2007-11-08 06:00:00,2867.5940,-1.5152
2007-11-08 07:00:00,2873.3080,-1.3131
2007-11-08 08:00:00,2760.1150,0.8586
2007-11-08 09:00:00,2581.8310,3.2323
2007-11-08 10:00:00,2464.8120,5.3030
2007-11-08 11:00:00,2344.4610,6.8687
2007-11-08 12:00:00,2244.3570,7.9798
2007-11-08 13:00:00,2165.1550,8.5354
2007-11-08 14:00:00,2114.8020,8.9899
2007-11-08 15:00:00,2157.2340,8.9394
2007-11-08 16:00:00,2279.7640,8.6364
2007-11-08 17:00:00,2560.1740,6.9192
2007-11-08 18:00:00,2677.6550,4.7475
2007-11-08 19:00:00,2705.3570,3.3838
2007-11-08 20:00:00,2742.3270,2.7778
2007-11-08 21:00:00,2598.6340,2.1212
2007-11-08 22:00:00,2434.0170,1.5657
2007-11-08 23:00:00,2271.1110,1.2626
2007-11-09 00:00:00,2125.9030,1.5657
2007-11-09 01:00:00,2077.7470,1.8687
2007-11-09 02:00:00,2071.2780,2.1212
2007-11-09 03:00:00,2064.7130,2.3232
2007-11-09 04:00:00,2111.0560,2.3737
2007-11-09 05:00:00,2280.9800,2.7273
2007-11-09 06:00:00,2486.9830,2.9293
2007-11-09 07:00:00,2535.3750,3.2828
2007-11-09 08:00:00,2471.8030,4.2929
2007-11-09 09:00:00,2409.8650,5.8586
2007-11-09 10:00:00,2382.2000,7.3232
2007-11-09 11:00:00,2324.5470,8.4343
2007-11-09 12:00:00,2262.7880,9.5455
2007-11-09 13:00:00,2222.2360,10.3535
2007-11-09 14:00:00,2231.9560,10.5556
2007-11-09 15:00:00,2321.9890,10.5051
2007-11-09 16:00:00,2450.3880,10.0000
2007-11-09 17:00:00,2664.5470,8.8889
2007-11-09 18:00:00,2742.8690,8.0808
2007-11-09 19:00:00,2671.9310,7.3737
2007-11-09 20:00:00,2643.9000,7.0202
2007-11-09 21:00:00,2505.8090,6.7677
2007-11-09 22:00:00,2359.2880,6.7677
2007-11-09 23:00:00,2205.5550,6.7172
2007-11-10 00:00:00,2066.4930,6.3636
2007-11-10 01:00:00,2014.9970,6.0606
2007-11-10 02:00:00,1974.7140,5.9596
2007-11-10 03:00:00,1974.7530,5.8586
2007-11-10 04:00:00,2048.1320,5.9091
2007-11-10 05:00:00,2145.7260,5.7071
2007-11-10 06:00:00,2244.1550,5.5556
2007-11-10 07:00:00,2429.0030,5.5051
2007-11-10 08:00:00,2540.4580,5.7071
2007-11-10 09:00:00,2593.8970,6.4141
2007-11-10 10:00:00,2513.8120,7.3737
2007-11-10 11:00:00,2462.8160,8.0808
2007-11-10 12:00:00,2433.4910,8.5354
2007-11-10 13:00:00,2308.9850,8.7374
2007-11-10 14:00:00,2245.9890,8.6364
2007-11-10 15:00:00,2292.1990,8.8384
2007-11-10 16:00:00,2419.5430,8.7879
2007-11-10 17:00:00,2600.1200,7.6768
2007-11-10 18:00:00,2658.3710,6.3636
2007-11-10 19:00:00,2609.3150,5.7071
2007-11-10 20:00:00,2538.4130,5.1010
2007-11-10 21:00:00,2429.0090,4.6970
2007-11-10 22:00:00,2318.6950,3.2828
2007-11-10 23:00:00,2157.8980,3.1818
2007-11-11 00:00:00,2068.0210,2.3737
2007-11-11 01:00:00,2056.2790,1.9192
2007-11-11 02:00:00,2054.7840,1.7172
2007-11-11 03:00:00,2089.4760,1.1111
2007-11-11 04:00:00,2122.8860,1.0101
2007-11-11 05:00:00,2238.3140,0.4545
2007-11-11 06:00:00,2411.2120,0.3030
2007-11-11 07:00:00,2651.9830,0.0000
2007-11-11 08:00:00,2768.8480,1.9192
2007-11-11 09:00:00,2637.8360,5.0000
2007-11-11 10:00:00,2421.7430,6.9697
2007-11-11 11:00:00,2224.8890,8.7879
2007-11-11 12:00:00,2106.6690,10.0505
2007-11-11 13:00:00,2067.0560,10.7576
2007-11-11 14:00:00,2002.5500,11.3636
2007-11-11 15:00:00,2029.0060,11.5657
2007-11-11 16:00:00,2185.0690,11.0101
2007-11-11 17:00:00,2443.8920,8.4343
2007-11-11 18:00:00,2525.0470,6.5657
2007-11-11 19:00:00,2545.0020,6.1111
2007-11-11 20:00:00,2460.4790,5.6061
2007-11-11 21:00:00,2301.9200,5.6061
2007-11-11 22:00:00,2102.2280,5.9091
2007-11-11 23:00:00,1941.9050,6.4646
2007-11-12 00:00:00,1816.7330,6.7677
2007-11-12 01:00:00,1788.2300,6.7172
2007-11-12 02:00:00,1789.4340,6.6667
2007-11-12 03:00:00,1797.2640,6.4646
2007-11-12 04:00:00,1919.3670,6.9192
2007-11-12 05:00:00,2092.9950,6.8687
2007-11-12 06:00:00,2374.5790,6.8182
2007-11-12 07:00:00,2338.2380,6.8182
2007-11-12 08:00:00,2408.2430,7.4242
2007-11-12 09:00:00,2355.4930,9.0909
2007-11-12 10:00:00,2267.1840,10.8081
2007-11-12 11:00:00,2151.5910,12.8788
2007-11-12 12:00:00,2045.6600,14.5960
2007-11-12 13:00:00,2012.8410,16.3131
2007-11-12 14:00:00,2003.5980,16.6667
2007-11-12 15:00:00,1990.7420,17.3232
2007-11-12 16:00:00,2082.8980,17.0202
2007-11-12 17:00:00,2367.5370,15.4545
2007-11-12 18:00:00,2431.0010,13.4343
2007-11-12 19:00:00,2453.6850,12.7273
2007-11-12 20:00:00,2320.9660,12.3737
2007-11-12 21:00:00,2179.3110,12.1717
2007-11-12 22:00:00,1974.1950,12.6768
2007-11-12 23:00:00,1753.9670,12.7273
2007-11-13 00:00:00,1639.8810,12.9798
2007-11-13 01:00:00,1591.4770,13.1818
2007-11-13 02:00:00,1566.4970,13.4848
2007-11-13 03:00:00,1551.9530,13.4343
2007-11-13 04:00:00,1642.1420,13.1818
2007-11-13 05:00:00,1829.7780,13.2323
2007-11-13 06:00:00,2130.1110,13.4848
2007-11-13 07:00:00,2092.7040,13.4848
2007-11-13 08:00:00,2107.9220,14.1919
2007-11-13 09:00:00,2009.6070,15.0505
2007-11-13 10:00:00,2009.4810,15.8081
2007-11-13 11:00:00,1944.6410,16.3131
2007-11-13 12:00:00,1907.0970,17.1212
2007-11-13 13:00:00,1859.3710,17.5758
2007-11-13 14:00:00,1847.7350,18.0808
2007-11-13 15:00:00,1869.0930,18.2323
2007-11-13 16:00:00,1943.0920,17.7778
2007-11-13 17:00:00,2232.2860,15.9091
2007-11-13 18:00:00,2302.1290,13.9899
2007-11-13 19:00:00,2347.6100,13.1313
2007-11-13 20:00:00,2282.7460,12.6263
2007-11-13 21:00:00,2119.4980,12.0707
2007-11-13 22:00:00,1886.1110,11.7172
2007-11-13 23:00:00,1685.5800,11.5152
2007-11-14 00:00:00,1587.2680,11.3131
2007-11-14 01:00:00,1561.3840,11.1616
2007-11-14 02:00:00,1533.7830,10.6566
2007-11-14 03:00:00,1564.8880,10.4545
2007-11-14 04:00:00,1640.9320,10.4040
2007-11-14 05:00:00,1852.7870,10.1515
2007-11-14 06:00:00,2153.8380,10.0505
2007-11-14 07:00:00,2189.3060,10.3030
2007-11-14 08:00:00,2096.3870,11.5657
2007-11-14 09:00:00,2018.0640,14.0404
2007-11-14 10:00:00,2005.2200,16.2121
2007-11-14 11:00:00,1914.2390,18.6364
2007-11-14 12:00:00,1857.4800,19.8485
2007-11-14 13:00:00,1834.9820,21.3636
2007-11-14 14:00:00,1815.8950,22.0707
2007-11-14 15:00:00,1823.4150,21.8182
2007-11-14 16:00:00,1933.8610,21.4141
2007-11-14 17:00:00,2171.1390,19.5960
2007-11-14 18:00:00,2247.1380,17.7273
2007-11-14 19:00:00,2307.5170,17.3737
2007-11-14 20:00:00,2229.3900,17.0202
2007-11-14 21:00:00,2035.7130,16.8182
2007-11-14 22:00:00,1843.8290,16.8182
2007-11-14 23:00:00,1630.9130,16.7172
2007-11-15 00:00:00,1529.1100,16.9697
2007-11-15 01:00:00,1457.7380,16.8687
2007-11-15 02:00:00,1444.9850,16.8687
2007-11-15 03:00:00,1445.2680,16.7677
2007-11-15 04:00:00,1522.6640,16.6162
2007-11-15 05:00:00,1691.3630,16.5152
2007-11-15 06:00:00,2028.7080,15.7576
2007-11-15 07:00:00,2088.6370,14.8990
2007-11-15 08:00:00,2090.7580,14.1919
2007-11-15 09:00:00,2103.8230,13.0303
2007-11-15 10:00:00,2106.3480,11.0606
2007-11-15 11:00:00,2097.8690,10.1010
2007-11-15 12:00:00,2103.9700,8.8889
2007-11-15 13:00:00,2099.9760,8.2828
2007-11-15 14:00:00,2112.9840,8.0303
2007-11-15 15:00:00,2110.2510,8.3838
2007-11-15 16:00:00,2326.1620,7.9798
2007-11-15 17:00:00,2530.2010,7.4747
2007-11-15 18:00:00,2677.5810,7.0202
2007-11-15 19:00:00,2699.9410,6.7677
2007-11-15 20:00:00,2717.5820,6.4141
2007-11-15 21:00:00,2564.3050,6.3131
2007-11-15 22:00:00,2351.1170,5.8081
2007-11-15 23:00:00,2152.7920,5.3535
2007-11-16 00:00:00,2062.8620,5.2525
2007-11-16 01:00:00,2004.0560,4.8990
2007-11-16 02:00:00,2000.3030,4.7980
2007-11-16 03:00:00,2062.4690,4.5455
2007-11-16 04:00:00,2156.8010,4.1919
2007-11-16 05:00:00,2332.9770,4.1919
2007-11-16 06:00:00,2634.6110,4.0909
2007-11-16 07:00:00,2583.0220,3.8889
2007-11-16 08:00:00,2586.2440,4.8990
2007-11-16 09:00:00,2509.8060,5.9596
2007-11-16 10:00:00,2467.5250,6.8182
2007-11-16 11:00:00,2414.4140,7.2727
2007-11-16 12:00:00,2339.8290,7.7273
2007-11-16 13:00:00,2259.6400,7.7778
2007-11-16 14:00:00,2224.7870,7.8788
2007-11-16 15:00:00,2280.8000,7.6768
2007-11-16 16:00:00,2473.2960,7.3232
2007-11-16 17:00:00,2689.5430,6.0101
2007-11-16 18:00:00,2783.4490,4.1414
2007-11-16 19:00:00,2858.6720,2.8788
2007-11-16 20:00:00,2836.8960,2.3232
2007-11-16 21:00:00,2738.8860,1.6162
2007-11-16 22:00:00,2592.4810,1.5152
2007-11-16 23:00:00,2474.3790,0.9596
2007-11-17 00:00:00,2346.3150,0.6061
2007-11-17 01:00:00,2302.0750,0.3030
2007-11-17 02:00:00,2274.2170,0.0000
2007-11-17 03:00:00,2280.1140,0.1515
2007-11-17 04:00:00,2360.9680,0.2020
2007-11-17 05:00:00,2480.1500,0.5051
2007-11-17 06:00:00,2585.6750,0.2525
2007-11-17 07:00:00,2677.1730,0.0000
2007-11-17 08:00:00,2782.2550,1.6667
2007-11-17 09:00:00,2724.0700,4.4444
2007-11-17 10:00:00,2559.0220,7.0707
2007-11-17 11:00:00,2428.0410,8.8889
2007-11-17 12:00:00,2270.7750,10.2525
2007-11-17 13:00:00,2206.8270,11.3131
2007-11-17 14:00:00,2172.4790,11.5152
2007-11-17 15:00:00,2179.5540,11.5657
2007-11-17 16:00:00,2278.6010,11.1111
2007-11-17 17:00:00,2516.8200,9.1414
2007-11-17 18:00:00,2559.8220,6.8182
2007-11-17 19:00:00,2644.5790,6.2121
2007-11-17 20:00:00,2559.7820,5.7576
2007-11-17 21:00:00,2433.9190,5.1010
2007-11-17 22:00:00,2335.3630,4.4949
2007-11-17 23:00:00,2152.7550,3.8384
2007-11-18 00:00:00,2078.7760,3.1313
2007-11-18 01:00:00,2037.2740,3.0303
2007-11-18 02:00:00,2017.5200,2.4747
2007-11-18 03:00:00,2062.0890,2.3232
2007-11-18 04:00:00,2091.5730,2.2222
2007-11-18 05:00:00,2171.1230,2.0707
2007-11-18 06:00:00,2304.8930,2.0202
2007-11-18 07:00:00,2515.4500,2.0707
2007-11-18 08:00:00,2666.1420,4.5455
2007-11-18 09:00:00,2597.5490,8.0808
2007-11-18 10:00:00,2355.4240,11.2121
2007-11-18 11:00:00,2241.6140,12.7778
2007-11-18 12:00:00,2143.7100,14.1414
2007-11-18 13:00:00,2068.4990,15.1010
2007-11-18 14:00:00,2032.3350,15.5051
2007-11-18 15:00:00,2047.4970,15.4545
2007-11-18 16:00:00,2192.8600,14.8485
2007-11-18 17:00:00,2462.4000,12.0202
2007-11-18 18:00:00,2434.9620,9.7980
2007-11-18 19:00:00,2487.9050,8.9394
2007-11-18 20:00:00,2452.7350,8.5354
2007-11-18 21:00:00,2318.6160,8.2323
2007-11-18 22:00:00,2142.1900,7.9293
2007-11-18 23:00:00,1966.1570,7.7273
2007-11-19 00:00:00,1883.7900,7.3232
2007-11-19 01:00:00,1868.7460,6.9697
2007-11-19 02:00:00,1845.9190,6.6162
2007-11-19 03:00:00,1884.3330,6.4646
2007-11-19 04:00:00,1993.6130,6.5152
2007-11-19 05:00:00,2199.7870,6.6667
2007-11-19 06:00:00,2469.2690,6.9192
2007-11-19 07:00:00,2457.8430,6.7677
2007-11-19 08:00:00,2482.0720,7.2727
2007-11-19 09:00:00,2441.5600,8.0303
2007-11-19 10:00:00,2342.9370,8.7374
2007-11-19 11:00:00,2282.5020,9.4444
2007-11-19 12:00:00,2259.3190,10.1010
2007-11-19 13:00:00,2164.0620,10.8586
2007-11-19 14:00:00,2127.8700,11.1616
2007-11-19 15:00:00,2173.8250,11.0606
2007-11-19 16:00:00,2319.6020,10.5051
2007-11-19 17:00:00,2509.4590,9.5960
2007-11-19 18:00:00,2605.2220,9.0404
2007-11-19 19:00:00,2624.6190,8.5354
2007-11-19 20:00:00,2605.6750,7.9798
2007-11-19 21:00:00,2486.2600,7.6263
2007-11-19 22:00:00,2263.7030,7.4242
2007-11-19 23:00:00,2064.2380,7.3232
2007-11-20 00:00:00,1956.3100,6.8687
2007-11-20 01:00:00,1875.7070,6.8687
2007-11-20 02:00:00,1861.4780,7.1212
2007-11-20 03:00:00,1866.9450,7.0707
2007-11-20 04:00:00,1951.3330,7.3232
2007-11-20 05:00:00,2143.6480,7.7273
2007-11-20 06:00:00,2379.6190,7.8788
2007-11-20 07:00:00,2447.2380,8.1313
2007-11-20 08:00:00,2399.4000,8.6364
2007-11-20 09:00:00,2371.0660,9.5455
2007-11-20 10:00:00,2288.2380,11.2121
2007-11-20 11:00:00,2196.6840,13.5354
2007-11-20 12:00:00,2127.2540,15.3030
2007-11-20 13:00:00,2046.9860,17.1717
2007-11-20 14:00:00,1996.9190,18.6364
2007-11-20 15:00:00,1980.9840,19.0404
2007-11-20 16:00:00,2064.0570,18.8384
2007-11-20 17:00:00,2277.2620,16.3131
2007-11-20 18:00:00,2424.0760,13.5859
2007-11-20 19:00:00,2489.5950,12.2727
2007-11-20 20:00:00,2386.2360,11.6667
2007-11-20 21:00:00,2244.2060,11.1111
2007-11-20 22:00:00,2021.5830,10.4040
2007-11-20 23:00:00,1831.4540,9.3939
2007-11-21 00:00:00,1706.8950,9.1919
2007-11-21 01:00:00,1659.5540,8.9899
2007-11-21 02:00:00,1644.7720,8.6869
2007-11-21 03:00:00,1657.3240,8.3333
2007-11-21 04:00:00,1756.4270,8.1818
2007-11-21 05:00:00,1935.1500,8.0808
2007-11-21 06:00:00,2193.6990,8.2323
2007-11-21 07:00:00,2248.1420,8.4848
2007-11-21 08:00:00,2261.3600,10.3535
2007-11-21 09:00:00,2177.3090,13.3838
2007-11-21 10:00:00,2090.6290,16.9697
2007-11-21 11:00:00,2014.7110,20.0505
2007-11-21 12:00:00,1974.9460,21.7172
2007-11-21 13:00:00,1945.0210,22.6263
2007-11-21 14:00:00,1917.4670,23.0808
2007-11-21 15:00:00,1915.0310,22.7273
2007-11-21 16:00:00,1998.8970,21.7677
2007-11-21 17:00:00,2190.0280,19.7475
2007-11-21 18:00:00,2304.6740,17.5758
2007-11-21 19:00:00,2355.2950,16.5657
2007-11-21 20:00:00,2297.5540,16.1111
2007-11-21 21:00:00,2149.2390,15.6061
2007-11-21 22:00:00,1955.5420,15.1515
2007-11-21 23:00:00,1750.2530,15.8586
2007-11-22 00:00:00,1575.5390,15.8586
2007-11-22 01:00:00,1498.6500,16.1111
2007-11-22 02:00:00,1448.3040,16.2121
2007-11-22 03:00:00,1416.7570,15.9596
2007-11-22 04:00:00,1440.7170,16.3131
2007-11-22 05:00:00,1523.6780,16.2626
2007-11-22 06:00:00,1657.4660,16.6162
2007-11-22 07:00:00,1828.7470,16.6162
2007-11-22 08:00:00,2053.3720,17.1717
2007-11-22 09:00:00,2279.8260,18.6869
2007-11-22 10:00:00,2282.5140,19.8990
2007-11-22 11:00:00,2271.0860,20.9091
2007-11-22 12:00:00,2173.5830,21.8687
2007-11-22 13:00:00,2054.8200,22.1717
2007-11-22 14:00:00,1956.4230,21.9697
2007-11-22 15:00:00,1862.5540,21.2121
2007-11-22 16:00:00,1933.9430,20.1515
2007-11-22 17:00:00,2049.3000,18.3333
2007-11-22 18:00:00,2104.9680,16.5152
2007-11-22 19:00:00,2087.1680,14.3939
2007-11-22 20:00:00,2078.8230,12.9293
2007-11-22 21:00:00,2013.7930,11.5152
2007-11-22 22:00:00,1932.7250,10.3535
2007-11-22 23:00:00,1770.8850,9.2424
2007-11-23 00:00:00,1669.9620,8.0303
2007-11-23 01:00:00,1673.3620,7.1717
2007-11-23 02:00:00,1694.4420,6.2121
2007-11-23 03:00:00,1750.1620,5.4545
2007-11-23 04:00:00,1869.2130,4.3939
2007-11-23 05:00:00,2023.8180,4.3434
2007-11-23 06:00:00,2186.0320,3.7879
2007-11-23 07:00:00,2349.1410,3.5859
2007-11-23 08:00:00,2489.8160,4.1919
2007-11-23 09:00:00,2492.5230,5.4040
2007-11-23 10:00:00,2478.0320,6.0606
2007-11-23 11:00:00,2377.7870,6.5657
2007-11-23 12:00:00,2240.3260,7.3232
2007-11-23 13:00:00,2188.8370,7.7273
2007-11-23 14:00:00,2159.6440,8.0303
2007-11-23 15:00:00,2239.5210,7.7778
2007-11-23 16:00:00,2403.5350,7.2222
2007-11-23 17:00:00,2687.5250,5.5051
2007-11-23 18:00:00,2798.1250,3.7374
2007-11-23 19:00:00,2864.5000,2.8283
2007-11-23 20:00:00,2857.2590,1.7172
2007-11-23 21:00:00,2748.7270,1.1616
2007-11-23 22:00:00,2640.6080,0.4040
2007-11-23 23:00:00,2509.9420,-0.5556
2007-11-24 00:00:00,2436.2450,-1.0606
2007-11-24 01:00:00,2388.1130,-1.7172
2007-11-24 02:00:00,2417.2910,-1.8687
2007-11-24 03:00:00,2456.3240,-2.5758
2007-11-24 04:00:00,2589.5480,-2.9293
2007-11-24 05:00:00,2735.9930,-3.4848
2007-11-24 06:00:00,2915.2880,-3.8384
2007-11-24 07:00:00,3049.4740,-4.3434
2007-11-24 08:00:00,3090.3010,-2.4242
2007-11-24 09:00:00,2966.7610,0.7071
2007-11-24 10:00:00,2766.0770,2.9293
2007-11-24 11:00:00,2583.2180,4.2929
2007-11-24 12:00:00,2470.4560,5.3030
2007-11-24 13:00:00,2360.6980,6.0606
2007-11-24 14:00:00,2309.1570,6.6667
2007-11-24 15:00:00,2364.4430,6.8182
2007-11-24 16:00:00,2501.4990,6.3636
2007-11-24 17:00:00,2723.8280,4.2424
2007-11-24 18:00:00,2887.1720,2.2727
2007-11-24 19:00:00,2885.4380,1.3131
2007-11-24 20:00:00,2811.7110,1.3131
2007-11-24 21:00:00,2663.6280,1.8687
2007-11-24 22:00:00,2483.5900,2.0707
2007-11-24 23:00:00,2322.3830,2.3232
2007-11-25 00:00:00,2185.4140,2.6768
2007-11-25 01:00:00,2105.7710,3.1818
2007-11-25 02:00:00,2081.8510,3.3333
2007-11-25 03:00:00,2071.0750,3.3333
2007-11-25 04:00:00,2122.6910,3.1313
2007-11-25 05:00:00,2211.2500,2.8788
2007-11-25 06:00:00,2300.0030,2.8788
2007-11-25 07:00:00,2499.0680,2.8283
2007-11-25 08:00:00,2686.3050,3.6364
2007-11-25 09:00:00,2713.4440,4.8485
2007-11-25 10:00:00,2585.2750,6.4141
2007-11-25 11:00:00,2483.2730,7.4747
2007-11-25 12:00:00,2394.9550,8.5354
2007-11-25 13:00:00,2264.6950,9.2929
2007-11-25 14:00:00,2220.0170,10.1010
2007-11-25 15:00:00,2206.0470,10.3535
2007-11-25 16:00:00,2303.4160,10.0505
2007-11-25 17:00:00,2577.1770,8.8889
2007-11-25 18:00:00,2587.6820,8.4343
2007-11-25 19:00:00,2596.8330,8.3333
2007-11-25 20:00:00,2493.6630,8.3333
2007-11-25 21:00:00,2318.7690,8.3333
2007-11-25 22:00:00,2137.9090,8.4848
2007-11-25 23:00:00,1940.7650,8.5859
2007-11-26 00:00:00,1847.1420,8.5859
2007-11-26 01:00:00,1794.8800,8.6869
2007-11-26 02:00:00,1776.4180,8.5354
2007-11-26 03:00:00,1787.6770,8.5354
2007-11-26 04:00:00,1842.5920,8.6364
2007-11-26 05:00:00,2023.8020,8.7374
2007-11-26 06:00:00,2342.2540,8.9394
2007-11-26 07:00:00,2336.1110,8.9394
2007-11-26 08:00:00,2290.6610,9.1919
2007-11-26 09:00:00,2258.6710,10.0000
2007-11-26 10:00:00,2228.5790,11.2626
2007-11-26 11:00:00,2197.6570,12.6768
2007-11-26 12:00:00,2167.5920,13.7374
2007-11-26 13:00:00,2120.2350,14.7475
2007-11-26 14:00:00,2104.0850,15.4040
2007-11-26 15:00:00,2129.4370,15.7576
2007-11-26 16:00:00,2211.6710,15.7576
2007-11-26 17:00:00,2368.4570,15.7576
2007-11-26 18:00:00,2462.9560,16.1111
2007-11-26 19:00:00,2498.9560,16.4141
2007-11-26 20:00:00,2382.7190,16.5152
2007-11-26 21:00:00,2205.0090,16.7172
2007-11-26 22:00:00,1949.1200,16.9697
2007-11-26 23:00:00,1738.4850,17.0707
2007-11-27 00:00:00,1591.2170,17.3232
2007-11-27 01:00:00,1556.7130,17.1212
2007-11-27 02:00:00,1548.2880,17.0202
2007-11-27 03:00:00,1549.0090,16.8687
2007-11-27 04:00:00,1634.3650,16.2626
2007-11-27 05:00:00,1814.9230,15.7071
2007-11-27 06:00:00,2143.3900,14.8485
2007-11-27 07:00:00,2199.4630,14.3434
2007-11-27 08:00:00,2139.0330,14.1414
2007-11-27 09:00:00,2096.9330,13.9394
2007-11-27 10:00:00,2085.7680,13.8384
2007-11-27 11:00:00,2026.9990,13.9899
2007-11-27 12:00:00,1982.3190,14.1414
2007-11-27 13:00:00,1957.0040,14.2929
2007-11-27 14:00:00,1951.0910,14.0404
2007-11-27 15:00:00,1956.0030,13.7879
2007-11-27 16:00:00,2077.0190,12.9293
2007-11-27 17:00:00,2402.6720,10.8586
2007-11-27 18:00:00,2601.1620,8.8384
2007-11-27 19:00:00,2693.1400,6.9697
2007-11-27 20:00:00,2653.6660,5.9091
2007-11-27 21:00:00,2500.9850,5.5051
2007-11-27 22:00:00,2325.9450,4.5960
2007-11-27 23:00:00,2146.9210,4.7980
2007-11-28 00:00:00,2026.2380,4.6465
2007-11-28 01:00:00,2003.4320,4.1919
2007-11-28 02:00:00,2020.2630,5.1010
2007-11-28 03:00:00,2075.5360,3.8384
2007-11-28 04:00:00,2178.6970,3.0808
2007-11-28 05:00:00,2396.2150,2.4242
2007-11-28 06:00:00,2743.1380,1.3636
2007-11-28 07:00:00,2739.3800,0.9091
2007-11-28 08:00:00,2593.2880,2.0707
2007-11-28 09:00:00,2470.0280,5.5556
2007-11-28 10:00:00,2304.7280,7.4747
2007-11-28 11:00:00,2210.2000,8.3838
2007-11-28 12:00:00,2110.7050,9.3939
2007-11-28 13:00:00,2038.1570,10.1010
2007-11-28 14:00:00,2002.0050,10.4545
2007-11-28 15:00:00,2032.1220,10.5051
2007-11-28 16:00:00,2235.6280,9.5960
2007-11-28 17:00:00,2549.0810,7.0707
2007-11-28 18:00:00,2644.5120,4.2929
2007-11-28 19:00:00,2742.0600,3.3838
2007-11-28 20:00:00,2734.4070,3.2323
2007-11-28 21:00:00,2672.0440,2.7273
2007-11-28 22:00:00,2474.7030,2.2727
2007-11-28 23:00:00,2285.2200,1.9192
2007-11-29 00:00:00,2178.3730,1.6667
2007-11-29 01:00:00,2169.6520,1.4646
2007-11-29 02:00:00,2181.2610,0.8081
2007-11-29 03:00:00,2202.0500,0.6061
2007-11-29 04:00:00,2275.7020,1.0101
2007-11-29 05:00:00,2455.8440,1.6667
2007-11-29 06:00:00,2760.5070,2.4242
2007-11-29 07:00:00,2666.3030,3.9394
2007-11-29 08:00:00,2623.8130,5.2525
2007-11-29 09:00:00,2531.6230,6.6667
2007-11-29 10:00:00,2455.2730,8.2828
2007-11-29 11:00:00,2318.6280,10.2525
2007-11-29 12:00:00,2163.0150,12.1717
2007-11-29 13:00:00,2103.2710,13.8889
2007-11-29 14:00:00,2033.9520,15.5051
2007-11-29 15:00:00,2037.4970,15.6566
2007-11-29 16:00:00,2187.9420,15.0000
2007-11-29 17:00:00,2496.5330,11.9192
2007-11-29 18:00:00,2669.6610,8.8889
2007-11-29 19:00:00,2755.4060,7.5253
2007-11-29 20:00:00,2707.9050,7.0707
2007-11-29 21:00:00,2557.9960,6.7677
2007-11-29 22:00:00,2421.2690,5.5051
2007-11-29 23:00:00,2220.6100,5.8586
2007-11-30 00:00:00,2126.9660,4.8990
2007-11-30 01:00:00,2103.8230,3.8384
2007-11-30 02:00:00,2130.8030,2.6768
2007-11-30 03:00:00,2169.2700,1.4141
2007-11-30 04:00:00,2277.6810,1.0606
2007-11-30 05:00:00,2512.7890,0.3030
2007-11-30 06:00:00,2771.3930,0.1010
2007-11-30 07:00:00,2779.2020,-0.2525
2007-11-30 08:00:00,2642.0680,0.9091
2007-11-30 09:00:00,2570.4240,4.0909
2007-11-30 10:00:00,2398.1550,5.9091
2007-11-30 11:00:00,2277.2670,7.5253
2007-11-30 12:00:00,2154.5060,8.6364
2007-11-30 13:00:00,2117.7970,9.7475
2007-11-30 14:00:00,2046.9230,10.4545
2007-11-30 15:00:00,2079.2120,10.4545
2007-11-30 16:00:00,2267.1370,9.7980
2007-11-30 17:00:00,2599.6940,6.8182
2007-11-30 18:00:00,2744.2760,3.6364
2007-11-30 19:00:00,2815.6370,1.9192
2007-11-30 20:00:00,2810.3010,1.2626
2007-11-30 21:00:00,2732.2290,1.0606
2007-11-30 22:00:00,2612.1200,0.6566
2007-11-30 23:00:00,2411.3320,-0.2020
2007-12-01 00:00:00,2305.2640,0.3535
2007-12-01 01:00:00,2241.7170,0.5556
2007-12-01 02:00:00,2251.8740,0.6566
2007-12-01 03:00:00,2288.6320,0.0505
2007-12-01 04:00:00,2359.9920,-0.0505
2007-12-01 05:00:00,2468.4430,0.0000
2007-12-01 06:00:00,2618.0840,0.0000
2007-12-01 07:00:00,2772.4960,0.6061
2007-12-01 08:00:00,2856.6630,1.1616
2007-12-01 09:00:00,2756.8380,4.0404
2007-12-01 10:00:00,2581.0330,6.1111
2007-12-01 11:00:00,2412.3250,7.1212
2007-12-01 12:00:00,2273.0160,7.9293
2007-12-01 13:00:00,2197.8160,8.3838
2007-12-01 14:00:00,2134.6840,8.6869
2007-12-01 15:00:00,2187.8540,8.7879
2007-12-01 16:00:00,2355.3740,7.8788
2007-12-01 17:00:00,2708.9590,5.6061
2007-12-01 18:00:00,2694.9550,4.2424
2007-12-01 19:00:00,2725.7870,3.8889
2007-12-01 20:00:00,2664.5880,4.0404
2007-12-01 21:00:00,2576.9520,3.9394
2007-12-01 22:00:00,2425.9690,3.7374
2007-12-01 23:00:00,2245.0760,3.5354
2007-12-02 00:00:00,2119.1710,3.5354
2007-12-02 01:00:00,2075.6100,3.2323
2007-12-02 02:00:00,2048.4920,2.8283
2007-12-02 03:00:00,2078.5500,2.2222
2007-12-02 04:00:00,2138.3010,1.8182
2007-12-02 05:00:00,2194.5070,1.6667
2007-12-02 06:00:00,2305.6170,1.6667
2007-12-02 07:00:00,2535.0170,1.7172
2007-12-02 08:00:00,2736.5800,2.4747
2007-12-02 09:00:00,2764.7960,4.0404
2007-12-02 10:00:00,2626.1010,5.7576
2007-12-02 11:00:00,2514.2230,7.2222
2007-12-02 12:00:00,2513.2380,8.0808
2007-12-02 13:00:00,2477.8710,8.9899
2007-12-02 14:00:00,2420.8980,9.4949
2007-12-02 15:00:00,2454.5190,9.4949
2007-12-02 16:00:00,2564.8430,9.3434
2007-12-02 17:00:00,2731.5250,8.9899
2007-12-02 18:00:00,2669.8030,8.6869
2007-12-02 19:00:00,2714.2990,8.7374
2007-12-02 20:00:00,2641.4590,8.9394
2007-12-02 21:00:00,2446.5010,9.1414
2007-12-02 22:00:00,2220.8680,9.4444
2007-12-02 23:00:00,2024.2160,9.9495
2007-12-03 00:00:00,1890.3180,10.5051
2007-12-03 01:00:00,1833.9670,10.8586
2007-12-03 02:00:00,1804.4730,11.0606
2007-12-03 03:00:00,1806.2890,11.3131
2007-12-03 04:00:00,1805.3120,11.2121
2007-12-03 05:00:00,1973.6080,11.5657
2007-12-03 06:00:00,2309.2890,11.2626
2007-12-03 07:00:00,2423.6150,11.2626
2007-12-03 08:00:00,2349.9110,11.6162
2007-12-03 09:00:00,2344.6500,12.0707
2007-12-03 10:00:00,2364.9490,12.2727
2007-12-03 11:00:00,2340.9760,11.4646
2007-12-03 12:00:00,2281.4020,10.5051
2007-12-03 13:00:00,2262.2020,9.4444
2007-12-03 14:00:00,2317.0440,8.7879
2007-12-03 15:00:00,2367.8040,7.7778
2007-12-03 16:00:00,2608.6140,6.6667
2007-12-03 17:00:00,2899.7810,5.4040
2007-12-03 18:00:00,3072.1230,4.5455
2007-12-03 19:00:00,3136.0980,3.7879
2007-12-03 20:00:00,3089.6640,3.2323
2007-12-03 21:00:00,2948.0970,2.5253
2007-12-03 22:00:00,2732.0990,2.2727
2007-12-03 23:00:00,2538.0970,1.9192
2007-12-04 00:00:00,2442.7660,1.6667
2007-12-04 01:00:00,2431.8220,1.5152
2007-12-04 02:00:00,2447.4030,1.1616
2007-12-04 03:00:00,2455.6350,0.9091
2007-12-04 04:00:00,2545.8300,0.6061
2007-12-04 05:00:00,2743.0270,0.7576
2007-12-04 06:00:00,3071.2010,0.5556
2007-12-04 07:00:00,3056.5980,0.6061
2007-12-04 08:00:00,2970.7010,0.9091
2007-12-04 09:00:00,2797.2520,1.8687
2007-12-04 10:00:00,2690.6700,3.0808
2007-12-04 11:00:00,2610.1540,4.3434
2007-12-04 12:00:00,2507.3110,4.8485
2007-12-04 13:00:00,2444.7510,5.4040
2007-12-04 14:00:00,2418.4720,5.4545
2007-12-04 15:00:00,2457.5180,5.6061
2007-12-04 16:00:00,2654.5170,5.1010
2007-12-04 17:00:00,2899.9160,3.8384
2007-12-04 18:00:00,2992.2480,2.9293
2007-12-04 19:00:00,3095.0900,1.7677
2007-12-04 20:00:00,3108.3940,1.0606
2007-12-04 21:00:00,2986.8250,0.1010
2007-12-04 22:00:00,2801.2420,-0.7071
2007-12-04 23:00:00,2605.0840,-1.2626
2007-12-05 00:00:00,2517.2560,-1.9697
2007-12-05 01:00:00,2528.8150,-2.6263
2007-12-05 02:00:00,2514.5330,-2.9798
2007-12-05 03:00:00,2533.4380,-3.0808
2007-12-05 04:00:00,2587.7160,-2.5253
2007-12-05 05:00:00,2732.2910,-2.1717
2007-12-05 06:00:00,3013.3240,-1.7677
2007-12-05 07:00:00,2999.4390,-1.5152
2007-12-05 08:00:00,2987.6990,-0.9596
2007-12-05 09:00:00,2946.8140,0.3535
2007-12-05 10:00:00,2909.5100,1.0606
2007-12-05 11:00:00,2885.2540,1.6667
2007-12-05 12:00:00,2824.2330,1.5657
2007-12-05 13:00:00,2798.9310,2.0707
2007-12-05 14:00:00,2808.1740,2.4747
2007-12-05 15:00:00,2834.1500,3.0303
2007-12-05 16:00:00,2966.5930,3.2828
2007-12-05 17:00:00,3075.1500,2.7778
2007-12-05 18:00:00,3122.3400,2.5758
2007-12-05 19:00:00,3138.1150,2.3737
2007-12-05 20:00:00,3136.6220,2.0707
2007-12-05 21:00:00,2997.6010,1.9697
2007-12-05 22:00:00,2803.3180,1.4646
2007-12-05 23:00:00,2632.9620,0.9091
2007-12-06 00:00:00,2553.1740,0.1515
2007-12-06 01:00:00,2570.3890,-0.4545
2007-12-06 02:00:00,2605.2680,-1.2121
2007-12-06 03:00:00,2657.2530,-1.8687
2007-12-06 04:00:00,2776.3300,-2.7273
2007-12-06 05:00:00,3004.1440,-3.4343
2007-12-06 06:00:00,3303.5280,-4.1414
2007-12-06 07:00:00,3274.0670,-4.5960
2007-12-06 08:00:00,3222.4540,-4.1919
2007-12-06 09:00:00,3050.3940,-2.9798
2007-12-06 10:00:00,2921.2250,-1.8182
2007-12-06 11:00:00,2774.9960,-0.5556
2007-12-06 12:00:00,2654.2470,0.3030
2007-12-06 13:00:00,2553.1910,1.3131
2007-12-06 14:00:00,2510.4230,1.6162
2007-12-06 15:00:00,2545.1950,1.9192
2007-12-06 16:00:00,2755.7830,1.4646
2007-12-06 17:00:00,3018.7560,-0.6566
2007-12-06 18:00:00,3161.9050,-2.3232
2007-12-06 19:00:00,3251.2590,-2.8283
2007-12-06 20:00:00,3266.0530,-3.4848
2007-12-06 21:00:00,3247.5610,-4.7980
2007-12-06 22:00:00,3059.9630,-5.6061
2007-12-06 23:00:00,2911.3150,-5.9091
2007-12-07 00:00:00,2857.1000,-6.1616
2007-12-07 01:00:00,2839.5370,-6.1616
2007-12-07 02:00:00,2813.2890,-5.9091
2007-12-07 03:00:00,2828.3200,-5.3030
2007-12-07 04:00:00,2847.1370,-4.4444
2007-12-07 05:00:00,2953.0820,-3.6364
2007-12-07 06:00:00,3189.6000,-3.1818
2007-12-07 07:00:00,3075.1560,-2.2222
2007-12-07 08:00:00,3138.7710,-1.6667
2007-12-07 09:00:00,3063.1790,-0.4545
2007-12-07 10:00:00,2948.0140,0.6061
2007-12-07 11:00:00,2887.0700,2.4242
2007-12-07 12:00:00,2815.8110,3.7879
2007-12-07 13:00:00,2754.2980,4.8990
2007-12-07 14:00:00,2723.3100,5.7576
2007-12-07 15:00:00,2704.1180,5.8586
2007-12-07 16:00:00,2802.9540,6.0101
2007-12-07 17:00:00,2998.3660,5.1515
2007-12-07 18:00:00,2923.1950,4.7475
2007-12-07 19:00:00,2927.1870,4.8990
2007-12-07 20:00:00,2867.7890,5.0000
2007-12-07 21:00:00,2786.6180,5.0505
2007-12-07 22:00:00,2616.7160,5.0000
2007-12-07 23:00:00,2430.9710,5.0505
2007-12-08 00:00:00,2286.8850,5.1515
2007-12-08 01:00:00,2210.6850,5.2525
2007-12-08 02:00:00,2165.6250,5.0505
2007-12-08 03:00:00,2196.6210,4.8990
2007-12-08 04:00:00,2213.3980,4.8990
2007-12-08 05:00:00,2279.6280,4.7475
2007-12-08 06:00:00,2417.7280,4.5960
2007-12-08 07:00:00,2581.7320,4.3434
2007-12-08 08:00:00,2697.3430,4.9495
2007-12-08 09:00:00,2749.7730,6.0101
2007-12-08 10:00:00,2637.1650,7.1212
2007-12-08 11:00:00,2497.2600,8.5354
2007-12-08 12:00:00,2285.1530,9.6970
2007-12-08 13:00:00,2180.9770,10.9596
2007-12-08 14:00:00,2127.7620,12.2727
2007-12-08 15:00:00,2125.7200,12.7778
2007-12-08 16:00:00,2261.8200,12.3737
2007-12-08 17:00:00,2549.0450,10.1010
2007-12-08 18:00:00,2602.8410,8.0303
2007-12-08 19:00:00,2535.5230,7.2222
2007-12-08 20:00:00,2482.0110,6.5657
2007-12-08 21:00:00,2444.0640,6.2121
2007-12-08 22:00:00,2285.1420,6.2626
2007-12-08 23:00:00,2114.5550,6.1111
2007-12-09 00:00:00,1969.6140,6.4141
2007-12-09 01:00:00,1924.5370,6.3131
2007-12-09 02:00:00,1884.4810,6.7172
2007-12-09 03:00:00,1873.4860,7.1717
2007-12-09 04:00:00,1888.2700,7.3737
2007-12-09 05:00:00,1930.1820,7.3737
2007-12-09 06:00:00,2075.1610,7.1212
2007-12-09 07:00:00,2282.8920,7.1212
2007-12-09 08:00:00,2433.8380,7.2222
2007-12-09 09:00:00,2506.2670,8.3333
2007-12-09 10:00:00,2420.3290,9.5960
2007-12-09 11:00:00,2344.8840,10.6566
2007-12-09 12:00:00,2265.0170,12.0707
2007-12-09 13:00:00,2226.2510,13.2828
2007-12-09 14:00:00,2196.6290,14.2424
2007-12-09 15:00:00,2173.6110,14.5455
2007-12-09 16:00:00,2277.7550,14.0404
2007-12-09 17:00:00,2525.5580,12.6768
2007-12-09 18:00:00,2592.5440,11.2121
2007-12-09 19:00:00,2556.4840,10.3030
2007-12-09 20:00:00,2501.8310,10.2020
2007-12-09 21:00:00,2331.0970,10.2525
2007-12-09 22:00:00,2097.3580,10.8081
2007-12-09 23:00:00,1929.5850,10.9596
2007-12-10 00:00:00,1803.8670,11.5657
2007-12-10 01:00:00,1755.7650,11.9697
2007-12-10 02:00:00,1718.9230,12.0707
2007-12-10 03:00:00,1726.4420,12.6768
2007-12-10 04:00:00,1816.0660,13.1313
2007-12-10 05:00:00,1967.9650,12.9798
2007-12-10 06:00:00,2313.7890,12.7778
2007-12-10 07:00:00,2351.7970,12.7778
2007-12-10 08:00:00,2286.2330,12.9798
2007-12-10 09:00:00,2253.3600,13.9899
2007-12-10 10:00:00,2157.2140,16.1616
2007-12-10 11:00:00,2106.8260,18.2323
2007-12-10 12:00:00,2065.9250,19.6465
2007-12-10 13:00:00,2012.0230,20.2525
2007-12-10 14:00:00,2012.4670,20.8586
2007-12-10 15:00:00,1999.3240,20.5051
2007-12-10 16:00:00,2136.6670,19.5455
2007-12-10 17:00:00,2386.4450,17.8283
2007-12-10 18:00:00,2491.9030,15.7071
2007-12-10 19:00:00,2491.3760,15.0000
2007-12-10 20:00:00,2481.3580,14.0404
2007-12-10 21:00:00,2325.0460,13.0808
2007-12-10 22:00:00,2113.2280,12.5253
2007-12-10 23:00:00,1879.7360,12.3737
2007-12-11 00:00:00,1749.2150,11.7172
2007-12-11 01:00:00,1684.8140,11.2121
2007-12-11 02:00:00,1691.2430,10.3030
2007-12-11 03:00:00,1710.5230,9.8990
2007-12-11 04:00:00,1773.5230,9.4949
2007-12-11 05:00:00,1952.4140,8.9899
2007-12-11 06:00:00,2278.9800,8.8384
2007-12-11 07:00:00,2349.0180,8.6869
2007-12-11 08:00:00,2212.9390,8.9394
2007-12-11 09:00:00,2164.7780,9.3434
2007-12-11 10:00:00,2144.2570,9.7475
2007-12-11 11:00:00,2093.6170,10.3535
2007-12-11 12:00:00,2080.3390,10.9596
2007-12-11 13:00:00,2065.9250,11.9697
2007-12-11 14:00:00,2013.1870,12.8283
2007-12-11 15:00:00,2040.0120,13.4848
2007-12-11 16:00:00,2177.3740,13.3333
2007-12-11 17:00:00,2411.9640,12.9293
2007-12-11 18:00:00,2507.1540,11.7677
2007-12-11 19:00:00,2471.3100,11.6162
2007-12-11 20:00:00,2496.7290,11.3636
2007-12-11 21:00:00,2339.1250,11.2626
2007-12-11 22:00:00,2116.8710,11.4646
2007-12-11 23:00:00,1906.8480,11.3636
2007-12-12 00:00:00,1773.7390,11.6162
2007-12-12 01:00:00,1711.5950,11.8182
2007-12-12 02:00:00,1677.8960,12.3232
2007-12-12 03:00:00,1685.3170,12.4747
2007-12-12 04:00:00,1744.3870,13.3333
2007-12-12 05:00:00,1898.4240,13.8384
2007-12-12 06:00:00,2203.8550,14.2424
2007-12-12 07:00:00,2242.8970,14.4949
2007-12-12 08:00:00,2111.4220,15.2020
2007-12-12 09:00:00,2029.6590,16.6667
2007-12-12 10:00:00,1985.6500,18.6869
2007-12-12 11:00:00,1948.3940,20.4040
2007-12-12 12:00:00,1895.3880,21.0101
2007-12-12 13:00:00,1883.5870,21.5657
2007-12-12 14:00:00,1889.3000,21.3636
2007-12-12 15:00:00,1921.8040,20.5051
2007-12-12 16:00:00,2074.7670,19.1414
2007-12-12 17:00:00,2351.1460,16.9697
2007-12-12 18:00:00,2408.3980,14.6465
2007-12-12 19:00:00,2402.0340,13.7374
2007-12-12 20:00:00,2407.3660,12.5758
2007-12-12 21:00:00,2305.2500,11.6162
2007-12-12 22:00:00,2089.2690,10.7576
2007-12-12 23:00:00,1912.9420,10.3030
2007-12-13 00:00:00,1780.8210,9.7475
2007-12-13 01:00:00,1739.4240,9.3939
2007-12-13 02:00:00,1742.1240,8.9899
2007-12-13 03:00:00,1766.5400,8.5354
2007-12-13 04:00:00,1853.2930,8.1818
2007-12-13 05:00:00,2066.4410,7.9293
2007-12-13 06:00:00,2425.0560,7.6263
2007-12-13 07:00:00,2509.5120,7.3737
2007-12-13 08:00:00,2413.6880,7.7273
2007-12-13 09:00:00,2388.0220,8.0303
2007-12-13 10:00:00,2368.0850,8.4848
2007-12-13 11:00:00,2348.9030,8.9899
2007-12-13 12:00:00,2324.3610,9.3939
2007-12-13 13:00:00,2318.6280,9.8485
2007-12-13 14:00:00,2287.7040,10.9596
2007-12-13 15:00:00,2329.0950,11.5657
2007-12-13 16:00:00,2491.0090,11.0606
2007-12-13 17:00:00,2681.3690,9.8485
2007-12-13 18:00:00,2736.9690,9.1919
2007-12-13 19:00:00,2741.2670,8.9394
2007-12-13 20:00:00,2756.9340,8.4343
2007-12-13 21:00:00,2590.6140,7.9293
2007-12-13 22:00:00,2397.7650,8.3838
2007-12-13 23:00:00,2168.7590,8.0303
2007-12-14 00:00:00,2035.1720,7.8788
2007-12-14 01:00:00,1983.9920,6.9697
2007-12-14 02:00:00,1975.0520,6.4141
2007-12-14 03:00:00,2013.4350,6.0101
2007-12-14 04:00:00,2117.4290,5.3535
2007-12-14 05:00:00,2324.6020,5.4040
2007-12-14 06:00:00,2680.8880,4.6465
2007-12-14 07:00:00,2722.2780,4.3434
2007-12-14 08:00:00,2586.9770,4.3939
2007-12-14 09:00:00,2476.9890,6.3636
2007-12-14 10:00:00,2350.0080,7.5758
2007-12-14 11:00:00,2217.3220,8.8889
2007-12-14 12:00:00,2076.9450,9.8990
2007-12-14 13:00:00,2029.7550,10.7576
2007-12-14 14:00:00,2007.3440,11.7677
2007-12-14 15:00:00,2034.2750,11.6667
2007-12-14 16:00:00,2196.7460,10.9596
2007-12-14 17:00:00,2506.8740,8.6364
2007-12-14 18:00:00,2621.1490,6.6162
2007-12-14 19:00:00,2631.8920,6.1111
2007-12-14 20:00:00,2705.0990,5.4040
2007-12-14 21:00:00,2689.4410,4.5960
2007-12-14 22:00:00,2577.8020,4.0909
2007-12-14 23:00:00,2405.7120,3.4343
2007-12-15 00:00:00,2297.8610,3.0303
2007-12-15 01:00:00,2249.6920,2.7273
2007-12-15 02:00:00,2221.9180,2.5758
2007-12-15 03:00:00,2249.7710,2.2727
2007-12-15 04:00:00,2292.9280,2.1212
2007-12-15 05:00:00,2404.5440,2.0707
2007-12-15 06:00:00,2510.6580,1.7172
2007-12-15 07:00:00,2688.3740,1.7172
2007-12-15 08:00:00,2814.1180,1.8687
2007-12-15 09:00:00,2835.1760,2.7273
2007-12-15 10:00:00,2777.5180,3.5354
2007-12-15 11:00:00,2746.2010,4.2424
2007-12-15 12:00:00,2705.2220,4.4444
2007-12-15 13:00:00,2680.2430,4.2929
2007-12-15 14:00:00,2711.2580,4.2424
2007-12-15 15:00:00,2762.7630,4.2424
2007-12-15 16:00:00,2909.8730,4.0404
2007-12-15 17:00:00,3119.3970,3.9899
2007-12-15 18:00:00,3028.8460,3.8384
2007-12-15 19:00:00,3024.1700,3.6364
2007-12-15 20:00:00,2958.7270,3.6869
2007-12-15 21:00:00,2837.0180,3.8889
2007-12-15 22:00:00,2649.0980,4.3939
2007-12-15 23:00:00,2454.1870,4.5960
2007-12-16 00:00:00,2314.0370,5.2020
2007-12-16 01:00:00,2227.1660,5.4040
2007-12-16 02:00:00,2165.9730,5.8081
2007-12-16 03:00:00,2127.5920,5.8586
2007-12-16 04:00:00,2110.4160,5.8081
2007-12-16 05:00:00,2192.6070,6.0101
2007-12-16 06:00:00,2292.7030,5.7576
2007-12-16 07:00:00,2440.9690,5.7071
2007-12-16 08:00:00,2614.4740,5.1515
2007-12-16 09:00:00,2718.1100,5.3030
2007-12-16 10:00:00,2667.8910,5.6061
2007-12-16 11:00:00,2544.4860,6.1616
2007-12-16 12:00:00,2509.8630,7.1212
2007-12-16 13:00:00,2488.5850,7.9293
2007-12-16 14:00:00,2453.8650,8.3838
2007-12-16 15:00:00,2478.0150,8.1313
2007-12-16 16:00:00,2677.2890,7.1212
2007-12-16 17:00:00,3018.3350,5.9091
2007-12-16 18:00:00,3014.7510,4.8990
2007-12-16 19:00:00,3127.3420,4.1414
2007-12-16 20:00:00,3277.8630,3.3333
2007-12-16 21:00:00,2215.4640,2.7273
2007-12-16 22:00:00,2069.2180,2.5253
2007-12-16 23:00:00,2860.1790,2.2222
2007-12-17 00:00:00,2684.8380,1.8687
2007-12-17 01:00:00,2634.3070,1.5657
2007-12-17 02:00:00,2658.9880,1.3131
2007-12-17 03:00:00,2708.5570,0.9596
2007-12-17 04:00:00,2786.8590,0.8586
2007-12-17 05:00:00,3004.8550,-0.0505
2007-12-17 06:00:00,2333.9970,-0.1515
2007-12-17 07:00:00,2334.1640,-0.3535
2007-12-17 08:00:00,2287.5320,0.0505
2007-12-17 09:00:00,3182.4440,1.4646
2007-12-17 10:00:00,3102.0460,2.2222
2007-12-17 11:00:00,3027.1930,3.3838
2007-12-17 12:00:00,2927.5380,3.7879
2007-12-17 13:00:00,2705.8730,4.3434
2007-12-17 14:00:00,2507.6710,4.8990
2007-12-17 15:00:00,2523.2130,4.8485
2007-12-17 16:00:00,2715.4510,4.4444
2007-12-17 17:00:00,3084.3480,2.7273
2007-12-17 18:00:00,3179.4480,0.8586
2007-12-17 19:00:00,3203.1970,0.0000
2007-12-17 20:00:00,3285.7440,-0.6566
2007-12-17 21:00:00,3234.0500,-2.0707
2007-12-17 22:00:00,3013.6730,-2.7778
2007-12-17 23:00:00,2806.3310,-2.9293
2007-12-18 00:00:00,2735.1190,-3.4848
2007-12-18 01:00:00,2734.2190,-3.9394
2007-12-18 02:00:00,2762.1680,-4.6465
2007-12-18 03:00:00,2805.4860,-4.3434
2007-12-18 04:00:00,2915.9000,-4.9495
2007-12-18 05:00:00,3110.9990,-5.6061
2007-12-18 06:00:00,3437.3960,-5.6566
2007-12-18 07:00:00,3433.4610,-6.1616
2007-12-18 08:00:00,3295.5290,-5.9596
2007-12-18 09:00:00,3078.1860,-2.0202
2007-12-18 10:00:00,2822.7650,0.7576
2007-12-18 11:00:00,2648.5910,2.2222
2007-12-18 12:00:00,2541.3090,3.7374
2007-12-18 13:00:00,2446.7030,5.0505
2007-12-18 14:00:00,2419.1770,5.5051
2007-12-18 15:00:00,2427.0620,5.7576
2007-12-18 16:00:00,2644.1180,5.5556
2007-12-18 17:00:00,2966.9170,3.4848
2007-12-18 18:00:00,3093.6800,1.5657
2007-12-18 19:00:00,3108.6500,0.7071
2007-12-18 20:00:00,3160.3300,0.9596
2007-12-18 21:00:00,2999.7210,0.8081
2007-12-18 22:00:00,2779.8160,0.6566
2007-12-18 23:00:00,2523.3120,0.7071
2007-12-19 00:00:00,2409.3140,0.6061
2007-12-19 01:00:00,2344.9530,0.7576
2007-12-19 02:00:00,2328.0670,0.8081
2007-12-19 03:00:00,2363.8830,0.4040
2007-12-19 04:00:00,2458.0790,0.4545
2007-12-19 05:00:00,2637.6820,0.5556
2007-12-19 06:00:00,2998.2250,0.8081
2007-12-19 07:00:00,3055.0040,0.5556
2007-12-19 08:00:00,2938.1900,1.2121
2007-12-19 09:00:00,2840.4620,2.8283
2007-12-19 10:00:00,2741.6940,4.1919
2007-12-19 11:00:00,2632.4600,5.5556
2007-12-19 12:00:00,2550.5750,6.3636
2007-12-19 13:00:00,2544.6460,6.8182
2007-12-19 14:00:00,2483.8190,7.2222
2007-12-19 15:00:00,2509.7750,7.7273
2007-12-19 16:00:00,2606.1250,7.6768
2007-12-19 17:00:00,2868.5770,6.3636
2007-12-19 18:00:00,3018.6260,4.3434
2007-12-19 19:00:00,3090.3950,3.4343
2007-12-19 20:00:00,3076.1150,2.9293
2007-12-19 21:00:00,2961.6730,1.9697
2007-12-19 22:00:00,2767.3180,0.8586
2007-12-19 23:00:00,2530.4160,0.2020
2007-12-20 00:00:00,2436.7640,0.2020
2007-12-20 01:00:00,2405.1790,-0.3030
2007-12-20 02:00:00,2414.1020,-0.3030
2007-12-20 03:00:00,2462.5800,-0.9091
2007-12-20 04:00:00,2560.3830,-1.5657
2007-12-20 05:00:00,2767.6370,-1.8182
2007-12-20 06:00:00,3107.3460,-1.9697
2007-12-20 07:00:00,3178.6400,-2.1212
2007-12-20 08:00:00,3005.9440,-0.9596
2007-12-20 09:00:00,2854.7970,2.0707
2007-12-20 10:00:00,2650.4630,4.1919
2007-12-20 11:00:00,2488.5910,6.3636
2007-12-20 12:00:00,2331.0360,7.5253
2007-12-20 13:00:00,2236.6430,8.1313
2007-12-20 14:00:00,2188.6590,8.8384
2007-12-20 15:00:00,2245.1220,8.8384
2007-12-20 16:00:00,2467.4160,8.4848
2007-12-20 17:00:00,2770.2000,5.8081
2007-12-20 18:00:00,2926.4110,3.0303
2007-12-20 19:00:00,3024.7330,1.7172
2007-12-20 20:00:00,3022.6170,1.3636
2007-12-20 21:00:00,2970.1090,1.0606
2007-12-20 22:00:00,2758.0740,0.2525
2007-12-20 23:00:00,2549.5890,0.1010
2007-12-21 00:00:00,2374.3520,0.6566
2007-12-21 01:00:00,2323.4930,1.4646
2007-12-21 02:00:00,2292.6860,1.5152
2007-12-21 03:00:00,2306.2440,1.8182
2007-12-21 04:00:00,2361.4390,1.9697
2007-12-21 05:00:00,2515.2820,2.1212
2007-12-21 06:00:00,2775.3730,2.1212
2007-12-21 07:00:00,2893.6880,2.3232
2007-12-21 08:00:00,2861.6580,2.5758
2007-12-21 09:00:00,2855.7970,3.7374
2007-12-21 10:00:00,2792.8040,4.7475
2007-12-21 11:00:00,2716.1050,5.7071
2007-12-21 12:00:00,2615.0970,6.2626
2007-12-21 13:00:00,2525.3020,6.6667
2007-12-21 14:00:00,2478.2050,6.9192
2007-12-21 15:00:00,2489.1800,7.2222
2007-12-21 16:00:00,2628.3720,7.0202
2007-12-21 17:00:00,2890.4510,6.6667
2007-12-21 18:00:00,2856.8410,6.1616
2007-12-21 19:00:00,2857.4800,5.9596
2007-12-21 20:00:00,2817.4250,6.0101
2007-12-21 21:00:00,2736.4080,6.0101
2007-12-21 22:00:00,2535.9920,6.1111
2007-12-21 23:00:00,2322.6070,5.9596
2007-12-22 00:00:00,2182.0770,6.0606
2007-12-22 01:00:00,2078.4730,6.0606
2007-12-22 02:00:00,2074.5070,6.2121
2007-12-22 03:00:00,2049.9040,6.1111
2007-12-22 04:00:00,2087.8690,6.0101
2007-12-22 05:00:00,2172.7090,6.0101
2007-12-22 06:00:00,2297.9300,6.0101
2007-12-22 07:00:00,2459.6610,6.0101
2007-12-22 08:00:00,2623.3470,6.3131
2007-12-22 09:00:00,2679.8180,7.0707
2007-12-22 10:00:00,2647.1670,7.6768
2007-12-22 11:00:00,2593.3650,8.6869
2007-12-22 12:00:00,2477.1500,9.0909
2007-12-22 13:00:00,2413.3460,9.1919
2007-12-22 14:00:00,2401.8490,9.3939
2007-12-22 15:00:00,2403.9240,9.5455
2007-12-22 16:00:00,2479.1140,9.1919
2007-12-22 17:00:00,2617.1810,8.7374
2007-12-22 18:00:00,2616.9260,8.1313
2007-12-22 19:00:00,2642.0200,7.9798
2007-12-22 20:00:00,2601.0410,7.8283
2007-12-22 21:00:00,2504.4920,7.8788
2007-12-22 22:00:00,2348.9330,7.8788
2007-12-22 23:00:00,2164.8220,7.8788
2007-12-23 00:00:00,2008.1110,8.0303
2007-12-23 01:00:00,1923.7670,7.9293
2007-12-23 02:00:00,1870.9960,8.0303
2007-12-23 03:00:00,1880.5590,8.0808
2007-12-23 04:00:00,1875.9930,8.3838
2007-12-23 05:00:00,1908.0890,8.7374
2007-12-23 06:00:00,2034.8920,8.8384
2007-12-23 07:00:00,2249.3790,8.9394
2007-12-23 08:00:00,2449.6800,9.4444
2007-12-23 09:00:00,2544.3950,10.3535
2007-12-23 10:00:00,2478.5920,11.3636
2007-12-23 11:00:00,2369.0580,12.5253
2007-12-23 12:00:00,2356.5890,13.6869
2007-12-23 13:00:00,2301.1520,14.5455
2007-12-23 14:00:00,2229.3580,15.7576
2007-12-23 15:00:00,2181.8780,16.1616
2007-12-23 16:00:00,2197.4850,16.2121
2007-12-23 17:00:00,2390.5110,16.2121
2007-12-23 18:00:00,2371.0620,15.4545
2007-12-23 19:00:00,2407.7770,15.1010
2007-12-23 20:00:00,2381.2940,14.1919
2007-12-23 21:00:00,2361.6270,13.0808
2007-12-23 22:00:00,2243.1330,12.3232
2007-12-23 23:00:00,2077.5340,11.2121
2007-12-24 00:00:00,1979.2570,9.8485
2007-12-24 01:00:00,1935.5990,8.4848
2007-12-24 02:00:00,1941.6760,7.0202
2007-12-24 03:00:00,1989.3440,5.9596
2007-12-24 04:00:00,2055.8180,4.9495
2007-12-24 05:00:00,2171.2850,3.9394
2007-12-24 06:00:00,2380.6860,3.1818
2007-12-24 07:00:00,2583.3640,2.6768
2007-12-24 08:00:00,2681.5900,2.4747
2007-12-24 09:00:00,2663.9990,5.1515
2007-12-24 10:00:00,2546.1970,6.7677
2007-12-24 11:00:00,2399.0980,8.1818
2007-12-24 12:00:00,2305.0390,9.4949
2007-12-24 13:00:00,2202.6800,10.4040
2007-12-24 14:00:00,2149.6670,11.0606
2007-12-24 15:00:00,2147.9430,11.2626
2007-12-24 16:00:00,2238.6890,10.8081
2007-12-24 17:00:00,2434.3940,9.0909
2007-12-24 18:00:00,2485.4580,6.1111
2007-12-24 19:00:00,2533.3560,4.9495
2007-12-24 20:00:00,2508.9300,3.9394
2007-12-24 21:00:00,2503.9470,3.7374
2007-12-24 22:00:00,2402.0860,3.5354
2007-12-24 23:00:00,2274.1190,3.6869
2007-12-25 00:00:00,2143.6560,3.4343
2007-12-25 01:00:00,2089.0170,3.3333
2007-12-25 02:00:00,2077.3220,3.5859
2007-12-25 03:00:00,2065.8380,2.6263
2007-12-25 04:00:00,2105.9640,2.1212
2007-12-25 05:00:00,2194.8270,2.0202
2007-12-25 06:00:00,2362.3140,1.6162
2007-12-25 07:00:00,2566.1280,1.1111
2007-12-25 08:00:00,2710.5610,1.1616
2007-12-25 09:00:00,2632.1550,3.3333
2007-12-25 10:00:00,2470.5350,6.5152
2007-12-25 11:00:00,2361.1210,8.0303
2007-12-25 12:00:00,2251.3400,9.0404
2007-12-25 13:00:00,2084.7040,9.5455
2007-12-25 14:00:00,1991.7470,10.4545
2007-12-25 15:00:00,1957.4460,10.1515
2007-12-25 16:00:00,2027.2130,9.6970
2007-12-25 17:00:00,2281.5410,7.4747
2007-12-25 18:00:00,2360.5130,4.5455
2007-12-25 19:00:00,2489.0210,3.0303
2007-12-25 20:00:00,2565.3910,2.6263
2007-12-25 21:00:00,2513.7890,1.6667
2007-12-25 22:00:00,2395.9280,1.1616
2007-12-25 23:00:00,2266.7650,0.8586
2007-12-26 00:00:00,2178.5520,0.7576
2007-12-26 01:00:00,2169.4720,1.1616
2007-12-26 02:00:00,2157.8970,1.6162
2007-12-26 03:00:00,2176.4900,2.1717
2007-12-26 04:00:00,2234.1560,2.8283
2007-12-26 05:00:00,2306.8510,2.9798
2007-12-26 06:00:00,2450.4350,3.5859
2007-12-26 07:00:00,2623.6140,3.7374
2007-12-26 08:00:00,2740.7470,3.7374
2007-12-26 09:00:00,2763.9590,4.1919
2007-12-26 10:00:00,2754.0020,4.4949
2007-12-26 11:00:00,2750.2280,4.4444
2007-12-26 12:00:00,2737.2550,4.5960
2007-12-26 13:00:00,2679.9920,4.7980
2007-12-26 14:00:00,2636.6540,5.0505
2007-12-26 15:00:00,2582.4430,5.1515
2007-12-26 16:00:00,2704.8060,5.1010
2007-12-26 17:00:00,2900.9600,4.2424
2007-12-26 18:00:00,2975.2440,3.4848
2007-12-26 19:00:00,2924.3740,3.4343
2007-12-26 20:00:00,2938.1090,2.5758
2007-12-26 21:00:00,2824.7210,2.4242
2007-12-26 22:00:00,2623.5940,2.4747
2007-12-26 23:00:00,2406.8910,2.4747
2007-12-27 00:00:00,2268.0350,2.4747
2007-12-27 01:00:00,2218.8610,1.9697
2007-12-27 02:00:00,2216.2210,1.9192
2007-12-27 03:00:00,2231.4710,2.5253
2007-12-27 04:00:00,2273.4120,2.3232
2007-12-27 05:00:00,2414.2470,2.6768
2007-12-27 06:00:00,2585.4810,2.8788
2007-12-27 07:00:00,2702.8860,3.0303
2007-12-27 08:00:00,2753.4630,2.9293
2007-12-27 09:00:00,2614.5920,4.1414
2007-12-27 10:00:00,2505.6660,6.3636
2007-12-27 11:00:00,2386.5970,8.5859
2007-12-27 12:00:00,2257.7350,10.4545
2007-12-27 13:00:00,2213.5460,11.5152
2007-12-27 14:00:00,2177.4400,12.5758
2007-12-27 15:00:00,2168.2470,12.8283
2007-12-27 16:00:00,2307.3820,12.5758
2007-12-27 17:00:00,2537.2330,10.6061
2007-12-27 18:00:00,2685.0840,8.1818
2007-12-27 19:00:00,2666.6400,6.8687
2007-12-27 20:00:00,2719.1910,4.9495
2007-12-27 21:00:00,2603.2990,4.1919
2007-12-27 22:00:00,2449.3030,3.1313
2007-12-27 23:00:00,2239.5800,3.0808
2007-12-28 00:00:00,2159.5740,2.5758
2007-12-28 01:00:00,2127.1320,1.9697
2007-12-28 02:00:00,2143.1290,1.7172
2007-12-28 03:00:00,2196.4480,1.1616
2007-12-28 04:00:00,2297.2130,0.6566
2007-12-28 05:00:00,2464.0210,0.0000
2007-12-28 06:00:00,2659.2360,0.1010
2007-12-28 07:00:00,2807.6300,0.7071
2007-12-28 08:00:00,2810.2480,0.9091
2007-12-28 09:00:00,2744.8110,3.9394
2007-12-28 10:00:00,2679.7840,6.5657
2007-12-28 11:00:00,2583.9200,8.7879
2007-12-28 12:00:00,2502.1760,9.9495
2007-12-28 13:00:00,2448.0090,10.2020
2007-12-28 14:00:00,2455.9100,10.3535
2007-12-28 15:00:00,2454.8710,10.3535
2007-12-28 16:00:00,2592.5080,10.0505
2007-12-28 17:00:00,2747.4040,9.6970
2007-12-28 18:00:00,2784.5860,9.1414
2007-12-28 19:00:00,2703.7540,9.0909
2007-12-28 20:00:00,2707.8680,8.9394
2007-12-28 21:00:00,2593.5280,9.0909
2007-12-28 22:00:00,2417.7270,9.4444
2007-12-28 23:00:00,2206.4010,10.0505
2007-12-29 00:00:00,2035.3140,10.5051
2007-12-29 01:00:00,1902.3880,11.4141
2007-12-29 02:00:00,1848.6960,11.8182
2007-12-29 03:00:00,1814.2380,12.0707
2007-12-29 04:00:00,1835.4330,12.5253
2007-12-29 05:00:00,1894.7680,12.6768
2007-12-29 06:00:00,1995.3760,12.7778
2007-12-29 07:00:00,2151.6920,12.7273
2007-12-29 08:00:00,2298.2910,12.4747
2007-12-29 09:00:00,2385.1980,12.1717
2007-12-29 10:00:00,2342.1060,12.8283
2007-12-29 11:00:00,2301.3910,12.9798
2007-12-29 12:00:00,2312.8540,13.0808
2007-12-29 13:00:00,2243.4680,13.2323
2007-12-29 14:00:00,2147.9320,12.9798
2007-12-29 15:00:00,2095.7570,12.7273
2007-12-29 16:00:00,2244.9860,12.5253
2007-12-29 17:00:00,2538.1870,11.7172
2007-12-29 18:00:00,2576.7020,10.4040
2007-12-29 19:00:00,2508.9650,10.0000
2007-12-29 20:00:00,2486.1790,9.7980
2007-12-29 21:00:00,2390.4390,8.8889
2007-12-29 22:00:00,2292.1190,8.4343
2007-12-29 23:00:00,2164.4800,7.9798
2007-12-30 00:00:00,2021.9860,7.1717
2007-12-30 01:00:00,1963.2440,7.1717
2007-12-30 02:00:00,1972.2900,6.8687
2007-12-30 03:00:00,1981.7910,6.2626
2007-12-30 04:00:00,2037.9930,6.0606
2007-12-30 05:00:00,2103.2280,5.6061
2007-12-30 06:00:00,2199.4310,5.5051
2007-12-30 07:00:00,2401.1260,5.6061
2007-12-30 08:00:00,2648.1580,5.6061
2007-12-30 09:00:00,2728.1450,6.0606
2007-12-30 10:00:00,2707.8780,6.2626
2007-12-30 11:00:00,2674.4310,6.3636
2007-12-30 12:00:00,2642.1990,6.3131
2007-12-30 13:00:00,2666.2510,6.3636
2007-12-30 14:00:00,2644.4180,6.3636
2007-12-30 15:00:00,2637.2870,6.0101
2007-12-30 16:00:00,2709.3790,5.8081
2007-12-30 17:00:00,2887.6990,5.5556
2007-12-30 18:00:00,2905.8780,5.3535
2007-12-30 19:00:00,2819.1390,5.3535
2007-12-30 20:00:00,2761.7960,5.7071
2007-12-30 21:00:00,2630.4990,5.8081
2007-12-30 22:00:00,2443.9580,5.9091
2007-12-30 23:00:00,2244.1560,6.0101
2007-12-31 00:00:00,2114.3360,5.9596
2007-12-31 01:00:00,2020.6160,5.3030
2007-12-31 02:00:00,2029.4970,4.6465
2007-12-31 03:00:00,2062.7400,4.1414
2007-12-31 04:00:00,2151.2300,3.4848
2007-12-31 05:00:00,2287.1110,3.1818
2007-12-31 06:00:00,2456.0500,2.6768
2007-12-31 07:00:00,2605.6350,2.5253
2007-12-31 08:00:00,2673.0550,2.5758
2007-12-31 09:00:00,2613.2040,4.3434
2007-12-31 10:00:00,2496.0450,6.1616
2007-12-31 11:00:00,2397.2680,8.2323
2007-12-31 12:00:00,2290.4360,9.6465
2007-12-31 13:00:00,2170.7000,10.5051
2007-12-31 14:00:00,2096.7110,11.1111
2007-12-31 15:00:00,2082.3860,11.3636
2007-12-31 16:00:00,2219.6040,11.1111
2007-12-31 17:00:00,2544.8190,8.3838
2007-12-31 18:00:00,2737.3180,4.6970
2007-12-31 19:00:00,2662.0590,3.0808
2007-12-31 20:00:00,2660.8980,2.2222
2007-12-31 21:00:00,2550.7490,2.4242
2007-12-31 22:00:00,2503.0100,2.4242
2007-12-31 23:00:00,2417.2600,2.8788
