timestamp,electricity_kwh,temperature_c
2016-08-24 14:00:00,657.200000,29.400000
2016-03-09 08:00:00,417.160000,10.000000
2016-06-22 17:00:00,462.620000,27.200000
2016-03-23 17:00:00,471.570000,21.700000
2016-10-07 13:00:00,542.730000,21.100000
2016-08-24 07:00:00,485.020000,21.700000
2016-06-01 07:00:00,520.640000,23.900000
2016-06-07 19:00:00,495.860000,26.100000
2016-06-26 05:00:00,171.160000,18.900000
2016-07-18 21:00:00,313.870000,25.000000
2016-10-12 07:00:00,349.200000,11.100000
2016-06-18 09:00:00,422.870000,23.900000
2016-09-10 20:00:00,295.030000,28.900000
2016-06-07 16:00:00,587.720000,26.700000
2016-01-20 16:00:00,536.520000,-1.700000
2016-10-20 05:00:00,449.910000,20.600000
2016-01-22 05:00:00,475.780000,-5.600000
2016-06-20 20:00:00,474.460000,28.300000
2016-01-23 10:00:00,409.790000,-2.800000
2016-07-14 03:00:00,534.480000,24.400000
2016-06-10 13:00:00,553.520000,26.100000
2016-10-06 07:00:00,454.200000,16.100000
2016-03-22 16:00:00,468.560000,16.100000
2016-10-02 03:00:00,255.590000,18.300000
2016-01-27 01:00:00,241.370000,8.300000
2016-08-27 10:00:00,574.280000,30.600000
2016-02-02 21:00:00,370.050000,7.200000
2016-07-07 00:00:00,245.910000,27.200000
2016-08-23 07:00:00,480.340000,21.100000
2016-01-08 09:00:00,430.110000,5.000000
2016-05-01 02:00:00,170.820000,11.100000
2016-05-02 17:00:00,543.330000,23.900000
2016-05-30 22:00:00,256.390000,22.800000
2016-02-16 05:00:00,422.590000,0.000000
2016-05-09 17:00:00,406.090000,17.200000
2016-06-26 12:00:00,450.340000,28.900000
2016-01-03 13:00:00,287.420000,9.400000
2016-03-28 05:00:00,290.120000,9.400000
2016-08-22 13:00:00,686.320000,28.300000
2016-09-03 22:00:00,211.740000,23.300000
2016-05-25 06:00:00,369.610000,16.700000
2016-02-25 08:00:00,382.500000,8.300000
2016-09-08 00:00:00,267.910000,25.000000
2016-02-13 15:00:00,451.170000,-5.600000
2016-07-01 06:00:00,456.030000,22.800000
2016-10-12 20:00:00,411.950000,16.700000
2016-01-29 04:00:00,352.480000,-1.100000
2016-09-08 22:00:00,287.840000,28.300000
2016-06-06 12:00:00,651.010000,28.900000
2016-07-21 21:00:00,372.960000,27.200000
2016-03-06 12:00:00,362.510000,7.200000
2016-08-22 23:00:00,254.270000,23.300000
2016-06-21 18:00:00,415.290000,22.800000
2016-09-26 04:00:00,352.510000,18.300000
2016-08-30 15:00:00,705.040000,31.700000
2016-03-27 11:00:00,266.870000,12.200000
2016-01-05 05:00:00,341.530000,-8.900000
2016-04-06 20:00:00,295.350000,11.700000
2016-05-22 16:00:00,266.280000,14.400000
2016-01-25 00:00:00,243.610000,-5.000000
2016-10-26 23:00:00,171.770000,10.600000
2016-08-12 12:00:00,637.650000,35.000000
2016-02-01 20:00:00,389.550000,8.900000
2016-05-25 20:00:00,462.800000,23.300000
2016-03-19 05:00:00,199.570000,8.300000
2016-02-25 01:00:00,216.630000,13.900000
2016-09-02 17:00:00,551.540000,26.100000
2016-08-07 02:00:00,228.000000,25.000000
2016-06-20 21:00:00,272.270000,27.200000
2016-08-13 02:00:00,278.360000,28.300000
2016-04-19 08:00:00,477.100000,18.300000
2016-04-08 08:00:00,413.260000,7.200000
2016-08-26 03:00:00,587.720000,26.100000
2016-03-10 20:00:00,426.240000,20.000000
2016-09-07 17:00:00,618.180000,26.700000
2016-10-09 08:00:00,161.590000,13.900000
2016-08-05 00:00:00,214.160000,23.300000
2016-03-06 07:00:00,259.630000,3.300000
2016-04-03 23:00:00,205.370000,9.400000
2016-04-05 09:00:00,456.030000,1.700000
2016-04-11 22:00:00,264.120000,18.900000
2016-07-14 15:00:00,653.880000,36.100000
2016-01-08 17:00:00,334.350000,5.600000
2016-01-04 07:00:00,349.890000,1.100000
2016-01-30 16:00:00,372.660000,5.000000
2016-03-15 20:00:00,385.190000,14.400000
2016-09-03 20:00:00,220.210000,23.900000
2016-01-18 21:00:00,462.830000,-8.300000
2016-02-02 09:00:00,459.920000,4.400000
2016-03-20 15:00:00,286.720000,4.400000
2016-07-07 01:00:00,247.440000,26.700000
2016-05-25 04:00:00,376.490000,16.100000
2016-08-16 22:00:00,279.520000,30.600000
2016-03-20 12:00:00,297.420000,5.600000
2016-10-24 19:00:00,413.770000,16.100000
2016-04-10 18:00:00,244.000000,10.600000
2016-09-06 13:00:00,658.180000,32.200000
2016-02-17 22:00:00,281.690000,3.900000
2016-03-22 18:00:00,410.330000,15.600000
2016-05-27 17:00:00,639.490000,28.900000
2016-04-24 23:00:00,173.390000,13.900000
2016-07-31 13:00:00,515.410000,31.700000
2016-02-23 11:00:00,494.630000,6.100000
2016-09-11 03:00:00,283.260000,27.200000
2016-02-14 07:00:00,285.360000,-10.600000
2016-10-07 16:00:00,521.230000,22.800000
2016-09-29 17:00:00,510.860000,20.000000
2016-06-14 19:00:00,498.370000,25.000000
2016-10-15 00:00:00,188.250000,13.300000
2016-08-04 07:00:00,378.850000,22.800000
2016-10-20 01:00:00,212.690000,22.200000
2016-08-26 15:00:00,786.050000,34.400000
2016-02-25 03:00:00,217.920000,11.700000
2016-01-06 12:00:00,461.410000,1.100000
2016-10-08 05:00:00,207.000000,18.300000
2016-10-24 10:00:00,546.130000,18.300000
2016-01-13 20:00:00,460.240000,-2.800000
2016-07-01 13:00:00,575.570000,30.000000
2016-01-17 09:00:00,229.470000,2.800000
2016-05-24 20:00:00,444.310000,25.600000
2016-07-25 02:00:00,261.620000,28.900000
2016-06-06 11:00:00,649.950000,28.300000
2016-09-27 07:00:00,520.680000,19.400000
2016-06-11 23:00:00,250.520000,27.800000
2016-03-08 14:00:00,537.730000,23.300000
2016-10-12 00:00:00,212.710000,12.200000
2016-06-23 04:00:00,479.890000,22.800000
2016-08-13 23:00:00,281.950000,31.700000
2016-06-01 18:00:00,596.060000,26.700000
2016-03-08 04:00:00,412.840000,8.900000
2016-03-04 09:00:00,514.990000,1.100000
2016-08-17 08:00:00,637.410000,30.600000
2016-08-23 15:00:00,633.060000,27.200000
2016-01-20 01:00:00,277.120000,-6.100000
2016-04-29 09:00:00,374.910000,9.400000
2016-02-12 00:00:00,281.270000,-5.600000
2016-04-03 00:00:00,202.230000,7.200000
2016-05-01 05:00:00,170.220000,11.100000
2016-07-01 10:00:00,520.220000,26.700000
2016-01-16 21:00:00,243.770000,5.600000
2016-02-03 08:00:00,415.150000,5.600000
2016-04-29 12:00:00,373.650000,11.100000
2016-05-21 10:00:00,280.300000,13.900000
2016-05-16 19:00:00,338.690000,17.800000
2016-10-23 20:00:00,337.450000,14.400000
2016-08-09 18:00:00,536.370000,26.100000
2016-10-18 03:00:00,403.530000,17.800000
2016-05-05 13:00:00,399.450000,12.200000
2016-03-19 17:00:00,396.030000,3.900000
2016-04-24 11:00:00,238.610000,15.000000
2016-04-27 03:00:00,376.030000,17.200000
2016-02-02 18:00:00,403.110000,7.800000
2016-10-14 12:00:00,489.900000,17.200000
2016-03-18 18:00:00,407.790000,17.800000
2016-02-15 01:00:00,277.900000,-6.700000
2016-03-04 06:00:00,412.420000,0.600000
2016-03-30 02:00:00,218.030000,7.200000
2016-03-01 12:00:00,515.940000,17.200000
2016-04-21 15:00:00,475.290000,23.300000
2016-10-20 06:00:00,454.950000,20.000000
2016-01-18 00:00:00,243.770000,0.600000
2016-07-07 05:00:00,497.680000,25.000000
2016-04-05 10:00:00,451.000000,2.200000
2016-05-10 21:00:00,245.760000,15.000000
2016-01-10 14:00:00,275.970000,15.600000
2016-07-11 20:00:00,486.450000,26.100000
2016-06-13 21:00:00,241.810000,25.000000
2016-03-16 23:00:00,230.350000,13.300000
2016-07-05 00:00:00,205.530000,23.300000
2016-08-31 10:00:00,733.950000,28.900000
2016-03-06 04:00:00,261.750000,3.900000
2016-10-27 06:00:00,356.600000,10.600000
2016-03-01 02:00:00,245.260000,6.700000
2016-01-04 15:00:00,407.210000,2.800000
2016-04-23 20:00:00,177.470000,17.200000
2016-06-09 22:00:00,189.340000,23.300000
2016-07-06 07:00:00,479.500000,27.200000
2016-05-23 11:00:00,493.620000,21.700000
2016-05-01 08:00:00,164.150000,11.700000
2016-02-04 12:00:00,430.180000,8.900000
2016-08-03 12:00:00,482.860000,27.200000
2016-04-10 12:00:00,272.570000,6.100000
2016-10-23 22:00:00,173.580000,13.900000
2016-05-02 00:00:00,169.930000,13.300000
2016-09-27 09:00:00,530.670000,18.900000
2016-04-06 19:00:00,305.680000,12.800000
2016-04-22 06:00:00,352.870000,17.800000
2016-06-24 07:00:00,467.480000,23.300000
2016-08-31 23:00:00,299.540000,26.700000
2016-01-11 11:00:00,440.860000,1.700000
2016-09-04 20:00:00,404.640000,23.300000
2016-06-13 19:00:00,482.780000,25.600000
2016-09-15 00:00:00,243.120000,25.000000
2016-04-19 04:00:00,338.970000,13.900000
2016-08-14 16:00:00,549.160000,36.100000
2016-01-08 01:00:00,224.850000,4.400000
2016-02-21 03:00:00,234.510000,8.900000
2016-08-14 08:00:00,269.690000,30.600000
2016-09-20 15:00:00,657.880000,26.100000
2016-05-01 09:00:00,163.750000,12.200000
2016-05-12 10:00:00,472.840000,15.600000
2016-03-05 20:00:00,267.250000,3.900000
2016-01-04 23:00:00,199.590000,-4.400000
2016-07-19 09:00:00,584.150000,29.400000
2016-02-22 19:00:00,408.350000,8.300000
2016-10-16 17:00:00,385.570000,21.100000
2016-01-21 16:00:00,491.370000,0.600000
2016-03-11 09:00:00,466.110000,16.700000
2016-06-27 04:00:00,440.470000,20.000000
2016-05-27 06:00:00,470.280000,22.200000
2016-06-22 02:00:00,212.480000,21.700000
2016-02-11 04:00:00,444.080000,-4.400000
2016-01-03 21:00:00,284.440000,3.300000
2016-02-27 11:00:00,394.660000,3.900000
2016-08-07 00:00:00,238.820000,26.700000
2016-10-19 09:00:00,616.760000,22.200000
2016-02-28 21:00:00,419.550000,13.900000
2016-04-26 21:00:00,297.390000,25.000000
2016-03-15 19:00:00,393.890000,16.100000
2016-09-16 01:00:00,213.540000,19.400000
2016-06-25 21:00:00,216.170000,24.400000
2016-03-04 05:00:00,414.240000,0.600000
2016-03-03 16:00:00,441.750000,5.000000
2016-02-06 02:00:00,270.240000,0.600000
2016-03-28 13:00:00,368.380000,21.100000
2016-05-11 04:00:00,276.790000,12.200000
2016-01-20 09:00:00,595.820000,-6.100000
2016-03-29 18:00:00,358.020000,14.400000
2016-08-28 21:00:00,344.820000,26.700000
2016-07-07 12:00:00,567.850000,32.800000
2016-06-19 03:00:00,170.190000,19.400000
2016-01-02 13:00:00,278.150000,7.800000
2016-03-06 15:00:00,354.450000,10.600000
2016-09-23 07:00:00,502.690000,20.600000
2016-06-07 09:00:00,596.960000,25.600000
2016-08-13 17:00:00,663.710000,36.700000
2016-05-22 00:00:00,191.890000,12.800000
2016-05-30 14:00:00,488.900000,26.100000
2016-07-08 22:00:00,249.270000,26.700000
2016-01-01 19:00:00,293.390000,4.400000
2016-06-11 19:00:00,259.580000,33.900000
2016-09-16 04:00:00,435.390000,19.400000
2016-03-10 12:00:00,527.350000,21.100000
2016-10-05 04:00:00,332.600000,15.000000
2016-10-17 13:00:00,588.860000,27.200000
2016-05-16 00:00:00,155.650000,8.900000
2016-05-09 05:00:00,251.970000,11.100000
2016-08-26 06:00:00,580.560000,25.000000
2016-04-05 06:00:00,343.990000,-0.600000
2016-01-10 23:00:00,224.820000,3.900000
2016-08-31 16:00:00,682.530000,31.700000
2016-04-22 23:00:00,191.870000,18.300000
2016-04-19 07:00:00,337.390000,15.600000
2016-09-17 05:00:00,212.780000,20.600000
2016-10-19 11:00:00,639.710000,24.400000
2016-01-11 23:00:00,225.180000,-0.600000
2016-04-06 04:00:00,299.900000,1.100000
2016-10-28 16:00:00,402.860000,16.700000
2016-04-18 00:00:00,251.110000,13.900000
2016-05-20 08:00:00,377.680000,16.700000
2016-08-26 23:00:00,312.060000,29.400000
2016-04-04 02:00:00,205.140000,10.000000
2016-10-04 08:00:00,496.780000,17.800000
2016-10-10 20:00:00,319.850000,14.400000
2016-03-19 04:00:00,200.920000,8.900000
2016-01-31 13:00:00,389.940000,11.100000
2016-09-30 20:00:00,403.590000,18.300000
2016-04-05 13:00:00,431.660000,5.600000
2016-09-01 17:00:00,640.250000,27.800000
2016-02-03 19:00:00,438.960000,13.300000
2016-03-17 14:00:00,467.150000,19.400000
2016-05-04 14:00:00,420.400000,15.000000
2016-01-14 07:00:00,462.210000,-2.200000
2016-10-12 18:00:00,459.520000,17.800000
2016-02-19 06:00:00,379.190000,-2.200000
2016-04-06 14:00:00,370.740000,12.800000
2016-08-16 00:00:00,230.930000,24.400000
2016-04-17 09:00:00,231.740000,13.300000
2016-08-03 11:00:00,347.930000,26.700000
2016-05-20 03:00:00,274.480000,12.200000
2016-09-25 02:00:00,217.900000,17.200000
2016-09-13 13:00:00,669.620000,31.100000
2016-07-27 00:00:00,270.250000,28.900000
2016-06-19 10:00:00,392.080000,26.700000
2016-05-24 10:00:00,554.850000,23.300000
2016-10-10 06:00:00,302.240000,10.000000
2016-01-23 16:00:00,403.960000,-3.300000
2016-08-01 05:00:00,493.060000,24.400000
2016-01-14 20:00:00,404.350000,6.100000
2016-02-27 12:00:00,400.530000,5.000000
2016-02-10 05:00:00,424.910000,-1.100000
2016-05-19 17:00:00,449.970000,20.600000
2016-06-05 17:00:00,422.170000,25.000000
2016-10-05 01:00:00,199.730000,16.100000
2016-08-25 07:00:00,522.990000,22.800000
2016-03-10 02:00:00,255.500000,14.400000
2016-09-18 22:00:00,284.860000,26.100000
2016-02-10 16:00:00,471.950000,2.200000
2016-03-16 17:00:00,457.710000,21.700000
2016-10-18 10:00:00,589.700000,21.100000
2016-08-01 15:00:00,593.410000,33.300000
2016-04-27 00:00:00,202.980000,22.200000
2016-06-28 20:00:00,461.850000,22.800000
2016-02-19 02:00:00,250.630000,-1.100000
2016-09-09 12:00:00,745.010000,33.900000
2016-09-15 14:00:00,641.910000,23.900000
2016-07-28 16:00:00,594.900000,29.400000
2016-09-25 21:00:00,220.530000,18.900000
2016-08-02 14:00:00,338.260000,32.800000
2016-06-21 04:00:00,436.190000,24.400000
2016-04-06 18:00:00,321.360000,13.300000
2016-09-16 18:00:00,524.150000,23.300000
2016-03-08 21:00:00,445.510000,15.600000
2016-06-18 05:00:00,166.450000,18.900000
2016-03-05 05:00:00,266.710000,2.200000
2016-06-29 17:00:00,494.230000,27.200000
2016-05-21 15:00:00,288.360000,14.400000
2016-01-19 03:00:00,259.230000,-8.900000
2016-06-12 09:00:00,244.840000,31.700000
2016-08-29 04:00:00,547.770000,22.800000
2016-02-12 23:00:00,271.520000,-2.200000
2016-08-08 00:00:00,197.560000,24.400000
2016-01-03 02:00:00,207.760000,2.200000
2016-02-01 19:00:00,402.910000,7.800000
2016-01-11 05:00:00,328.690000,-1.100000
2016-09-06 06:00:00,418.290000,21.700000
2016-03-29 06:00:00,315.460000,8.900000
2016-09-13 18:00:00,615.070000,28.900000
2016-08-28 04:00:00,279.730000,23.900000
2016-10-21 16:00:00,564.600000,18.300000
2016-05-29 03:00:00,226.570000,20.000000
2016-04-22 05:00:00,349.810000,18.300000
2016-09-18 03:00:00,234.580000,22.200000
2016-03-12 05:00:00,197.990000,11.100000
2016-06-20 05:00:00,380.130000,20.600000
2016-04-10 23:00:00,225.960000,8.300000
2016-07-01 20:00:00,542.980000,25.600000
2016-06-25 10:00:00,494.020000,26.100000
2016-01-14 09:00:00,539.860000,-0.600000
2016-06-06 21:00:00,265.110000,25.000000
2016-03-06 08:00:00,251.850000,3.900000
2016-01-20 12:00:00,579.050000,-1.700000
2016-05-08 05:00:00,161.720000,12.200000
2016-07-27 12:00:00,590.470000,33.900000
2016-09-29 09:00:00,571.600000,21.100000
2016-05-12 06:00:00,319.760000,14.400000
2016-01-30 15:00:00,375.820000,4.400000
2016-01-31 22:00:00,277.230000,10.600000
2016-07-08 02:00:00,232.540000,26.100000
2016-03-17 02:00:00,228.910000,12.200000
2016-04-13 10:00:00,450.200000,10.600000
2016-03-29 13:00:00,368.610000,13.900000
2016-03-08 13:00:00,571.910000,23.300000
2016-08-25 02:00:00,253.090000,22.200000
2016-01-10 17:00:00,263.710000,12.800000
2016-01-03 17:00:00,270.880000,9.400000
2016-08-13 12:00:00,648.830000,35.000000
2016-09-25 23:00:00,177.630000,18.900000
2016-07-31 14:00:00,521.520000,31.700000
2016-10-04 12:00:00,549.160000,22.200000
2016-08-08 08:00:00,507.750000,26.700000
2016-02-13 12:00:00,460.990000,-5.600000
2016-03-09 06:00:00,357.490000,8.900000
2016-03-23 04:00:00,360.950000,12.800000
2016-05-24 19:00:00,469.880000,26.700000
2016-01-10 01:00:00,222.940000,10.600000
2016-09-04 21:00:00,281.370000,22.800000
2016-04-12 15:00:00,496.150000,17.200000
2016-06-12 08:00:00,239.500000,28.300000
2016-01-22 07:00:00,489.330000,-3.900000
2016-07-17 19:00:00,475.890000,30.600000
2016-03-19 16:00:00,410.140000,3.900000
2016-07-06 01:00:00,237.520000,26.100000
2016-04-25 16:00:00,472.320000,24.400000
2016-05-23 16:00:00,495.240000,20.600000
2016-09-04 16:00:00,420.800000,27.800000
2016-03-15 12:00:00,392.100000,12.800000
2016-03-12 22:00:00,229.290000,12.200000
2016-04-10 04:00:00,222.900000,0.000000
2016-02-12 07:00:00,479.350000,-6.700000
2016-05-16 10:00:00,434.870000,13.300000
2016-09-13 14:00:00,693.910000,31.100000
2016-06-03 08:00:00,568.660000,22.800000
2016-09-04 22:00:00,194.080000,22.800000
2016-10-14 19:00:00,380.790000,15.600000
2016-02-25 06:00:00,354.440000,9.400000
2016-08-23 19:00:00,530.250000,26.100000
2016-04-12 23:00:00,224.550000,9.400000
2016-06-16 11:00:00,598.020000,25.600000
2016-10-22 06:00:00,170.490000,12.200000
2016-07-22 20:00:00,590.850000,30.600000
2016-06-12 23:00:00,189.170000,22.800000
2016-05-28 21:00:00,251.580000,25.000000
2016-02-11 19:00:00,477.980000,-3.900000
2016-07-13 11:00:00,581.160000,29.400000
2016-02-18 17:00:00,450.140000,3.300000
2016-09-17 12:00:00,520.160000,26.100000
2016-02-20 05:00:00,238.700000,6.700000
2016-03-22 07:00:00,386.960000,3.300000
2016-06-25 02:00:00,224.670000,22.200000
2016-08-18 11:00:00,655.830000,30.000000
2016-07-13 17:00:00,604.520000,30.600000
2016-09-22 08:00:00,561.160000,22.200000
2016-07-24 06:00:00,222.080000,27.200000
2016-07-19 06:00:00,474.060000,24.400000
2016-09-25 07:00:00,161.960000,15.600000
2016-07-18 02:00:00,272.110000,26.100000
2016-09-21 18:00:00,602.530000,26.700000
2016-08-11 08:00:00,591.940000,28.900000
2016-05-25 08:00:00,540.460000,20.600000
2016-04-13 11:00:00,456.720000,11.100000
2016-04-10 19:00:00,253.600000,10.000000
2016-05-09 08:00:00,396.590000,13.900000
2016-10-28 07:00:00,349.200000,11.100000
2016-08-31 20:00:00,594.050000,28.900000
2016-06-17 09:00:00,562.110000,20.000000
2016-07-10 06:00:00,189.630000,23.300000
2016-07-22 11:00:00,564.380000,30.600000
2016-01-14 06:00:00,423.790000,-1.700000
2016-09-19 00:00:00,281.030000,25.600000
2016-01-08 08:00:00,368.770000,4.400000
2016-04-23 01:00:00,191.710000,17.800000
2016-10-23 17:00:00,341.940000,18.900000
2016-05-17 07:00:00,343.500000,14.400000
2016-04-27 05:00:00,340.490000,15.000000
2016-01-27 18:00:00,449.390000,3.900000
2016-07-04 00:00:00,199.460000,20.600000
2016-05-10 19:00:00,358.040000,16.700000
2016-10-24 00:00:00,173.600000,14.400000
2016-01-04 19:00:00,367.600000,-1.100000
2016-06-20 07:00:00,384.110000,22.800000
2016-07-08 08:00:00,513.760000,28.300000
2016-02-10 00:00:00,277.440000,0.000000
2016-04-11 18:00:00,472.180000,19.400000
2016-03-22 14:00:00,450.720000,15.000000
2016-09-06 05:00:00,418.050000,22.200000
2016-09-22 14:00:00,678.720000,30.000000
2016-04-07 15:00:00,494.380000,17.800000
2016-08-30 05:00:00,516.440000,24.400000
2016-05-12 07:00:00,344.850000,15.000000
2016-01-24 02:00:00,240.940000,-1.100000
2016-04-20 17:00:00,437.000000,21.100000
2016-07-13 22:00:00,309.600000,27.200000
2016-10-15 15:00:00,377.600000,20.000000
2016-01-05 10:00:00,507.410000,-5.600000
2016-08-23 21:00:00,346.080000,23.300000
2016-08-07 03:00:00,207.610000,24.400000
2016-10-05 19:00:00,405.700000,18.900000
2016-08-04 17:00:00,518.640000,28.300000
2016-04-27 13:00:00,445.630000,12.800000
2016-07-16 04:00:00,249.540000,24.400000
2016-06-20 01:00:00,188.880000,22.200000
2016-02-13 21:00:00,284.060000,-8.300000
2016-05-17 00:00:00,184.550000,14.400000
2016-02-01 04:00:00,388.820000,7.800000
2016-02-09 21:00:00,421.900000,1.700000
2016-03-12 08:00:00,264.640000,10.600000
2016-02-15 00:00:00,279.200000,-6.100000
2016-08-23 01:00:00,218.350000,22.200000
2016-01-21 23:00:00,266.960000,-2.800000
2016-04-05 14:00:00,444.190000,6.700000
2016-01-02 17:00:00,279.630000,7.800000
2016-06-08 06:00:00,340.360000,18.900000
2016-08-23 16:00:00,606.610000,28.300000
2016-07-30 01:00:00,257.940000,26.100000
2016-07-19 02:00:00,247.650000,22.800000
2016-09-05 02:00:00,174.350000,19.400000
2016-03-24 16:00:00,481.170000,25.000000
2016-04-17 10:00:00,341.710000,15.000000
2016-06-03 14:00:00,629.540000,26.100000
2016-06-19 07:00:00,161.660000,21.700000
2016-03-07 15:00:00,524.220000,18.300000
2016-08-22 04:00:00,510.530000,22.800000
2016-02-19 11:00:00,495.890000,0.000000
2016-04-25 01:00:00,172.870000,12.200000
2016-08-30 10:00:00,704.980000,28.300000
2016-05-27 22:00:00,288.220000,24.400000
2016-03-31 14:00:00,354.590000,23.300000
2016-06-06 22:00:00,225.960000,23.900000
2016-10-13 08:00:00,507.130000,13.900000
2016-06-24 22:00:00,226.820000,23.300000
2016-05-08 00:00:00,163.280000,14.400000
2016-03-23 09:00:00,454.880000,14.400000
2016-04-12 03:00:00,378.050000,18.300000
2016-05-12 04:00:00,285.660000,14.400000
2016-10-01 16:00:00,395.830000,18.900000
2016-10-17 19:00:00,493.850000,21.700000
2016-03-13 08:00:00,207.380000,12.800000
2016-05-07 01:00:00,200.230000,11.700000
2016-03-30 12:00:00,335.510000,13.300000
2016-03-06 05:00:00,267.960000,3.900000
2016-10-05 09:00:00,481.190000,17.800000
2016-06-20 12:00:00,517.790000,30.600000
2016-10-07 08:00:00,549.090000,17.800000
2016-02-19 18:00:00,438.600000,3.900000
2016-04-23 09:00:00,271.550000,16.700000
2016-10-21 20:00:00,451.900000,15.600000
2016-08-13 10:00:00,612.690000,32.800000
2016-06-24 04:00:00,430.240000,22.200000
2016-10-08 20:00:00,219.940000,18.900000
2016-07-15 06:00:00,546.620000,26.700000
2016-02-23 21:00:00,375.040000,6.100000
2016-07-27 10:00:00,590.990000,32.200000
2016-10-21 11:00:00,610.980000,24.400000
2016-04-30 02:00:00,170.410000,11.100000
2016-07-10 17:00:00,444.360000,29.400000
2016-07-12 14:00:00,533.930000,30.600000
2016-07-04 20:00:00,409.640000,22.800000
2016-08-13 19:00:00,289.100000,33.900000
2016-07-26 00:00:00,283.210000,27.800000
2016-04-04 16:00:00,489.230000,15.600000
2016-03-15 16:00:00,443.630000,16.700000
2016-08-31 06:00:00,532.870000,23.300000
2016-08-08 18:00:00,521.840000,25.600000
2016-09-27 18:00:00,493.580000,21.700000
2016-07-14 13:00:00,639.690000,36.100000
2016-05-06 07:00:00,323.770000,11.700000
2016-09-17 00:00:00,202.560000,21.100000
2016-02-12 22:00:00,329.300000,-1.700000
2016-03-11 20:00:00,352.620000,17.800000
2016-06-13 15:00:00,573.220000,26.700000
2016-03-29 20:00:00,324.910000,12.800000
2016-04-15 09:00:00,309.650000,11.700000
2016-01-29 11:00:00,494.400000,3.300000
2016-10-17 16:00:00,585.850000,25.600000
2016-08-05 18:00:00,510.530000,26.700000
2016-02-18 07:00:00,440.380000,0.000000
2016-04-21 22:00:00,257.730000,19.400000
2016-10-24 01:00:00,171.970000,13.900000
2016-01-31 23:00:00,240.010000,10.600000
2016-04-04 23:00:00,211.650000,6.100000
2016-10-09 02:00:00,199.940000,17.200000
2016-03-12 01:00:00,217.500000,12.800000
2016-04-20 22:00:00,230.370000,15.000000
2016-03-19 03:00:00,198.700000,10.000000
2016-07-02 00:00:00,230.100000,23.300000
2016-01-08 11:00:00,453.810000,5.000000
2016-03-06 11:00:00,386.670000,6.100000
2016-06-10 23:00:00,193.840000,22.200000
2016-03-01 18:00:00,484.160000,14.400000
2016-05-08 11:00:00,273.380000,19.400000
2016-01-02 07:00:00,202.990000,0.600000
2016-03-03 17:00:00,436.700000,4.400000
2016-08-03 17:00:00,343.460000,27.200000
2016-01-08 00:00:00,228.020000,4.400000
2016-09-24 02:00:00,264.810000,21.700000
2016-04-29 10:00:00,416.870000,10.000000
2016-07-01 00:00:00,235.070000,23.900000
2016-03-21 12:00:00,495.230000,8.900000
2016-02-01 12:00:00,528.020000,15.000000
2016-04-02 23:00:00,201.350000,7.200000
2016-02-25 14:00:00,419.780000,8.300000
2016-09-29 04:00:00,346.160000,20.000000
2016-02-22 02:00:00,233.140000,8.900000
2016-03-14 01:00:00,209.520000,10.000000
2016-04-07 22:00:00,229.630000,10.600000
2016-09-17 16:00:00,526.040000,27.800000
2016-03-21 04:00:00,290.530000,3.300000
2016-10-06 18:00:00,427.710000,20.000000
2016-03-11 03:00:00,266.830000,20.600000
2016-05-21 18:00:00,292.480000,13.900000
2016-06-09 21:00:00,257.510000,23.300000
2016-07-18 19:00:00,532.460000,26.700000
2016-08-15 13:00:00,674.090000,35.000000
2016-05-30 17:00:00,496.840000,24.400000
2016-05-10 13:00:00,425.650000,17.200000
2016-02-29 20:00:00,404.270000,12.800000
2016-02-14 05:00:00,287.440000,-10.000000
2016-01-21 20:00:00,479.960000,-1.700000
2016-01-19 05:00:00,498.840000,-8.900000
2016-02-29 09:00:00,495.540000,12.800000
2016-01-31 17:00:00,358.040000,11.100000
2016-06-16 01:00:00,216.540000,23.900000
2016-03-18 16:00:00,429.440000,18.900000
2016-01-04 08:00:00,385.760000,1.700000
2016-03-31 12:00:00,356.740000,21.700000
2016-02-14 06:00:00,288.000000,-10.600000
2016-10-25 17:00:00,407.380000,15.600000
2016-09-29 18:00:00,476.420000,20.000000
2016-07-12 19:00:00,533.330000,27.800000
2016-07-07 03:00:00,506.700000,25.600000
2016-06-20 03:00:00,406.380000,20.600000
2016-10-14 06:00:00,326.220000,10.000000
2016-03-05 06:00:00,265.060000,2.200000
2016-08-21 21:00:00,381.560000,26.100000
2016-08-01 04:00:00,504.590000,25.000000
2016-07-10 00:00:00,204.820000,26.700000
2016-01-23 06:00:00,247.010000,-3.300000
2016-05-16 02:00:00,155.060000,8.300000
2016-05-18 11:00:00,470.530000,15.600000
2016-01-25 09:00:00,446.500000,-6.100000
2016-10-09 23:00:00,173.870000,13.900000
2016-04-28 21:00:00,199.510000,8.900000
2016-02-29 15:00:00,477.860000,17.200000
2016-09-20 03:00:00,457.210000,22.200000
2016-08-06 15:00:00,562.540000,27.200000
2016-06-22 01:00:00,209.600000,21.700000
2016-08-03 15:00:00,517.340000,28.300000
2016-02-05 02:00:00,231.680000,2.800000
2016-08-23 06:00:00,427.950000,19.400000
2016-05-30 19:00:00,494.800000,23.900000
2016-08-23 18:00:00,542.080000,27.200000
2016-10-01 12:00:00,384.670000,18.900000
2016-10-12 13:00:00,490.850000,19.400000
2016-10-07 01:00:00,209.120000,18.300000
2016-10-12 22:00:00,229.810000,15.000000
2016-10-24 04:00:00,356.070000,12.800000
2016-04-07 11:00:00,426.170000,13.300000
2016-05-13 09:00:00,505.500000,17.800000
2016-03-10 06:00:00,382.220000,14.400000
2016-05-06 20:00:00,259.160000,11.700000
2016-05-06 21:00:00,214.340000,11.100000
2016-06-23 06:00:00,454.910000,22.200000
2016-09-25 14:00:00,407.050000,23.300000
2016-01-17 17:00:00,355.870000,2.200000
2016-02-13 07:00:00,275.550000,-5.600000
2016-01-07 13:00:00,432.120000,5.000000
2016-07-11 01:00:00,198.430000,25.000000
2016-02-27 08:00:00,417.090000,-0.600000
2016-10-24 17:00:00,458.420000,18.900000
2016-05-02 07:00:00,324.650000,13.300000
2016-03-26 00:00:00,205.610000,9.400000
2016-07-27 16:00:00,623.280000,33.900000
2016-02-06 01:00:00,271.520000,1.700000
2016-02-28 20:00:00,437.830000,13.300000
2016-08-06 18:00:00,566.470000,28.300000
2016-03-10 00:00:00,264.400000,16.100000
2016-10-24 02:00:00,160.930000,13.900000
2016-08-16 17:00:00,654.040000,34.400000
2016-08-11 05:00:00,552.050000,26.100000
2016-05-11 01:00:00,172.360000,12.200000
2016-04-01 00:00:00,261.830000,19.400000
2016-04-07 23:00:00,225.270000,10.000000
2016-01-23 07:00:00,246.960000,-3.900000
2016-07-29 16:00:00,569.740000,32.200000
2016-03-13 15:00:00,254.510000,12.200000
2016-02-15 10:00:00,399.570000,-4.400000
2016-02-27 10:00:00,402.160000,3.300000
2016-09-13 22:00:00,270.230000,24.400000
2016-09-24 21:00:00,206.890000,19.400000
2016-06-10 22:00:00,207.170000,22.800000
2016-07-13 14:00:00,620.160000,30.600000
2016-07-10 23:00:00,204.670000,25.600000
2016-07-01 03:00:00,463.430000,22.800000
2016-02-22 00:00:00,237.090000,8.900000
2016-01-20 17:00:00,525.470000,-1.700000
2016-03-05 09:00:00,413.160000,2.200000
2016-05-17 13:00:00,475.060000,12.800000
2016-09-09 17:00:00,685.840000,33.300000
2016-05-12 19:00:00,397.010000,17.200000
2016-08-04 02:00:00,189.880000,22.200000
2016-05-18 01:00:00,193.160000,12.800000
2016-01-20 13:00:00,533.510000,-1.700000
2016-04-29 14:00:00,380.570000,12.200000
2016-02-22 21:00:00,320.100000,7.800000
2016-06-02 00:00:00,239.290000,22.200000
2016-02-13 20:00:00,287.360000,-7.800000
2016-01-11 07:00:00,377.000000,-1.700000
2016-07-08 20:00:00,545.800000,27.800000
2016-03-31 01:00:00,236.390000,13.300000
2016-08-24 11:00:00,661.150000,27.800000
2016-04-06 05:00:00,305.620000,1.100000
2016-03-16 13:00:00,515.400000,22.800000
2016-03-26 11:00:00,299.840000,10.000000
2016-07-08 09:00:00,539.260000,29.400000
2016-04-20 12:00:00,411.420000,18.300000
2016-09-29 13:00:00,584.730000,21.100000
2016-01-10 12:00:00,280.460000,16.100000
2016-03-02 09:00:00,470.900000,4.400000
2016-01-01 17:00:00,293.760000,6.100000
2016-07-04 22:00:00,207.210000,23.300000
2016-08-25 04:00:00,500.610000,22.200000
2016-03-03 05:00:00,402.040000,-1.100000
2016-09-16 19:00:00,504.410000,23.300000
2016-03-29 12:00:00,380.780000,13.300000
2016-05-21 21:00:00,185.520000,12.800000
2016-02-11 18:00:00,473.590000,-3.300000
2016-06-03 03:00:00,458.040000,22.200000
2016-05-14 00:00:00,201.520000,15.000000
2016-06-02 14:00:00,635.370000,26.700000
2016-02-28 07:00:00,260.080000,0.600000
2016-04-24 02:00:00,174.290000,11.700000
2016-02-19 23:00:00,245.860000,4.400000
2016-05-19 03:00:00,283.420000,13.900000
2016-05-15 11:00:00,257.790000,13.300000
2016-01-23 15:00:00,383.960000,-3.300000
2016-08-29 18:00:00,663.880000,32.200000
2016-07-01 07:00:00,466.480000,23.300000
2016-06-11 05:00:00,174.790000,19.400000
2016-04-17 17:00:00,397.340000,22.800000
2016-03-04 01:00:00,258.250000,0.600000
2016-10-27 04:00:00,327.100000,10.600000
2016-06-26 22:00:00,190.920000,22.800000
2016-08-16 10:00:00,638.680000,28.300000
2016-08-19 12:00:00,657.500000,31.700000
2016-01-05 00:00:00,202.900000,-5.600000
2016-05-02 12:00:00,553.470000,19.400000
2016-04-24 21:00:00,201.460000,13.300000
2016-07-16 16:00:00,584.020000,33.300000
2016-07-27 22:00:00,273.190000,29.400000
2016-07-11 17:00:00,512.120000,30.000000
2016-01-07 12:00:00,438.610000,4.400000
2016-02-25 16:00:00,449.840000,7.800000
2016-03-03 19:00:00,440.410000,3.900000
2016-04-15 19:00:00,377.080000,14.400000
2016-07-10 18:00:00,446.900000,29.400000
2016-06-03 02:00:00,221.020000,22.200000
2016-09-08 07:00:00,575.960000,25.000000
2016-01-30 00:00:00,255.700000,-0.600000
2016-01-18 17:00:00,435.630000,-6.100000
2016-04-17 23:00:00,252.680000,15.600000
2016-07-30 23:00:00,227.890000,24.400000
2016-06-22 22:00:00,240.520000,23.900000
2016-05-30 05:00:00,460.450000,20.600000
2016-02-13 08:00:00,518.450000,-6.100000
2016-01-19 15:00:00,566.210000,-2.800000
2016-06-08 19:00:00,407.740000,20.600000
2016-06-10 01:00:00,170.960000,19.400000
2016-06-14 21:00:00,280.250000,21.700000
2016-01-25 16:00:00,378.690000,5.000000
2016-08-14 01:00:00,277.970000,30.600000
2016-09-22 10:00:00,663.430000,26.100000
2016-01-31 16:00:00,375.210000,10.000000
2016-01-06 11:00:00,479.290000,0.000000
2016-08-17 12:00:00,678.390000,31.700000
2016-06-13 09:00:00,489.730000,20.600000
2016-08-26 11:00:00,780.520000,32.800000
2016-02-06 13:00:00,334.260000,5.600000
2016-01-27 00:00:00,240.990000,7.200000
2016-10-19 19:00:00,529.590000,24.400000
2016-02-08 15:00:00,444.550000,7.800000
2016-03-08 06:00:00,382.380000,9.400000
2016-08-06 08:00:00,533.550000,26.100000
2016-05-06 17:00:00,343.600000,11.700000
2016-02-20 21:00:00,242.460000,10.600000
2016-09-30 10:00:00,451.180000,17.800000
2016-04-30 12:00:00,247.290000,12.800000
2016-10-11 22:00:00,218.200000,12.800000
2016-04-10 13:00:00,264.010000,8.300000
2016-01-04 21:00:00,359.310000,-2.800000
2016-07-27 18:00:00,578.840000,33.300000
2016-03-16 07:00:00,335.350000,9.400000
2016-05-17 15:00:00,455.420000,12.800000
2016-08-19 17:00:00,611.260000,32.200000
2016-09-03 23:00:00,187.000000,22.800000
2016-02-15 23:00:00,269.500000,-1.100000
2016-04-22 16:00:00,493.680000,21.700000
2016-05-09 15:00:00,436.420000,17.200000
2016-08-02 21:00:00,236.370000,26.100000
2016-06-01 16:00:00,643.710000,28.300000
2016-06-07 06:00:00,433.370000,21.700000
2016-01-20 20:00:00,504.840000,-3.300000
2016-05-22 11:00:00,280.220000,13.300000
2016-04-18 06:00:00,329.890000,11.700000
2016-07-01 09:00:00,500.400000,25.000000
2016-04-06 00:00:00,211.550000,3.300000
2016-07-02 19:00:00,210.470000,25.000000
2016-09-27 23:00:00,212.390000,18.900000
2016-04-12 16:00:00,505.390000,17.200000
2016-04-19 13:00:00,505.280000,28.300000
2016-08-12 16:00:00,654.150000,36.100000
2016-07-30 17:00:00,560.580000,28.900000
2016-02-01 08:00:00,399.570000,8.300000
2016-07-17 09:00:00,249.830000,26.100000
2016-09-16 22:00:00,202.180000,22.200000
2016-05-05 22:00:00,202.300000,12.800000
2016-01-15 15:00:00,435.390000,9.400000
2016-01-21 07:00:00,464.570000,-4.400000
2016-04-11 13:00:00,459.000000,20.000000
2016-06-29 19:00:00,472.470000,25.600000
2016-10-13 07:00:00,405.850000,12.800000
2016-09-05 19:00:00,471.490000,28.300000
2016-08-06 19:00:00,267.090000,27.200000
2016-02-11 16:00:00,490.960000,-1.700000
2016-01-24 09:00:00,235.420000,-3.900000
2016-04-04 18:00:00,412.780000,13.900000
2016-03-10 22:00:00,268.820000,22.200000
2016-09-20 08:00:00,605.040000,22.200000
2016-05-19 07:00:00,347.240000,13.900000
2016-01-14 22:00:00,280.240000,4.400000
2016-04-01 19:00:00,387.340000,25.600000
2016-09-05 18:00:00,502.650000,28.900000
2016-10-05 14:00:00,568.500000,22.200000
2016-04-28 00:00:00,166.800000,12.200000
2016-04-03 01:00:00,203.470000,6.700000
2016-08-13 18:00:00,663.350000,35.600000
2016-01-01 23:00:00,204.880000,3.300000
2016-06-24 19:00:00,474.150000,24.400000
2016-06-18 04:00:00,170.670000,19.400000
2016-07-12 02:00:00,204.950000,22.800000
2016-06-18 13:00:00,440.190000,28.900000
2016-07-08 23:00:00,246.350000,26.100000
2016-03-23 03:00:00,351.460000,13.300000
2016-08-03 01:00:00,156.790000,23.300000
2016-05-28 12:00:00,546.560000,28.900000
2016-06-06 02:00:00,215.230000,21.100000
2016-08-18 18:00:00,609.100000,31.100000
2016-01-19 13:00:00,554.740000,-3.300000
2016-08-13 01:00:00,275.170000,28.900000
2016-04-02 04:00:00,232.800000,16.100000
2016-04-17 20:00:00,382.570000,19.400000
2016-08-20 15:00:00,615.400000,32.800000
2016-04-30 07:00:00,250.620000,10.600000
2016-09-21 04:00:00,475.610000,23.300000
2016-03-21 05:00:00,296.680000,3.300000
2016-07-06 05:00:00,471.630000,25.000000
2016-02-08 20:00:00,433.350000,5.000000
2016-02-05 18:00:00,430.890000,4.400000
2016-03-01 04:00:00,384.950000,5.600000
2016-08-27 07:00:00,557.350000,27.200000
2016-06-18 01:00:00,186.770000,20.600000
2016-05-02 05:00:00,232.440000,12.800000
2016-10-06 08:00:00,543.940000,16.700000
2016-10-12 17:00:00,468.310000,19.400000
2016-06-10 08:00:00,468.570000,21.100000
2016-10-13 10:00:00,529.550000,17.800000
2016-03-28 12:00:00,397.340000,18.900000
2016-08-15 16:00:00,695.330000,34.400000
2016-04-13 20:00:00,340.670000,10.600000
2016-09-29 16:00:00,541.960000,20.600000
2016-04-01 13:00:00,402.690000,24.400000
2016-02-13 16:00:00,441.390000,-6.100000
2016-04-01 05:00:00,343.840000,20.600000
2016-04-16 04:00:00,218.010000,7.800000
2016-07-07 07:00:00,514.740000,26.700000
2016-03-19 22:00:00,239.680000,3.300000
2016-02-23 15:00:00,484.640000,7.200000
2016-10-20 10:00:00,583.010000,23.900000
2016-01-16 18:00:00,367.460000,7.800000
2016-05-26 15:00:00,681.390000,30.000000
2016-07-22 12:00:00,581.210000,32.800000
2016-08-05 07:00:00,489.730000,24.400000
2016-01-09 07:00:00,220.060000,5.600000
2016-09-07 09:00:00,657.080000,28.300000
2016-09-10 22:00:00,287.350000,27.800000
2016-10-01 01:00:00,291.600000,17.800000
2016-05-07 11:00:00,235.280000,15.000000
2016-06-12 02:00:00,247.700000,26.100000
2016-06-04 17:00:00,512.480000,26.700000
2016-07-27 20:00:00,554.270000,31.100000
2016-02-14 11:00:00,451.040000,-6.700000
2016-10-06 06:00:00,405.120000,16.100000
2016-07-23 00:00:00,295.750000,28.300000
2016-04-04 14:00:00,521.220000,22.800000
2016-10-06 03:00:00,316.590000,16.100000
2016-06-06 09:00:00,655.120000,26.700000
2016-03-29 08:00:00,341.800000,10.000000
2016-05-13 18:00:00,476.920000,23.900000
2016-04-08 05:00:00,334.170000,6.700000
2016-09-22 12:00:00,668.390000,28.900000
2016-07-18 12:00:00,604.900000,33.300000
2016-06-07 00:00:00,225.030000,24.400000
2016-10-28 19:00:00,335.230000,14.400000
2016-03-25 21:00:00,225.630000,12.200000
2016-07-05 04:00:00,444.970000,23.900000
2016-04-30 00:00:00,174.790000,11.700000
2016-08-25 22:00:00,323.370000,27.800000
2016-06-14 01:00:00,208.080000,23.300000
2016-03-20 04:00:00,200.590000,3.900000
2016-03-21 14:00:00,446.970000,10.600000
2016-07-19 18:00:00,580.940000,30.600000
2016-04-17 15:00:00,389.360000,22.200000
2016-05-19 23:00:00,174.110000,16.100000
2016-06-25 04:00:00,225.460000,22.200000
2016-10-24 20:00:00,384.200000,15.000000
2016-06-05 07:00:00,217.180000,22.800000
2016-03-10 19:00:00,433.620000,21.700000
2016-07-29 14:00:00,562.230000,31.700000
2016-08-06 02:00:00,256.750000,25.600000
2016-05-06 14:00:00,383.530000,11.700000
2016-01-23 19:00:00,403.110000,-2.800000
2016-07-15 00:00:00,308.490000,27.800000
2016-04-30 05:00:00,167.570000,11.100000
2016-06-28 11:00:00,553.770000,27.200000
2016-09-11 07:00:00,261.580000,27.200000
2016-09-26 10:00:00,539.950000,20.600000
2016-08-07 01:00:00,227.950000,25.600000
2016-08-16 12:00:00,680.320000,32.200000
2016-08-14 19:00:00,546.800000,33.900000
2016-08-28 09:00:00,282.900000,26.700000
2016-02-25 07:00:00,374.400000,8.900000
2016-02-27 23:00:00,265.420000,3.900000
2016-09-01 10:00:00,709.720000,23.300000
2016-02-21 01:00:00,232.880000,10.000000
2016-08-03 05:00:00,307.730000,22.200000
2016-04-26 17:00:00,615.990000,28.900000
2016-06-02 19:00:00,492.680000,25.000000
2016-03-19 01:00:00,209.070000,11.700000
2016-03-07 17:00:00,504.610000,18.300000
2016-07-23 09:00:00,582.370000,32.200000
2016-07-15 10:00:00,591.510000,30.000000
2016-03-30 08:00:00,308.140000,7.800000
2016-01-22 14:00:00,452.390000,-3.900000
2016-01-26 11:00:00,377.680000,5.000000
2016-09-06 12:00:00,668.890000,31.100000
2016-08-06 20:00:00,254.670000,26.700000
2016-04-04 10:00:00,518.420000,18.900000
2016-06-24 16:00:00,549.020000,28.900000
2016-07-27 11:00:00,591.180000,32.800000
2016-01-21 11:00:00,552.780000,-1.700000
2016-09-08 15:00:00,758.180000,35.600000
2016-04-11 21:00:00,260.960000,20.600000
2016-01-14 11:00:00,500.480000,3.900000
2016-08-11 11:00:00,622.180000,33.900000
2016-09-08 19:00:00,618.240000,31.100000
2016-03-08 15:00:00,540.410000,25.600000
2016-06-08 10:00:00,545.290000,22.800000
2016-08-16 11:00:00,661.230000,30.000000
2016-06-11 04:00:00,178.150000,20.000000
2016-03-31 10:00:00,345.760000,19.400000
2016-10-28 18:00:00,366.370000,14.400000
2016-03-12 20:00:00,219.910000,12.800000
2016-05-02 19:00:00,492.000000,21.700000
2016-01-14 12:00:00,476.070000,5.600000
2016-03-26 23:00:00,205.960000,12.200000
2016-06-20 10:00:00,499.250000,27.800000
2016-05-17 08:00:00,436.460000,13.300000
2016-01-25 10:00:00,432.420000,-3.300000
2016-06-19 20:00:00,389.260000,27.200000
2016-05-23 07:00:00,354.880000,15.600000
2016-03-25 10:00:00,531.840000,20.600000
2016-01-30 10:00:00,403.130000,-0.600000
2016-07-12 12:00:00,530.430000,29.400000
2016-07-20 06:00:00,451.910000,21.700000
2016-07-25 21:00:00,340.210000,31.100000
2016-07-21 14:00:00,571.570000,30.600000
2016-10-18 22:00:00,211.330000,21.100000
2016-08-17 17:00:00,644.510000,33.900000
2016-06-11 22:00:00,251.420000,28.300000
2016-05-23 05:00:00,316.040000,13.900000
2016-07-12 08:00:00,473.520000,
2016-09-10 09:00:00,585.330000,28.300000
2016-02-12 20:00:00,450.600000,-2.200000
2016-08-24 19:00:00,563.770000,27.200000
2016-02-01 03:00:00,237.550000,8.900000
2016-07-12 07:00:00,435.950000,
2016-10-21 07:00:00,542.880000,19.400000
2016-02-03 06:00:00,350.940000,5.000000
2016-01-04 16:00:00,393.260000,1.100000
2016-01-31 14:00:00,382.170000,13.300000
2016-02-20 03:00:00,239.360000,7.200000
2016-04-06 01:00:00,215.390000,2.200000
2016-07-20 18:00:00,527.970000,29.400000
2016-06-10 03:00:00,339.340000,20.000000
2016-10-21 13:00:00,592.480000,26.100000
2016-02-05 12:00:00,475.230000,5.000000
2016-01-21 06:00:00,492.230000,-3.900000
2016-04-20 13:00:00,425.000000,19.400000
2016-05-21 01:00:00,176.160000,16.700000
2016-07-13 05:00:00,500.880000,24.400000
2016-03-14 22:00:00,209.460000,8.900000
2016-07-01 08:00:00,474.880000,24.400000
2016-09-26 19:00:00,459.740000,21.100000
2016-06-08 03:00:00,336.080000,17.800000
2016-08-10 15:00:00,,34.400000
2016-01-09 06:00:00,221.050000,5.000000
2016-03-30 03:00:00,338.490000,7.200000
2016-05-01 04:00:00,173.360000,11.100000
2016-05-02 15:00:00,569.140000,23.300000
2016-01-04 01:00:00,208.300000,1.700000
2016-01-23 20:00:00,255.900000,-2.800000
2016-10-28 23:00:00,171.220000,10.000000
2016-06-30 12:00:00,488.030000,26.700000
2016-04-30 16:00:00,233.690000,13.900000
2016-10-22 01:00:00,170.290000,13.900000
2016-10-10 13:00:00,337.290000,17.800000
2016-09-08 23:00:00,283.220000,28.300000
2016-06-14 17:00:00,540.730000,26.700000
2016-07-19 23:00:00,235.440000,21.100000
2016-10-01 20:00:00,265.180000,18.300000
2016-09-12 08:00:00,529.840000,21.700000
2016-08-09 14:00:00,574.270000,26.700000
2016-05-07 16:00:00,313.750000,17.200000
2016-06-21 17:00:00,432.610000,22.800000
2016-09-26 06:00:00,398.730000,18.900000
2016-02-24 12:00:00,472.840000,11.100000
2016-08-10 23:00:00,,27.800000
2016-07-22 02:00:00,271.680000,24.400000
2016-05-02 21:00:00,256.110000,16.700000
2016-10-02 14:00:00,372.300000,23.900000
2016-10-19 17:00:00,577.570000,28.900000
2016-03-15 13:00:00,415.920000,13.900000
2016-07-24 23:00:00,251.950000,30.000000
2016-02-12 03:00:00,282.270000,-6.100000
2016-02-09 01:00:00,264.110000,3.300000
2016-06-22 14:00:00,507.720000,29.400000
2016-04-21 04:00:00,296.290000,9.400000
2016-08-11 01:00:00,275.150000,27.200000
2016-07-09 08:00:00,523.470000,28.300000
2016-06-24 21:00:00,306.170000,23.900000
2016-04-15 03:00:00,335.880000,7.200000
2016-09-09 08:00:00,680.440000,27.200000
2016-09-10 03:00:00,278.770000,26.100000
2016-09-11 16:00:00,451.820000,28.900000
2016-06-28 13:00:00,561.840000,28.300000
2016-08-02 03:00:00,502.620000,24.400000
2016-02-24 05:00:00,365.320000,5.600000
2016-09-03 04:00:00,191.870000,21.700000
2016-08-19 05:00:00,499.960000,23.900000
2016-04-01 11:00:00,376.880000,21.100000
2016-10-11 00:00:00,160.040000,11.100000
2016-01-09 16:00:00,296.720000,10.000000
2016-03-21 08:00:00,461.210000,5.000000
2016-06-07 17:00:00,575.920000,27.800000
2016-10-28 09:00:00,399.240000,13.900000
2016-01-26 20:00:00,368.130000,8.300000
2016-05-08 16:00:00,287.180000,21.100000
2016-01-07 23:00:00,228.960000,4.400000
2016-10-11 06:00:00,322.630000,7.800000
2016-05-21 14:00:00,290.840000,14.400000
2016-02-18 22:00:00,300.790000,0.000000
2016-01-20 22:00:00,333.720000,-3.300000
2016-05-26 11:00:00,596.210000,27.200000
2016-02-24 07:00:00,386.590000,5.600000
2016-03-13 18:00:00,230.580000,10.600000
2016-02-26 14:00:00,429.090000,4.400000
2016-08-04 12:00:00,544.690000,28.300000
2016-09-06 22:00:00,258.920000,27.800000
2016-05-18 13:00:00,487.710000,17.800000
2016-08-02 19:00:00,302.650000,28.300000
2016-09-11 13:00:00,458.810000,30.000000
2016-05-08 14:00:00,284.400000,22.200000
2016-03-16 09:00:00,480.610000,16.100000
2016-01-12 22:00:00,276.430000,1.100000
2016-01-23 22:00:00,246.060000,-2.200000
2016-03-14 14:00:00,425.080000,11.700000
2016-05-26 22:00:00,268.990000,23.900000
2016-07-26 17:00:00,596.450000,35.000000
2016-04-01 06:00:00,343.790000,20.600000
2016-07-09 16:00:00,553.430000,32.233333
2016-09-01 16:00:00,682.110000,28.300000
2016-08-17 20:00:00,600.510000,30.600000
2016-02-17 20:00:00,421.810000,3.900000
2016-08-02 22:00:00,199.720000,25.000000
2016-08-10 17:00:00,,33.300000
2016-09-02 02:00:00,239.190000,21.700000
2016-07-05 22:00:00,247.280000,27.200000
2016-10-26 14:00:00,506.880000,13.900000
2016-02-15 04:00:00,459.610000,-6.100000
2016-10-25 06:00:00,338.820000,8.900000
2016-02-29 10:00:00,503.450000,14.400000
2016-10-25 18:00:00,377.350000,13.900000
2016-09-16 00:00:00,215.510000,19.400000
2016-08-05 10:00:00,529.400000,26.700000
2016-07-01 05:00:00,462.010000,21.700000
2016-07-27 23:00:00,273.630000,28.900000
2016-06-01 11:00:00,679.180000,28.900000
2016-08-14 10:00:00,557.780000,35.000000
2016-02-04 17:00:00,403.960000,8.900000
2016-02-29 16:00:00,487.870000,16.700000
2016-01-23 21:00:00,246.670000,-2.200000
2016-02-12 18:00:00,484.970000,-1.700000
2016-01-11 08:00:00,436.260000,-1.700000
2016-09-28 04:00:00,448.040000,18.300000
2016-01-13 08:00:00,483.840000,-5.600000
2016-02-29 11:00:00,567.450000,17.200000
2016-02-19 04:00:00,375.580000,-1.700000
2016-08-02 10:00:00,334.280000,28.900000
2016-10-09 15:00:00,332.310000,20.600000
2016-01-05 04:00:00,211.320000,-8.300000
2016-06-23 03:00:00,450.240000,22.800000
2016-06-01 14:00:00,660.140000,28.900000
2016-05-03 02:00:00,226.460000,17.200000
2016-05-27 19:00:00,576.940000,27.200000
2016-07-26 19:00:00,570.780000,32.800000
2016-03-07 22:00:00,296.070000,11.700000
2016-09-08 02:00:00,265.810000,24.400000
2016-06-12 10:00:00,484.630000,32.200000
2016-01-15 10:00:00,463.930000,6.100000
2016-03-29 04:00:00,312.690000,9.400000
2016-01-29 09:00:00,457.970000,5.000000
2016-08-23 00:00:00,248.030000,22.800000
2016-05-22 08:00:00,153.970000,12.800000
2016-02-29 19:00:00,437.540000,13.300000
2016-02-17 06:00:00,367.850000,0.600000
2016-02-18 03:00:00,241.800000,2.800000
2016-03-25 12:00:00,476.370000,19.400000
2016-03-10 21:00:00,397.050000,22.200000
2016-03-13 06:00:00,229.600000,12.800000
2016-06-27 14:00:00,547.740000,29.400000
2016-03-07 08:00:00,446.270000,4.400000
2016-08-14 22:00:00,260.290000,27.200000
2016-07-28 13:00:00,633.380000,32.800000
2016-03-02 22:00:00,299.430000,0.600000
2016-06-17 13:00:00,539.830000,26.700000
2016-02-15 13:00:00,390.260000,-2.800000
2016-09-06 17:00:00,641.040000,33.300000
2016-01-04 12:00:00,433.280000,2.800000
2016-08-22 11:00:00,707.180000,27.200000
2016-04-07 16:00:00,451.130000,14.400000
2016-06-10 20:00:00,433.580000,26.100000
2016-06-08 05:00:00,335.120000,17.800000
2016-03-06 00:00:00,261.500000,2.800000
2016-04-15 20:00:00,355.360000,13.300000
2016-05-25 13:00:00,585.920000,29.400000
2016-04-25 05:00:00,270.460000,10.600000
2016-10-22 14:00:00,345.600000,15.000000
2016-06-08 15:00:00,490.840000,21.700000
2016-10-23 15:00:00,344.440000,20.000000
2016-06-16 15:00:00,641.590000,30.600000
2016-08-08 09:00:00,552.870000,28.300000
2016-09-05 12:00:00,494.280000,28.900000
2016-03-06 21:00:00,355.280000,5.600000
2016-10-11 17:00:00,422.410000,17.800000
2016-03-18 20:00:00,384.420000,15.600000
2016-03-09 23:00:00,258.220000,16.700000
2016-06-27 22:00:00,268.170000,25.000000
2016-09-16 23:00:00,198.900000,21.700000
2016-09-05 23:00:00,220.580000,25.000000
2016-02-27 13:00:00,406.210000,6.700000
2016-06-01 09:00:00,687.570000,27.200000
2016-04-14 19:00:00,425.300000,14.400000
2016-09-20 02:00:00,237.790000,22.200000
2016-08-19 19:00:00,562.600000,28.900000
2016-10-13 20:00:00,413.390000,17.200000
2016-08-20 04:00:00,284.760000,24.400000
2016-08-10 11:00:00,,30.600000
2016-02-19 05:00:00,359.310000,-2.200000
2016-01-16 13:00:00,371.620000,8.900000
2016-07-22 00:00:00,280.270000,25.600000
2016-08-05 21:00:00,345.580000,25.600000
2016-07-25 05:00:00,567.700000,27.800000
2016-03-12 23:00:00,226.580000,12.200000
2016-09-20 13:00:00,648.700000,26.100000
2016-03-16 11:00:00,467.700000,20.000000
2016-09-09 07:00:00,579.790000,26.700000
2016-06-28 15:00:00,575.530000,30.000000
2016-08-30 12:00:00,701.820000,31.100000
2016-02-03 20:00:00,418.410000,13.300000
2016-03-05 13:00:00,376.780000,5.000000
2016-10-12 10:00:00,496.820000,16.700000
2016-02-25 21:00:00,381.210000,6.100000
2016-08-12 08:00:00,577.650000,30.000000
2016-03-03 01:00:00,247.600000,-0.600000
2016-08-20 00:00:00,288.230000,25.600000
2016-06-04 01:00:00,214.220000,22.200000
2016-03-08 16:00:00,553.040000,26.100000
2016-02-08 09:00:00,487.660000,4.400000
2016-01-14 10:00:00,514.320000,1.700000
2016-05-03 11:00:00,543.760000,19.400000
2016-08-21 09:00:00,310.560000,26.700000
2016-05-13 01:00:00,220.770000,16.700000
2016-10-09 00:00:00,210.920000,18.900000
2016-09-12 00:00:00,189.630000,21.100000
2016-05-25 07:00:00,419.090000,18.900000
2016-07-24 03:00:00,253.020000,27.200000
2016-01-10 15:00:00,272.750000,16.100000
2016-02-27 21:00:00,260.000000,5.000000
2016-03-30 19:00:00,345.630000,13.300000
2016-02-15 05:00:00,458.790000,-6.100000
2016-08-27 16:00:00,596.070000,32.800000
2016-02-16 17:00:00,414.060000,9.400000
2016-08-30 00:00:00,297.610000,27.200000
2016-07-05 05:00:00,432.950000,23.300000
2016-09-10 18:00:00,609.920000,30.600000
2016-10-17 06:00:00,446.510000,15.600000
2016-06-13 16:00:00,557.360000,26.100000
2016-08-31 14:00:00,719.250000,30.600000
2016-08-16 05:00:00,536.020000,23.900000
2016-10-14 17:00:00,428.950000,17.800000
2016-05-23 17:00:00,477.920000,18.300000
2016-08-24 04:00:00,456.190000,20.000000
2016-05-12 14:00:00,484.400000,18.300000
2016-01-12 01:00:00,226.510000,-1.100000
2016-01-01 00:00:00,214.640000,7.200000
2016-10-17 04:00:00,433.340000,16.100000
2016-07-03 02:00:00,191.400000,23.300000
2016-02-04 22:00:00,278.840000,6.700000
2016-01-01 14:00:00,288.320000,7.200000
2016-05-15 06:00:00,142.000000,10.000000
2016-04-13 18:00:00,407.590000,13.900000
2016-09-08 08:00:00,659.520000,26.100000
2016-01-01 08:00:00,295.240000,5.000000
2016-02-13 13:00:00,463.100000,-6.100000
2016-07-20 19:00:00,520.750000,28.300000
2016-06-13 11:00:00,533.920000,22.200000
2016-05-04 16:00:00,405.200000,15.600000
2016-06-29 00:00:00,224.190000,20.600000
2016-09-21 03:00:00,460.320000,23.900000
2016-01-15 03:00:00,229.630000,5.600000
2016-04-20 20:00:00,363.630000,16.700000
2016-09-25 10:00:00,329.500000,20.000000
2016-06-24 23:00:00,224.770000,22.800000
2016-02-15 16:00:00,383.700000,-1.700000
2016-04-19 09:00:00,515.880000,22.800000
2016-10-23 11:00:00,335.110000,16.700000
2016-01-26 22:00:00,275.620000,6.100000
2016-10-26 00:00:00,178.720000,9.400000
2016-03-27 19:00:00,257.240000,10.600000
2016-02-29 04:00:00,407.010000,11.700000
2016-06-09 02:00:00,173.090000,14.400000
2016-05-29 04:00:00,210.730000,19.400000
2016-05-26 20:00:00,524.760000,26.100000
2016-07-15 03:00:00,571.260000,25.600000
2016-02-07 01:00:00,269.660000,1.700000
2016-05-22 07:00:00,170.560000,12.800000
2016-06-06 03:00:00,421.260000,20.600000
2016-01-09 04:00:00,222.560000,6.100000
2016-06-20 04:00:00,390.290000,21.700000
2016-10-11 03:00:00,269.110000,9.400000
2016-05-29 19:00:00,433.560000,21.700000
2016-09-29 08:00:00,562.380000,21.100000
2016-06-24 11:00:00,552.590000,28.300000
2016-01-19 00:00:00,265.690000,-8.900000
2016-10-03 20:00:00,402.510000,20.000000
2016-04-04 01:00:00,205.060000,8.300000
2016-10-26 09:00:00,428.720000,9.400000
2016-09-14 11:00:00,690.610000,31.700000
2016-02-16 10:00:00,453.420000,8.300000
2016-07-30 20:00:00,227.150000,23.900000
2016-05-15 16:00:00,254.260000,15.600000
2016-05-16 21:00:00,192.330000,15.600000
2016-08-05 14:00:00,540.110000,26.700000
2016-03-30 01:00:00,221.280000,8.300000
2016-02-20 01:00:00,242.900000,5.000000
2016-10-05 17:00:00,468.680000,20.000000
2016-01-26 04:00:00,433.730000,1.700000
2016-09-30 23:00:00,287.660000,18.300000
2016-04-16 11:00:00,389.520000,19.400000
2016-07-25 18:00:00,602.620000,34.400000
2016-09-27 21:00:00,285.040000,18.900000
2016-08-27 22:00:00,279.630000,27.200000
2016-07-11 22:00:00,229.970000,25.000000
2016-07-20 12:00:00,548.590000,28.900000
2016-09-19 23:00:00,237.380000,22.800000
2016-08-05 11:00:00,528.170000,27.200000
2016-02-18 12:00:00,496.000000,2.800000
2016-06-29 15:00:00,499.200000,27.200000
2016-06-15 02:00:00,183.930000,19.400000
2016-08-25 06:00:00,490.260000,21.700000
2016-07-11 15:00:00,521.280000,30.000000
2016-09-29 12:00:00,581.510000,21.100000
2016-06-09 00:00:00,175.790000,16.700000
2016-09-19 22:00:00,239.100000,22.800000
2016-04-27 16:00:00,411.440000,13.300000
2016-04-11 05:00:00,292.700000,8.900000
2016-03-14 09:00:00,382.910000,10.000000
2016-02-07 16:00:00,310.520000,7.200000
2016-10-10 07:00:00,294.090000,10.000000
2016-05-12 20:00:00,411.580000,17.800000
2016-08-20 17:00:00,608.890000,31.700000
2016-08-09 04:00:00,468.240000,21.100000
2016-05-27 12:00:00,687.790000,29.400000
2016-06-05 19:00:00,387.260000,22.800000
2016-07-02 01:00:00,229.430000,22.800000
2016-04-01 03:00:00,353.130000,20.000000
2016-03-09 17:00:00,495.870000,24.400000
2016-05-05 18:00:00,309.600000,13.300000
2016-05-13 22:00:00,212.540000,18.900000
2016-07-25 04:00:00,587.760000,27.800000
2016-10-05 23:00:00,174.640000,17.200000
2016-04-02 21:00:00,208.050000,15.600000
2016-10-21 10:00:00,614.450000,22.800000
2016-08-15 20:00:00,537.970000,22.800000
2016-01-11 14:00:00,411.960000,4.400000
2016-05-21 05:00:00,173.000000,15.600000
2016-05-20 23:00:00,181.620000,17.800000
2016-01-10 05:00:00,219.590000,13.900000
2016-06-17 20:00:00,420.350000,24.400000
2016-09-05 11:00:00,487.520000,28.300000
2016-06-02 16:00:00,598.010000,27.200000
2016-02-21 08:00:00,220.490000,8.900000
2016-10-09 07:00:00,166.390000,13.900000
2016-09-16 07:00:00,469.570000,19.400000
2016-04-06 06:00:00,335.210000,0.600000
2016-07-19 16:00:00,583.640000,31.700000
2016-03-05 15:00:00,376.140000,7.200000
2016-03-05 03:00:00,267.790000,3.300000
2016-07-31 19:00:00,473.490000,28.300000
2016-02-20 16:00:00,411.380000,16.100000
2016-03-07 04:00:00,411.820000,3.300000
2016-03-02 07:00:00,375.080000,6.100000
2016-05-09 11:00:00,446.250000,13.900000
2016-03-04 03:00:00,255.830000,0.600000
2016-01-16 16:00:00,370.680000,10.600000
2016-02-01 11:00:00,535.690000,12.200000
2016-01-13 03:00:00,232.170000,-4.400000
2016-04-23 00:00:00,191.850000,17.800000
2016-06-17 15:00:00,489.350000,27.200000
2016-01-08 20:00:00,338.220000,6.100000
2016-03-17 17:00:00,415.440000,18.300000
2016-02-20 07:00:00,237.380000,6.700000
2016-10-08 00:00:00,210.220000,18.900000
2016-08-21 04:00:00,299.220000,25.000000
2016-05-17 04:00:00,303.970000,13.300000
2016-09-27 06:00:00,461.880000,20.000000
2016-01-21 21:00:00,456.670000,-1.700000
2016-10-07 02:00:00,210.290000,17.200000
2016-04-17 14:00:00,386.940000,21.100000
2016-10-22 21:00:00,165.130000,11.100000
2016-06-14 02:00:00,207.620000,22.800000
2016-08-04 15:00:00,512.480000,29.400000
2016-06-26 04:00:00,178.550000,20.600000
2016-10-06 15:00:00,551.820000,20.600000
2016-01-29 00:00:00,239.000000,2.200000
2016-07-16 09:00:00,565.800000,30.600000
2016-09-10 15:00:00,623.500000,34.400000
2016-04-20 07:00:00,303.290000,12.800000
2016-08-23 12:00:00,639.350000,27.800000
2016-10-11 16:00:00,451.880000,18.900000
2016-08-24 20:00:00,567.290000,25.600000
2016-02-19 22:00:00,306.660000,4.400000
2016-10-11 02:00:00,159.190000,10.000000
2016-09-18 02:00:00,242.400000,22.200000
2016-01-10 00:00:00,223.840000,10.000000
2016-06-22 05:00:00,445.430000,20.600000
2016-01-18 13:00:00,439.710000,-4.400000
2016-01-22 01:00:00,259.610000,-3.300000
2016-07-19 07:00:00,510.310000,26.700000
2016-03-05 14:00:00,381.400000,6.100000
2016-08-11 03:00:00,562.620000,26.700000
2016-05-11 21:00:00,263.930000,15.000000
2016-01-22 02:00:00,260.140000,-3.900000
2016-03-19 10:00:00,294.620000,7.200000
2016-06-02 18:00:00,528.080000,25.600000
2016-02-29 02:00:00,261.780000,11.700000
2016-07-20 22:00:00,251.510000,26.100000
2016-09-18 04:00:00,236.540000,22.200000
2016-07-13 21:00:00,405.760000,27.800000
2016-02-28 14:00:00,420.750000,16.700000
2016-03-18 02:00:00,208.290000,12.200000
2016-09-04 04:00:00,175.200000,21.700000
2016-04-02 13:00:00,311.710000,14.400000
2016-07-12 05:00:00,422.950000,23.300000
2016-05-24 00:00:00,202.820000,16.100000
2016-01-15 11:00:00,453.890000,7.200000
2016-03-18 22:00:00,225.240000,14.400000
2016-01-14 21:00:00,376.950000,6.700000
2016-06-30 16:00:00,505.510000,27.800000
2016-03-10 15:00:00,514.580000,24.400000
2016-03-01 17:00:00,514.400000,15.600000
2016-09-21 06:00:00,463.450000,22.800000
2016-09-23 00:00:00,247.910000,22.200000
2016-10-09 21:00:00,220.280000,14.400000
2016-09-04 05:00:00,183.210000,20.600000
2016-03-29 09:00:00,347.530000,10.600000
2016-02-01 02:00:00,239.440000,10.000000
2016-05-16 11:00:00,449.930000,15.600000
2016-08-22 02:00:00,243.130000,22.200000
2016-06-01 20:00:00,524.300000,25.000000
2016-05-28 02:00:00,269.790000,22.800000
2016-09-14 14:00:00,711.230000,34.400000
2016-10-13 14:00:00,559.780000,21.100000
2016-05-16 05:00:00,278.320000,7.200000
2016-07-17 21:00:00,346.020000,28.300000
2016-01-11 19:00:00,385.620000,1.100000
2016-09-14 16:00:00,687.400000,34.400000
2016-05-25 01:00:00,175.890000,17.200000
2016-03-21 01:00:00,203.740000,2.800000
2016-09-07 01:00:00,237.360000,25.000000
2016-08-06 04:00:00,256.500000,24.400000
2016-03-21 07:00:00,394.180000,4.400000
2016-01-25 23:00:00,249.890000,2.200000
2016-01-02 21:00:00,201.000000,5.600000
2016-07-11 16:00:00,522.060000,29.400000
2016-07-28 23:00:00,233.650000,25.000000
2016-03-21 02:00:00,203.770000,2.800000
2016-06-10 14:00:00,554.160000,27.200000
2016-06-08 22:00:00,184.620000,18.300000
2016-10-15 23:00:00,173.960000,13.300000
2016-03-12 04:00:00,198.270000,11.100000
2016-06-28 02:00:00,239.800000,23.300000
2016-10-22 13:00:00,342.860000,16.100000
2016-08-15 18:00:00,582.330000,27.200000
2016-07-03 18:00:00,363.840000,21.100000
2016-04-26 00:00:00,178.970000,20.600000
2016-05-10 11:00:00,447.520000,15.600000
2016-05-05 17:00:00,346.060000,13.300000
2016-02-24 08:00:00,424.820000,5.600000
2016-01-18 18:00:00,460.910000,-6.700000
2016-06-24 15:00:00,547.270000,28.900000
2016-02-03 13:00:00,476.580000,9.400000
2016-01-18 02:00:00,245.490000,0.000000
2016-09-09 13:00:00,741.880000,35.000000
2016-10-10 00:00:00,171.720000,12.800000
2016-01-19 06:00:00,511.630000,-9.400000
2016-09-10 08:00:00,571.170000,27.200000
2016-09-19 09:00:00,698.860000,24.400000
2016-01-19 02:00:00,259.410000,-8.900000
2016-10-27 14:00:00,474.710000,15.600000
2016-05-14 03:00:00,192.310000,14.400000
2016-03-03 06:00:00,410.270000,-1.100000
2016-06-08 09:00:00,529.590000,22.200000
2016-09-06 15:00:00,684.150000,33.900000
2016-04-29 05:00:00,220.910000,9.400000
2016-07-23 12:00:00,612.260000,35.000000
2016-06-12 01:00:00,250.130000,27.200000
2016-02-13 23:00:00,284.690000,-8.900000
2016-01-27 02:00:00,240.000000,8.300000
2016-03-20 01:00:00,204.610000,3.900000
2016-02-21 05:00:00,233.250000,8.900000
2016-01-09 18:00:00,308.200000,8.300000
2016-04-10 08:00:00,218.040000,2.200000
2016-09-14 12:00:00,688.440000,33.300000
2016-09-25 08:00:00,164.410000,16.700000
2016-01-03 03:00:00,207.560000,1.100000
2016-02-16 11:00:00,488.360000,7.200000
2016-02-29 00:00:00,276.030000,12.800000
2016-04-08 11:00:00,397.950000,8.900000
2016-09-21 08:00:00,615.710000,23.300000
2016-07-02 08:00:00,445.630000,23.300000
2016-10-03 16:00:00,522.090000,24.400000
2016-06-28 16:00:00,575.180000,30.000000
2016-09-13 16:00:00,661.030000,30.600000
2016-04-17 13:00:00,378.900000,18.900000
2016-04-02 19:00:00,210.220000,13.900000
2016-05-10 07:00:00,337.040000,15.000000
2016-06-05 04:00:00,212.070000,22.800000
2016-03-13 07:00:00,216.770000,12.800000
2016-04-12 11:00:00,523.030000,13.900000
2016-10-09 11:00:00,291.740000,16.700000
2016-10-26 21:00:00,243.050000,11.700000
2016-09-09 04:00:00,569.460000,26.700000
2016-04-10 10:00:00,298.170000,3.900000
2016-08-12 15:00:00,684.410000,36.700000
2016-09-03 10:00:00,455.720000,24.400000
2016-05-10 14:00:00,497.700000,17.200000
2016-04-28 14:00:00,434.560000,12.800000
2016-01-30 09:00:00,408.900000,-1.700000
2016-09-09 11:00:00,731.080000,35.000000
2016-04-02 06:00:00,213.150000,12.200000
2016-01-03 09:00:00,190.000000,1.700000
2016-07-07 22:00:00,247.680000,29.400000
2016-03-24 06:00:00,351.150000,13.300000
2016-01-22 23:00:00,249.280000,-5.000000
2016-03-13 19:00:00,240.660000,10.600000
2016-07-28 11:00:00,624.610000,31.100000
2016-01-24 13:00:00,351.540000,0.000000
2016-08-10 02:00:00,,25.600000
2016-05-22 20:00:00,281.990000,13.900000
2016-01-27 16:00:00,461.690000,5.600000
2016-04-15 02:00:00,220.530000,8.300000
2016-08-09 06:00:00,445.050000,21.700000
2016-01-31 10:00:00,226.690000,5.600000
2016-04-12 22:00:00,226.580000,11.100000
2016-08-25 23:00:00,319.390000,26.700000
2016-09-07 06:00:00,506.830000,24.400000
2016-01-14 13:00:00,465.620000,10.000000
2016-05-29 01:00:00,234.580000,21.100000
2016-01-13 02:00:00,233.600000,-3.900000
2016-08-03 22:00:00,230.430000,24.400000
2016-04-05 17:00:00,353.890000,7.800000
2016-09-10 14:00:00,613.540000,34.400000
2016-08-30 20:00:00,563.340000,27.800000
2016-07-18 08:00:00,551.400000,27.800000
2016-04-29 18:00:00,301.420000,12.200000
2016-10-15 21:00:00,201.600000,13.900000
2016-03-22 02:00:00,223.570000,2.200000
2016-09-17 10:00:00,478.110000,23.300000
2016-03-19 20:00:00,238.980000,3.300000
2016-06-15 11:00:00,535.220000,23.900000
2016-02-06 00:00:00,270.690000,1.100000
2016-04-28 20:00:00,257.840000,10.000000
2016-09-24 08:00:00,514.020000,23.300000
2016-03-28 01:00:00,208.180000,9.400000
2016-08-12 05:00:00,553.630000,27.200000
2016-04-21 11:00:00,423.190000,16.100000
2016-06-26 11:00:00,452.300000,27.800000
2016-01-16 11:00:00,355.500000,5.600000
2016-08-01 08:00:00,530.530000,27.800000
2016-07-06 21:00:00,350.010000,28.900000
2016-08-17 23:00:00,264.340000,23.900000
2016-03-15 05:00:00,334.120000,8.300000
2016-08-26 10:00:00,775.880000,32.800000
2016-05-02 10:00:00,476.300000,15.600000
2016-06-16 09:00:00,585.360000,23.300000
2016-08-07 11:00:00,461.740000,29.400000
2016-08-20 10:00:00,604.000000,30.600000
2016-09-30 05:00:00,388.630000,16.700000
2016-07-04 07:00:00,418.300000,21.100000
2016-02-07 23:00:00,265.190000,4.400000
2016-09-30 16:00:00,457.700000,18.300000
2016-05-19 10:00:00,461.310000,16.100000
2016-10-13 17:00:00,497.650000,21.100000
2016-06-17 02:00:00,236.660000,19.400000
2016-07-24 16:00:00,492.940000,35.600000
2016-05-03 08:00:00,553.130000,18.300000
2016-02-29 13:00:00,501.140000,17.800000
2016-01-06 02:00:00,251.350000,-5.600000
2016-01-20 23:00:00,263.260000,-3.300000
2016-04-06 08:00:00,432.790000,4.400000
2016-06-26 09:00:00,210.750000,25.600000
2016-01-13 05:00:00,352.610000,-5.000000
2016-05-10 09:00:00,462.850000,14.400000
2016-07-15 08:00:00,570.840000,30.000000
2016-02-09 04:00:00,403.300000,3.300000
2016-06-15 01:00:00,183.020000,19.400000
2016-08-17 01:00:00,278.540000,28.900000
2016-01-19 07:00:00,501.840000,-9.400000
2016-02-27 17:00:00,377.860000,7.800000
2016-02-05 07:00:00,369.640000,2.800000
2016-03-14 19:00:00,321.450000,10.000000
2016-04-17 18:00:00,392.240000,21.700000
2016-06-26 03:00:00,187.340000,21.700000
2016-03-01 09:00:00,490.760000,9.400000
2016-04-15 17:00:00,402.210000,16.700000
2016-03-02 19:00:00,429.040000,2.200000
2016-02-19 03:00:00,251.520000,-1.100000
2016-06-19 11:00:00,411.810000,28.300000
2016-06-11 11:00:00,490.370000,27.200000
2016-04-13 04:00:00,333.260000,7.200000
2016-05-26 06:00:00,401.860000,17.800000
2016-07-17 17:00:00,479.800000,32.800000
2016-10-18 16:00:00,593.870000,27.800000
2016-07-28 01:00:00,269.780000,27.800000
2016-01-12 15:00:00,422.570000,8.300000
2016-04-16 02:00:00,222.390000,8.300000
2016-03-27 22:00:00,208.780000,10.000000
2016-05-19 16:00:00,450.020000,20.000000
2016-06-17 21:00:00,254.480000,23.900000
2016-06-29 05:00:00,452.520000,20.600000
2016-09-18 00:00:00,253.130000,23.300000
2016-06-22 23:00:00,231.860000,23.300000
2016-09-04 23:00:00,177.120000,21.700000
2016-06-08 23:00:00,176.130000,17.200000
2016-02-16 03:00:00,266.870000,-0.600000
2016-05-02 22:00:00,231.910000,16.700000
2016-10-18 07:00:00,496.960000,17.200000
2016-03-29 11:00:00,362.230000,12.800000
2016-06-17 04:00:00,453.580000,18.900000
2016-08-25 05:00:00,497.200000,21.700000
2016-05-08 10:00:00,273.380000,20.000000
2016-01-25 01:00:00,241.530000,-5.600000
2016-01-03 11:00:00,302.660000,5.600000
2016-06-15 04:00:00,377.900000,20.000000
2016-02-02 19:00:00,392.810000,6.700000
2016-04-19 10:00:00,546.180000,26.100000
2016-07-11 07:00:00,418.290000,23.300000
2016-06-13 07:00:00,392.230000,18.900000
2016-06-27 18:00:00,530.950000,28.300000
2016-04-15 07:00:00,310.820000,8.300000
2016-06-13 04:00:00,349.510000,18.300000
2016-10-03 18:00:00,461.010000,21.700000
2016-02-26 07:00:00,383.430000,2.200000
2016-03-25 08:00:00,487.160000,18.900000
2016-02-19 13:00:00,496.120000,2.800000
2016-10-03 14:00:00,560.540000,23.900000
2016-10-04 06:00:00,415.210000,15.000000
2016-05-01 01:00:00,169.000000,12.200000
2016-03-20 22:00:00,204.200000,3.300000
2016-07-13 10:00:00,576.520000,28.900000
2016-09-13 08:00:00,607.530000,23.900000
2016-01-08 16:00:00,372.090000,5.600000
2016-07-07 20:00:00,538.410000,30.600000
2016-03-28 09:00:00,337.710000,11.700000
2016-01-18 12:00:00,444.120000,-4.400000
2016-07-29 21:00:00,369.360000,28.300000
2016-01-24 01:00:00,242.820000,-1.100000
2016-02-28 11:00:00,391.970000,10.600000
2016-09-27 04:00:00,470.030000,19.400000
2016-10-02 02:00:00,257.660000,18.300000
2016-07-23 06:00:00,269.420000,27.200000
2016-07-13 06:00:00,511.890000,25.000000
2016-08-09 15:00:00,558.980000,25.600000
2016-01-19 11:00:00,615.660000,-5.600000
2016-05-02 03:00:00,230.970000,12.800000
2016-04-14 20:00:00,362.600000,12.800000
2016-06-03 17:00:00,503.690000,23.300000
2016-04-11 14:00:00,477.360000,20.600000
2016-10-19 13:00:00,645.110000,30.600000
2016-06-21 07:00:00,461.140000,25.600000
2016-03-26 02:00:00,206.570000,8.300000
2016-06-20 02:00:00,191.950000,21.100000
2016-01-08 13:00:00,383.220000,5.600000
2016-10-08 17:00:00,426.230000,18.900000
2016-02-03 02:00:00,229.640000,6.100000
2016-07-10 10:00:00,439.110000,27.200000
2016-05-27 02:00:00,262.850000,22.200000
2016-08-07 19:00:00,433.130000,29.400000
2016-04-18 19:00:00,497.940000,23.300000
2016-03-31 03:00:00,324.340000,12.800000
2016-05-30 11:00:00,505.680000,25.600000
2016-10-01 10:00:00,379.790000,18.300000
2016-05-29 22:00:00,236.840000,20.000000
2016-10-01 21:00:00,258.010000,18.300000
2016-09-07 07:00:00,540.630000,25.000000
2016-01-23 02:00:00,248.580000,-4.400000
2016-08-21 22:00:00,273.610000,25.000000
2016-08-30 01:00:00,277.240000,26.700000
2016-01-30 14:00:00,378.680000,5.000000
2016-05-17 14:00:00,474.320000,12.800000
2016-09-11 18:00:00,431.310000,27.200000
2016-01-24 06:00:00,248.450000,-5.000000
2016-09-11 08:00:00,250.660000,26.700000
2016-07-20 07:00:00,469.160000,22.800000
2016-02-27 09:00:00,407.000000,0.600000
2016-09-18 23:00:00,281.790000,26.100000
2016-10-11 11:00:00,465.290000,16.100000
2016-02-07 19:00:00,323.350000,5.600000
2016-06-12 12:00:00,474.010000,32.800000
2016-02-29 23:00:00,245.300000,9.400000
2016-09-12 07:00:00,444.870000,20.000000
2016-09-13 05:00:00,488.930000,21.100000
2016-06-10 21:00:00,281.370000,23.300000
2016-09-10 11:00:00,615.790000,32.800000
2016-08-12 14:00:00,655.170000,35.600000
2016-06-02 22:00:00,230.210000,23.300000
2016-08-19 10:00:00,644.560000,30.000000
2016-06-16 22:00:00,248.860000,21.100000
2016-02-08 14:00:00,444.010000,7.800000
2016-04-20 14:00:00,449.520000,20.600000
2016-04-09 19:00:00,209.470000,4.400000
2016-08-28 12:00:00,517.550000,30.600000
2016-01-01 15:00:00,282.390000,7.200000
2016-09-30 06:00:00,386.670000,16.700000
2016-01-14 03:00:00,239.250000,-2.200000
2016-07-14 18:00:00,643.410000,34.400000
2016-10-20 21:00:00,320.220000,22.800000
2016-02-18 15:00:00,459.370000,3.900000
2016-10-07 14:00:00,552.200000,21.700000
2016-06-13 01:00:00,170.540000,20.600000
2016-08-17 04:00:00,583.440000,26.700000
2016-02-27 00:00:00,265.360000,0.000000
2016-03-23 02:00:00,246.850000,13.300000
2016-02-20 18:00:00,427.500000,12.800000
2016-08-27 05:00:00,272.480000,26.700000
2016-09-15 16:00:00,582.110000,23.900000
2016-03-21 20:00:00,321.920000,7.800000
2016-08-22 16:00:00,650.430000,29.400000
2016-10-21 19:00:00,460.880000,16.700000
2016-07-10 13:00:00,454.000000,27.800000
2016-02-19 00:00:00,250.450000,-0.600000
2016-05-18 02:00:00,197.430000,12.800000
2016-05-14 11:00:00,363.580000,22.200000
2016-09-21 07:00:00,527.220000,22.800000
2016-07-20 01:00:00,240.330000,21.700000
2016-08-14 21:00:00,341.120000,28.300000
2016-02-25 09:00:00,502.590000,8.300000
2016-08-11 10:00:00,607.780000,32.800000
2016-04-30 11:00:00,259.230000,12.200000
2016-04-09 18:00:00,293.550000,5.000000
2016-10-13 23:00:00,174.080000,13.900000
2016-03-29 01:00:00,220.410000,10.600000
2016-08-21 11:00:00,579.300000,28.900000
2016-09-08 12:00:00,748.000000,34.400000
2016-01-17 03:00:00,244.870000,2.800000
2016-07-30 06:00:00,244.960000,26.100000
2016-02-13 06:00:00,274.220000,-5.000000
2016-07-13 07:00:00,527.720000,25.000000
2016-07-23 11:00:00,601.930000,34.400000
2016-07-12 00:00:00,216.540000,23.300000
2016-03-13 04:00:00,217.970000,12.800000
2016-10-11 07:00:00,379.500000,9.400000
2016-07-22 13:00:00,611.950000,33.300000
2016-07-25 16:00:00,673.510000,35.600000
2016-02-12 08:00:00,500.840000,-6.100000
2016-10-18 01:00:00,202.060000,18.300000
2016-02-08 19:00:00,448.420000,6.100000
2016-04-01 04:00:00,338.700000,20.000000
2016-01-29 19:00:00,449.450000,1.700000
2016-01-23 05:00:00,248.600000,-3.900000
2016-09-19 04:00:00,550.320000,25.000000
2016-09-30 15:00:00,499.230000,18.300000
2016-08-17 02:00:00,279.230000,28.300000
2016-01-28 04:00:00,410.910000,-3.900000
2016-01-02 09:00:00,314.620000,3.300000
2016-08-04 18:00:00,518.250000,27.800000
2016-01-02 20:00:00,210.920000,6.100000
2016-05-31 02:00:00,236.500000,21.100000
2016-06-29 03:00:00,407.280000,20.600000
2016-02-10 04:00:00,429.630000,-1.700000
2016-03-17 21:00:00,263.400000,15.000000
2016-10-03 19:00:00,417.470000,21.100000
2016-09-23 09:00:00,678.670000,23.300000
2016-04-10 21:00:00,230.040000,7.800000
2016-04-17 12:00:00,367.280000,17.800000
2016-07-15 18:00:00,578.370000,32.200000
2016-09-24 07:00:00,455.510000,22.800000
2016-04-16 05:00:00,213.890000,7.800000
2016-08-13 00:00:00,276.400000,29.400000
2016-05-19 11:00:00,478.210000,17.200000
2016-10-21 03:00:00,455.330000,20.600000
2016-01-02 02:00:00,206.540000,2.200000
2016-10-09 09:00:00,162.210000,13.900000
2016-01-03 15:00:00,283.750000,11.700000
2016-02-13 18:00:00,470.020000,-7.200000
2016-04-29 15:00:00,374.480000,12.800000
2016-08-03 10:00:00,532.740000,26.100000
2016-07-27 13:00:00,583.620000,35.000000
2016-03-01 20:00:00,412.710000,13.300000
2016-01-10 11:00:00,291.520000,15.000000
2016-04-15 05:00:00,314.710000,7.200000
2016-10-08 13:00:00,439.480000,19.400000
2016-07-09 21:00:00,223.200000,28.900000
2016-08-15 06:00:00,529.790000,25.600000
2016-05-21 17:00:00,287.430000,13.900000
2016-02-20 09:00:00,369.870000,7.200000
2016-10-27 13:00:00,459.560000,15.600000
2016-02-10 15:00:00,476.600000,3.300000
2016-07-16 17:00:00,536.740000,25.000000
2016-04-20 10:00:00,451.040000,16.700000
2016-05-31 23:00:00,272.010000,23.300000
2016-09-01 08:00:00,687.220000,23.900000
2016-06-28 23:00:00,224.700000,21.100000
2016-05-15 14:00:00,254.270000,16.100000
2016-08-01 22:00:00,246.630000,25.000000
2016-08-11 16:00:00,638.330000,35.000000
2016-07-26 20:00:00,563.270000,32.200000
2016-04-03 19:00:00,257.520000,10.600000
2016-04-17 07:00:00,206.370000,10.000000
2016-06-14 23:00:00,194.720000,20.600000
2016-10-11 12:00:00,472.580000,17.200000
2016-06-14 10:00:00,531.160000,23.900000
2016-10-26 15:00:00,510.410000,13.900000
2016-01-11 12:00:00,432.950000,2.800000
2016-05-12 22:00:00,224.880000,17.200000
2016-08-16 15:00:00,698.210000,35.600000
2016-03-07 00:00:00,260.160000,3.300000
2016-05-21 08:00:00,285.780000,12.800000
2016-07-27 05:00:00,571.480000,27.200000
2016-05-26 21:00:00,354.420000,24.400000
2016-05-05 08:00:00,413.810000,10.600000
2016-07-07 13:00:00,572.460000,33.300000
2016-07-09 05:00:00,224.980000,26.100000
2016-07-25 12:00:00,670.460000,35.000000
2016-06-07 01:00:00,217.510000,23.900000
2016-08-10 09:00:00,,29.400000
2016-06-29 14:00:00,491.420000,26.700000
2016-04-03 07:00:00,185.240000,2.800000
2016-09-19 14:00:00,618.010000,23.300000
2016-01-27 17:00:00,456.700000,4.400000
2016-06-09 12:00:00,569.610000,25.000000
2016-06-20 23:00:00,238.530000,26.100000
2016-08-08 07:00:00,463.780000,25.000000
2016-01-13 09:00:00,512.190000,-4.400000
2016-01-13 15:00:00,495.580000,0.000000
2016-07-08 15:00:00,545.900000,27.800000
2016-05-27 23:00:00,281.880000,24.400000
2016-06-04 08:00:00,460.620000,22.800000
2016-04-19 05:00:00,326.430000,15.000000
2016-08-25 12:00:00,713.500000,28.900000
2016-05-07 03:00:00,200.710000,10.600000
2016-01-28 07:00:00,389.680000,-3.300000
2016-03-20 07:00:00,188.750000,4.400000
2016-07-20 05:00:00,467.730000,21.100000
2016-09-08 16:00:00,728.630000,35.600000
2016-03-16 01:00:00,235.180000,11.100000
2016-01-11 00:00:00,223.290000,3.300000
2016-02-02 15:00:00,456.290000,10.600000
2016-02-26 16:00:00,428.370000,3.900000
2016-02-12 16:00:00,487.730000,-1.100000
2016-07-27 21:00:00,379.080000,30.000000
2016-02-10 23:00:00,266.560000,-3.300000
2016-02-03 17:00:00,459.470000,11.100000
2016-04-25 04:00:00,263.820000,10.600000
2016-06-13 06:00:00,353.790000,18.300000
2016-01-11 17:00:00,408.060000,3.300000
2016-03-07 21:00:00,439.310000,12.200000
2016-02-07 05:00:00,265.320000,-1.100000
2016-08-05 02:00:00,212.290000,23.300000
2016-03-13 22:00:00,212.160000,10.000000
2016-10-22 11:00:00,345.160000,13.900000
2016-09-15 21:00:00,329.920000,22.200000
2016-05-14 21:00:00,166.140000,14.400000
2016-06-09 18:00:00,516.990000,26.100000
2016-10-03 02:00:00,261.630000,19.400000
2016-03-08 18:00:00,506.730000,20.000000
2016-07-07 19:00:00,553.890000,30.600000
2016-09-04 06:00:00,174.940000,20.600000
2016-10-14 09:00:00,492.300000,13.900000
2016-04-05 01:00:00,210.980000,2.800000
2016-05-14 07:00:00,331.290000,15.000000
2016-03-29 21:00:00,246.090000,12.200000
2016-02-26 19:00:00,456.680000,1.700000
2016-05-23 08:00:00,425.520000,17.200000
2016-09-16 20:00:00,485.780000,23.300000
2016-08-10 06:00:00,,25.600000
2016-03-25 14:00:00,484.030000,21.100000
2016-04-20 04:00:00,297.480000,12.200000
2016-08-16 07:00:00,533.420000,25.000000
2016-08-28 06:00:00,267.420000,23.900000
2016-09-22 15:00:00,670.730000,30.000000
2016-05-13 21:00:00,270.810000,20.600000
2016-04-14 23:00:00,222.810000,10.000000
2016-07-18 03:00:00,540.490000,25.600000
2016-10-09 06:00:00,175.710000,13.900000
2016-01-16 07:00:00,237.340000,6.100000
2016-10-24 08:00:00,504.630000,15.000000
2016-08-28 14:00:00,497.350000,32.200000
2016-06-28 17:00:00,556.070000,28.900000
2016-09-11 19:00:00,430.130000,25.600000
2016-10-18 06:00:00,448.420000,17.200000
2016-07-23 23:00:00,260.350000,30.000000
2016-04-17 08:00:00,222.770000,11.700000
2016-08-28 01:00:00,268.100000,24.400000
2016-04-28 07:00:00,311.790000,12.800000
2016-02-15 18:00:00,392.370000,-1.700000
2016-07-30 03:00:00,256.180000,26.100000
2016-01-06 04:00:00,253.710000,-5.600000
2016-05-29 00:00:00,237.680000,21.700000
2016-09-03 06:00:00,194.700000,21.100000
2016-09-12 22:00:00,237.410000,22.800000
2016-09-22 21:00:00,340.640000,23.900000
2016-07-07 02:00:00,245.270000,26.100000
2016-05-04 11:00:00,464.520000,13.900000
2016-03-05 23:00:00,259.820000,2.800000
2016-05-22 10:00:00,278.500000,12.800000
2016-05-06 00:00:00,200.210000,12.200000
2016-01-25 22:00:00,255.140000,1.100000
2016-01-04 03:00:00,207.210000,2.200000
2016-02-26 01:00:00,239.460000,3.900000
2016-02-29 06:00:00,396.000000,11.700000
2016-08-07 16:00:00,447.590000,32.200000
2016-07-21 10:00:00,550.030000,28.300000
2016-04-08 02:00:00,223.600000,7.800000
2016-06-05 14:00:00,458.610000,27.800000
2016-09-19 08:00:00,672.440000,25.000000
2016-07-27 17:00:00,594.780000,33.900000
2016-01-07 05:00:00,318.160000,2.200000
2016-05-13 11:00:00,580.920000,18.300000
2016-03-06 03:00:00,263.140000,3.300000
2016-09-09 21:00:00,411.290000,28.300000
2016-01-19 21:00:00,500.330000,-5.000000
2016-03-19 06:00:00,200.320000,7.800000
2016-09-10 05:00:00,277.140000,25.000000
2016-01-18 07:00:00,467.920000,-7.200000
2016-05-02 20:00:00,465.540000,20.000000
2016-02-03 16:00:00,484.590000,10.600000
2016-10-20 17:00:00,578.690000,26.100000
2016-05-29 05:00:00,206.960000,19.400000
2016-06-19 04:00:00,170.230000,18.900000
2016-03-20 03:00:00,199.730000,3.900000
2016-02-16 21:00:00,373.710000,5.600000
2016-04-22 15:00:00,511.920000,21.700000
2016-02-03 18:00:00,435.920000,12.800000
2016-06-27 01:00:00,188.870000,21.100000
2016-02-17 07:00:00,414.200000,1.700000
2016-02-04 18:00:00,403.830000,8.900000
2016-07-14 04:00:00,546.030000,24.400000
2016-08-20 09:00:00,600.680000,28.900000
2016-10-15 19:00:00,196.110000,15.600000
2016-04-25 17:00:00,444.410000,24.400000
2016-02-21 17:00:00,354.990000,10.600000
2016-02-21 07:00:00,230.840000,7.200000
2016-09-17 02:00:00,213.720000,20.600000
2016-07-07 09:00:00,543.620000,30.600000
2016-04-14 08:00:00,438.930000,8.900000
2016-04-06 12:00:00,379.040000,11.100000
2016-06-22 03:00:00,440.610000,21.100000
2016-07-06 00:00:00,244.600000,26.700000
2016-07-03 08:00:00,160.130000,18.900000
2016-04-29 00:00:00,176.000000,8.900000
2016-04-14 15:00:00,489.370000,16.700000
2016-07-30 18:00:00,560.890000,28.300000
2016-09-14 18:00:00,646.830000,31.700000
2016-02-13 01:00:00,271.750000,-2.800000
2016-05-22 05:00:00,178.010000,12.200000
2016-08-13 03:00:00,274.790000,27.800000
2016-03-10 07:00:00,379.060000,13.900000
2016-01-15 13:00:00,460.340000,9.400000
2016-01-19 20:00:00,516.570000,-4.400000
2016-01-28 14:00:00,463.870000,3.900000
2016-01-08 04:00:00,224.820000,4.400000
2016-02-28 19:00:00,436.980000,12.800000
2016-03-19 14:00:00,307.210000,5.000000
2016-07-01 17:00:00,558.850000,25.600000
2016-07-14 10:00:00,632.020000,31.100000
2016-01-18 14:00:00,443.130000,-4.400000
2016-07-14 16:00:00,661.600000,35.000000
2016-02-21 02:00:00,234.260000,8.900000
2016-02-06 17:00:00,325.720000,5.600000
2016-05-07 07:00:00,202.840000,11.700000
2016-02-22 11:00:00,386.140000,8.300000
2016-05-05 01:00:00,195.000000,11.700000
2016-09-23 17:00:00,615.240000,29.400000
2016-04-21 06:00:00,258.190000,10.000000
2016-06-26 06:00:00,162.510000,20.600000
2016-10-08 14:00:00,426.800000,19.400000
2016-07-29 20:00:00,571.270000,28.900000
2016-01-05 06:00:00,412.850000,-8.900000
2016-07-26 05:00:00,578.860000,26.700000
2016-07-06 22:00:00,248.250000,28.900000
2016-10-13 13:00:00,543.700000,20.600000
2016-08-18 23:00:00,252.880000,27.200000
2016-04-02 08:00:00,267.520000,10.000000
2016-05-30 07:00:00,451.040000,21.700000
2016-03-07 02:00:00,263.340000,3.300000
2016-06-08 14:00:00,512.510000,22.200000
2016-06-28 12:00:00,557.320000,27.200000
2016-05-20 01:00:00,171.300000,13.900000
2016-05-24 04:00:00,341.440000,15.000000
2016-03-31 23:00:00,261.040000,21.100000
2016-08-10 19:00:00,,30.600000
2016-01-06 15:00:00,410.790000,4.400000
2016-04-22 07:00:00,394.300000,18.900000
2016-10-16 02:00:00,180.050000,12.200000
2016-02-24 20:00:00,470.930000,16.700000
2016-09-28 20:00:00,487.700000,21.700000
2016-09-24 13:00:00,507.320000,22.200000
2016-08-26 04:00:00,589.290000,25.600000
2016-06-09 10:00:00,575.070000,22.800000
2016-04-15 12:00:00,358.240000,15.600000
2016-03-23 16:00:00,471.180000,22.200000
2016-03-22 03:00:00,320.920000,2.800000
2016-09-03 05:00:00,200.960000,21.100000
2016-04-19 17:00:00,483.950000,24.400000
2016-07-08 06:00:00,467.140000,26.100000
2016-04-04 22:00:00,209.700000,7.800000
2016-02-03 15:00:00,466.490000,8.900000
2016-03-18 17:00:00,418.090000,18.300000
2016-09-14 13:00:00,684.010000,33.300000
2016-01-20 06:00:00,487.180000,-6.700000
2016-02-06 15:00:00,330.030000,5.600000
2016-05-24 14:00:00,571.590000,27.800000
2016-10-20 20:00:00,509.720000,23.300000
2016-08-15 09:00:00,618.150000,31.100000
2016-07-21 00:00:00,232.830000,24.400000
2016-08-31 13:00:00,701.100000,30.600000
2016-02-03 07:00:00,384.030000,6.100000
2016-01-15 18:00:00,403.150000,7.800000
2016-10-26 20:00:00,341.330000,11.100000
2016-02-14 23:00:00,280.670000,-5.000000
2016-04-26 03:00:00,353.230000,18.900000
2016-07-16 00:00:00,285.600000,27.200000
2016-01-07 00:00:00,217.590000,2.200000
2016-01-16 20:00:00,253.280000,6.100000
2016-02-26 02:00:00,238.050000,3.900000
2016-06-25 15:00:00,504.550000,28.300000
2016-07-27 01:00:00,272.150000,28.300000
2016-07-06 04:00:00,493.300000,25.000000
2016-01-06 01:00:00,253.920000,-4.400000
2016-04-13 07:00:00,341.600000,7.200000
2016-06-15 17:00:00,584.080000,27.800000
2016-04-16 12:00:00,393.810000,20.600000
2016-02-26 22:00:00,329.880000,0.600000
2016-01-18 10:00:00,441.870000,-6.700000
2016-10-23 07:00:00,161.330000,7.800000
2016-08-26 02:00:00,313.660000,26.100000
2016-03-04 08:00:00,448.660000,1.100000
2016-07-11 23:00:00,225.990000,25.000000
2016-04-12 04:00:00,379.200000,17.800000
2016-10-07 15:00:00,557.840000,22.200000
2016-06-08 12:00:00,512.290000,21.700000
2016-01-24 03:00:00,244.790000,-2.200000
2016-04-15 08:00:00,305.150000,10.600000
2016-06-06 17:00:00,571.000000,27.800000
2016-08-30 14:00:00,719.870000,31.700000
2016-03-03 03:00:00,246.210000,-1.100000
2016-08-03 08:00:00,528.370000,23.900000
2016-02-23 06:00:00,339.770000,5.000000
2016-10-10 03:00:00,287.270000,10.600000
2016-02-29 01:00:00,263.720000,11.700000
2016-07-24 07:00:00,237.550000,27.800000
2016-10-03 00:00:00,258.320000,20.000000
2016-03-02 13:00:00,463.580000,5.000000
2016-04-11 00:00:00,221.570000,8.900000
2016-08-24 05:00:00,433.790000,20.600000
2016-05-24 13:00:00,555.330000,27.200000
2016-08-29 20:00:00,615.760000,30.600000
2016-10-17 07:00:00,517.390000,16.100000
2016-05-09 13:00:00,449.770000,14.400000
2016-05-22 06:00:00,168.070000,12.800000
2016-08-14 04:00:00,275.550000,28.300000
2016-09-29 05:00:00,340.080000,20.000000
2016-09-01 13:00:00,685.000000,26.100000
2016-03-17 22:00:00,226.470000,13.900000
2016-10-10 17:00:00,366.730000,17.800000
2016-02-11 03:00:00,272.060000,-4.400000
2016-03-13 10:00:00,274.950000,13.900000
2016-09-13 09:00:00,669.000000,25.000000
2016-04-07 06:00:00,279.200000,13.300000
2016-08-31 17:00:00,669.810000,31.700000
2016-09-23 14:00:00,684.910000,30.600000
2016-02-23 02:00:00,233.210000,6.100000
2016-01-18 06:00:00,470.510000,-6.700000
2016-10-14 07:00:00,367.390000,10.000000
2016-01-12 04:00:00,228.860000,-1.100000
2016-04-29 08:00:00,355.160000,9.400000
2016-04-24 18:00:00,244.680000,18.300000
2016-05-03 06:00:00,394.080000,16.700000
2016-01-28 06:00:00,370.610000,-3.300000
2016-03-25 19:00:00,344.290000,15.600000
2016-03-31 19:00:00,340.920000,20.600000
2016-04-09 05:00:00,214.680000,5.600000
2016-05-03 09:00:00,523.660000,19.400000
2016-10-08 04:00:00,217.020000,18.900000
2016-10-14 02:00:00,183.930000,11.700000
2016-02-02 05:00:00,363.260000,2.800000
2016-04-18 23:00:00,233.830000,17.800000
2016-01-25 13:00:00,393.160000,3.300000
2016-10-23 10:00:00,319.740000,14.400000
2016-10-14 15:00:00,474.970000,18.300000
2016-05-18 03:00:00,300.520000,12.800000
2016-06-09 08:00:00,480.300000,20.600000
2016-08-15 04:00:00,568.780000,26.100000
2016-01-26 01:00:00,243.410000,1.700000
2016-07-29 03:00:00,503.530000,25.000000
2016-06-28 04:00:00,483.970000,23.300000
2016-03-28 16:00:00,358.210000,17.200000
2016-01-30 05:00:00,256.210000,-1.700000
2016-09-01 21:00:00,388.900000,24.400000
2016-06-07 10:00:00,649.760000,27.800000
2016-07-01 04:00:00,467.040000,22.200000
2016-01-29 05:00:00,351.700000,-1.700000
2016-05-01 19:00:00,209.050000,13.900000
2016-07-21 18:00:00,548.630000,30.600000
2016-08-15 14:00:00,709.370000,35.600000
2016-04-14 09:00:00,377.240000,11.100000
2016-10-27 03:00:00,298.170000,10.600000
2016-01-29 21:00:00,429.410000,0.600000
2016-03-04 07:00:00,413.760000,0.600000
2016-08-27 03:00:00,299.970000,27.200000
2016-09-19 01:00:00,282.460000,25.600000
2016-09-07 18:00:00,585.210000,26.100000
2016-10-12 21:00:00,289.570000,15.600000
2016-01-05 14:00:00,434.030000,0.600000
2016-10-19 01:00:00,211.010000,20.000000
2016-08-07 22:00:00,193.240000,26.700000
2016-05-21 03:00:00,172.700000,16.700000
2016-05-25 05:00:00,365.440000,16.700000
2016-06-13 12:00:00,537.870000,23.900000
2016-03-08 09:00:00,499.460000,12.200000
2016-02-05 16:00:00,456.100000,6.100000
2016-08-21 07:00:00,303.060000,25.600000
2016-07-17 18:00:00,473.960000,31.700000
2016-06-02 20:00:00,478.090000,23.900000
2016-04-21 20:00:00,411.290000,20.600000
2016-10-09 04:00:00,197.720000,14.400000
2016-07-05 06:00:00,407.450000,23.900000
2016-09-23 10:00:00,717.390000,25.600000
2016-07-07 17:00:00,543.950000,32.200000
2016-03-14 12:00:00,419.900000,11.100000
2016-08-18 02:00:00,257.960000,23.900000
2016-07-25 15:00:00,683.750000,37.200000
2016-01-26 05:00:00,406.350000,1.700000
2016-09-17 03:00:00,215.160000,20.600000
2016-09-13 12:00:00,675.480000,30.000000
2016-03-03 13:00:00,433.060000,3.300000
2016-04-18 17:00:00,529.810000,28.900000
2016-03-02 10:00:00,492.910000,4.400000
2016-08-10 05:00:00,,25.600000
2016-05-11 10:00:00,497.490000,13.300000
2016-10-28 21:00:00,227.870000,12.200000
2016-05-05 02:00:00,198.770000,10.600000
2016-09-22 01:00:00,262.760000,22.200000
2016-09-10 06:00:00,272.710000,25.000000
2016-06-26 15:00:00,447.760000,29.400000
2016-05-10 00:00:00,180.020000,15.000000
2016-01-05 11:00:00,474.430000,-3.900000
2016-06-23 19:00:00,493.410000,25.600000
2016-10-16 07:00:00,167.250000,12.800000
2016-01-02 05:00:00,206.900000,0.600000
2016-09-03 07:00:00,407.400000,21.700000
2016-05-20 04:00:00,277.920000,12.200000
2016-10-06 13:00:00,526.100000,20.600000
2016-08-16 19:00:00,601.130000,32.200000
2016-05-01 23:00:00,169.620000,13.300000
2016-02-01 07:00:00,363.870000,8.300000
2016-05-21 00:00:00,178.460000,17.200000
2016-01-25 08:00:00,459.120000,-7.800000
2016-06-28 06:00:00,468.820000,23.900000
2016-10-21 21:00:00,277.010000,15.600000
2016-09-15 23:00:00,195.220000,20.600000
2016-08-21 20:00:00,522.960000,25.600000
2016-07-11 12:00:00,518.250000,28.300000
2016-10-10 14:00:00,342.600000,18.300000
2016-05-19 19:00:00,386.760000,19.400000
2016-03-27 05:00:00,206.080000,9.400000
2016-07-14 17:00:00,649.100000,34.400000
2016-10-17 23:00:00,190.830000,19.400000
2016-07-31 08:00:00,228.390000,26.700000
2016-01-15 08:00:00,409.800000,1.700000
2016-07-30 04:00:00,248.850000,25.600000
2016-04-23 10:00:00,267.680000,16.700000
2016-10-10 09:00:00,294.770000,12.800000
2016-06-27 03:00:00,384.670000,20.600000
2016-08-21 19:00:00,520.930000,25.600000
2016-05-12 23:00:00,222.740000,17.200000
2016-06-08 17:00:00,457.430000,22.200000
2016-01-04 18:00:00,385.860000,-0.600000
2016-05-15 23:00:00,158.190000,10.000000
2016-07-08 16:00:00,542.490000,27.800000
2016-07-05 17:00:00,551.340000,31.700000
2016-04-25 10:00:00,460.570000,17.800000
2016-07-06 23:00:00,248.470000,27.800000
2016-10-20 08:00:00,568.150000,20.600000
2016-08-27 08:00:00,591.610000,27.800000
2016-09-15 09:00:00,590.740000,22.800000
2016-02-09 11:00:00,483.640000,2.800000
2016-04-16 23:00:00,229.010000,12.200000
2016-04-19 19:00:00,393.770000,21.700000
2016-06-10 11:00:00,540.160000,24.400000
2016-06-23 10:00:00,486.160000,23.300000
2016-09-27 20:00:00,403.000000,20.000000
2016-09-13 15:00:00,680.330000,31.100000
2016-07-08 05:00:00,460.610000,25.600000
2016-10-03 23:00:00,219.970000,17.800000
2016-08-10 13:00:00,,33.300000
2016-07-20 09:00:00,528.440000,26.100000
2016-06-28 19:00:00,485.470000,23.300000
2016-07-24 14:00:00,492.190000,35.000000
2016-09-17 11:00:00,501.550000,25.600000
2016-07-30 09:00:00,557.620000,27.800000
2016-09-30 07:00:00,410.010000,16.700000
2016-07-17 07:00:00,224.870000,22.800000
2016-05-30 21:00:00,296.750000,23.300000
2016-05-04 07:00:00,367.550000,12.800000
2016-04-10 11:00:00,280.750000,5.600000
2016-06-06 20:00:00,491.720000,26.100000
2016-06-29 09:00:00,476.550000,25.000000
2016-10-19 21:00:00,306.320000,23.300000
2016-02-19 16:00:00,467.100000,5.000000
2016-05-11 16:00:00,445.840000,15.000000
2016-08-04 20:00:00,481.660000,26.100000
2016-08-17 15:00:00,684.770000,33.300000
2016-10-22 12:00:00,357.410000,15.000000
2016-01-07 07:00:00,357.810000,2.800000
2016-02-08 03:00:00,262.840000,2.800000
2016-02-24 15:00:00,565.790000,18.300000
2016-09-23 05:00:00,470.840000,19.400000
2016-08-04 09:00:00,449.040000,25.000000
2016-06-26 08:00:00,198.750000,23.900000
2016-07-17 23:00:00,271.890000,27.800000
2016-02-28 12:00:00,416.700000,13.300000
2016-01-08 15:00:00,382.930000,5.600000
2016-07-29 15:00:00,576.190000,31.700000
2016-04-22 10:00:00,494.290000,21.100000
2016-10-15 14:00:00,366.850000,20.000000
2016-01-20 15:00:00,521.900000,-1.100000
2016-02-10 07:00:00,461.830000,0.000000
2016-08-19 20:00:00,553.480000,28.900000
2016-03-22 23:00:00,244.790000,13.300000
2016-02-07 08:00:00,259.460000,0.000000
2016-08-16 18:00:00,625.550000,33.300000
2016-10-05 12:00:00,504.190000,20.600000
2016-07-03 04:00:00,191.150000,21.700000
2016-03-15 03:00:00,370.290000,8.300000
2016-05-27 05:00:00,471.200000,21.100000
2016-02-20 15:00:00,417.770000,13.300000
2016-06-21 00:00:00,237.470000,26.100000
2016-05-16 16:00:00,435.470000,19.400000
2016-06-07 15:00:00,627.630000,27.200000
2016-07-26 01:00:00,281.250000,27.200000
2016-04-03 03:00:00,190.710000,5.000000
2016-04-30 13:00:00,239.310000,13.300000
2016-06-30 14:00:00,501.700000,27.800000
2016-01-13 04:00:00,240.250000,-5.000000
2016-04-13 15:00:00,467.400000,13.900000
2016-05-25 17:00:00,556.210000,29.400000
2016-09-01 23:00:00,250.410000,23.900000
2016-01-12 08:00:00,404.570000,1.100000
2016-03-26 08:00:00,297.650000,6.100000
2016-05-29 13:00:00,474.990000,27.200000
2016-04-01 21:00:00,265.160000,22.200000
2016-10-27 18:00:00,472.660000,16.700000
2016-04-13 22:00:00,220.150000,10.000000
2016-02-15 12:00:00,395.490000,-3.300000
2016-05-03 17:00:00,500.170000,18.900000
2016-07-23 13:00:00,630.100000,34.400000
2016-10-07 04:00:00,400.720000,16.700000
2016-04-05 02:00:00,209.120000,1.700000
2016-08-09 20:00:00,530.580000,25.600000
2016-07-10 12:00:00,461.970000,28.300000
2016-07-22 04:00:00,515.240000,23.900000
2016-05-05 03:00:00,249.430000,10.600000
2016-05-11 15:00:00,460.080000,14.400000
2016-09-01 22:00:00,278.130000,23.900000
2016-05-18 14:00:00,452.920000,18.300000
2016-01-26 13:00:00,367.720000,8.300000
2016-09-04 13:00:00,414.160000,27.200000
2016-08-08 10:00:00,556.790000,29.400000
2016-10-23 05:00:00,167.600000,7.800000
2016-06-15 06:00:00,361.310000,20.000000
2016-06-25 06:00:00,219.030000,22.200000
2016-03-14 02:00:00,208.770000,9.400000
2016-09-29 11:00:00,602.240000,21.100000
2016-07-18 23:00:00,265.230000,24.400000
2016-04-20 16:00:00,464.900000,20.600000
2016-05-04 21:00:00,217.490000,12.800000
2016-03-31 00:00:00,220.110000,12.800000
2016-02-26 06:00:00,383.070000,1.700000
2016-10-19 03:00:00,443.580000,19.400000
2016-08-14 14:00:00,570.430000,37.800000
2016-06-28 09:00:00,517.080000,25.600000
2016-02-09 16:00:00,468.320000,3.900000
2016-04-04 13:00:00,498.910000,21.700000
2016-03-03 22:00:00,303.310000,1.100000
2016-10-27 11:00:00,457.570000,15.600000
2016-05-08 12:00:00,274.510000,20.600000
2016-02-16 23:00:00,249.350000,5.000000
2016-06-18 22:00:00,190.160000,22.200000
2016-07-03 11:00:00,375.550000,21.100000
2016-05-11 12:00:00,473.290000,13.900000
2016-06-27 00:00:00,186.430000,21.700000
2016-05-13 08:00:00,482.450000,17.800000
2016-01-18 08:00:00,484.240000,-7.800000
2016-06-27 08:00:00,447.090000,23.900000
2016-01-24 12:00:00,355.990000,-1.100000
2016-02-21 06:00:00,232.810000,9.400000
2016-01-06 22:00:00,268.490000,2.200000
2016-03-03 08:00:00,466.450000,0.000000
2016-04-28 19:00:00,259.500000,10.000000
2016-09-08 04:00:00,532.720000,24.400000
2016-03-24 18:00:00,432.690000,21.700000
2016-02-20 00:00:00,241.960000,4.400000
2016-06-22 08:00:00,477.020000,25.600000
2016-03-14 10:00:00,415.700000,10.000000
2016-01-21 17:00:00,480.770000,0.000000
2016-09-17 23:00:00,256.860000,23.300000
2016-10-22 08:00:00,309.830000,12.200000
2016-05-27 13:00:00,690.610000,29.400000
2016-01-31 01:00:00,246.010000,5.000000
2016-10-01 07:00:00,350.900000,17.800000
2016-06-05 20:00:00,396.680000,22.800000
2016-03-03 14:00:00,437.790000,4.400000
2016-04-15 01:00:00,220.380000,8.900000
2016-03-04 14:00:00,472.840000,4.400000
2016-07-11 13:00:00,519.530000,28.900000
2016-04-28 10:00:00,442.770000,12.200000
2016-10-27 01:00:00,172.510000,11.700000
2016-04-26 18:00:00,574.950000,28.300000
2016-08-31 11:00:00,737.070000,30.600000
2016-01-05 12:00:00,493.260000,-2.200000
2016-03-14 08:00:00,399.560000,10.000000
2016-08-11 18:00:00,601.930000,33.300000
2016-02-26 13:00:00,478.420000,3.900000
2016-06-18 21:00:00,191.040000,22.800000
2016-06-12 21:00:00,259.050000,25.000000
2016-04-30 23:00:00,166.750000,12.200000
2016-03-23 11:00:00,511.940000,16.100000
2016-01-15 00:00:00,229.960000,5.000000
2016-07-31 04:00:00,224.250000,23.900000
2016-05-05 07:00:00,365.340000,10.600000
2016-04-12 05:00:00,378.480000,16.700000
2016-04-24 16:00:00,258.710000,19.400000
2016-01-31 04:00:00,246.620000,3.300000
2016-02-01 21:00:00,377.000000,8.300000
2016-08-01 11:00:00,609.670000,31.100000
2016-06-17 08:00:00,536.790000,20.600000
2016-01-13 19:00:00,466.390000,-1.100000
2016-02-23 12:00:00,436.200000,6.700000
2016-05-15 04:00:00,151.660000,9.400000
2016-05-08 23:00:00,186.160000,14.400000
2016-08-23 05:00:00,435.310000,20.000000
2016-04-23 16:00:00,303.810000,21.700000
2016-09-30 19:00:00,396.840000,18.900000
2016-03-15 21:00:00,280.980000,13.300000
2016-09-17 14:00:00,524.750000,27.800000
2016-05-22 09:00:00,152.350000,12.200000
2016-08-14 00:00:00,278.490000,31.100000
2016-03-26 19:00:00,227.060000,12.800000
2016-04-18 12:00:00,538.820000,27.200000
2016-09-24 12:00:00,518.730000,22.800000
2016-01-03 23:00:00,206.090000,2.800000
2016-07-13 16:00:00,611.960000,32.200000
2016-05-22 22:00:00,193.700000,13.900000
2016-02-22 18:00:00,408.390000,8.900000
2016-03-10 16:00:00,539.470000,25.600000
2016-08-12 01:00:00,264.190000,27.800000
2016-05-18 20:00:00,350.620000,17.200000
2016-05-31 06:00:00,468.870000,22.200000
2016-10-07 21:00:00,289.010000,20.000000
2016-03-31 13:00:00,347.880000,21.700000
2016-10-14 16:00:00,452.930000,18.300000
2016-03-11 21:00:00,326.240000,16.700000
2016-02-15 21:00:00,391.580000,-1.100000
2016-08-15 02:00:00,266.680000,26.100000
2016-10-03 09:00:00,576.010000,21.700000
2016-05-31 21:00:00,358.150000,24.400000
2016-03-09 04:00:00,386.450000,11.700000
2016-07-03 14:00:00,376.860000,21.700000
2016-03-19 15:00:00,417.630000,4.400000
2016-08-18 05:00:00,551.700000,24.400000
2016-09-27 12:00:00,550.800000,22.200000
2016-03-08 10:00:00,545.940000,14.400000
2016-02-11 00:00:00,267.900000,-3.300000
2016-08-21 01:00:00,278.580000,25.600000
2016-08-02 08:00:00,515.480000,26.700000
2016-09-14 17:00:00,665.500000,33.300000
2016-02-05 08:00:00,413.850000,2.800000
2016-10-15 10:00:00,377.440000,16.100000
2016-04-04 21:00:00,245.820000,12.200000
2016-05-16 04:00:00,281.120000,7.200000
2016-03-17 12:00:00,456.750000,18.900000
2016-04-06 03:00:00,302.090000,2.200000
2016-01-02 23:00:00,202.620000,4.400000
2016-06-01 22:00:00,253.700000,23.300000
2016-02-26 12:00:00,478.880000,3.900000
2016-09-18 06:00:00,235.820000,22.200000
2016-01-19 14:00:00,575.380000,-3.300000
2016-06-12 06:00:00,222.070000,25.600000
2016-03-13 21:00:00,212.100000,10.000000
2016-02-05 04:00:00,365.370000,2.800000
2016-10-17 09:00:00,589.350000,17.800000
2016-04-17 16:00:00,395.070000,22.800000
2016-06-15 14:00:00,595.210000,26.700000
2016-04-27 10:00:00,493.970000,12.800000
2016-07-15 19:00:00,568.590000,31.100000
2016-02-24 04:00:00,382.240000,5.600000
2016-04-13 05:00:00,336.910000,6.100000
2016-09-09 06:00:00,560.990000,26.100000
2016-07-28 04:00:00,583.250000,27.800000
2016-10-09 05:00:00,188.790000,14.400000
2016-08-29 15:00:00,720.240000,33.900000
2016-08-19 04:00:00,521.360000,24.400000
2016-02-16 14:00:00,441.650000,10.000000
2016-02-02 08:00:00,405.140000,3.300000
2016-10-12 14:00:00,494.120000,20.000000
2016-07-02 09:00:00,433.710000,23.900000
2016-04-03 02:00:00,204.080000,6.100000
2016-03-30 23:00:00,212.950000,12.200000
2016-07-24 05:00:00,248.740000,27.800000
2016-05-10 17:00:00,415.660000,17.200000
2016-04-16 10:00:00,366.830000,17.800000
2016-02-27 04:00:00,267.040000,-1.100000
2016-06-05 11:00:00,452.670000,25.600000
2016-03-18 09:00:00,435.430000,13.900000
2016-03-23 01:00:00,244.600000,13.900000
2016-04-11 23:00:00,256.960000,19.400000
2016-06-29 20:00:00,423.550000,24.400000
2016-06-23 02:00:00,228.420000,22.200000
2016-05-13 17:00:00,490.470000,24.400000
2016-01-21 05:00:00,485.880000,-3.900000
2016-04-03 13:00:00,271.710000,8.300000
2016-08-28 23:00:00,269.140000,25.000000
2016-10-02 13:00:00,356.730000,22.800000
2016-08-19 13:00:00,666.290000,31.100000
2016-01-02 06:00:00,205.440000,0.600000
2016-03-19 13:00:00,301.100000,5.600000
2016-04-12 20:00:00,379.590000,12.800000
2016-04-19 18:00:00,434.660000,22.800000
2016-07-11 21:00:00,267.810000,25.600000
2016-07-13 18:00:00,617.390000,29.400000
2016-07-25 07:00:00,583.320000,29.400000
2016-09-13 23:00:00,251.840000,23.900000
2016-01-27 12:00:00,495.670000,5.600000
2016-10-05 15:00:00,535.090000,21.100000
2016-06-30 19:00:00,475.030000,26.100000
2016-02-15 09:00:00,423.870000,-5.000000
2016-02-05 21:00:00,408.900000,1.700000
2016-05-18 16:00:00,432.530000,17.800000
2016-02-07 15:00:00,311.960000,7.800000
2016-05-06 16:00:00,353.520000,11.700000
2016-01-05 13:00:00,449.970000,-1.100000
2016-10-17 14:00:00,601.020000,26.100000
2016-06-16 00:00:00,223.580000,23.900000
2016-04-22 17:00:00,431.620000,21.100000
2016-04-14 02:00:00,221.550000,7.200000
2016-09-10 17:00:00,634.690000,32.200000
2016-04-10 05:00:00,225.410000,-0.600000
2016-08-09 12:00:00,552.100000,26.100000
2016-03-17 13:00:00,441.420000,18.900000
2016-04-28 03:00:00,278.970000,12.800000
2016-02-02 14:00:00,454.460000,10.000000
2016-10-21 22:00:00,187.320000,15.600000
2016-06-11 00:00:00,190.920000,21.100000
2016-10-01 23:00:00,262.020000,18.300000
2016-07-27 04:00:00,585.950000,27.800000
2016-10-07 23:00:00,213.870000,18.900000
2016-03-17 07:00:00,336.600000,10.000000
2016-02-15 20:00:00,388.980000,-1.100000
2016-10-01 17:00:00,389.640000,18.900000
2016-05-19 22:00:00,177.870000,16.100000
2016-04-26 16:00:00,673.410000,29.400000
2016-07-02 06:00:00,210.470000,21.700000
2016-05-11 13:00:00,466.800000,13.900000
2016-06-11 07:00:00,381.270000,21.700000
2016-03-10 04:00:00,363.530000,16.100000
2016-09-04 08:00:00,177.240000,22.200000
2016-04-07 01:00:00,229.290000,12.200000
2016-08-19 08:00:00,608.350000,27.200000
2016-10-17 05:00:00,422.600000,15.600000
2016-06-19 17:00:00,406.830000,30.600000
2016-07-15 07:00:00,546.550000,27.200000
2016-04-21 18:00:00,433.600000,22.800000
2016-07-07 10:00:00,550.830000,31.100000
2016-04-28 16:00:00,364.810000,11.100000
2016-01-08 10:00:00,453.950000,5.000000
2016-04-19 12:00:00,547.180000,28.300000
2016-09-16 15:00:00,589.180000,26.100000
2016-09-12 17:00:00,584.450000,27.800000
2016-02-20 10:00:00,366.090000,7.800000
2016-04-02 00:00:00,237.460000,18.900000
2016-04-27 23:00:00,167.520000,12.200000
2016-09-04 12:00:00,427.620000,25.600000
2016-08-20 21:00:00,275.360000,27.200000
2016-07-27 02:00:00,272.360000,27.800000
2016-10-27 12:00:00,462.190000,16.100000
2016-03-15 00:00:00,209.010000,8.900000
2016-02-04 13:00:00,410.150000,8.900000
2016-09-02 15:00:00,609.720000,26.700000
2016-10-19 02:00:00,211.170000,20.000000
2016-01-27 03:00:00,241.120000,6.700000
2016-06-26 10:00:00,445.120000,27.200000
2016-02-08 13:00:00,450.950000,7.200000
2016-01-13 07:00:00,425.450000,-6.100000
2016-02-14 02:00:00,287.010000,-9.700000
2016-04-21 05:00:00,294.280000,9.400000
2016-06-07 13:00:00,622.990000,30.000000
2016-04-09 22:00:00,214.810000,2.800000
2016-02-09 08:00:00,459.780000,2.200000
2016-08-28 08:00:00,283.350000,25.000000
2016-09-07 12:00:00,683.390000,32.800000
2016-01-01 12:00:00,288.890000,7.200000
2016-02-16 19:00:00,397.970000,6.700000
2016-08-07 20:00:00,423.190000,28.300000
2016-09-05 17:00:00,510.550000,30.000000
2016-04-18 03:00:00,362.510000,12.200000
2016-06-15 18:00:00,551.590000,26.100000
2016-02-25 05:00:00,346.550000,10.600000
2016-02-02 11:00:00,429.920000,7.200000
2016-10-22 05:00:00,163.220000,12.800000
2016-10-03 08:00:00,542.720000,20.000000
2016-09-28 13:00:00,620.690000,20.000000
2016-05-09 12:00:00,460.300000,13.900000
2016-05-25 03:00:00,356.160000,16.100000
2016-01-28 05:00:00,372.570000,-3.300000
2016-04-20 19:00:00,380.660000,18.300000
2016-06-05 13:00:00,460.400000,26.700000
2016-06-22 20:00:00,455.090000,25.000000
2016-08-31 01:00:00,275.900000,23.300000
2016-10-21 14:00:00,595.600000,17.200000
2016-05-05 12:00:00,442.270000,11.700000
2016-06-14 00:00:00,206.930000,23.900000
2016-08-07 07:00:00,181.890000,23.900000
2016-08-07 23:00:00,193.330000,26.700000
2016-05-11 05:00:00,281.070000,12.200000
2016-07-28 15:00:00,647.750000,33.900000
2016-01-24 18:00:00,338.870000,0.600000
2016-03-01 14:00:00,501.300000,17.800000
2016-07-07 23:00:00,247.800000,28.900000
2016-06-03 13:00:00,626.240000,26.100000
2016-05-30 13:00:00,511.060000,26.100000
2016-03-13 23:00:00,211.310000,9.400000
2016-09-13 06:00:00,488.290000,21.100000
2016-07-28 05:00:00,570.060000,27.800000
2016-01-12 23:00:00,227.790000,-0.600000
2016-03-13 16:00:00,254.680000,11.100000
2016-09-20 16:00:00,640.920000,26.100000
2016-09-23 20:00:00,548.770000,25.600000
2016-04-28 17:00:00,324.530000,10.600000
2016-06-19 13:00:00,404.330000,30.600000
2016-06-29 02:00:00,227.370000,20.600000
2016-05-05 20:00:00,290.450000,13.300000
2016-07-17 20:00:00,469.340000,28.900000
2016-03-11 10:00:00,477.490000,17.200000
2016-07-15 15:00:00,598.070000,31.700000
2016-02-26 00:00:00,237.750000,4.400000
2016-06-15 23:00:00,230.470000,23.900000
2016-09-04 19:00:00,427.590000,23.900000
2016-07-26 12:00:00,627.430000,33.900000
2016-08-23 23:00:00,245.070000,22.200000
2016-04-04 08:00:00,443.200000,14.400000
2016-07-09 14:00:00,559.020000,33.300000
2016-07-01 21:00:00,323.860000,25.000000
2016-05-15 20:00:00,260.500000,13.300000
2016-04-21 08:00:00,380.130000,12.800000
2016-06-10 19:00:00,465.920000,26.100000
2016-03-06 10:00:00,261.980000,5.600000
2016-08-18 14:00:00,677.960000,32.800000
2016-08-10 03:00:00,,25.600000
2016-08-27 11:00:00,577.330000,31.700000
2016-04-01 07:00:00,328.060000,20.600000
2016-07-10 16:00:00,451.230000,29.400000
2016-02-21 13:00:00,368.630000,12.800000
2016-08-16 23:00:00,280.070000,30.600000
2016-02-22 16:00:00,400.110000,11.100000
2016-04-04 04:00:00,288.560000,10.000000
2016-03-22 13:00:00,449.590000,14.400000
2016-10-07 17:00:00,479.790000,22.200000
2016-01-05 17:00:00,442.330000,0.000000
2016-09-13 11:00:00,666.760000,28.900000
2016-08-31 18:00:00,633.220000,30.600000
2016-08-26 05:00:00,596.900000,25.600000
2016-01-22 03:00:00,260.760000,-5.000000
2016-06-06 19:00:00,513.520000,26.700000
2016-07-27 03:00:00,572.320000,27.800000
2016-05-01 10:00:00,200.690000,12.200000
2016-04-22 01:00:00,242.130000,19.400000
2016-05-31 07:00:00,522.010000,23.300000
2016-08-25 10:00:00,712.360000,27.800000
2016-10-11 05:00:00,289.830000,7.800000
2016-01-15 14:00:00,428.550000,9.400000
2016-06-27 09:00:00,491.590000,25.000000
2016-08-01 23:00:00,233.350000,25.000000
2016-06-16 08:00:00,549.870000,22.200000
2016-02-16 16:00:00,435.380000,10.600000
2016-07-31 21:00:00,337.620000,28.300000
2016-01-13 10:00:00,551.070000,-3.900000
2016-05-27 16:00:00,670.820000,29.400000
2016-08-27 19:00:00,285.500000,29.400000
2016-06-09 15:00:00,582.980000,27.200000
2016-08-18 04:00:00,558.440000,23.900000
2016-09-03 13:00:00,486.800000,25.600000
2016-07-08 07:00:00,484.540000,27.200000
2016-05-06 09:00:00,363.460000,11.700000
2016-01-10 13:00:00,270.950000,16.700000
2016-06-12 03:00:00,238.730000,25.000000
2016-10-21 00:00:00,245.980000,21.100000
2016-07-28 09:00:00,597.130000,30.600000
2016-05-23 13:00:00,487.360000,21.700000
2016-07-13 03:00:00,498.570000,23.900000
2016-03-28 21:00:00,240.710000,13.900000
2016-08-25 16:00:00,728.150000,30.600000
2016-07-04 02:00:00,199.700000,20.600000
2016-04-23 22:00:00,173.300000,15.000000
2016-07-20 14:00:00,547.790000,30.600000
2016-03-08 12:00:00,544.800000,20.000000
2016-01-26 07:00:00,364.450000,2.200000
2016-05-20 06:00:00,265.150000,13.300000
2016-02-15 19:00:00,394.560000,-1.700000
2016-09-01 15:00:00,690.080000,26.700000
2016-10-23 19:00:00,342.850000,15.600000
2016-10-13 19:00:00,445.700000,18.900000
2016-01-09 11:00:00,302.960000,7.800000
2016-04-09 17:00:00,288.280000,6.100000
2016-05-07 02:00:00,201.150000,11.100000
2016-09-18 08:00:00,247.840000,23.900000
2016-02-04 21:00:00,367.850000,7.200000
2016-06-30 05:00:00,377.020000,18.300000
2016-10-26 17:00:00,439.390000,13.300000
2016-02-21 12:00:00,397.350000,12.800000
2016-08-17 05:00:00,556.960000,26.100000
2016-03-08 07:00:00,369.090000,8.300000
2016-07-08 11:00:00,559.790000,32.200000
2016-08-05 19:00:00,511.800000,26.700000
2016-06-29 06:00:00,441.150000,21.100000
2016-04-24 12:00:00,239.710000,17.200000
2016-08-19 21:00:00,362.130000,27.200000
2016-06-20 15:00:00,522.250000,31.700000
2016-05-15 18:00:00,251.920000,14.400000
2016-08-18 09:00:00,636.890000,26.100000
2016-07-12 17:00:00,521.670000,30.000000
2016-07-16 23:00:00,252.220000,23.300000
2016-01-28 09:00:00,532.650000,-2.200000
2016-02-02 22:00:00,276.270000,6.700000
2016-06-13 17:00:00,548.650000,26.700000
2016-07-02 05:00:00,219.510000,21.100000
2016-09-06 02:00:00,177.070000,23.300000
2016-02-26 21:00:00,422.970000,1.100000
2016-08-09 11:00:00,553.020000,26.700000
2016-04-08 01:00:00,223.320000,8.300000
2016-07-23 15:00:00,640.810000,36.100000
2016-04-22 09:00:00,419.550000,19.400000
2016-09-15 22:00:00,213.740000,21.100000
2016-09-07 10:00:00,655.520000,29.400000
2016-10-24 11:00:00,546.190000,20.600000
2016-04-30 18:00:00,237.620000,13.900000
2016-05-22 02:00:00,196.120000,12.800000
2016-10-16 03:00:00,205.680000,12.800000
2016-05-20 16:00:00,468.320000,23.300000
2016-09-26 20:00:00,437.990000,21.100000
2016-09-15 01:00:00,233.770000,24.400000
2016-03-15 10:00:00,400.650000,10.000000
2016-07-30 14:00:00,573.680000,31.100000
2016-02-03 11:00:00,471.930000,6.700000
2016-02-05 17:00:00,444.720000,5.000000
2016-06-21 05:00:00,435.440000,23.900000
2016-07-17 16:00:00,490.850000,32.800000
2016-05-28 17:00:00,550.270000,28.900000
2016-08-01 00:00:00,250.730000,26.100000
2016-01-10 03:00:00,226.200000,11.700000
2016-02-23 22:00:00,264.760000,6.100000
2016-01-25 06:00:00,455.770000,-8.300000
2016-01-02 19:00:00,290.750000,6.100000
2016-02-21 16:00:00,354.000000,11.100000
2016-10-16 12:00:00,387.780000,20.600000
2016-04-28 09:00:00,438.320000,12.200000
2016-10-19 07:00:00,508.020000,19.400000
2016-03-20 02:00:00,198.890000,4.400000
2016-07-02 11:00:00,447.880000,25.600000
2016-09-21 14:00:00,636.610000,27.800000
2016-06-29 12:00:00,505.090000,27.200000
2016-10-02 01:00:00,250.460000,18.300000
2016-02-14 21:00:00,398.470000,-5.600000
2016-01-30 22:00:00,244.320000,5.000000
2016-04-08 18:00:00,336.800000,11.100000
2016-03-03 23:00:00,254.930000,0.600000
2016-01-28 22:00:00,282.630000,2.800000
2016-06-22 15:00:00,492.720000,28.300000
2016-09-26 01:00:00,178.770000,18.300000
2016-06-23 22:00:00,251.440000,24.400000
2016-02-07 09:00:00,257.930000,0.600000
2016-08-31 05:00:00,550.410000,23.300000
2016-05-06 05:00:00,257.750000,12.800000
2016-03-05 00:00:00,264.810000,3.900000
2016-04-29 01:00:00,171.650000,8.900000
2016-08-29 06:00:00,510.160000,22.800000
2016-05-11 11:00:00,492.140000,13.300000
2016-05-05 06:00:00,256.400000,10.600000
2016-05-09 10:00:00,453.290000,16.100000
2016-06-04 20:00:00,238.530000,24.400000
2016-08-18 08:00:00,622.210000,25.600000
2016-03-19 08:00:00,288.380000,7.200000
2016-04-09 00:00:00,219.640000,7.200000
2016-03-14 23:00:00,206.470000,8.900000
2016-08-07 10:00:00,456.210000,28.900000
2016-05-12 02:00:00,186.670000,14.400000
2016-03-23 21:00:00,272.550000,15.600000
2016-01-23 03:00:00,247.050000,-4.400000
2016-08-04 06:00:00,371.150000,21.700000
2016-05-18 09:00:00,434.740000,13.900000
2016-06-06 23:00:00,221.560000,24.400000
2016-05-14 08:00:00,337.750000,16.700000
2016-03-31 09:00:00,342.360000,17.200000
2016-01-31 11:00:00,358.260000,6.700000
2016-04-07 17:00:00,372.740000,12.200000
2016-09-25 16:00:00,415.520000,23.300000
2016-04-03 06:00:00,193.510000,2.800000
2016-10-11 20:00:00,410.340000,15.000000
2016-07-09 23:00:00,211.020000,27.800000
2016-06-22 11:00:00,518.240000,28.300000
2016-09-30 17:00:00,437.840000,18.300000
2016-06-10 00:00:00,173.250000,20.600000
2016-02-22 13:00:00,419.290000,10.600000
2016-03-28 22:00:00,236.250000,13.300000
2016-07-02 18:00:00,473.580000,25.000000
2016-07-30 02:00:00,259.260000,26.100000
2016-02-07 10:00:00,253.730000,2.200000
2016-01-18 20:00:00,473.980000,-7.800000
2016-07-27 15:00:00,597.180000,34.400000
2016-10-27 00:00:00,174.030000,11.100000
2016-08-24 12:00:00,654.110000,28.300000
2016-09-30 11:00:00,464.660000,17.800000
2016-02-21 04:00:00,235.580000,9.400000
2016-08-04 14:00:00,524.090000,29.400000
2016-06-07 04:00:00,450.850000,21.700000
2016-09-03 01:00:00,195.860000,22.200000
2016-08-15 23:00:00,241.820000,24.400000
2016-03-08 19:00:00,499.790000,17.200000
2016-09-26 23:00:00,239.260000,18.900000
2016-08-16 21:00:00,413.620000,30.600000
2016-02-15 22:00:00,269.930000,-1.100000
2016-03-27 14:00:00,277.840000,13.300000
2016-09-29 22:00:00,287.740000,18.900000
2016-06-15 16:00:00,600.640000,27.200000
2016-04-22 02:00:00,241.520000,19.400000
2016-09-11 22:00:00,222.430000,23.300000
2016-04-18 02:00:00,226.900000,12.800000
2016-03-15 18:00:00,422.980000,16.700000
2016-08-06 21:00:00,257.740000,27.200000
2016-10-04 16:00:00,521.760000,22.200000
2016-01-23 00:00:00,255.380000,-4.400000
2016-06-17 05:00:00,445.640000,18.900000
2016-01-09 00:00:00,227.240000,6.100000
2016-08-30 13:00:00,713.910000,31.700000
2016-02-17 04:00:00,359.820000,0.600000
2016-10-14 01:00:00,194.410000,12.800000
2016-06-06 18:00:00,546.290000,27.200000
2016-09-13 19:00:00,576.420000,27.800000
2016-01-13 16:00:00,494.390000,-0.600000
2016-09-05 14:00:00,503.950000,30.000000
2016-02-24 02:00:00,233.740000,5.600000
2016-01-03 22:00:00,234.880000,2.800000
2016-07-25 00:00:00,256.110000,29.400000
2016-06-21 06:00:00,452.060000,24.400000
2016-04-26 11:00:00,670.740000,27.200000
2016-02-04 15:00:00,421.690000,9.400000
2016-09-20 21:00:00,357.770000,23.900000
2016-03-01 22:00:00,299.230000,14.400000
2016-05-17 23:00:00,195.800000,13.300000
2016-07-03 07:00:00,162.870000,18.300000
2016-01-10 22:00:00,243.680000,4.400000
2016-01-04 20:00:00,352.690000,-2.200000
2016-06-07 20:00:00,443.280000,23.900000
2016-09-14 23:00:00,242.870000,26.100000
2016-07-29 01:00:00,242.300000,25.600000
2016-06-11 03:00:00,194.460000,20.000000
2016-04-27 18:00:00,353.540000,13.300000
2016-06-15 19:00:00,492.710000,25.600000
2016-10-05 08:00:00,488.320000,16.700000
2016-02-11 23:00:00,281.730000,-5.000000
2016-05-23 12:00:00,478.450000,21.700000
2016-10-16 13:00:00,388.920000,21.700000
2016-04-09 07:00:00,341.450000,5.000000
2016-09-23 03:00:00,423.630000,20.000000
2016-05-03 20:00:00,375.080000,16.100000
2016-04-23 12:00:00,275.930000,17.200000
2016-03-05 02:00:00,264.600000,3.300000
2016-04-10 16:00:00,250.280000,10.600000
2016-07-01 22:00:00,232.180000,24.400000
2016-01-18 03:00:00,245.520000,-0.600000
2016-05-04 00:00:00,191.820000,14.400000
2016-10-16 20:00:00,384.380000,18.300000
2016-10-06 01:00:00,170.750000,16.100000
2016-09-24 10:00:00,520.820000,24.400000
2016-06-13 03:00:00,351.430000,18.900000
2016-05-27 20:00:00,580.070000,26.700000
2016-05-05 23:00:00,199.080000,12.800000
2016-10-02 15:00:00,390.280000,23.900000
2016-08-18 03:00:00,550.680000,23.900000
2016-09-26 03:00:00,328.370000,18.300000
2016-01-27 09:00:00,519.210000,3.900000
2016-01-21 18:00:00,492.930000,-0.600000
2016-04-12 21:00:00,270.190000,11.700000
2016-08-08 01:00:00,194.110000,23.300000
2016-01-27 13:00:00,461.890000,5.600000
2016-01-31 00:00:00,244.840000,4.400000
2016-01-13 00:00:00,234.860000,-2.200000
2016-02-01 13:00:00,522.690000,15.600000
2016-06-18 08:00:00,425.020000,22.200000
2016-05-28 05:00:00,234.940000,21.100000
2016-06-19 12:00:00,407.150000,30.600000
2016-06-28 00:00:00,229.310000,23.300000
2016-06-29 21:00:00,263.000000,23.300000
2016-07-29 10:00:00,554.940000,26.700000
2016-01-25 20:00:00,397.710000,1.100000
2016-06-29 11:00:00,481.680000,27.200000
2016-02-14 18:00:00,393.510000,-4.400000
2016-03-22 04:00:00,316.790000,2.800000
2016-03-09 21:00:00,412.560000,17.800000
2016-07-04 16:00:00,413.280000,22.800000
2016-04-22 18:00:00,417.530000,20.000000
2016-03-12 02:00:00,217.470000,12.200000
2016-08-30 07:00:00,544.860000,24.400000
2016-06-27 21:00:00,309.380000,26.100000
2016-04-30 03:00:00,169.770000,11.100000
2016-06-11 16:00:00,540.330000,33.900000
2016-03-29 17:00:00,362.250000,15.000000
2016-10-11 21:00:00,274.600000,14.400000
2016-01-04 14:00:00,393.010000,3.300000
2016-04-06 10:00:00,386.380000,8.300000
2016-04-21 19:00:00,417.890000,21.100000
2016-07-22 14:00:00,637.890000,33.900000
2016-04-30 08:00:00,251.470000,11.100000
2016-04-18 08:00:00,468.550000,15.600000
2016-07-17 15:00:00,477.760000,32.200000
2016-02-13 03:00:00,269.660000,-2.200000
2016-05-15 22:00:00,158.330000,12.200000
2016-08-13 11:00:00,633.670000,34.400000
2016-03-30 14:00:00,370.950000,15.600000
2016-07-08 04:00:00,493.510000,26.100000
2016-02-20 06:00:00,238.690000,6.700000
2016-03-25 15:00:00,447.440000,20.000000
2016-01-26 21:00:00,375.280000,6.700000
2016-10-01 18:00:00,389.950000,18.900000
2016-01-24 14:00:00,348.460000,0.600000
2016-08-05 22:00:00,258.780000,25.600000
2016-03-17 19:00:00,391.970000,15.600000
2016-02-25 20:00:00,408.060000,6.700000
2016-05-13 07:00:00,400.910000,17.200000
2016-10-14 08:00:00,416.420000,11.700000
2016-03-28 17:00:00,342.420000,16.700000
2016-06-18 10:00:00,425.690000,25.600000
2016-04-27 19:00:00,323.340000,13.300000
2016-08-01 17:00:00,588.620000,31.700000
2016-03-11 14:00:00,464.490000,21.100000
2016-02-01 01:00:00,238.840000,8.300000
2016-07-25 09:00:00,591.620000,32.200000
2016-06-20 14:00:00,527.970000,31.700000
2016-04-01 09:00:00,352.040000,17.800000
2016-01-09 03:00:00,222.470000,6.100000
2016-02-18 06:00:00,422.950000,1.100000
2016-04-28 01:00:00,168.360000,12.200000
2016-08-14 07:00:00,264.020000,28.900000
2016-02-03 10:00:00,470.810000,6.100000
2016-09-27 22:00:00,214.810000,18.900000
2016-04-08 04:00:00,336.480000,7.200000
2016-09-04 09:00:00,191.310000,23.900000
2016-09-30 13:00:00,461.970000,18.300000
2016-08-19 15:00:00,687.680000,32.800000
2016-03-27 10:00:00,283.860000,11.100000
2016-10-21 15:00:00,589.140000,17.800000
2016-01-27 20:00:00,427.410000,2.800000
2016-10-08 02:00:00,214.670000,18.900000
2016-08-14 06:00:00,265.290000,27.800000
2016-08-26 12:00:00,776.000000,33.300000
2016-07-28 18:00:00,556.040000,26.700000
2016-01-06 00:00:00,255.490000,-2.800000
2016-03-15 07:00:00,363.900000,8.300000
2016-06-01 19:00:00,546.050000,26.100000
2016-08-30 18:00:00,630.030000,29.400000
2016-03-30 05:00:00,311.520000,5.600000
2016-07-30 00:00:00,260.190000,27.200000
2016-07-03 01:00:00,190.810000,23.300000
2016-01-06 14:00:00,408.480000,3.300000
2016-10-04 04:00:00,364.160000,15.000000
2016-05-30 23:00:00,242.390000,22.200000
2016-05-17 16:00:00,447.970000,12.800000
2016-04-16 21:00:00,255.180000,15.600000
2016-01-03 14:00:00,271.390000,10.600000
2016-10-14 20:00:00,366.990000,13.900000
2016-10-26 19:00:00,379.100000,11.700000
2016-06-04 03:00:00,214.340000,21.700000
2016-05-29 10:00:00,483.880000,25.000000
2016-06-16 20:00:00,544.440000,22.800000
2016-01-29 07:00:00,401.650000,3.900000
2016-09-06 11:00:00,690.710000,30.000000
2016-01-31 21:00:00,358.440000,8.300000
2016-02-20 17:00:00,410.530000,17.200000
2016-03-31 16:00:00,349.640000,22.800000
2016-06-13 05:00:00,357.040000,17.800000
2016-09-30 09:00:00,431.500000,17.200000
2016-01-24 15:00:00,350.230000,1.100000
2016-03-19 07:00:00,316.450000,7.800000
2016-10-18 00:00:00,202.510000,18.900000
2016-04-18 10:00:00,546.990000,22.200000
2016-03-12 19:00:00,285.540000,12.800000
2016-02-28 06:00:00,264.850000,1.100000
2016-08-14 18:00:00,554.490000,35.000000
2016-05-05 09:00:00,421.420000,11.100000
2016-06-09 23:00:00,174.410000,20.600000
2016-08-09 08:00:00,499.840000,23.300000
2016-01-21 09:00:00,482.700000,-3.300000
2016-01-21 13:00:00,530.290000,1.100000
2016-01-29 18:00:00,458.250000,2.200000
2016-08-03 13:00:00,411.200000,27.800000
2016-01-26 02:00:00,244.630000,1.100000
2016-03-20 21:00:00,241.490000,3.900000
2016-07-26 15:00:00,620.070000,35.600000
2016-08-30 16:00:00,679.760000,32.200000
2016-08-01 19:00:00,551.390000,28.300000
2016-05-02 04:00:00,229.590000,12.800000
2016-07-24 20:00:00,479.360000,31.700000
2016-07-25 17:00:00,618.600000,35.600000
2016-04-08 20:00:00,317.940000,8.300000
2016-02-19 17:00:00,460.400000,4.400000
2016-01-12 10:00:00,469.220000,2.800000
2016-10-27 21:00:00,297.500000,16.100000
2016-06-22 19:00:00,470.130000,26.700000
2016-02-26 23:00:00,268.720000,0.000000
2016-05-10 12:00:00,459.770000,16.700000
2016-03-04 20:00:00,437.600000,4.400000
2016-05-27 10:00:00,707.990000,26.700000
2016-10-25 10:00:00,509.600000,14.400000
2016-10-24 18:00:00,428.400000,17.200000
2016-05-22 23:00:00,192.560000,13.900000
2016-08-30 03:00:00,538.790000,25.600000
2016-10-11 01:00:00,159.640000,10.000000
2016-02-25 23:00:00,238.250000,5.000000
2016-02-09 09:00:00,542.290000,2.200000
2016-08-25 15:00:00,742.170000,31.100000
2016-04-04 00:00:00,204.500000,8.900000
2016-06-18 00:00:00,189.840000,21.100000
2016-08-05 16:00:00,534.890000,26.700000
2016-05-15 10:00:00,250.800000,13.300000
2016-04-08 00:00:00,214.750000,8.900000
2016-01-03 20:00:00,272.470000,3.900000
2016-08-09 02:00:00,196.180000,20.600000
2016-08-02 11:00:00,349.710000,30.000000
2016-06-06 06:00:00,435.220000,21.700000
2016-03-07 20:00:00,448.370000,12.200000
2016-05-27 07:00:00,515.430000,22.800000
2016-06-26 16:00:00,445.730000,28.300000
2016-07-14 20:00:00,596.150000,31.100000
2016-03-03 21:00:00,402.400000,1.100000
2016-08-21 23:00:00,246.090000,24.400000
2016-01-07 06:00:00,347.210000,2.800000
2016-04-27 02:00:00,192.270000,20.600000
2016-05-27 18:00:00,620.540000,28.300000
2016-03-28 04:00:00,294.900000,9.400000
2016-10-02 09:00:00,248.180000,19.400000
2016-04-04 09:00:00,465.560000,16.700000
2016-09-26 13:00:00,569.290000,21.100000
2016-10-12 06:00:00,314.520000,10.600000
2016-08-20 20:00:00,263.720000,28.300000
2016-05-06 06:00:00,280.770000,11.700000
2016-02-05 19:00:00,442.990000,3.300000
2016-05-16 07:00:00,321.310000,10.600000
2016-09-09 19:00:00,641.510000,30.000000
2016-06-30 04:00:00,390.830000,18.900000
2016-05-22 03:00:00,186.310000,12.800000
2016-01-16 06:00:00,238.640000,6.700000
2016-02-29 22:00:00,253.610000,12.200000
2016-08-16 16:00:00,682.860000,35.600000
2016-03-15 09:00:00,432.560000,9.400000
2016-07-03 00:00:00,188.650000,23.300000
2016-06-01 05:00:00,466.290000,21.100000
2016-03-17 00:00:00,242.290000,12.800000
2016-09-16 11:00:00,616.380000,23.900000
2016-02-05 01:00:00,233.210000,5.000000
2016-04-22 22:00:00,195.430000,18.300000
2016-02-19 19:00:00,449.080000,3.300000
2016-01-08 07:00:00,341.200000,4.400000
2016-08-16 04:00:00,540.540000,24.400000
2016-01-26 17:00:00,372.290000,9.400000
2016-03-28 11:00:00,410.090000,17.200000
2016-08-30 08:00:00,623.800000,25.600000
2016-01-04 10:00:00,427.250000,1.100000
2016-06-14 12:00:00,537.880000,25.000000
2016-02-13 04:00:00,273.890000,-3.300000
2016-09-05 04:00:00,419.360000,18.300000
2016-01-13 12:00:00,530.570000,-2.200000
2016-03-02 14:00:00,442.910000,5.600000
2016-01-12 19:00:00,384.410000,5.600000
2016-03-25 18:00:00,383.080000,17.200000
2016-06-04 07:00:00,415.910000,21.700000
2016-10-01 09:00:00,378.840000,17.800000
2016-10-02 10:00:00,333.330000,20.600000
2016-03-16 19:00:00,401.990000,17.200000
2016-02-23 05:00:00,325.840000,5.600000
2016-08-11 13:00:00,638.780000,35.600000
2016-09-15 20:00:00,543.940000,22.800000
2016-06-11 09:00:00,437.880000,23.900000
2016-04-06 15:00:00,367.290000,12.800000
2016-03-24 22:00:00,251.560000,19.400000
2016-06-30 21:00:00,326.980000,25.000000
2016-04-20 08:00:00,400.610000,14.400000
2016-05-25 09:00:00,561.870000,23.300000
2016-10-02 07:00:00,246.380000,18.300000
2016-07-29 23:00:00,263.860000,27.200000
2016-06-02 01:00:00,239.410000,22.200000
2016-05-22 04:00:00,185.110000,12.800000
2016-01-05 03:00:00,212.460000,-8.300000
2016-06-25 18:00:00,498.260000,27.800000
2016-02-01 00:00:00,240.110000,10.600000
2016-10-06 11:00:00,539.370000,18.300000
2016-01-21 00:00:00,264.100000,-3.300000
2016-07-18 17:00:00,477.200000,23.900000
2016-10-20 07:00:00,496.220000,20.000000
2016-08-01 01:00:00,251.300000,25.600000
2016-02-18 11:00:00,493.010000,2.200000
2016-08-18 00:00:00,270.270000,23.900000
2016-03-01 03:00:00,245.140000,6.100000
2016-04-10 20:00:00,261.920000,9.400000
2016-09-09 16:00:00,720.370000,33.300000
2016-01-17 18:00:00,369.960000,2.200000
2016-04-01 17:00:00,388.960000,26.700000
2016-02-09 13:00:00,467.600000,3.300000
2016-05-12 01:00:00,185.330000,15.000000
2016-03-27 09:00:00,192.620000,10.600000
2016-10-23 00:00:00,166.190000,10.600000
2016-09-25 04:00:00,180.720000,16.100000
2016-01-28 20:00:00,393.900000,2.800000
2016-01-10 02:00:00,227.130000,11.100000
2016-03-23 00:00:00,244.490000,13.300000
2016-05-13 20:00:00,424.790000,21.100000
2016-06-05 15:00:00,474.890000,28.300000
2016-04-02 11:00:00,273.230000,11.700000
2016-04-19 23:00:00,229.520000,16.700000
2016-03-10 09:00:00,504.400000,18.300000
2016-05-04 22:00:00,201.850000,12.200000
2016-07-21 05:00:00,462.750000,21.700000
2016-07-19 00:00:00,249.920000,23.900000
2016-03-30 15:00:00,376.690000,16.100000
2016-02-02 09:00:00,459.920000,4.400000
2016-04-11 16:00:00,496.260000,22.800000
2016-08-04 11:00:00,479.310000,26.100000
2016-10-01 13:00:00,383.530000,19.400000
2016-10-17 18:00:00,513.340000,22.800000
2016-03-03 09:00:00,502.090000,1.700000
2016-05-09 23:00:00,179.550000,15.000000
2016-05-07 08:00:00,196.580000,12.200000
2016-06-17 06:00:00,437.350000,18.900000
2016-08-13 22:00:00,281.790000,31.700000
2016-06-23 14:00:00,520.960000,26.700000
2016-01-22 13:00:00,452.180000,-1.700000
2016-05-15 12:00:00,254.560000,15.000000
2016-05-24 08:00:00,493.280000,20.600000
2016-06-19 01:00:00,189.510000,20.000000
2016-07-25 22:00:00,286.040000,31.100000
2016-10-21 01:00:00,246.010000,21.100000
2016-08-22 19:00:00,546.910000,26.700000
2016-06-14 07:00:00,414.400000,21.700000
2016-01-24 16:00:00,365.540000,1.100000
2016-01-16 00:00:00,242.910000,6.100000
2016-09-25 11:00:00,383.090000,20.600000
2016-09-17 09:00:00,469.160000,22.200000
2016-07-15 11:00:00,603.580000,30.000000
2016-05-24 17:00:00,546.320000,28.300000
2016-08-09 23:00:00,268.780000,25.600000
2016-02-01 15:00:00,469.340000,11.700000
2016-06-27 13:00:00,540.490000,30.000000
2016-10-10 22:00:00,158.260000,11.700000
2016-09-02 05:00:00,424.220000,20.000000
2016-10-10 12:00:00,325.230000,16.700000
2016-01-09 22:00:00,222.120000,8.900000
2016-08-17 18:00:00,612.170000,32.200000
2016-06-25 03:00:00,223.700000,22.200000
2016-05-07 05:00:00,201.670000,10.600000
2016-07-01 23:00:00,229.420000,23.300000
2016-08-12 11:00:00,637.740000,33.300000
2016-08-12 04:00:00,563.730000,27.200000
2016-03-02 15:00:00,443.120000,5.600000
2016-04-03 18:00:00,268.310000,12.200000
2016-01-31 05:00:00,245.340000,3.300000
2016-06-04 19:00:00,250.430000,25.000000
2016-01-03 01:00:00,207.810000,2.800000
2016-08-24 15:00:00,663.000000,28.900000
2016-02-06 23:00:00,268.810000,2.800000
2016-09-21 11:00:00,649.860000,26.100000
2016-04-30 19:00:00,166.170000,13.300000
2016-07-27 08:00:00,580.060000,29.400000
2016-09-29 21:00:00,304.770000,18.900000
2016-01-22 12:00:00,442.200000,-1.700000
2016-05-03 03:00:00,394.270000,17.200000
2016-05-13 10:00:00,511.810000,18.300000
2016-01-06 19:00:00,387.900000,1.700000
2016-07-28 12:00:00,628.490000,32.200000
2016-05-18 10:00:00,470.140000,15.000000
2016-05-30 18:00:00,510.580000,23.900000
2016-07-23 07:00:00,565.180000,29.400000
2016-01-20 07:00:00,500.380000,-6.700000
2016-10-23 21:00:00,233.070000,15.000000
2016-02-21 15:00:00,382.050000,11.100000
2016-01-25 18:00:00,401.120000,2.200000
2016-01-19 18:00:00,541.100000,-3.900000
2016-06-16 17:00:00,620.000000,28.300000
2016-05-23 02:00:00,195.200000,13.900000
2016-06-06 05:00:00,423.480000,21.100000
2016-01-14 00:00:00,241.060000,-2.200000
2016-09-26 05:00:00,364.690000,18.900000
2016-07-01 11:00:00,548.220000,27.200000
2016-07-22 08:00:00,533.780000,26.100000
2016-01-19 19:00:00,517.720000,-4.400000
2016-09-01 00:00:00,292.330000,26.700000
2016-02-07 02:00:00,266.740000,0.600000
2016-04-25 09:00:00,446.130000,15.600000
2016-01-28 10:00:00,530.420000,-0.600000
2016-03-04 00:00:00,259.080000,0.000000
2016-05-17 21:00:00,245.790000,12.800000
2016-10-09 16:00:00,342.380000,19.400000
2016-02-11 21:00:00,447.990000,-5.000000
2016-01-17 05:00:00,244.360000,2.800000
2016-04-07 08:00:00,425.460000,12.800000
2016-03-02 18:00:00,437.640000,3.300000
2016-04-03 14:00:00,274.810000,9.400000
2016-09-28 15:00:00,582.290000,20.600000
2016-09-29 01:00:00,235.140000,20.600000
2016-10-25 03:00:00,301.130000,10.000000
2016-08-11 09:00:00,594.810000,31.100000
2016-09-11 20:00:00,424.710000,25.600000
2016-05-04 02:00:00,192.300000,13.300000
2016-04-25 21:00:00,192.340000,20.600000
2016-03-21 09:00:00,460.150000,6.100000
2016-02-01 14:00:00,509.670000,14.400000
2016-01-30 04:00:00,256.370000,-1.100000
2016-09-21 13:00:00,632.580000,27.800000
2016-02-24 03:00:00,236.320000,5.600000
2016-09-23 13:00:00,677.050000,29.400000
2016-04-29 23:00:00,173.040000,11.700000
2016-09-09 18:00:00,645.950000,31.100000
2016-09-25 15:00:00,417.440000,23.300000
2016-03-20 17:00:00,297.090000,5.000000
2016-07-26 23:00:00,268.950000,29.400000
2016-09-24 09:00:00,531.970000,24.400000
2016-01-16 08:00:00,376.250000,6.100000
2016-03-21 23:00:00,224.350000,6.100000
2016-02-18 05:00:00,401.340000,1.700000
2016-10-16 18:00:00,377.000000,19.400000
2016-07-10 15:00:00,451.360000,29.400000
2016-10-21 02:00:00,238.340000,20.600000
2016-05-05 16:00:00,373.780000,13.900000
2016-10-24 05:00:00,355.970000,12.200000
2016-01-08 23:00:00,236.960000,6.700000
2016-07-11 04:00:00,442.430000,22.200000
2016-06-11 21:00:00,250.030000,29.400000
2016-01-08 06:00:00,329.200000,4.400000
2016-03-20 13:00:00,281.620000,5.000000
2016-02-16 01:00:00,265.580000,-0.600000
2016-10-25 11:00:00,480.920000,16.100000
2016-09-02 22:00:00,222.000000,23.900000
2016-04-05 18:00:00,333.760000,6.700000
2016-09-29 00:00:00,235.530000,21.100000
2016-10-20 18:00:00,560.900000,25.000000
2016-07-28 03:00:00,559.110000,27.800000
2016-07-14 21:00:00,438.750000,30.000000
2016-02-18 18:00:00,441.890000,2.200000
2016-09-18 21:00:00,352.580000,26.700000
2016-08-26 09:00:00,763.340000,31.700000
2016-05-10 18:00:00,388.320000,16.700000
2016-08-12 21:00:00,391.560000,31.100000
2016-08-01 14:00:00,608.590000,32.200000
2016-03-10 11:00:00,531.170000,20.600000
2016-01-22 04:00:00,491.300000,-5.000000
2016-01-07 22:00:00,261.350000,5.000000
2016-09-10 21:00:00,289.060000,28.300000
2016-09-16 09:00:00,560.640000,20.600000
2016-05-20 12:00:00,551.350000,23.900000
2016-07-22 15:00:00,633.240000,33.900000
2016-01-05 07:00:00,427.540000,-8.900000
2016-05-29 23:00:00,235.290000,20.600000
2016-08-20 06:00:00,271.960000,23.900000
2016-10-12 16:00:00,485.460000,21.100000
2016-06-17 22:00:00,191.770000,22.800000
2016-08-15 15:00:00,722.190000,36.700000
2016-03-14 06:00:00,280.430000,9.400000
2016-09-26 22:00:00,237.410000,18.900000
2016-06-17 17:00:00,485.980000,27.200000
2016-05-09 01:00:00,173.560000,12.800000
2016-05-01 18:00:00,203.390000,14.400000
2016-07-18 01:00:00,272.990000,27.200000
2016-03-10 08:00:00,416.360000,15.600000
2016-01-07 08:00:00,383.170000,2.800000
2016-06-10 04:00:00,356.870000,18.300000
2016-04-13 17:00:00,456.670000,13.900000
2016-03-07 05:00:00,393.660000,2.800000
2016-09-11 04:00:00,279.630000,26.700000
2016-04-16 14:00:00,421.140000,21.700000
2016-10-07 03:00:00,376.270000,16.700000
2016-05-15 01:00:00,153.370000,10.600000
2016-06-08 11:00:00,507.470000,20.000000
2016-08-13 15:00:00,675.030000,36.700000
2016-06-16 02:00:00,209.680000,22.800000
2016-09-20 23:00:00,257.210000,23.900000
2016-04-02 07:00:00,278.530000,10.000000
2016-06-13 14:00:00,557.990000,26.100000
2016-07-29 04:00:00,500.290000,23.900000
2016-05-04 15:00:00,409.490000,15.000000
2016-03-17 04:00:00,312.770000,10.000000
2016-08-21 00:00:00,282.740000,25.600000
2016-06-21 19:00:00,430.930000,23.300000
2016-06-30 10:00:00,458.190000,25.000000
2016-07-10 08:00:00,186.710000,25.600000
2016-01-13 21:00:00,454.050000,-2.800000
2016-01-09 20:00:00,247.650000,8.300000
2016-05-31 03:00:00,443.350000,21.700000
2016-10-10 01:00:00,170.180000,11.700000
2016-10-21 12:00:00,595.470000,26.100000
2016-01-21 15:00:00,503.920000,0.600000
2016-01-09 13:00:00,304.900000,7.800000
2016-03-01 00:00:00,244.020000,7.200000
2016-02-17 13:00:00,448.970000,8.900000
2016-04-17 22:00:00,261.840000,16.100000
2016-02-06 04:00:00,270.040000,-1.100000
2016-04-24 19:00:00,244.730000,17.200000
2016-01-13 17:00:00,485.610000,-1.100000
2016-03-18 07:00:00,310.250000,10.600000
2016-05-18 22:00:00,189.200000,15.000000
2016-03-24 02:00:00,227.420000,13.900000
2016-04-26 20:00:00,476.120000,26.100000
2016-07-14 05:00:00,516.530000,23.900000
2016-03-05 04:00:00,268.160000,3.900000
2016-05-09 19:00:00,355.580000,16.100000
2016-02-05 03:00:00,232.760000,2.800000
2016-03-24 01:00:00,243.460000,15.000000
2016-07-26 13:00:00,636.020000,34.400000
2016-07-21 22:00:00,293.850000,26.700000
2016-08-09 09:00:00,520.580000,24.400000
2016-01-16 23:00:00,244.370000,4.400000
2016-03-05 08:00:00,399.120000,1.700000
2016-01-09 19:00:00,307.810000,8.900000
2016-03-22 19:00:00,373.230000,13.900000
2016-07-17 05:00:00,233.790000,21.700000
2016-04-11 20:00:00,417.470000,20.000000
2016-04-23 21:00:00,170.320000,16.100000
2016-05-24 23:00:00,189.720000,18.300000
2016-06-17 12:00:00,559.220000,26.100000
2016-02-26 11:00:00,460.430000,3.900000
2016-09-21 12:00:00,645.130000,27.200000
2016-07-24 01:00:00,256.530000,30.000000
2016-09-28 16:00:00,554.880000,21.100000
2016-01-29 08:00:00,440.650000,2.800000
2016-01-08 12:00:00,440.990000,5.600000
2016-10-17 12:00:00,590.540000,25.000000
2016-05-18 06:00:00,297.550000,13.300000
2016-10-06 02:00:00,172.170000,16.100000
2016-08-13 13:00:00,657.210000,35.600000
2016-01-12 14:00:00,420.630000,6.700000
2016-05-12 03:00:00,272.330000,15.000000
2016-10-10 23:00:00,159.630000,11.700000
2016-04-13 14:00:00,449.680000,13.300000
2016-01-13 01:00:00,229.410000,-2.800000
2016-05-08 09:00:00,158.750000,19.400000
2016-07-06 18:00:00,558.170000,32.800000
2016-08-14 20:00:00,511.380000,30.000000
2016-02-11 15:00:00,476.420000,-1.100000
2016-04-03 10:00:00,268.960000,5.600000
2016-07-10 04:00:00,200.410000,23.900000
2016-01-02 15:00:00,277.340000,8.900000
2016-08-01 02:00:00,238.870000,25.000000
2016-04-25 00:00:00,172.710000,11.700000
2016-08-30 04:00:00,533.530000,25.000000
2016-10-17 22:00:00,200.450000,19.400000
2016-01-12 06:00:00,362.890000,0.000000
2016-06-03 20:00:00,473.430000,23.300000
2016-04-30 09:00:00,270.670000,11.700000
2016-10-08 23:00:00,212.900000,19.400000
2016-08-05 04:00:00,490.710000,23.300000
2016-10-10 19:00:00,329.250000,15.000000
2016-08-22 18:00:00,579.750000,27.800000
2016-01-05 15:00:00,434.600000,0.600000
2016-02-28 05:00:00,263.150000,0.600000
2016-04-18 14:00:00,530.530000,28.300000
2016-01-10 04:00:00,223.350000,12.800000
2016-06-30 17:00:00,491.650000,27.200000
2016-10-08 15:00:00,426.730000,19.400000
2016-07-02 21:00:00,189.910000,24.400000
2016-01-04 11:00:00,427.890000,2.200000
2016-02-06 09:00:00,362.320000,0.600000
2016-10-06 22:00:00,211.150000,18.300000
2016-07-07 16:00:00,556.750000,31.700000
2016-01-20 05:00:00,516.150000,-6.700000
2016-09-22 18:00:00,582.310000,27.200000
2016-01-23 23:00:00,243.130000,-2.200000
2016-05-17 06:00:00,290.470000,13.900000
2016-04-09 04:00:00,215.900000,6.700000
2016-09-10 23:00:00,283.300000,27.200000
2016-04-03 20:00:00,255.760000,10.000000
2016-10-11 09:00:00,437.080000,12.800000
2016-10-28 06:00:00,337.760000,11.700000
2016-04-12 08:00:00,499.270000,16.100000
2016-04-07 07:00:00,352.510000,12.800000
2016-09-10 10:00:00,599.540000,31.100000
2016-03-30 16:00:00,379.160000,16.700000
2016-09-24 20:00:00,207.230000,20.000000
2016-07-13 00:00:00,237.190000,25.600000
2016-10-27 20:00:00,433.730000,17.200000
2016-01-28 02:00:00,248.670000,-2.200000
2016-01-30 12:00:00,391.560000,2.800000
2016-09-15 08:00:00,542.670000,21.700000
2016-06-30 02:00:00,173.700000,21.700000
2016-05-29 20:00:00,427.040000,21.100000
2016-05-26 01:00:00,203.480000,18.900000
2016-05-07 21:00:00,183.440000,15.000000
2016-09-03 15:00:00,470.330000,27.800000
2016-02-29 14:00:00,491.680000,17.800000
2016-02-20 22:00:00,231.160000,10.000000
2016-09-12 13:00:00,637.540000,28.900000
2016-03-21 10:00:00,448.900000,7.800000
2016-06-19 02:00:00,182.740000,20.600000
2016-08-26 08:00:00,700.780000,30.000000
2016-01-14 02:00:00,244.370000,-2.200000
2016-10-06 05:00:00,362.090000,16.100000
2016-02-29 17:00:00,490.240000,16.100000
2016-06-13 20:00:00,441.650000,25.000000
2016-08-25 21:00:00,430.570000,27.800000
2016-05-10 15:00:00,441.430000,18.300000
2016-06-22 06:00:00,449.550000,21.700000
2016-09-01 09:00:00,671.970000,22.200000
2016-05-05 14:00:00,404.560000,13.300000
2016-09-07 00:00:00,236.340000,25.600000
2016-02-16 07:00:00,450.020000,10.600000
2016-09-03 16:00:00,460.670000,26.700000
2016-08-10 04:00:00,,25.600000
2016-07-04 13:00:00,397.900000,22.200000
2016-06-06 18:00:00,546.290000,27.200000
2016-10-28 22:00:00,171.910000,10.000000
2016-01-29 12:00:00,467.910000,5.000000
2016-08-09 05:00:00,458.930000,20.600000
2016-10-19 04:00:00,460.510000,18.900000
2016-04-25 11:00:00,429.530000,19.400000
2016-09-18 13:00:00,477.500000,31.100000
2016-10-10 04:00:00,300.440000,11.100000
2016-04-12 09:00:00,504.400000,13.900000
2016-08-06 13:00:00,572.670000,32.800000
2016-01-14 14:00:00,455.530000,11.100000
2016-04-20 18:00:00,414.650000,20.000000
2016-09-09 15:00:00,760.800000,34.400000
2016-03-31 22:00:00,262.930000,19.400000
2016-06-10 12:00:00,545.370000,25.600000
2016-06-27 07:00:00,436.280000,21.700000
2016-09-18 12:00:00,498.360000,28.900000
2016-05-25 10:00:00,588.780000,25.600000
2016-04-26 09:00:00,545.090000,23.900000
2016-07-24 18:00:00,496.010000,33.900000
2016-06-16 18:00:00,603.060000,26.700000
2016-03-11 02:00:00,264.510000,20.600000
2016-01-15 12:00:00,459.580000,8.300000
2016-08-08 11:00:00,552.860000,31.100000
2016-05-14 16:00:00,314.030000,15.600000
2016-06-09 07:00:00,369.780000,17.800000
2016-07-11 00:00:00,197.940000,25.000000
2016-03-09 00:00:00,276.040000,13.300000
2016-07-30 16:00:00,568.820000,30.600000
2016-10-08 11:00:00,439.700000,19.400000
2016-06-25 17:00:00,486.850000,28.300000
2016-02-06 07:00:00,270.040000,-1.100000
2016-06-25 23:00:00,199.860000,22.800000
2016-07-04 19:00:00,402.360000,22.800000
2016-05-25 23:00:00,206.530000,19.400000
2016-04-02 16:00:00,312.400000,16.100000
2016-10-13 01:00:00,219.490000,13.900000
2016-08-25 01:00:00,243.720000,22.200000
2016-03-29 15:00:00,345.430000,15.000000
2016-06-15 07:00:00,394.690000,20.600000
2016-09-19 16:00:00,634.880000,23.900000
2016-08-25 00:00:00,250.330000,23.300000
2016-01-04 13:00:00,397.840000,2.200000
2016-10-11 19:00:00,433.790000,15.600000
2016-03-19 11:00:00,299.010000,6.700000
2016-04-26 23:00:00,202.400000,22.200000
2016-08-26 13:00:00,768.920000,34.400000
2016-04-20 06:00:00,256.150000,10.000000
2016-09-15 17:00:00,572.270000,23.300000
2016-04-30 06:00:00,162.880000,10.600000
2016-05-27 21:00:00,382.400000,25.000000
2016-01-21 14:00:00,523.210000,0.600000
2016-03-25 09:00:00,567.440000,20.600000
2016-04-15 11:00:00,365.460000,15.600000
2016-06-30 01:00:00,168.030000,21.700000
2016-06-07 23:00:00,177.780000,20.600000
2016-08-21 12:00:00,579.280000,32.200000
2016-08-10 10:00:00,,30.000000
2016-02-23 04:00:00,334.540000,6.100000
2016-06-14 06:00:00,379.840000,21.100000
2016-06-19 00:00:00,188.710000,20.600000
2016-04-30 21:00:00,163.100000,12.800000
2016-09-09 02:00:00,279.530000,27.200000
2016-10-26 07:00:00,419.570000,7.200000
2016-01-26 18:00:00,385.160000,10.600000
2016-09-15 15:00:00,621.980000,24.400000
2016-06-12 16:00:00,459.890000,32.800000
2016-06-12 04:00:00,233.070000,24.400000
2016-09-28 18:00:00,514.740000,21.100000
2016-05-18 12:00:00,511.560000,16.700000
2016-07-09 20:00:00,216.200000,29.466667
2016-02-29 03:00:00,263.140000,11.700000
2016-04-01 23:00:00,250.220000,22.200000
2016-03-24 15:00:00,520.080000,25.000000
2016-08-13 08:00:00,597.990000,30.000000
2016-02-06 05:00:00,266.630000,-1.100000
2016-04-08 12:00:00,387.330000,8.900000
2016-03-24 20:00:00,394.860000,18.300000
2016-05-09 00:00:00,185.860000,12.800000
2016-07-14 19:00:00,589.120000,32.800000
2016-07-28 08:00:00,577.250000,30.000000
2016-01-15 20:00:00,372.670000,6.700000
2016-02-18 16:00:00,463.270000,3.900000
2016-08-17 13:00:00,678.310000,33.900000
2016-05-07 22:00:00,184.040000,14.400000
2016-05-19 02:00:00,185.010000,13.900000
2016-05-11 23:00:00,182.910000,15.000000
2016-06-18 06:00:00,164.710000,20.000000
2016-07-09 07:00:00,493.750000,26.700000
2016-07-02 23:00:00,189.780000,23.900000
2016-10-24 22:00:00,177.620000,12.800000
2016-03-20 00:00:00,218.560000,3.900000
2016-01-25 03:00:00,243.400000,-7.200000
2016-04-06 21:00:00,232.610000,10.600000
2016-08-02 16:00:00,346.290000,31.700000
2016-03-11 17:00:00,410.280000,21.700000
2016-02-05 22:00:00,315.820000,1.700000
2016-07-23 16:00:00,619.080000,36.700000
2016-07-04 23:00:00,205.390000,23.300000
2016-04-09 10:00:00,296.480000,2.200000
2016-04-09 08:00:00,307.310000,5.000000
2016-07-29 05:00:00,496.590000,23.900000
2016-07-31 23:00:00,256.260000,27.200000
2016-05-18 00:00:00,199.370000,13.300000
2016-08-22 00:00:00,241.040000,23.300000
2016-10-03 11:00:00,572.010000,23.900000
2016-02-16 18:00:00,399.800000,7.800000
2016-03-05 11:00:00,398.540000,3.300000
2016-06-20 00:00:00,190.900000,23.900000
2016-08-20 12:00:00,631.390000,31.700000
2016-10-04 22:00:00,203.910000,17.200000
2016-08-23 02:00:00,211.010000,21.700000
2016-08-24 18:00:00,585.460000,28.300000
2016-10-20 22:00:00,240.430000,22.200000
2016-08-29 08:00:00,682.170000,26.100000
2016-08-14 02:00:00,279.550000,30.000000
2016-07-21 03:00:00,482.880000,23.300000
2016-09-21 00:00:00,243.760000,23.900000
2016-04-14 10:00:00,445.460000,13.300000
2016-09-24 03:00:00,260.640000,21.700000
2016-09-20 18:00:00,578.370000,25.600000
2016-09-24 22:00:00,217.520000,18.900000
2016-10-23 16:00:00,344.320000,20.000000
2016-10-24 07:00:00,446.510000,13.300000
2016-05-29 08:00:00,230.400000,22.800000
2016-08-15 12:00:00,693.410000,33.300000
2016-09-15 12:00:00,612.590000,23.300000
2016-10-14 22:00:00,172.360000,13.300000
2016-07-12 04:00:00,432.450000,23.300000
2016-07-02 12:00:00,458.980000,26.100000
2016-08-12 10:00:00,624.320000,33.300000
2016-07-19 20:00:00,557.190000,28.300000
2016-10-16 16:00:00,367.820000,22.200000
2016-03-26 18:00:00,354.940000,13.300000
2016-03-15 06:00:00,305.340000,8.300000
2016-06-09 04:00:00,308.180000,13.300000
2016-05-18 07:00:00,343.770000,13.300000
2016-10-28 15:00:00,407.040000,17.200000
2016-04-15 22:00:00,243.460000,11.100000
2016-08-04 21:00:00,306.910000,25.600000
2016-09-20 19:00:00,538.770000,25.000000
2016-03-07 14:00:00,521.760000,16.700000
2016-03-13 01:00:00,220.070000,12.800000
2016-08-24 13:00:00,680.850000,28.900000
2016-07-10 09:00:00,190.600000,26.100000
2016-04-19 01:00:00,231.260000,16.100000
2016-07-24 13:00:00,488.360000,34.400000
2016-01-21 10:00:00,517.410000,-2.800000
2016-09-11 02:00:00,285.100000,27.200000
2016-05-01 12:00:00,204.310000,13.300000
2016-02-12 04:00:00,448.750000,-6.700000
2016-07-23 08:00:00,582.200000,30.600000
2016-04-14 13:00:00,499.970000,15.600000
2016-07-09 13:00:00,554.160000,32.800000
2016-04-06 16:00:00,330.930000,13.300000
2016-04-16 16:00:00,417.550000,21.100000
2016-02-29 07:00:00,363.830000,11.700000
2016-05-09 06:00:00,278.650000,11.100000
2016-01-02 01:00:00,206.570000,2.200000
2016-04-10 15:00:00,250.640000,9.400000
2016-05-16 12:00:00,443.740000,16.100000
2016-02-16 15:00:00,445.190000,10.000000
2016-06-28 14:00:00,571.700000,28.300000
2016-03-05 22:00:00,264.250000,2.800000
2016-09-15 06:00:00,432.610000,21.700000
2016-08-13 16:00:00,674.440000,37.800000
2016-07-25 13:00:00,672.770000,36.100000
2016-05-14 04:00:00,193.510000,13.300000
2016-01-19 01:00:00,258.270000,-8.900000
2016-02-11 01:00:00,269.850000,-3.300000
2016-04-20 21:00:00,251.530000,16.100000
2016-03-18 05:00:00,291.730000,10.600000
2016-07-23 22:00:00,261.510000,31.100000
2016-09-02 16:00:00,579.970000,26.700000
2016-02-17 05:00:00,363.510000,0.600000
2016-07-20 16:00:00,553.390000,29.400000
2016-09-07 15:00:00,727.470000,33.900000
2016-09-03 12:00:00,447.320000,25.600000
2016-04-15 04:00:00,315.350000,7.800000
2016-10-17 08:00:00,572.170000,17.200000
2016-02-16 04:00:00,430.480000,-0.600000
2016-05-16 18:00:00,363.060000,18.300000
2016-05-31 08:00:00,614.580000,23.900000
2016-07-24 00:00:00,256.980000,28.900000
2016-07-01 14:00:00,569.020000,28.900000
2016-08-11 22:00:00,266.930000,28.900000
2016-09-03 18:00:00,468.330000,25.600000
2016-01-09 02:00:00,224.090000,6.100000
2016-01-26 15:00:00,369.990000,9.400000
2016-01-27 19:00:00,443.230000,3.300000
2016-08-08 14:00:00,550.800000,28.300000
2016-05-17 03:00:00,292.100000,13.300000
2016-05-10 02:00:00,182.840000,14.400000
2016-08-10 07:00:00,,25.600000
2016-04-25 22:00:00,181.780000,19.400000
2016-09-04 17:00:00,407.700000,26.700000
2016-09-12 09:00:00,608.820000,23.300000
2016-05-30 20:00:00,486.930000,23.300000
2016-01-14 18:00:00,430.640000,7.800000
2016-04-02 05:00:00,216.300000,14.400000
2016-07-17 01:00:00,251.290000,22.200000
2016-08-05 12:00:00,540.860000,27.800000
2016-04-21 12:00:00,458.400000,19.400000
2016-05-17 17:00:00,405.810000,13.300000
2016-02-10 18:00:00,474.060000,0.000000
2016-01-21 03:00:00,271.580000,-3.300000
2016-04-11 02:00:00,225.800000,9.400000
2016-04-18 16:00:00,526.490000,28.900000
2016-01-30 23:00:00,245.350000,4.400000
2016-07-24 09:00:00,233.780000,31.100000
2016-03-27 01:00:00,205.720000,11.100000
2016-04-27 01:00:00,199.070000,21.100000
2016-04-17 04:00:00,219.130000,8.900000
2016-09-02 23:00:00,193.610000,22.800000
2016-01-02 08:00:00,346.390000,1.100000
2016-01-28 16:00:00,421.110000,3.900000
2016-08-25 20:00:00,644.690000,28.300000
2016-07-11 02:00:00,198.630000,22.800000
2016-09-06 08:00:00,570.400000,25.600000
2016-03-01 10:00:00,487.770000,12.800000
2016-10-18 05:00:00,427.650000,17.200000
2016-04-26 14:00:00,698.650000,29.400000
2016-05-28 08:00:00,502.730000,23.300000
2016-10-21 08:00:00,578.040000,20.600000
2016-03-12 07:00:00,192.280000,10.600000
2016-09-03 09:00:00,421.150000,23.900000
2016-08-16 08:00:00,588.760000,26.100000
2016-09-25 17:00:00,421.390000,22.200000
2016-06-24 13:00:00,549.670000,28.300000
2016-08-23 04:00:00,460.250000,20.600000
2016-05-14 17:00:00,326.950000,16.700000
2016-01-05 22:00:00,301.260000,-2.200000
2016-04-05 03:00:00,339.120000,1.700000
2016-05-01 07:00:00,165.350000,11.700000
2016-08-31 08:00:00,662.780000,25.600000
2016-02-28 15:00:00,419.630000,18.300000
2016-01-31 19:00:00,366.510000,10.000000
2016-04-12 14:00:00,478.390000,16.700000
2016-01-08 02:00:00,223.210000,4.400000
2016-01-23 12:00:00,386.700000,-2.200000
2016-02-06 19:00:00,340.000000,3.900000
2016-07-03 10:00:00,367.020000,20.000000
2016-08-19 09:00:00,641.670000,28.900000
2016-07-21 19:00:00,527.460000,28.900000
2016-07-01 19:00:00,555.010000,26.700000
2016-06-18 03:00:00,175.160000,20.000000
2016-01-29 02:00:00,242.680000,0.000000
2016-05-13 23:00:00,204.700000,16.700000
2016-01-17 13:00:00,351.430000,0.600000
2016-05-01 17:00:00,206.750000,14.400000
2016-05-26 07:00:00,450.070000,19.400000
2016-03-16 21:00:00,249.960000,15.000000
2016-06-07 14:00:00,623.390000,30.000000
2016-06-08 07:00:00,391.930000,20.000000
2016-03-28 18:00:00,327.620000,15.600000
2016-06-30 09:00:00,440.410000,23.900000
2016-10-26 10:00:00,452.960000,11.100000
2016-09-11 14:00:00,458.090000,29.400000
2016-03-28 19:00:00,314.930000,14.400000
2016-09-13 02:00:00,205.500000,21.700000
2016-07-17 10:00:00,486.780000,28.900000
2016-10-26 05:00:00,348.540000,6.700000
2016-03-05 18:00:00,383.330000,5.600000
2016-09-20 06:00:00,479.870000,21.700000
2016-05-28 06:00:00,226.690000,21.700000
2016-05-18 17:00:00,405.080000,17.800000
2016-01-15 19:00:00,394.210000,7.200000
2016-10-15 12:00:00,352.450000,18.900000
2016-06-16 23:00:00,237.520000,20.600000
2016-07-28 10:00:00,614.420000,31.100000
2016-04-15 21:00:00,264.070000,12.200000
2016-09-24 17:00:00,467.440000,22.800000
2016-05-14 10:00:00,349.020000,21.100000
2016-08-03 09:00:00,545.950000,24.400000
2016-04-09 03:00:00,219.840000,7.200000
2016-02-14 01:00:00,288.630000,-9.400000
2016-05-08 08:00:00,151.510000,17.800000
2016-04-06 23:00:00,216.940000,11.100000
2016-07-12 03:00:00,447.030000,23.300000
2016-05-19 04:00:00,300.510000,13.900000
2016-07-14 00:00:00,304.380000,26.700000
2016-03-14 05:00:00,271.130000,9.400000
2016-09-22 16:00:00,639.690000,29.400000
2016-03-15 02:00:00,214.670000,8.300000
2016-02-20 02:00:00,241.800000,5.000000
2016-03-19 12:00:00,307.430000,5.600000
2016-04-21 10:00:00,470.220000,16.700000
2016-10-28 12:00:00,402.880000,15.600000
2016-03-25 06:00:00,387.670000,17.200000
2016-03-24 19:00:00,407.150000,20.000000
2016-10-04 18:00:00,441.970000,20.000000
2016-03-03 00:00:00,245.420000,-0.600000
2016-05-15 03:00:00,153.160000,9.400000
2016-01-14 16:00:00,475.490000,11.100000
2016-01-28 00:00:00,247.370000,-0.600000
2016-05-02 23:00:00,227.370000,17.200000
2016-06-21 03:00:00,459.070000,23.900000
2016-02-17 01:00:00,250.960000,3.900000
2016-01-17 12:00:00,358.480000,0.600000
2016-04-26 10:00:00,592.710000,26.700000
2016-06-25 22:00:00,210.560000,23.300000
2016-06-02 05:00:00,471.510000,20.000000
2016-06-22 16:00:00,481.570000,27.800000
2016-07-30 13:00:00,561.100000,31.100000
2016-09-10 00:00:00,284.360000,28.300000
2016-02-22 17:00:00,397.210000,10.000000
2016-06-28 05:00:00,475.290000,23.300000
2016-09-08 17:00:00,694.370000,34.400000
2016-10-22 04:00:00,164.470000,12.800000
2016-03-04 13:00:00,478.170000,4.400000
2016-06-15 00:00:00,191.790000,19.400000
2016-02-27 16:00:00,386.030000,8.300000
2016-09-11 11:00:00,485.780000,28.900000
2016-02-12 21:00:00,440.720000,-2.200000
2016-04-18 01:00:00,239.100000,13.900000
2016-05-01 20:00:00,216.680000,13.300000
2016-07-29 12:00:00,583.910000,30.000000
2016-08-03 00:00:00,159.600000,23.900000
2016-05-28 04:00:00,244.340000,21.700000
2016-02-08 00:00:00,263.790000,4.400000
2016-04-29 07:00:00,278.480000,8.900000
2016-07-24 11:00:00,506.760000,33.300000
2016-03-11 01:00:00,266.510000,21.700000
2016-03-14 00:00:00,210.710000,10.000000
2016-05-06 08:00:00,344.820000,11.700000
2016-01-23 04:00:00,247.450000,-4.400000
2016-03-13 14:00:00,288.300000,15.000000
2016-03-09 03:00:00,272.020000,11.100000
2016-07-18 11:00:00,595.570000,32.200000
2016-01-18 22:00:00,358.180000,-8.300000
2016-05-27 01:00:00,269.180000,22.200000
2016-03-16 14:00:00,534.860000,22.800000
2016-07-11 08:00:00,437.570000,24.400000
2016-06-04 14:00:00,517.280000,27.200000
2016-09-16 03:00:00,425.030000,19.400000
2016-07-15 14:00:00,619.010000,33.900000
2016-01-10 18:00:00,267.150000,9.400000
2016-07-09 02:00:00,237.530000,26.100000
2016-04-02 20:00:00,212.070000,13.300000
2016-09-02 10:00:00,628.680000,25.000000
2016-07-21 23:00:00,286.210000,25.600000
2016-08-29 07:00:00,585.190000,24.400000
2016-07-05 09:00:00,495.050000,27.800000
2016-09-26 18:00:00,462.790000,21.100000
2016-03-22 10:00:00,415.190000,8.300000
2016-08-19 02:00:00,252.920000,26.100000
2016-09-25 09:00:00,168.390000,17.800000
2016-07-05 13:00:00,549.740000,32.200000
2016-05-25 18:00:00,522.070000,28.900000
2016-10-03 15:00:00,547.780000,25.000000
2016-03-24 09:00:00,524.850000,15.600000
2016-04-21 13:00:00,411.710000,21.700000
2016-09-08 10:00:00,742.040000,33.300000
2016-04-02 22:00:00,211.390000,9.400000
2016-02-16 08:00:00,424.810000,10.000000
2016-09-06 00:00:00,217.620000,23.900000
2016-02-04 02:00:00,237.670000,13.300000
2016-06-04 04:00:00,215.900000,21.700000
2016-06-25 13:00:00,499.290000,28.300000
2016-09-02 20:00:00,503.610000,23.900000
2016-08-07 13:00:00,439.870000,31.100000
2016-03-11 23:00:00,226.850000,13.900000
2016-06-07 08:00:00,567.840000,23.300000
2016-01-06 16:00:00,411.590000,4.400000
2016-03-09 16:00:00,544.130000,24.400000
2016-08-20 14:00:00,616.240000,32.800000
2016-07-21 02:00:00,231.290000,23.300000
2016-10-12 12:00:00,496.130000,18.900000
2016-02-19 10:00:00,488.250000,0.000000
2016-08-30 23:00:00,255.580000,25.600000
2016-02-07 00:00:00,266.960000,1.700000
2016-05-04 17:00:00,384.490000,14.400000
2016-09-21 09:00:00,639.850000,23.900000
2016-04-11 19:00:00,438.170000,21.100000
2016-09-19 07:00:00,567.200000,25.000000
2016-07-30 07:00:00,535.440000,26.100000
2016-02-04 01:00:00,241.110000,13.900000
2016-02-16 13:00:00,454.800000,8.900000
2016-05-22 12:00:00,275.810000,13.300000
2016-07-13 01:00:00,232.440000,25.000000
2016-04-07 19:00:00,326.190000,11.100000
2016-05-12 05:00:00,283.910000,14.400000
2016-08-10 18:00:00,,32.200000
2016-10-18 13:00:00,609.550000,26.100000
2016-09-03 02:00:00,183.320000,22.200000
2016-05-07 23:00:00,178.570000,14.400000
2016-02-22 22:00:00,242.510000,7.200000
2016-02-11 12:00:00,512.710000,-2.200000
2016-03-02 06:00:00,368.330000,7.800000
2016-03-13 17:00:00,231.970000,11.100000
2016-08-24 03:00:00,425.080000,21.100000
2016-08-30 11:00:00,699.150000,30.000000
2016-01-15 17:00:00,407.420000,8.900000
2016-09-18 01:00:00,243.430000,22.800000
2016-10-14 21:00:00,243.090000,14.400000
2016-06-02 02:00:00,238.780000,21.700000
2016-10-11 08:00:00,407.290000,11.700000
2016-03-03 07:00:00,427.370000,-0.600000
2016-07-22 05:00:00,500.200000,23.900000
2016-07-21 15:00:00,571.420000,31.100000
2016-05-10 16:00:00,434.380000,17.800000
2016-02-21 10:00:00,219.700000,12.200000
2016-06-29 04:00:00,456.010000,20.600000
2016-06-03 16:00:00,593.670000,25.000000
2016-06-16 13:00:00,634.310000,28.900000
2016-10-13 00:00:00,229.950000,13.900000
2016-06-19 06:00:00,160.370000,20.000000
2016-10-09 17:00:00,331.820000,18.300000
2016-01-03 04:00:00,209.110000,0.000000
2016-08-23 13:00:00,612.000000,27.800000
2016-08-24 23:00:00,253.310000,23.300000
2016-07-30 19:00:00,277.010000,26.700000
2016-05-08 19:00:00,273.190000,19.400000
2016-01-07 15:00:00,422.500000,5.600000
2016-09-25 00:00:00,221.010000,18.300000
2016-03-07 09:00:00,481.030000,6.700000
2016-03-07 11:00:00,502.620000,10.600000
2016-03-02 21:00:00,400.080000,1.100000
2016-05-28 09:00:00,499.830000,24.400000
2016-09-21 23:00:00,306.010000,23.900000
2016-05-11 07:00:00,356.330000,12.800000
2016-03-02 11:00:00,495.550000,4.400000
2016-06-29 01:00:00,224.570000,20.600000
2016-05-09 04:00:00,243.420000,10.000000
2016-08-21 08:00:00,310.450000,26.100000
2016-06-06 08:00:00,604.710000,25.000000
2016-03-27 20:00:00,261.780000,10.600000
2016-10-22 19:00:00,176.110000,11.700000
2016-07-09 00:00:00,243.400000,26.100000
2016-07-04 05:00:00,420.010000,20.000000
2016-10-24 16:00:00,499.500000,20.600000
2016-10-18 11:00:00,604.470000,22.800000
2016-06-10 17:00:00,525.670000,27.200000
2016-04-28 02:00:00,171.090000,12.200000
2016-01-19 04:00:00,409.610000,-8.900000
2016-06-23 20:00:00,485.760000,25.000000
2016-10-19 10:00:00,608.640000,23.300000
2016-05-03 14:00:00,549.160000,22.200000
2016-07-20 11:00:00,561.230000,28.300000
2016-03-07 10:00:00,476.420000,9.400000
2016-07-16 05:00:00,242.210000,23.900000
2016-04-26 02:00:00,180.530000,20.600000
2016-08-10 08:00:00,,27.200000
2016-03-07 12:00:00,518.360000,11.700000
2016-07-03 13:00:00,389.530000,21.700000
2016-02-10 19:00:00,431.030000,-1.700000
2016-02-21 20:00:00,370.930000,10.600000
2016-05-03 05:00:00,412.800000,17.200000
2016-10-15 20:00:00,180.130000,14.400000
2016-04-07 20:00:00,319.690000,11.700000
2016-06-02 23:00:00,220.480000,22.800000
2016-06-30 00:00:00,171.280000,21.700000
2016-09-12 06:00:00,386.080000,19.400000
2016-09-15 03:00:00,472.840000,23.300000
2016-04-03 05:00:00,196.900000,3.300000
2016-06-05 23:00:00,209.040000,22.200000
2016-03-03 15:00:00,444.370000,5.000000
2016-01-19 17:00:00,537.770000,-3.300000
2016-04-08 23:00:00,217.470000,7.800000
2016-10-10 11:00:00,321.090000,15.600000
2016-05-23 03:00:00,309.570000,13.900000
2016-06-21 22:00:00,204.330000,23.300000
2016-10-15 02:00:00,200.880000,11.700000
2016-04-11 04:00:00,301.510000,8.300000
2016-09-28 08:00:00,591.460000,18.900000
2016-08-22 10:00:00,698.180000,26.100000
2016-06-26 20:00:00,416.930000,25.000000
2016-03-05 21:00:00,267.480000,3.300000
2016-09-25 03:00:00,207.960000,17.200000
2016-02-18 00:00:00,239.950000,2.800000
2016-07-17 00:00:00,252.180000,22.200000
2016-09-20 12:00:00,648.590000,25.000000
2016-03-28 10:00:00,386.140000,13.900000
2016-02-24 23:00:00,264.770000,16.100000
2016-03-25 05:00:00,365.710000,18.900000
2016-01-08 19:00:00,365.750000,5.600000
2016-08-18 06:00:00,544.750000,24.400000
2016-06-01 13:00:00,660.950000,29.400000
2016-05-23 00:00:00,192.320000,13.900000
2016-06-27 05:00:00,427.950000,20.000000
2016-02-27 19:00:00,381.050000,5.600000
2016-07-26 08:00:00,599.640000,30.600000
2016-01-18 05:00:00,393.030000,-5.000000
2016-07-04 08:00:00,413.210000,21.100000
2016-05-24 05:00:00,323.200000,13.900000
2016-02-09 05:00:00,402.000000,2.800000
2016-02-03 09:00:00,472.140000,7.200000
2016-05-19 06:00:00,306.180000,13.300000
2016-05-30 12:00:00,505.050000,25.600000
2016-10-10 02:00:00,160.080000,12.200000
2016-04-24 20:00:00,246.140000,16.100000
2016-06-20 06:00:00,375.470000,21.100000
2016-07-22 17:00:00,615.740000,32.800000
2016-01-11 16:00:00,417.570000,4.400000
2016-06-24 00:00:00,226.590000,23.900000
2016-10-23 08:00:00,154.210000,11.100000
2016-05-13 13:00:00,541.720000,21.700000
2016-04-03 09:00:00,186.020000,3.900000
2016-01-27 23:00:00,247.140000,1.100000
2016-03-14 21:00:00,215.590000,8.900000
2016-10-01 05:00:00,282.090000,17.800000
2016-06-04 06:00:00,207.600000,21.700000
2016-08-03 16:00:00,349.800000,27.200000
2016-09-12 05:00:00,385.830000,20.000000
2016-06-12 15:00:00,463.230000,33.300000
2016-01-02 00:00:00,207.490000,2.800000
2016-08-26 22:00:00,318.250000,28.900000
2016-02-15 14:00:00,380.550000,-2.800000
2016-06-22 13:00:00,496.570000,29.400000
2016-04-22 12:00:00,494.270000,22.800000
2016-09-23 02:00:00,197.260000,20.000000
2016-05-21 20:00:00,187.390000,12.800000
2016-05-28 13:00:00,557.020000,30.000000
2016-01-05 16:00:00,436.300000,0.600000
2016-04-28 15:00:00,426.960000,12.200000
2016-04-06 13:00:00,364.430000,11.100000
2016-05-23 15:00:00,483.160000,20.000000
2016-07-28 17:00:00,555.680000,27.200000
2016-10-14 00:00:00,208.320000,13.300000
2016-08-04 00:00:00,208.610000,22.800000
2016-01-03 08:00:00,196.330000,0.000000
2016-02-24 19:00:00,463.980000,15.600000
2016-01-29 23:00:00,256.220000,0.000000
2016-06-25 11:00:00,479.480000,27.200000
2016-07-17 04:00:00,233.600000,21.700000
2016-08-07 21:00:00,277.840000,27.200000
2016-02-21 09:00:00,219.150000,10.000000
2016-03-24 13:00:00,500.110000,22.200000
2016-01-12 12:00:00,438.220000,5.000000
2016-06-14 14:00:00,572.130000,25.600000
2016-06-24 10:00:00,525.320000,26.700000
2016-03-17 15:00:00,465.780000,20.000000
2016-08-27 13:00:00,584.870000,32.800000
2016-09-25 12:00:00,395.000000,22.200000
2016-01-29 10:00:00,428.930000,6.100000
2016-08-02 07:00:00,485.540000,25.000000
2016-10-11 15:00:00,471.130000,19.400000
2016-08-06 12:00:00,574.470000,32.800000
2016-10-08 12:00:00,434.670000,19.400000
2016-02-17 15:00:00,438.460000,7.800000
2016-04-25 13:00:00,491.110000,23.300000
2016-07-21 09:00:00,517.600000,27.200000
2016-07-09 09:00:00,531.280000,28.900000
2016-07-16 19:00:00,255.760000,23.900000
2016-02-09 06:00:00,393.160000,2.200000
2016-02-13 10:00:00,485.960000,-5.600000
2016-06-13 18:00:00,529.250000,26.100000
2016-08-31 12:00:00,704.260000,31.700000
2016-02-26 08:00:00,439.200000,2.200000
2016-06-01 04:00:00,475.490000,21.100000
2016-08-04 08:00:00,435.810000,25.000000
2016-06-25 12:00:00,496.710000,28.300000
2016-04-26 06:00:00,323.790000,18.900000
2016-02-06 16:00:00,328.500000,6.100000
2016-04-09 14:00:00,278.600000,10.000000
2016-05-04 18:00:00,337.180000,13.900000
2016-01-05 19:00:00,450.040000,-1.100000
2016-10-28 02:00:00,162.020000,12.200000
2016-05-21 22:00:00,198.220000,12.800000
2016-10-27 15:00:00,518.480000,16.700000
2016-05-10 05:00:00,249.890000,15.000000
2016-07-03 17:00:00,368.010000,21.100000
2016-06-11 10:00:00,467.560000,25.000000
2016-08-04 23:00:00,201.560000,24.400000
2016-04-27 17:00:00,377.860000,13.300000
2016-06-09 03:00:00,303.650000,13.900000
2016-03-12 12:00:00,275.320000,13.300000
2016-09-08 11:00:00,755.620000,33.900000
2016-09-05 09:00:00,464.630000,25.600000
2016-01-04 09:00:00,439.300000,0.600000
2016-05-06 03:00:00,257.930000,12.200000
2016-03-23 10:00:00,472.330000,15.000000
2016-03-12 16:00:00,334.770000,15.000000
2016-05-27 14:00:00,691.280000,30.600000
2016-07-12 23:00:00,240.290000,25.600000
2016-10-20 16:00:00,609.630000,28.300000
2016-07-22 19:00:00,608.420000,31.700000
2016-07-24 04:00:00,252.340000,27.200000
2016-03-22 08:00:00,467.080000,5.600000
2016-07-05 08:00:00,461.720000,26.700000
2016-06-25 19:00:00,240.240000,26.700000
2016-09-01 11:00:00,700.990000,25.600000
2016-05-25 14:00:00,581.820000,29.400000
2016-03-08 08:00:00,416.250000,10.600000
2016-09-04 11:00:00,434.690000,26.100000
2016-02-22 09:00:00,380.970000,6.100000
2016-01-29 22:00:00,312.480000,0.600000
2016-05-08 04:00:00,161.840000,12.800000
2016-07-03 06:00:00,163.920000,18.300000
2016-10-22 00:00:00,170.380000,14.400000
2016-04-29 17:00:00,310.770000,12.800000
2016-08-20 22:00:00,271.310000,26.700000
2016-08-22 14:00:00,684.120000,29.400000
2016-05-20 21:00:00,230.960000,18.900000
2016-01-28 17:00:00,408.580000,3.900000
2016-04-01 16:00:00,402.250000,27.200000
2016-07-16 18:00:00,498.120000,23.900000
2016-10-01 04:00:00,269.050000,17.800000
2016-09-14 03:00:00,488.650000,22.200000
2016-08-06 03:00:00,254.630000,24.400000
2016-02-12 15:00:00,492.270000,-0.600000
2016-01-24 05:00:00,247.680000,-5.000000
2016-07-18 04:00:00,539.970000,25.000000
2016-07-07 14:00:00,574.730000,32.200000
2016-02-20 13:00:00,399.340000,13.900000
2016-08-30 06:00:00,501.740000,23.900000
2016-07-01 12:00:00,555.230000,28.300000
2016-08-08 04:00:00,456.190000,22.800000
2016-03-04 04:00:00,416.060000,0.600000
2016-09-20 09:00:00,594.960000,22.200000
2016-06-04 18:00:00,489.890000,25.600000
2016-07-15 17:00:00,588.500000,32.800000
2016-05-14 01:00:00,211.130000,16.100000
2016-05-31 12:00:00,680.820000,28.900000
2016-07-25 01:00:00,257.100000,28.900000
2016-07-25 03:00:00,569.990000,27.800000
2016-01-12 02:00:00,228.010000,-1.100000
2016-06-16 10:00:00,621.310000,23.900000
2016-02-17 18:00:00,432.160000,6.100000
2016-05-12 00:00:00,184.240000,15.000000
2016-03-29 05:00:00,310.670000,9.400000
2016-08-24 21:00:00,344.590000,25.000000
2016-06-19 18:00:00,408.270000,30.600000
2016-03-20 19:00:00,297.770000,4.400000
2016-06-29 22:00:00,189.550000,22.200000
2016-09-14 20:00:00,568.170000,27.200000
2016-01-28 08:00:00,472.630000,-3.300000
2016-10-23 06:00:00,169.290000,8.300000
2016-08-01 12:00:00,608.400000,31.100000
2016-10-12 05:00:00,301.080000,10.600000
2016-02-11 20:00:00,469.870000,-4.400000
2016-08-30 21:00:00,360.790000,26.700000
2016-04-28 08:00:00,425.340000,12.800000
2016-04-27 07:00:00,366.390000,13.300000
2016-09-13 20:00:00,565.740000,25.600000
2016-03-15 14:00:00,462.000000,15.000000
2016-02-21 19:00:00,359.020000,11.100000
2016-09-08 14:00:00,768.560000,35.600000
2016-07-14 23:00:00,315.150000,28.900000
2016-08-18 17:00:00,644.500000,32.800000
2016-07-07 04:00:00,515.890000,25.600000
2016-07-20 00:00:00,234.340000,22.200000
2016-10-04 05:00:00,357.490000,15.000000
2016-10-25 04:00:00,328.830000,9.400000
2016-04-01 08:00:00,354.090000,18.900000
2016-05-01 15:00:00,221.050000,14.400000
2016-02-17 12:00:00,452.430000,8.300000
2016-02-07 20:00:00,320.600000,5.600000
2016-07-18 05:00:00,523.050000,25.000000
2016-06-03 18:00:00,521.170000,22.800000
2016-02-24 13:00:00,488.080000,12.200000
2016-10-08 21:00:00,220.400000,18.900000
2016-03-09 01:00:00,275.600000,12.800000
2016-07-13 13:00:00,618.960000,31.700000
2016-03-04 16:00:00,465.480000,5.000000
2016-02-04 19:00:00,383.020000,8.300000
2016-01-15 22:00:00,286.200000,6.100000
2016-01-06 18:00:00,412.310000,3.300000
2016-01-13 11:00:00,542.380000,-3.300000
2016-03-06 02:00:00,264.090000,3.300000
2016-02-12 01:00:00,280.960000,-6.100000
2016-01-16 22:00:00,242.900000,5.000000
2016-10-23 18:00:00,344.540000,17.200000
2016-09-27 16:00:00,551.750000,24.400000
2016-08-30 19:00:00,581.660000,27.800000
2016-02-01 17:00:00,412.460000,8.300000
2016-06-13 02:00:00,169.730000,19.400000
2016-09-08 09:00:00,718.670000,27.800000
2016-08-07 05:00:00,199.320000,22.200000
2016-09-11 23:00:00,196.630000,23.300000
2016-08-21 15:00:00,546.830000,25.000000
2016-07-22 06:00:00,466.070000,23.900000
2016-09-01 06:00:00,539.920000,24.400000
2016-07-26 21:00:00,369.050000,31.700000
2016-02-28 16:00:00,413.480000,17.200000
2016-02-04 04:00:00,382.050000,13.300000
2016-09-16 12:00:00,598.120000,24.400000
2016-04-23 15:00:00,289.500000,19.400000
2016-03-21 18:00:00,363.100000,10.000000
2016-07-02 07:00:00,398.470000,22.800000
2016-05-28 14:00:00,541.400000,30.000000
2016-09-28 17:00:00,537.160000,21.100000
2016-09-30 04:00:00,383.830000,17.800000
2016-09-29 03:00:00,337.600000,20.000000
2016-08-28 16:00:00,487.180000,31.100000
2016-05-07 13:00:00,249.040000,17.200000
2016-06-07 21:00:00,260.530000,22.800000
2016-09-15 05:00:00,439.130000,22.200000
2016-09-23 16:00:00,643.960000,30.600000
2016-09-09 20:00:00,628.620000,30.000000
2016-04-22 03:00:00,353.040000,19.400000
2016-04-13 12:00:00,475.820000,11.700000
2016-01-03 10:00:00,189.670000,3.900000
2016-01-04 04:00:00,207.230000,1.100000
2016-02-03 04:00:00,358.270000,6.700000
2016-04-10 22:00:00,226.150000,7.800000
2016-04-03 22:00:00,205.150000,10.000000
2016-08-08 20:00:00,507.320000,23.900000
2016-02-02 17:00:00,422.630000,8.900000
2016-03-13 09:00:00,205.740000,13.300000
2016-10-20 23:00:00,237.940000,21.700000
2016-05-11 20:00:00,372.190000,15.000000
2016-05-09 16:00:00,416.100000,16.700000
2016-01-06 03:00:00,252.340000,-5.600000
2016-04-02 15:00:00,317.730000,15.600000
2016-03-06 18:00:00,337.390000,9.400000
2016-09-09 03:00:00,522.770000,26.700000
2016-10-07 12:00:00,516.250000,20.000000
2016-06-19 19:00:00,402.350000,28.900000
2016-07-06 08:00:00,513.610000,27.800000
2016-08-21 03:00:00,304.090000,25.000000
2016-02-07 22:00:00,287.450000,3.900000
2016-03-31 18:00:00,351.950000,20.000000
2016-03-18 08:00:00,403.190000,12.800000
2016-04-06 11:00:00,388.870000,9.400000
2016-10-09 19:00:00,326.810000,16.100000
2016-05-31 16:00:00,638.520000,29.400000
2016-02-22 15:00:00,425.750000,11.100000
2016-04-14 05:00:00,280.290000,6.100000
2016-08-15 19:00:00,548.480000,26.100000
2016-08-05 08:00:00,508.510000,24.400000
2016-05-26 03:00:00,413.220000,17.200000
2016-02-19 08:00:00,445.450000,-1.700000
2016-07-02 15:00:00,478.750000,26.100000
2016-10-25 13:00:00,482.060000,16.700000
2016-08-15 10:00:00,648.190000,31.100000
2016-09-04 00:00:00,181.290000,22.200000
2016-06-01 08:00:00,638.980000,25.000000
2016-01-19 10:00:00,600.810000,-7.200000
2016-08-19 14:00:00,628.160000,32.200000
2016-02-28 13:00:00,424.210000,15.000000
2016-05-04 03:00:00,323.520000,13.300000
2016-04-30 10:00:00,269.610000,11.700000
2016-03-01 23:00:00,297.040000,16.100000
2016-10-04 21:00:00,259.450000,17.800000
2016-10-14 18:00:00,411.030000,16.100000
2016-05-24 09:00:00,532.130000,21.700000
2016-02-14 04:00:00,282.480000,-10.000000
2016-07-07 21:00:00,345.100000,29.400000
2016-06-28 01:00:00,233.650000,23.900000
2016-05-16 17:00:00,398.390000,18.900000
2016-09-12 15:00:00,631.160000,27.800000
2016-06-03 09:00:00,624.740000,22.800000
2016-06-05 21:00:00,267.830000,22.800000
2016-02-08 17:00:00,438.900000,7.200000
2016-02-29 05:00:00,400.950000,11.700000
2016-04-09 02:00:00,222.680000,7.200000
2016-08-01 13:00:00,612.770000,31.700000
2016-03-17 11:00:00,483.150000,19.400000
2016-09-13 01:00:00,205.060000,21.700000
2016-02-04 00:00:00,237.840000,12.800000
2016-09-03 14:00:00,478.980000,26.100000
2016-07-31 00:00:00,227.660000,24.400000
2016-10-04 00:00:00,221.260000,17.200000
2016-03-03 20:00:00,415.240000,2.200000
2016-08-31 07:00:00,585.500000,24.400000
2016-03-01 16:00:00,509.020000,16.100000
2016-08-19 18:00:00,562.900000,30.600000
2016-03-25 01:00:00,244.110000,18.300000
2016-10-19 12:00:00,621.650000,28.900000
2016-05-26 17:00:00,609.150000,28.300000
2016-07-24 08:00:00,240.270000,29.400000
2016-10-15 01:00:00,209.670000,12.800000
2016-09-12 11:00:00,666.050000,26.100000
2016-10-28 05:00:00,332.390000,11.100000
2016-04-18 20:00:00,450.520000,21.700000
2016-05-16 06:00:00,275.680000,8.300000
2016-08-31 15:00:00,718.960000,32.800000
2016-08-16 06:00:00,515.550000,23.900000
2016-07-09 10:00:00,538.210000,30.000000
2016-07-19 14:00:00,595.070000,31.100000
2016-01-01 06:00:00,314.680000,5.600000
2016-05-04 10:00:00,473.810000,12.800000
2016-06-05 01:00:00,221.650000,22.800000
2016-04-13 21:00:00,250.100000,10.000000
2016-05-20 07:00:00,299.110000,14.400000
2016-01-29 06:00:00,368.110000,-1.100000
2016-03-22 05:00:00,317.560000,2.800000
2016-07-16 12:00:00,578.470000,32.200000
2016-10-05 00:00:00,200.050000,16.700000
2016-09-12 12:00:00,645.040000,27.200000
2016-06-11 14:00:00,548.230000,33.900000
2016-08-19 23:00:00,289.420000,26.700000
2016-07-17 12:00:00,489.060000,31.100000
2016-04-18 21:00:00,259.200000,21.700000
2016-10-02 08:00:00,240.020000,18.900000
2016-07-12 09:00:00,523.740000,
2016-10-04 20:00:00,380.310000,18.300000
2016-05-10 20:00:00,349.570000,15.600000
2016-02-14 14:00:00,391.630000,-4.400000
2016-04-30 20:00:00,164.310000,12.800000
2016-09-19 18:00:00,564.690000,23.300000
2016-07-16 21:00:00,248.670000,23.300000
2016-04-03 16:00:00,262.540000,11.700000
2016-03-02 16:00:00,442.940000,5.000000
2016-08-11 20:00:00,577.420000,31.100000
2016-03-19 23:00:00,228.770000,3.300000
2016-05-23 09:00:00,456.040000,17.200000
2016-08-22 21:00:00,306.240000,25.000000
2016-02-14 03:00:00,288.710000,-10.000000
2016-06-03 15:00:00,624.740000,25.600000
2016-03-25 11:00:00,517.680000,18.300000
2016-08-25 19:00:00,643.110000,29.400000
2016-08-03 06:00:00,461.070000,22.200000
2016-08-20 11:00:00,615.990000,31.100000
2016-04-21 00:00:00,208.220000,12.800000
2016-04-13 01:00:00,228.100000,9.400000
2016-07-25 20:00:00,605.410000,31.700000
2016-02-17 08:00:00,435.890000,1.100000
2016-03-02 03:00:00,255.940000,13.900000
2016-09-30 14:00:00,470.280000,18.300000
2016-09-30 12:00:00,463.250000,18.300000
2016-05-20 11:00:00,557.860000,22.800000
2016-10-27 02:00:00,173.250000,11.100000
2016-09-17 06:00:00,211.090000,20.600000
2016-05-19 20:00:00,364.180000,18.300000
2016-05-03 22:00:00,193.350000,15.600000
2016-01-10 06:00:00,221.360000,13.300000
2016-10-06 21:00:00,277.870000,18.900000
2016-01-03 00:00:00,211.090000,3.300000
2016-01-24 21:00:00,372.830000,-3.900000
2016-02-21 18:00:00,356.520000,10.600000
2016-09-28 23:00:00,235.740000,21.100000
2016-05-06 15:00:00,370.940000,12.200000
2016-10-19 15:00:00,603.410000,28.900000
2016-10-24 06:00:00,389.940000,12.200000
2016-05-21 04:00:00,173.270000,16.700000
2016-09-28 11:00:00,597.260000,20.000000
2016-04-05 08:00:00,456.870000,0.600000
2016-07-23 18:00:00,586.670000,35.600000
2016-01-12 03:00:00,226.940000,-1.100000
2016-06-24 01:00:00,226.300000,23.300000
2016-02-16 06:00:00,394.590000,4.400000
2016-04-06 07:00:00,365.550000,1.700000
2016-08-25 18:00:00,658.030000,30.000000
2016-09-14 00:00:00,240.120000,23.300000
2016-03-21 21:00:00,241.600000,7.200000
2016-01-17 02:00:00,241.340000,2.800000
2016-03-12 03:00:00,209.680000,11.100000
2016-03-09 02:00:00,272.170000,12.200000
2016-05-29 15:00:00,476.810000,27.800000
2016-08-23 09:00:00,603.130000,25.000000
2016-04-23 08:00:00,279.990000,17.200000
2016-07-05 14:00:00,557.020000,31.700000
2016-08-02 18:00:00,311.380000,30.000000
2016-09-21 10:00:00,632.570000,25.000000
2016-03-06 09:00:00,256.090000,4.400000
2016-05-31 04:00:00,475.250000,22.200000
2016-09-14 09:00:00,690.440000,25.600000
2016-04-25 06:00:00,272.960000,10.600000
2016-05-13 03:00:00,345.920000,17.200000
2016-08-03 02:00:00,156.420000,22.800000
2016-01-09 17:00:00,299.300000,10.000000
2016-02-07 21:00:00,319.280000,5.000000
2016-02-23 23:00:00,233.730000,6.100000
2016-08-16 03:00:00,527.700000,24.400000
2016-03-19 00:00:00,215.910000,14.400000
2016-03-18 00:00:00,223.870000,13.300000
2016-04-14 07:00:00,361.540000,7.200000
2016-09-04 07:00:00,168.540000,21.100000
2016-01-05 08:00:00,470.620000,-8.300000
2016-07-19 22:00:00,272.830000,26.100000
2016-02-09 22:00:00,317.200000,0.600000
2016-03-15 23:00:00,244.480000,11.700000
2016-06-16 04:00:00,454.170000,22.800000
2016-03-28 06:00:00,291.210000,9.400000
2016-04-22 20:00:00,327.110000,18.900000
2016-06-08 16:00:00,481.290000,22.200000
2016-09-05 08:00:00,403.730000,22.200000
2016-01-14 19:00:00,419.840000,6.100000
2016-08-07 17:00:00,453.580000,31.700000
2016-07-05 21:00:00,341.780000,27.800000
2016-10-18 09:00:00,546.180000,20.000000
2016-09-20 05:00:00,486.130000,21.700000
2016-04-12 17:00:00,463.150000,16.100000
2016-03-15 04:00:00,335.380000,8.300000
2016-10-04 15:00:00,546.980000,21.700000
2016-10-05 20:00:00,386.550000,18.900000
2016-07-06 16:00:00,559.090000,34.400000
2016-07-16 08:00:00,568.850000,27.800000
2016-04-22 04:00:00,352.270000,19.400000
2016-09-11 21:00:00,278.350000,24.400000
2016-09-02 06:00:00,430.570000,19.400000
2016-09-12 21:00:00,272.910000,23.300000
2016-08-09 19:00:00,537.700000,26.100000
2016-10-19 23:00:00,213.860000,22.800000
2016-08-18 19:00:00,589.910000,30.000000
2016-08-03 03:00:00,255.360000,22.800000
2016-08-15 03:00:00,566.860000,26.100000
2016-01-08 05:00:00,311.200000,4.400000
2016-05-18 15:00:00,447.260000,18.900000
2016-06-24 02:00:00,228.080000,22.200000
2016-05-20 18:00:00,415.970000,21.700000
2016-05-18 05:00:00,300.220000,12.800000
2016-06-29 18:00:00,480.110000,26.700000
2016-08-29 21:00:00,369.900000,28.900000
2016-08-24 22:00:00,255.790000,24.400000
2016-05-22 01:00:00,194.400000,12.800000
2016-01-01 18:00:00,298.760000,5.000000
2016-06-03 01:00:00,220.480000,22.200000
2016-08-15 22:00:00,239.790000,24.400000
2016-06-19 22:00:00,193.040000,25.000000
2016-05-31 10:00:00,693.430000,26.100000
2016-08-27 06:00:00,263.260000,26.100000
2016-03-31 20:00:00,346.420000,20.000000
2016-02-26 18:00:00,450.710000,2.200000
2016-07-01 16:00:00,571.530000,31.100000
2016-05-09 22:00:00,181.160000,16.100000
2016-01-08 14:00:00,371.540000,6.100000
2016-08-24 00:00:00,235.450000,22.200000
2016-10-16 00:00:00,174.230000,12.800000
2016-03-16 18:00:00,429.420000,19.400000
2016-07-13 19:00:00,603.630000,28.900000
2016-03-16 06:00:00,281.600000,10.000000
2016-04-11 11:00:00,432.260000,15.000000
2016-07-25 14:00:00,697.640000,36.700000
2016-09-19 02:00:00,284.540000,25.600000
2016-07-29 02:00:00,242.930000,25.600000
2016-07-19 19:00:00,563.720000,29.400000
2016-02-18 13:00:00,468.050000,3.300000
2016-02-20 19:00:00,410.000000,12.200000
2016-02-25 11:00:00,444.070000,8.900000
2016-07-04 12:00:00,404.180000,22.200000
2016-03-01 21:00:00,420.810000,13.900000
2016-08-23 08:00:00,550.070000,23.300000
2016-08-19 00:00:00,249.090000,26.700000
2016-03-09 18:00:00,443.970000,21.100000
2016-03-30 10:00:00,313.060000,10.600000
2016-08-31 22:00:00,305.590000,27.200000
2016-01-31 09:00:00,228.970000,4.400000
2016-03-21 22:00:00,227.410000,6.700000
2016-06-07 07:00:00,483.320000,23.300000
2016-10-22 16:00:00,347.850000,14.400000
2016-09-17 13:00:00,526.930000,27.800000
2016-08-25 11:00:00,712.940000,27.800000
2016-02-16 12:00:00,469.680000,7.800000
2016-10-15 22:00:00,183.960000,13.900000
2016-05-05 04:00:00,250.770000,10.600000
2016-04-10 00:00:00,216.710000,1.700000
2016-02-19 15:00:00,466.950000,4.400000
2016-03-24 21:00:00,258.790000,18.900000
2016-01-09 01:00:00,222.380000,6.100000
2016-08-29 12:00:00,721.960000,30.600000
2016-01-25 02:00:00,238.430000,-6.700000
2016-02-02 03:00:00,221.570000,3.300000
2016-04-10 01:00:00,217.240000,1.100000
2016-10-26 04:00:00,342.690000,5.600000
2016-03-18 04:00:00,303.580000,9.400000
2016-06-05 02:00:00,214.440000,22.800000
2016-07-12 15:00:00,533.930000,30.000000
2016-09-23 22:00:00,280.200000,23.900000
2016-03-27 15:00:00,281.310000,13.300000
2016-03-20 06:00:00,197.330000,4.400000
2016-08-10 00:00:00,,25.600000
2016-06-01 17:00:00,601.270000,26.700000
2016-04-09 09:00:00,283.950000,3.900000
2016-03-01 13:00:00,500.410000,17.200000
2016-01-15 06:00:00,373.470000,1.700000
2016-09-23 11:00:00,682.940000,27.200000
2016-04-15 13:00:00,369.340000,17.200000
2016-01-31 07:00:00,242.360000,3.300000
2016-02-10 22:00:00,324.240000,-2.800000
2016-07-31 12:00:00,514.220000,32.200000
2016-05-26 18:00:00,574.550000,26.700000
2016-07-16 02:00:00,278.350000,25.000000
2016-10-16 22:00:00,215.170000,18.300000
2016-06-13 10:00:00,513.560000,22.200000
2016-02-24 09:00:00,503.530000,6.700000
2016-10-04 10:00:00,536.070000,19.400000
2016-01-28 12:00:00,502.810000,2.800000
2016-03-03 10:00:00,490.280000,1.100000
2016-10-07 19:00:00,453.470000,21.100000
2016-08-08 17:00:00,525.020000,26.100000
2016-04-06 17:00:00,340.950000,12.800000
2016-10-07 11:00:00,545.090000,19.400000
2016-10-05 03:00:00,318.970000,15.600000
2016-02-15 11:00:00,390.340000,-3.900000
2016-10-11 23:00:00,218.080000,13.300000
2016-05-13 12:00:00,545.260000,20.000000
2016-07-23 04:00:00,282.300000,26.700000
2016-07-23 17:00:00,616.410000,35.600000
2016-01-03 19:00:00,278.780000,5.000000
2016-08-28 02:00:00,274.210000,23.900000
2016-04-04 19:00:00,396.760000,13.300000
2016-07-31 18:00:00,470.170000,27.800000
2016-06-30 15:00:00,502.050000,27.800000
2016-08-26 01:00:00,312.610000,26.100000
2016-05-23 21:00:00,215.590000,16.100000
2016-04-08 21:00:00,252.850000,8.900000
2016-07-01 15:00:00,573.410000,31.100000
2016-07-20 10:00:00,537.350000,27.800000
2016-04-14 22:00:00,253.290000,11.700000
2016-04-23 17:00:00,305.000000,21.100000
2016-09-14 07:00:00,536.750000,22.200000
2016-09-26 02:00:00,176.620000,18.300000
2016-02-17 21:00:00,397.850000,3.300000
2016-09-01 12:00:00,689.650000,25.600000
2016-09-16 02:00:00,213.960000,19.400000
2016-08-02 23:00:00,181.750000,24.400000
2016-06-07 03:00:00,433.980000,22.200000
2016-04-02 18:00:00,298.560000,14.400000
2016-04-07 09:00:00,438.650000,12.800000
2016-07-02 16:00:00,481.580000,26.700000
2016-07-18 06:00:00,513.000000,25.600000
2016-09-22 07:00:00,510.400000,21.100000
2016-06-19 14:00:00,420.340000,31.100000
2016-03-23 05:00:00,331.120000,12.200000
2016-08-24 08:00:00,568.810000,23.300000
2016-01-18 15:00:00,421.750000,-4.400000
2016-09-18 16:00:00,487.330000,30.000000
2016-03-20 14:00:00,291.120000,5.000000
2016-10-01 00:00:00,282.920000,17.800000
2016-06-12 11:00:00,477.380000,32.200000
2016-05-31 00:00:00,236.710000,21.700000
2016-02-04 23:00:00,245.210000,6.100000
2016-07-04 04:00:00,422.240000,20.000000
2016-01-06 21:00:00,347.580000,2.200000
2016-09-06 09:00:00,647.110000,27.800000
2016-02-27 15:00:00,393.900000,7.200000
2016-06-02 08:00:00,574.420000,21.100000
2016-10-16 21:00:00,286.850000,18.300000
2016-10-23 02:00:00,168.720000,10.000000
2016-06-07 22:00:00,195.910000,18.900000
2016-02-17 16:00:00,446.300000,8.300000
2016-04-04 07:00:00,336.990000,12.200000
2016-03-15 17:00:00,432.450000,17.800000
2016-06-13 08:00:00,456.700000,20.000000
2016-07-14 12:00:00,642.880000,35.000000
2016-01-20 03:00:00,266.410000,-6.100000
2016-10-03 03:00:00,352.100000,19.400000
2016-02-09 12:00:00,486.740000,2.800000
2016-06-03 10:00:00,623.450000,23.900000
2016-02-25 22:00:00,292.400000,6.100000
2016-08-28 13:00:00,510.180000,31.100000
2016-03-08 00:00:00,281.100000,11.700000
2016-04-03 12:00:00,272.490000,7.200000
2016-01-27 15:00:00,449.870000,5.600000
2016-10-18 14:00:00,616.990000,26.700000
2016-06-08 20:00:00,361.960000,19.400000
2016-09-29 14:00:00,605.660000,21.100000
2016-07-27 09:00:00,574.780000,30.600000
2016-09-27 03:00:00,423.190000,19.400000
2016-02-14 20:00:00,398.750000,-5.600000
2016-01-07 11:00:00,448.630000,3.900000
2016-04-05 21:00:00,271.260000,5.000000
2016-07-11 05:00:00,434.140000,21.700000
2016-02-15 15:00:00,397.820000,-1.700000
2016-05-02 18:00:00,533.990000,23.300000
2016-09-12 10:00:00,642.170000,25.000000
2016-02-08 18:00:00,447.070000,6.100000
2016-05-01 11:00:00,202.080000,13.300000
2016-07-13 02:00:00,233.290000,24.400000
2016-10-04 02:00:00,243.840000,16.100000
2016-05-15 13:00:00,254.290000,13.900000
2016-10-01 08:00:00,371.840000,17.800000
2016-08-11 21:00:00,381.800000,30.000000
2016-09-24 14:00:00,496.530000,22.200000
2016-09-17 21:00:00,263.090000,24.400000
2016-10-08 09:00:00,437.240000,18.900000
2016-03-12 00:00:00,214.880000,14.400000
2016-10-11 04:00:00,274.040000,8.900000
2016-10-27 10:00:00,471.390000,13.300000
2016-08-03 14:00:00,498.830000,27.800000
2016-06-08 21:00:00,249.750000,18.900000
2016-10-02 05:00:00,255.570000,18.300000
2016-10-01 19:00:00,283.440000,18.900000
2016-02-11 07:00:00,467.170000,-5.600000
2016-03-17 03:00:00,325.420000,11.100000
2016-01-25 11:00:00,416.780000,-1.100000
2016-10-15 03:00:00,196.810000,12.200000
2016-07-28 07:00:00,565.330000,28.900000
2016-10-02 00:00:00,264.820000,18.300000
2016-10-27 05:00:00,324.310000,10.600000
2016-07-28 20:00:00,545.530000,25.600000
2016-08-27 18:00:00,592.660000,31.100000
2016-05-28 11:00:00,538.290000,27.200000
2016-02-28 09:00:00,250.340000,5.600000
2016-01-12 00:00:00,228.320000,-0.600000
2016-05-28 01:00:00,277.350000,22.800000
2016-07-16 06:00:00,232.910000,24.400000
2016-10-02 17:00:00,383.060000,22.800000
2016-07-31 20:00:00,467.360000,27.800000
2016-06-10 06:00:00,352.500000,18.300000
2016-09-07 14:00:00,724.270000,34.400000
2016-04-10 06:00:00,223.540000,-0.600000
2016-08-06 01:00:00,255.610000,25.600000
2016-06-03 21:00:00,291.200000,23.300000
2016-01-11 06:00:00,368.800000,-1.700000
2016-03-07 16:00:00,526.080000,17.800000
2016-10-20 14:00:00,633.930000,28.300000
2016-07-22 22:00:00,300.600000,29.400000
2016-02-08 11:00:00,456.010000,6.700000
2016-10-18 02:00:00,204.720000,18.300000
2016-01-28 21:00:00,375.540000,2.200000
2016-05-30 10:00:00,493.350000,25.000000
2016-03-20 20:00:00,302.140000,3.900000
2016-07-29 06:00:00,473.390000,23.900000
2016-06-14 04:00:00,392.960000,22.200000
2016-04-22 14:00:00,466.100000,21.100000
2016-04-18 05:00:00,362.600000,11.700000
2016-03-15 11:00:00,392.380000,10.600000
2016-05-05 19:00:00,283.780000,13.300000
2016-04-06 09:00:00,401.170000,7.800000
2016-06-29 08:00:00,462.400000,23.900000
2016-06-03 00:00:00,221.350000,22.800000
2016-01-29 15:00:00,435.330000,4.400000
2016-01-26 12:00:00,395.050000,7.200000
2016-05-13 14:00:00,558.890000,22.200000
2016-04-04 17:00:00,437.590000,14.400000
2016-10-16 14:00:00,397.410000,22.200000
2016-08-17 10:00:00,693.870000,31.700000
2016-03-20 08:00:00,186.840000,4.400000
2016-08-21 05:00:00,291.230000,24.400000
2016-01-11 18:00:00,407.310000,2.200000
2016-05-02 02:00:00,167.760000,13.300000
2016-04-27 20:00:00,313.030000,12.200000
2016-05-19 09:00:00,435.110000,16.100000
2016-05-27 03:00:00,498.860000,21.700000
2016-04-05 11:00:00,471.750000,4.400000
2016-01-21 04:00:00,495.220000,-3.900000
2016-04-02 09:00:00,263.630000,10.600000
2016-07-05 19:00:00,533.290000,30.600000
2016-04-16 17:00:00,424.630000,20.600000
2016-01-01 07:00:00,308.160000,5.000000
2016-06-01 15:00:00,657.970000,28.900000
2016-09-12 23:00:00,236.130000,22.200000
2016-04-11 08:00:00,423.690000,9.400000
2016-03-16 20:00:00,384.010000,17.200000
2016-04-05 00:00:00,206.070000,4.400000
2016-02-12 09:00:00,535.580000,-5.000000
2016-09-01 02:00:00,285.340000,25.000000
2016-02-14 17:00:00,385.600000,-4.400000
2016-03-24 05:00:00,332.990000,10.000000
2016-06-14 16:00:00,539.220000,26.700000
2016-10-19 22:00:00,215.930000,22.200000
2016-06-10 09:00:00,513.080000,21.700000
2016-09-26 14:00:00,560.440000,21.100000
2016-05-07 06:00:00,179.040000,10.600000
2016-02-02 13:00:00,451.360000,10.000000
2016-10-20 04:00:00,483.130000,21.100000
2016-03-14 03:00:00,293.970000,9.400000
2016-04-26 13:00:00,673.630000,28.300000
2016-02-15 17:00:00,394.460000,-1.700000
2016-07-27 07:00:00,557.480000,28.300000
2016-09-14 05:00:00,490.490000,21.100000
2016-09-02 00:00:00,247.800000,24.400000
2016-04-18 22:00:00,248.710000,20.000000
2016-09-04 14:00:00,424.940000,27.800000
2016-04-05 16:00:00,362.430000,7.200000
2016-03-13 05:00:00,216.000000,12.800000
2016-01-26 10:00:00,396.330000,5.000000
2016-01-15 07:00:00,393.810000,2.800000
2016-08-23 14:00:00,657.640000,28.300000
2016-06-05 12:00:00,459.610000,26.100000
2016-05-14 05:00:00,190.790000,12.800000
2016-01-05 01:00:00,211.750000,-6.700000
2016-08-06 17:00:00,575.240000,28.300000
2016-03-05 07:00:00,260.240000,1.700000
2016-05-29 18:00:00,446.930000,22.800000
2016-06-01 06:00:00,463.360000,22.200000
2016-09-12 14:00:00,652.760000,29.400000
2016-07-30 12:00:00,551.780000,28.300000
2016-03-04 11:00:00,501.540000,2.800000
2016-09-22 22:00:00,258.260000,23.300000
2016-06-27 06:00:00,439.890000,20.600000
2016-06-02 03:00:00,465.230000,21.700000
2016-03-28 08:00:00,316.230000,10.600000
2016-01-24 20:00:00,366.210000,-3.300000
2016-10-01 14:00:00,387.060000,18.900000
2016-09-07 16:00:00,680.390000,33.900000
2016-05-07 20:00:00,181.410000,15.600000
2016-07-10 03:00:00,201.010000,25.000000
2016-09-26 16:00:00,564.850000,21.100000
2016-07-14 11:00:00,643.280000,32.800000
2016-08-16 14:00:00,719.220000,35.000000
2016-01-16 10:00:00,351.540000,6.700000
2016-03-22 00:00:00,222.620000,5.000000
2016-08-01 07:00:00,496.120000,25.600000
2016-09-17 18:00:00,535.700000,26.700000
2016-06-02 04:00:00,475.250000,20.600000
2016-06-01 10:00:00,673.140000,29.400000
2016-04-08 15:00:00,379.660000,10.600000
2016-06-26 18:00:00,433.530000,27.200000
2016-07-06 20:00:00,530.390000,30.600000
2016-09-29 07:00:00,446.490000,20.600000
2016-06-04 23:00:00,230.220000,23.300000
2016-07-04 15:00:00,406.130000,22.200000
2016-07-26 22:00:00,270.560000,29.400000
2016-10-22 02:00:00,167.980000,13.300000
2016-02-19 01:00:00,251.910000,-1.700000
2016-07-15 09:00:00,588.360000,30.000000
2016-02-29 12:00:00,550.450000,17.800000
2016-09-28 02:00:00,236.030000,18.300000
2016-09-22 23:00:00,255.080000,22.800000
2016-09-12 04:00:00,414.190000,20.000000
2016-02-06 10:00:00,352.080000,1.700000
2016-04-05 23:00:00,210.310000,3.900000
2016-04-20 09:00:00,463.480000,15.600000
2016-09-18 17:00:00,486.630000,29.400000
2016-02-05 00:00:00,243.030000,5.600000
2016-01-25 05:00:00,421.540000,-7.200000
2016-01-09 12:00:00,302.820000,8.900000
2016-03-09 15:00:00,554.820000,25.600000
2016-03-25 04:00:00,362.360000,18.900000
2016-05-15 19:00:00,251.600000,13.900000
2016-07-05 03:00:00,389.030000,23.300000
2016-02-07 17:00:00,312.620000,6.100000
2016-01-27 07:00:00,419.080000,4.400000
2016-09-24 23:00:00,218.740000,18.900000
2016-07-12 13:00:00,536.450000,28.300000
2016-03-23 12:00:00,492.300000,19.400000
2016-01-07 18:00:00,390.160000,6.100000
2016-07-24 22:00:00,229.000000,30.000000
2016-09-28 10:00:00,585.700000,18.900000
2016-07-10 22:00:00,224.380000,26.700000
2016-02-06 11:00:00,341.570000,3.300000
2016-02-29 21:00:00,363.980000,12.800000
2016-09-11 09:00:00,243.880000,28.300000
2016-07-07 06:00:00,482.540000,25.600000
2016-07-10 19:00:00,432.030000,28.900000
2016-04-29 06:00:00,217.000000,9.400000
2016-03-18 19:00:00,403.090000,16.100000
2016-04-21 01:00:00,205.130000,11.700000
2016-05-21 06:00:00,160.830000,14.400000
2016-10-04 07:00:00,426.300000,15.600000
2016-09-23 01:00:00,218.710000,21.100000
2016-05-19 01:00:00,184.620000,14.400000
2016-09-04 01:00:00,178.070000,22.200000
2016-08-14 23:00:00,264.430000,27.200000
2016-07-29 07:00:00,461.640000,23.900000
2016-03-28 14:00:00,352.530000,16.700000
2016-03-24 17:00:00,463.360000,23.300000
2016-01-23 18:00:00,392.570000,-2.800000
2016-03-01 15:00:00,519.330000,18.300000
2016-07-28 00:00:00,271.920000,28.300000
2016-04-19 00:00:00,231.500000,16.100000
2016-03-20 10:00:00,303.700000,6.100000
2016-08-26 00:00:00,317.870000,26.700000
2016-04-25 03:00:00,261.320000,11.100000
2016-03-19 19:00:00,234.520000,3.300000
2016-10-18 23:00:00,206.740000,21.100000
2016-03-28 15:00:00,356.560000,18.900000
2016-09-19 20:00:00,538.900000,22.800000
2016-09-28 09:00:00,596.400000,18.900000
2016-02-04 20:00:00,370.930000,7.800000
2016-05-24 21:00:00,259.090000,22.200000
2016-08-28 07:00:00,269.670000,23.900000
2016-03-31 17:00:00,341.550000,22.800000
2016-09-16 14:00:00,603.410000,25.000000
2016-09-14 04:00:00,496.480000,21.100000
2016-01-17 14:00:00,361.040000,0.600000
2016-03-25 00:00:00,251.220000,18.300000
2016-10-17 03:00:00,392.900000,16.700000
2016-02-23 17:00:00,461.820000,6.100000
2016-07-31 11:00:00,524.760000,30.600000
2016-08-08 12:00:00,562.240000,31.700000
2016-06-26 14:00:00,439.870000,28.900000
2016-03-17 18:00:00,396.670000,16.700000
2016-02-12 17:00:00,494.450000,-1.700000
2016-02-25 12:00:00,445.160000,8.300000
2016-07-05 20:00:00,530.250000,28.300000
2016-01-20 19:00:00,509.020000,-3.300000
2016-04-27 08:00:00,484.820000,12.800000
2016-09-16 10:00:00,599.800000,22.200000
2016-03-10 01:00:00,257.550000,16.100000
2016-10-07 07:00:00,499.520000,17.200000
2016-09-17 15:00:00,520.640000,27.200000
2016-04-15 14:00:00,389.390000,17.200000
2016-02-20 12:00:00,403.830000,10.600000
2016-07-15 02:00:00,292.260000,26.100000
2016-09-08 06:00:00,518.470000,23.900000
2016-07-09 03:00:00,231.860000,26.100000
2016-02-06 03:00:00,270.430000,-0.600000
2016-05-04 04:00:00,310.720000,13.300000
2016-01-23 13:00:00,386.540000,-2.200000
2016-02-17 10:00:00,484.660000,5.600000
2016-10-19 16:00:00,606.200000,30.000000
2016-05-21 12:00:00,297.520000,13.900000
2016-08-04 22:00:00,206.140000,25.000000
2016-05-03 16:00:00,525.920000,20.000000
2016-06-22 09:00:00,479.000000,27.200000
2016-05-16 01:00:00,154.630000,8.900000
2016-07-14 22:00:00,326.030000,28.900000
2016-10-25 07:00:00,390.350000,8.900000
2016-04-17 21:00:00,272.490000,17.200000
2016-04-27 11:00:00,493.870000,12.800000
2016-10-25 08:00:00,432.620000,10.600000
2016-09-18 18:00:00,491.990000,28.900000
2016-09-21 22:00:00,316.030000,25.000000
2016-05-29 16:00:00,477.830000,24.400000
2016-08-03 20:00:00,335.010000,25.600000
2016-09-14 01:00:00,235.520000,22.800000
2016-04-19 20:00:00,369.770000,20.000000
2016-10-13 21:00:00,265.180000,16.700000
2016-07-11 06:00:00,413.390000,21.700000
2016-02-15 06:00:00,444.220000,-5.600000
2016-06-27 17:00:00,539.890000,28.900000
2016-03-28 03:00:00,300.750000,9.400000
2016-04-12 10:00:00,498.170000,13.300000
2016-03-25 13:00:00,469.000000,20.000000
2016-09-12 20:00:00,508.780000,24.400000
2016-01-10 10:00:00,201.760000,16.100000
2016-02-12 11:00:00,493.920000,-3.900000
2016-03-21 15:00:00,445.750000,11.100000
2016-07-31 15:00:00,509.120000,32.200000
2016-02-28 18:00:00,417.990000,15.600000
2016-04-01 01:00:00,257.770000,18.900000
2016-01-30 01:00:00,256.820000,-1.100000
2016-02-17 02:00:00,251.640000,3.900000
2016-06-11 13:00:00,523.670000,32.200000
2016-03-15 08:00:00,457.610000,8.900000
2016-09-22 17:00:00,606.600000,28.300000
2016-04-20 00:00:00,220.990000,16.100000
2016-05-25 15:00:00,605.990000,29.400000
2016-02-13 11:00:00,458.170000,-5.600000
2016-04-04 06:00:00,292.730000,11.100000
2016-08-30 02:00:00,272.920000,26.100000
2016-10-25 15:00:00,472.530000,17.800000
2016-01-14 01:00:00,238.330000,-2.200000
2016-04-20 15:00:00,461.910000,20.000000
2016-04-05 07:00:00,414.560000,0.000000
2016-09-02 13:00:00,626.960000,26.700000
2016-04-16 09:00:00,369.880000,15.000000
2016-03-31 05:00:00,309.540000,12.800000
2016-05-10 23:00:00,171.130000,13.900000
2016-09-07 23:00:00,266.800000,24.400000
2016-06-14 13:00:00,556.830000,25.600000
2016-02-29 18:00:00,485.300000,15.000000
2016-08-02 00:00:00,236.960000,25.000000
2016-04-15 06:00:00,312.160000,6.700000
2016-07-12 21:00:00,348.570000,26.100000
2016-08-10 22:00:00,,28.300000
2016-01-19 16:00:00,551.300000,-2.800000
2016-07-09 06:00:00,212.330000,25.600000
2016-02-23 18:00:00,421.400000,6.100000
2016-06-04 13:00:00,518.900000,26.100000
2016-01-16 01:00:00,240.040000,6.100000
2016-08-31 09:00:00,712.470000,27.200000
2016-09-29 02:00:00,234.070000,20.600000
2016-04-12 18:00:00,449.920000,15.600000
2016-01-01 22:00:00,230.900000,3.300000
2016-03-27 08:00:00,193.360000,10.600000
2016-03-10 03:00:00,258.320000,15.600000
2016-01-30 06:00:00,256.660000,-2.800000
2016-08-06 09:00:00,544.590000,27.800000
2016-04-24 13:00:00,253.400000,17.800000
2016-02-27 14:00:00,398.970000,7.200000
2016-09-02 12:00:00,624.700000,26.700000
2016-04-13 02:00:00,229.280000,8.300000
2016-06-05 16:00:00,463.520000,29.400000
2016-04-07 03:00:00,290.360000,12.200000
2016-01-20 04:00:00,505.670000,-6.700000
2016-06-23 13:00:00,526.450000,26.100000
2016-06-19 08:00:00,174.460000,22.800000
2016-03-03 04:00:00,397.760000,-0.600000
2016-06-02 12:00:00,626.750000,25.000000
2016-01-12 18:00:00,392.790000,6.100000
2016-07-09 04:00:00,227.040000,26.100000
2016-06-28 18:00:00,542.600000,27.800000
2016-05-27 15:00:00,693.480000,30.000000
2016-07-30 21:00:00,224.020000,23.900000
2016-04-17 19:00:00,389.420000,21.700000
2016-02-27 06:00:00,266.680000,-2.200000
2016-09-29 10:00:00,586.390000,21.100000
2016-07-21 13:00:00,551.700000,30.600000
2016-01-25 21:00:00,416.790000,-0.600000
2016-06-30 13:00:00,484.100000,27.200000
2016-09-02 08:00:00,520.260000,21.700000
2016-10-26 22:00:00,171.290000,11.100000
2016-10-11 13:00:00,462.350000,18.900000
2016-07-15 16:00:00,571.910000,33.300000
2016-05-24 18:00:00,520.800000,27.800000
2016-07-11 18:00:00,516.370000,30.600000
2016-05-04 20:00:00,283.990000,13.300000
2016-09-25 19:00:00,360.670000,19.400000
2016-04-16 06:00:00,215.380000,7.800000
2016-08-12 02:00:00,266.740000,27.200000
2016-08-08 22:00:00,203.740000,22.800000
2016-06-18 16:00:00,439.970000,29.400000
2016-06-15 10:00:00,,23.300000
2016-10-18 19:00:00,530.340000,23.900000
2016-01-29 13:00:00,472.500000,3.900000
2016-08-04 16:00:00,521.980000,29.400000
2016-05-15 09:00:00,144.200000,11.700000
2016-08-21 16:00:00,520.300000,25.000000
2016-06-19 09:00:00,180.260000,24.400000
2016-04-28 11:00:00,411.350000,12.200000
2016-06-03 07:00:00,481.850000,22.800000
2016-09-21 21:00:00,402.610000,25.000000
2016-06-17 14:00:00,507.340000,27.200000
2016-04-03 04:00:00,194.840000,3.300000
2016-10-15 09:00:00,379.720000,13.900000
2016-04-06 22:00:00,221.580000,10.600000
2016-01-22 17:00:00,429.760000,-5.000000
2016-01-22 18:00:00,445.620000,-5.000000
2016-08-23 20:00:00,529.680000,24.400000
2016-08-31 03:00:00,546.010000,23.900000
2016-08-31 00:00:00,271.870000,25.600000
2016-08-15 17:00:00,643.730000,33.300000
2016-02-02 12:00:00,437.890000,8.900000
2016-08-24 06:00:00,431.210000,20.000000
2016-07-23 10:00:00,585.140000,33.300000
2016-01-28 03:00:00,247.470000,-2.200000
2016-08-22 17:00:00,617.730000,28.900000
2016-04-01 18:00:00,381.550000,26.100000
2016-01-16 09:00:00,363.910000,6.100000
2016-07-16 20:00:00,237.970000,23.900000
2016-06-24 20:00:00,434.950000,24.400000
2016-01-16 17:00:00,364.290000,8.900000
2016-07-30 22:00:00,224.930000,23.900000
2016-04-02 14:00:00,315.850000,14.400000
2016-08-17 19:00:00,576.000000,31.700000
2016-03-08 11:00:00,552.080000,16.100000
2016-09-28 03:00:00,396.770000,18.300000
2016-05-31 14:00:00,660.270000,29.400000
2016-02-10 02:00:00,278.330000,-0.600000
2016-09-28 22:00:00,236.450000,21.100000
2016-10-10 08:00:00,285.180000,11.700000
2016-08-18 01:00:00,271.080000,23.300000
2016-01-15 23:00:00,244.860000,6.100000
2016-06-09 05:00:00,296.130000,11.700000
2016-07-20 20:00:00,486.930000,26.700000
2016-02-22 04:00:00,378.240000,7.800000
2016-08-12 19:00:00,624.670000,33.300000
2016-06-03 04:00:00,449.970000,22.200000
2016-09-12 02:00:00,188.750000,21.700000
2016-04-17 05:00:00,217.190000,9.400000
2016-05-22 21:00:00,227.240000,13.900000
2016-03-26 03:00:00,202.170000,7.200000
2016-02-02 04:00:00,349.980000,3.900000
2016-10-04 14:00:00,577.250000,22.200000
2016-05-28 16:00:00,553.440000,30.000000
2016-10-12 19:00:00,438.280000,17.200000
2016-10-03 01:00:00,258.200000,20.000000
2016-07-18 16:00:00,521.110000,22.800000
2016-07-08 01:00:00,239.910000,27.800000
2016-03-11 00:00:00,266.010000,21.100000
2016-01-16 05:00:00,237.650000,5.600000
2016-09-27 13:00:00,556.100000,23.300000
2016-07-14 06:00:00,521.310000,24.400000
2016-06-29 13:00:00,512.480000,27.200000
2016-01-07 03:00:00,217.870000,1.700000
2016-09-22 13:00:00,671.760000,30.000000
2016-05-08 22:00:00,185.920000,16.100000
2016-09-24 00:00:00,264.070000,23.300000
2016-01-17 23:00:00,243.880000,1.100000
2016-10-05 21:00:00,238.100000,18.900000
2016-05-24 06:00:00,325.100000,16.100000
2016-06-23 12:00:00,520.070000,25.600000
2016-05-29 06:00:00,213.290000,20.000000
2016-05-16 13:00:00,408.360000,17.200000
2016-02-13 05:00:00,273.530000,-4.400000
2016-10-22 07:00:00,316.030000,12.800000
2016-02-05 15:00:00,466.090000,6.100000
2016-06-12 20:00:00,396.190000,26.100000
2016-01-04 06:00:00,339.830000,1.100000
2016-04-03 21:00:00,224.290000,10.000000
2016-10-19 18:00:00,550.650000,26.100000
2016-10-02 19:00:00,354.660000,21.100000
2016-10-04 17:00:00,477.530000,21.100000
2016-10-14 04:00:00,312.770000,10.000000
2016-02-02 20:00:00,382.980000,7.200000
2016-04-05 05:00:00,353.370000,0.000000
2016-06-19 21:00:00,258.090000,25.000000
2016-06-11 15:00:00,543.140000,33.900000
2016-07-15 12:00:00,602.070000,32.200000
2016-09-07 19:00:00,548.350000,26.100000
2016-05-31 13:00:00,663.140000,28.900000
2016-08-26 16:00:00,760.860000,34.400000
2016-01-18 16:00:00,436.380000,-5.000000
2016-01-17 08:00:00,235.790000,2.800000
2016-08-13 04:00:00,273.430000,27.800000
2016-10-12 02:00:00,197.630000,11.700000
2016-06-24 06:00:00,457.020000,22.800000
2016-04-21 14:00:00,446.580000,23.300000
2016-10-03 06:00:00,404.730000,17.800000
2016-10-24 15:00:00,514.940000,21.100000
2016-05-25 19:00:00,486.520000,25.600000
2016-03-02 01:00:00,256.870000,14.400000
2016-08-05 17:00:00,524.180000,27.200000
2016-10-04 01:00:00,238.860000,17.200000
2016-06-09 01:00:00,176.180000,16.100000
2016-08-21 17:00:00,543.510000,26.100000
2016-10-14 11:00:00,482.390000,16.100000
2016-08-29 14:00:00,740.100000,32.200000
2016-04-08 09:00:00,393.730000,7.800000
2016-04-12 00:00:00,263.220000,20.000000
2016-10-04 03:00:00,347.240000,16.100000
2016-08-22 22:00:00,260.680000,23.900000
2016-01-20 08:00:00,569.930000,-6.700000
2016-01-07 19:00:00,376.790000,5.600000
2016-09-18 10:00:00,482.660000,26.100000
2016-09-27 14:00:00,571.360000,24.400000
2016-10-16 10:00:00,338.090000,16.700000
2016-10-26 13:00:00,504.110000,13.900000
2016-03-24 23:00:00,251.700000,19.400000
2016-05-08 18:00:00,276.520000,20.000000
2016-02-07 12:00:00,323.220000,6.700000
2016-08-24 10:00:00,644.980000,26.700000
2016-04-05 19:00:00,324.430000,6.100000
2016-07-05 23:00:00,245.490000,26.100000
2016-07-11 03:00:00,452.030000,23.300000
2016-06-04 02:00:00,212.980000,22.200000
2016-09-07 13:00:00,708.200000,33.300000
2016-03-14 18:00:00,337.430000,11.100000
2016-03-05 19:00:00,375.390000,5.000000
2016-05-06 11:00:00,379.470000,12.800000
2016-10-24 03:00:00,303.060000,13.300000
2016-03-26 10:00:00,281.620000,8.900000
2016-02-01 23:00:00,232.130000,8.300000
2016-03-04 02:00:00,259.320000,0.600000
2016-10-20 11:00:00,609.480000,25.600000
2016-07-07 11:00:00,562.120000,31.700000
2016-06-25 01:00:00,224.440000,22.200000
2016-09-07 22:00:00,269.870000,25.000000
2016-07-16 11:00:00,582.780000,31.700000
2016-05-17 10:00:00,503.590000,12.800000
2016-02-04 03:00:00,233.970000,12.200000
2016-02-28 17:00:00,414.300000,16.700000
2016-02-27 20:00:00,263.960000,4.400000
2016-03-30 18:00:00,360.930000,15.000000
2016-03-09 12:00:00,542.920000,21.100000
2016-10-17 10:00:00,593.800000,20.600000
2016-01-17 15:00:00,357.180000,1.700000
2016-02-06 18:00:00,327.220000,5.000000
2016-05-28 19:00:00,258.720000,26.700000
2016-09-27 00:00:00,231.370000,19.400000
2016-02-19 09:00:00,506.390000,-0.600000
2016-06-26 02:00:00,187.890000,21.100000
2016-07-24 21:00:00,321.220000,30.600000
2016-03-30 00:00:00,219.390000,8.300000
2016-01-20 00:00:00,268.950000,-6.100000
2016-03-22 12:00:00,421.550000,12.800000
2016-01-29 17:00:00,478.660000,2.800000
2016-08-26 17:00:00,734.430000,34.400000
2016-10-18 17:00:00,571.800000,25.000000
2016-03-22 15:00:00,471.550000,16.100000
2016-04-23 04:00:00,190.780000,17.200000
2016-08-11 19:00:00,573.180000,32.200000
2016-06-30 11:00:00,481.560000,26.100000
2016-09-19 06:00:00,542.010000,25.600000
2016-03-19 18:00:00,378.260000,3.300000
2016-08-15 05:00:00,557.740000,25.600000
2016-09-24 01:00:00,263.260000,22.800000
2016-04-14 04:00:00,281.770000,6.100000
2016-05-06 18:00:00,278.150000,11.700000
2016-05-30 09:00:00,465.180000,23.300000
2016-02-05 05:00:00,373.910000,3.300000
2016-01-23 14:00:00,372.930000,-2.800000
2016-06-04 10:00:00,487.340000,24.400000
2016-06-23 17:00:00,504.310000,25.600000
2016-06-02 13:00:00,626.490000,26.100000
2016-08-29 05:00:00,539.600000,22.200000
2016-09-04 02:00:00,179.600000,21.700000
2016-07-26 03:00:00,579.750000,27.200000
2016-05-03 18:00:00,460.830000,17.200000
2016-04-15 15:00:00,386.440000,16.700000
2016-02-13 22:00:00,284.060000,-8.900000
2016-03-22 22:00:00,249.150000,13.300000
2016-04-15 16:00:00,401.170000,17.200000
2016-10-05 07:00:00,400.570000,15.600000
2016-01-10 21:00:00,291.420000,6.100000
2016-02-17 11:00:00,485.840000,6.100000
2016-09-06 20:00:00,559.500000,29.400000
2016-06-26 17:00:00,441.650000,28.300000
2016-09-13 10:00:00,671.940000,26.700000
2016-08-14 17:00:00,559.210000,36.100000
2016-10-22 15:00:00,346.900000,14.400000
2016-05-04 08:00:00,404.630000,12.200000
2016-10-28 20:00:00,313.050000,12.200000
2016-08-20 02:00:00,289.510000,25.600000
2016-07-26 04:00:00,597.780000,26.700000
2016-06-12 13:00:00,482.260000,33.300000
2016-05-11 00:00:00,171.000000,13.300000
2016-09-26 15:00:00,589.160000,21.100000
2016-06-18 23:00:00,189.650000,21.700000
2016-09-16 13:00:00,595.110000,24.400000
2016-05-14 19:00:00,176.880000,16.700000
2016-03-17 08:00:00,398.210000,11.700000
2016-01-25 17:00:00,372.200000,1.700000
2016-04-23 19:00:00,181.510000,18.900000
2016-06-21 15:00:00,441.600000,22.200000
2016-01-24 08:00:00,240.600000,-4.400000
2016-08-24 16:00:00,632.260000,30.000000
2016-07-31 05:00:00,221.650000,23.900000
2016-01-11 03:00:00,228.130000,0.000000
2016-07-04 03:00:00,403.690000,20.600000
2016-07-28 02:00:00,269.130000,27.800000
2016-01-17 21:00:00,366.590000,1.700000
2016-03-01 08:00:00,412.260000,6.700000
2016-01-11 21:00:00,359.590000,-0.600000
2016-07-21 06:00:00,430.970000,23.300000
2016-10-02 12:00:00,353.170000,22.200000
2016-03-11 15:00:00,464.690000,22.800000
2016-03-13 03:00:00,220.100000,12.800000
2016-04-14 06:00:00,279.330000,5.600000
2016-07-21 20:00:00,548.390000,27.800000
2016-01-15 04:00:00,230.060000,3.900000
2016-07-29 11:00:00,559.230000,28.900000
2016-03-07 23:00:00,286.680000,10.600000
2016-07-09 22:00:00,219.660000,28.350000
2016-06-04 11:00:00,498.080000,25.600000
2016-10-26 03:00:00,331.440000,7.800000
2016-04-26 07:00:00,370.780000,19.400000
2016-03-04 17:00:00,458.940000,4.400000
2016-08-24 02:00:00,190.910000,21.100000
2016-09-25 05:00:00,171.310000,15.600000
2016-10-10 18:00:00,328.530000,15.600000
2016-03-14 20:00:00,324.130000,9.400000
2016-10-25 00:00:00,168.540000,10.600000
2016-06-17 11:00:00,565.720000,24.400000
2016-08-26 18:00:00,701.210000,33.300000
2016-09-09 14:00:00,789.790000,33.900000
2016-10-09 10:00:00,286.270000,14.400000
2016-01-16 03:00:00,237.960000,6.700000
2016-10-25 19:00:00,366.040000,12.800000
2016-09-28 19:00:00,488.610000,21.700000
2016-07-16 03:00:00,266.360000,24.400000
2016-07-04 09:00:00,408.360000,21.100000
2016-08-28 19:00:00,477.450000,28.300000
2016-10-05 22:00:00,176.140000,17.800000
2016-04-17 00:00:00,238.160000,10.600000
2016-10-22 17:00:00,309.940000,13.300000
2016-10-03 21:00:00,262.790000,18.900000
2016-10-07 09:00:00,532.200000,17.800000
2016-05-08 17:00:00,293.170000,20.600000
2016-10-05 06:00:00,333.010000,15.000000
2016-03-28 20:00:00,323.760000,14.400000
2016-01-27 08:00:00,458.970000,3.900000
2016-04-14 03:00:00,290.520000,6.700000
2016-04-21 07:00:00,305.750000,11.100000
2016-08-06 16:00:00,568.280000,27.800000
2016-07-02 20:00:00,190.000000,24.400000
2016-08-09 16:00:00,545.510000,26.100000
2016-08-02 02:00:00,226.820000,24.400000
2016-04-07 12:00:00,429.790000,15.000000
2016-08-19 11:00:00,655.080000,31.100000
2016-05-31 01:00:00,235.710000,21.700000
2016-06-11 01:00:00,193.300000,20.600000
2016-10-25 09:00:00,469.230000,12.800000
2016-06-24 17:00:00,531.090000,27.200000
2016-03-03 12:00:00,436.610000,3.300000
2016-04-10 07:00:00,218.100000,0.600000
2016-06-10 16:00:00,560.160000,27.200000
2016-02-21 14:00:00,410.590000,13.300000
2016-04-21 03:00:00,300.790000,10.000000
2016-04-27 15:00:00,448.450000,13.300000
2016-10-16 06:00:00,197.840000,12.200000
2016-08-27 21:00:00,274.000000,27.800000
2016-06-22 07:00:00,457.490000,23.900000
2016-08-12 18:00:00,633.170000,34.400000
2016-05-07 19:00:00,180.800000,15.600000
2016-09-15 07:00:00,465.860000,21.700000
2016-10-25 20:00:00,336.830000,11.700000
2016-03-13 13:00:00,302.490000,15.000000
2016-04-27 21:00:00,220.900000,12.200000
2016-08-18 07:00:00,581.190000,25.600000
2016-07-25 23:00:00,287.970000,29.400000
2016-04-13 09:00:00,397.810000,10.000000
2016-04-17 02:00:00,220.410000,9.400000
2016-09-11 10:00:00,475.840000,26.700000
2016-08-21 13:00:00,593.290000,31.700000
2016-01-30 11:00:00,388.220000,1.700000
2016-05-07 04:00:00,204.030000,11.100000
2016-09-14 21:00:00,358.250000,27.200000
2016-08-18 13:00:00,663.890000,32.200000
2016-01-04 00:00:00,210.370000,2.200000
2016-07-04 14:00:00,406.250000,22.200000
2016-07-20 21:00:00,310.950000,26.700000
2016-10-09 13:00:00,289.230000,19.400000
2016-02-19 20:00:00,418.640000,3.300000
2016-04-18 15:00:00,493.740000,28.300000
2016-02-17 03:00:00,252.210000,1.700000
2016-02-21 23:00:00,249.590000,8.900000
2016-09-27 17:00:00,525.240000,23.900000
2016-09-06 04:00:00,433.420000,22.200000
2016-08-14 09:00:00,268.920000,33.300000
2016-05-19 21:00:00,234.320000,16.700000
2016-06-16 06:00:00,435.420000,22.200000
2016-03-06 23:00:00,263.160000,4.400000
2016-06-12 00:00:00,250.130000,25.600000
2016-06-04 15:00:00,511.940000,27.800000
2016-06-30 20:00:00,450.330000,25.600000
2016-02-26 05:00:00,387.090000,1.700000
2016-10-28 08:00:00,372.580000,12.200000
2016-01-19 08:00:00,550.350000,-8.900000
2016-02-16 02:00:00,268.920000,-0.600000
2016-04-20 03:00:00,290.050000,12.800000
2016-07-31 17:00:00,470.480000,26.700000
2016-01-28 01:00:00,247.570000,-1.100000
2016-03-05 16:00:00,370.710000,6.700000
2016-08-17 16:00:00,682.130000,33.900000
2016-09-09 22:00:00,287.270000,28.300000
2016-04-29 02:00:00,172.850000,8.900000
2016-05-26 05:00:00,402.340000,17.200000
2016-10-09 01:00:00,205.230000,18.300000
2016-01-27 06:00:00,409.150000,4.400000
2016-07-17 22:00:00,271.590000,27.800000
2016-02-22 07:00:00,390.010000,5.000000
2016-07-25 11:00:00,660.690000,34.400000
2016-01-21 02:00:00,269.860000,-3.300000
2016-03-07 06:00:00,388.980000,2.200000
2016-07-14 02:00:00,302.620000,26.100000
2016-03-02 04:00:00,382.350000,12.200000
2016-05-06 22:00:00,203.740000,11.700000
2016-09-19 10:00:00,677.210000,22.800000
2016-05-16 15:00:00,421.810000,18.900000
2016-06-02 17:00:00,572.160000,26.100000
2016-06-21 23:00:00,202.850000,22.800000
2016-09-03 03:00:00,183.260000,21.700000
2016-05-14 15:00:00,304.400000,15.600000
2016-02-14 22:00:00,325.420000,-5.000000
2016-07-19 21:00:00,382.260000,27.200000
2016-04-19 21:00:00,249.910000,18.900000
2016-03-10 10:00:00,504.770000,21.100000
2016-04-11 07:00:00,357.270000,8.900000
2016-09-11 17:00:00,447.140000,28.900000
2016-08-17 11:00:00,691.440000,32.800000
2016-05-09 07:00:00,326.910000,12.800000
2016-06-14 22:00:00,196.170000,20.600000
2016-09-27 11:00:00,525.870000,21.100000
2016-10-13 16:00:00,521.190000,22.200000
2016-08-02 13:00:00,343.100000,31.700000
2016-09-08 05:00:00,532.780000,23.900000
2016-02-28 22:00:00,316.740000,13.900000
2016-03-18 03:00:00,317.080000,11.700000
2016-03-16 04:00:00,328.040000,10.000000
2016-06-14 03:00:00,418.650000,22.200000
2016-03-02 17:00:00,437.110000,4.400000
2016-01-02 11:00:00,291.560000,6.100000
2016-01-19 12:00:00,596.850000,-4.400000
2016-04-08 13:00:00,361.710000,10.000000
2016-06-01 12:00:00,680.870000,30.000000
2016-05-12 17:00:00,465.660000,18.300000
2016-02-23 20:00:00,414.580000,6.700000
2016-08-11 15:00:00,644.210000,35.600000
2016-07-04 11:00:00,404.990000,21.700000
2016-05-22 14:00:00,277.120000,13.900000
2016-03-30 07:00:00,300.290000,6.100000
2016-04-20 02:00:00,203.360000,13.900000
2016-06-16 14:00:00,643.970000,30.000000
2016-10-18 18:00:00,557.650000,23.300000
2016-03-11 07:00:00,373.240000,16.700000
2016-08-07 15:00:00,446.060000,32.800000
2016-03-11 18:00:00,396.070000,20.600000
2016-08-10 16:00:00,,33.900000
2016-08-28 15:00:00,502.630000,31.700000
2016-05-31 17:00:00,602.520000,28.300000
2016-01-16 12:00:00,372.750000,7.200000
2016-08-20 01:00:00,285.140000,26.100000
2016-07-22 16:00:00,625.830000,33.900000
2016-10-13 02:00:00,212.370000,13.300000
2016-01-06 20:00:00,379.540000,2.200000
2016-07-22 18:00:00,604.580000,32.200000
2016-07-03 09:00:00,161.060000,18.900000
2016-10-08 06:00:00,215.080000,18.900000
2016-09-05 06:00:00,390.420000,18.300000
2016-01-30 18:00:00,372.540000,5.000000
2016-05-13 02:00:00,222.090000,17.200000
2016-09-23 21:00:00,364.260000,25.000000
2016-07-03 21:00:00,261.200000,20.600000
2016-08-06 05:00:00,254.120000,24.400000
2016-01-17 22:00:00,296.400000,1.700000
2016-01-01 20:00:00,301.980000,3.900000
2016-02-12 02:00:00,281.490000,-6.100000
2016-04-10 17:00:00,244.600000,11.100000
2016-04-16 07:00:00,331.190000,9.400000
2016-04-09 20:00:00,219.340000,3.900000
2016-08-30 17:00:00,656.050000,30.600000
2016-01-02 18:00:00,280.890000,6.700000
2016-04-28 04:00:00,269.460000,12.200000
2016-05-20 17:00:00,440.820000,22.200000
2016-05-06 04:00:00,263.170000,12.800000
2016-05-20 10:00:00,503.790000,21.700000
2016-07-02 13:00:00,468.870000,26.100000
2016-01-01 11:00:00,295.120000,6.700000
2016-07-17 14:00:00,472.330000,32.800000
2016-02-19 07:00:00,407.150000,-2.200000
2016-03-22 09:00:00,409.830000,6.700000
2016-04-14 11:00:00,489.220000,15.000000
2016-04-29 13:00:00,370.390000,11.700000
2016-06-10 07:00:00,391.360000,20.000000
2016-02-13 00:00:00,271.990000,-2.200000
2016-06-09 14:00:00,572.060000,26.700000
2016-05-04 19:00:00,298.040000,13.300000
2016-02-10 01:00:00,277.460000,0.000000
2016-04-30 15:00:00,244.300000,13.900000
2016-05-05 21:00:00,221.030000,12.800000
2016-05-19 08:00:00,439.920000,15.000000
2016-08-01 06:00:00,476.480000,25.000000
2016-01-31 15:00:00,369.870000,11.100000
2016-07-02 14:00:00,474.290000,26.100000
2016-03-01 06:00:00,382.850000,4.400000
2016-04-30 01:00:00,168.880000,11.100000
2016-06-15 08:00:00,480.300000,21.100000
2016-02-08 04:00:00,369.820000,2.200000
2016-09-09 01:00:00,280.970000,27.200000
2016-10-08 10:00:00,438.170000,18.900000
2016-06-19 15:00:00,413.930000,30.000000
2016-10-06 00:00:00,171.610000,16.100000
2016-08-24 01:00:00,226.010000,21.700000
2016-04-25 18:00:00,421.950000,25.000000
2016-03-08 22:00:00,296.400000,14.400000
2016-08-27 14:00:00,586.120000,32.800000
2016-02-04 05:00:00,376.810000,12.200000
2016-02-27 05:00:00,266.980000,-2.200000
2016-06-03 22:00:00,216.990000,22.800000
2016-09-28 12:00:00,624.260000,20.600000
2016-02-05 10:00:00,488.650000,2.800000
2016-02-11 22:00:00,320.950000,-5.000000
2016-08-12 07:00:00,547.900000,28.300000
2016-06-20 16:00:00,510.480000,32.200000
2016-03-09 11:00:00,507.620000,19.400000
2016-03-10 17:00:00,482.350000,24.400000
2016-07-10 11:00:00,461.140000,27.200000
2016-05-12 11:00:00,482.110000,16.700000
2016-09-12 16:00:00,612.320000,28.300000
2016-02-26 09:00:00,480.130000,2.800000
2016-08-23 22:00:00,255.640000,23.300000
2016-05-14 20:00:00,161.720000,15.000000
2016-07-31 09:00:00,238.300000,26.700000
2016-09-22 00:00:00,277.380000,22.800000
2016-07-18 13:00:00,608.890000,33.900000
2016-05-14 22:00:00,169.010000,13.300000
2016-09-04 03:00:00,180.550000,21.700000
2016-01-30 07:00:00,255.360000,-3.900000
2016-08-28 20:00:00,477.190000,27.800000
2016-05-17 09:00:00,477.860000,13.300000
2016-06-02 07:00:00,496.840000,20.600000
2016-04-10 14:00:00,268.160000,8.900000
2016-02-25 13:00:00,443.710000,8.300000
2016-10-08 01:00:00,212.940000,18.900000
2016-09-04 15:00:00,425.850000,28.300000
2016-07-23 19:00:00,259.830000,33.900000
2016-07-04 06:00:00,414.860000,20.600000
2016-10-17 01:00:00,222.620000,16.700000
2016-02-11 08:00:00,448.560000,-5.600000
2016-08-27 23:00:00,280.260000,26.700000
2016-10-01 02:00:00,271.030000,17.800000
2016-10-28 14:00:00,420.040000,17.200000
2016-09-07 04:00:00,509.190000,23.300000
2016-06-17 23:00:00,190.880000,21.700000
2016-05-25 11:00:00,586.890000,28.300000
2016-04-13 08:00:00,416.390000,8.300000
2016-06-10 15:00:00,577.990000,27.200000
2016-02-20 04:00:00,238.410000,7.800000
2016-06-23 11:00:00,492.340000,23.900000
2016-03-04 12:00:00,479.150000,3.300000
2016-09-07 11:00:00,671.620000,32.200000
2016-03-16 05:00:00,323.140000,10.000000
2016-02-12 12:00:00,499.640000,-2.200000
2016-01-06 08:00:00,477.100000,-5.000000
2016-02-27 02:00:00,265.810000,-0.600000
2016-08-20 08:00:00,576.240000,26.700000
2016-07-05 12:00:00,541.200000,30.600000
2016-02-07 03:00:00,267.510000,0.600000
2016-04-26 15:00:00,688.890000,28.900000
2016-09-10 16:00:00,617.710000,33.900000
2016-07-02 17:00:00,486.320000,26.700000
2016-10-14 14:00:00,476.320000,18.300000
2016-09-16 05:00:00,428.790000,19.400000
2016-05-15 15:00:00,254.630000,16.100000
2016-02-20 14:00:00,424.850000,14.400000
2016-06-10 10:00:00,514.320000,23.300000
2016-09-28 06:00:00,456.630000,18.900000
2016-06-18 15:00:00,437.710000,28.900000
2016-09-15 13:00:00,620.900000,23.900000
2016-02-21 21:00:00,359.200000,10.600000
2016-04-05 15:00:00,416.310000,7.200000
2016-04-24 10:00:00,227.560000,15.000000
2016-01-12 11:00:00,453.060000,4.400000
2016-07-10 07:00:00,181.470000,24.400000
2016-02-13 09:00:00,495.680000,-6.100000
2016-02-21 11:00:00,375.640000,11.100000
2016-02-12 06:00:00,432.250000,-6.700000
2016-06-08 18:00:00,445.720000,21.100000
2016-04-15 18:00:00,394.660000,16.100000
2016-06-28 03:00:00,473.420000,23.300000
2016-02-14 08:00:00,276.480000,-10.000000
2016-08-11 23:00:00,264.920000,28.900000
2016-01-12 17:00:00,406.530000,7.200000
2016-02-13 17:00:00,448.920000,-6.700000
2016-02-25 02:00:00,218.150000,12.800000
2016-02-10 14:00:00,495.360000,2.800000
2016-04-09 11:00:00,302.830000,4.400000
2016-08-29 02:00:00,263.450000,23.300000
2016-03-22 01:00:00,219.100000,4.400000
2016-09-17 19:00:00,286.590000,25.600000
2016-02-23 08:00:00,422.760000,4.400000
2016-01-26 19:00:00,390.430000,6.100000
2016-08-07 09:00:00,219.720000,28.300000
2016-03-13 20:00:00,239.890000,10.600000
2016-02-28 04:00:00,264.830000,1.100000
2016-09-23 06:00:00,468.560000,19.400000
2016-03-07 01:00:00,259.940000,3.300000
2016-03-10 05:00:00,373.790000,13.900000
2016-05-28 22:00:00,256.640000,23.900000
2016-04-08 06:00:00,309.950000,6.700000
2016-04-02 10:00:00,256.010000,10.600000
2016-10-27 08:00:00,448.550000,11.700000
2016-05-12 16:00:00,485.620000,18.900000
2016-05-13 06:00:00,358.700000,17.200000
2016-02-24 17:00:00,506.210000,17.800000
2016-01-24 23:00:00,243.050000,-5.600000
2016-04-08 14:00:00,365.510000,11.100000
2016-02-23 14:00:00,444.820000,6.700000
2016-10-23 14:00:00,329.720000,20.000000
2016-07-25 19:00:00,597.300000,33.900000
2016-09-06 23:00:00,242.930000,26.100000
2016-03-24 07:00:00,428.470000,11.700000
2016-04-20 05:00:00,292.070000,11.100000
2016-01-12 05:00:00,343.020000,-0.600000
2016-01-27 05:00:00,382.700000,4.400000
2016-08-11 14:00:00,629.110000,36.100000
2016-05-08 15:00:00,287.980000,21.700000
2016-05-24 16:00:00,565.830000,28.300000
2016-09-20 22:00:00,262.840000,24.400000
2016-07-02 10:00:00,435.150000,24.400000
2016-06-16 21:00:00,340.930000,22.200000
2016-10-13 04:00:00,344.940000,12.200000
2016-03-26 12:00:00,301.310000,11.100000
2016-06-30 18:00:00,480.690000,27.200000
2016-08-25 08:00:00,627.990000,24.400000
2016-03-29 07:00:00,304.710000,8.900000
2016-01-02 03:00:00,206.470000,1.100000
2016-03-26 06:00:00,192.740000,5.000000
2016-06-12 22:00:00,192.570000,24.400000
2016-09-30 02:00:00,270.510000,17.800000
2016-05-14 06:00:00,186.550000,13.300000
2016-10-08 07:00:00,391.450000,18.300000
2016-06-08 04:00:00,346.470000,18.300000
2016-01-06 09:00:00,519.380000,-3.300000
2016-08-11 17:00:00,620.530000,34.400000
2016-10-23 12:00:00,329.020000,17.800000
2016-07-10 21:00:00,305.100000,27.200000
2016-01-01 13:00:00,285.240000,7.800000
2016-09-16 06:00:00,442.610000,19.400000
2016-07-05 18:00:00,536.230000,31.700000
2016-03-04 19:00:00,439.160000,4.400000
2016-04-08 19:00:00,323.710000,9.400000
2016-07-12 22:00:00,244.330000,25.600000
2016-05-07 10:00:00,201.430000,13.900000
2016-06-16 03:00:00,439.200000,22.800000
2016-04-07 18:00:00,354.580000,11.700000
2016-01-16 14:00:00,362.510000,9.400000
2016-08-08 03:00:00,468.240000,23.900000
2016-09-16 17:00:00,544.440000,24.400000
2016-02-09 03:00:00,264.810000,3.300000
2016-10-16 01:00:00,175.570000,12.800000
2016-07-09 19:00:00,235.680000,30.033333
2016-03-30 17:00:00,389.280000,16.700000
2016-05-29 21:00:00,299.830000,20.600000
2016-09-13 21:00:00,380.890000,25.000000
2016-10-01 06:00:00,265.660000,17.800000
2016-09-11 01:00:00,284.500000,27.200000
2016-05-31 05:00:00,472.280000,22.200000
2016-01-23 01:00:00,245.790000,-4.400000
2016-06-04 00:00:00,212.650000,22.800000
2016-07-16 10:00:00,580.350000,31.100000
2016-02-23 03:00:00,229.930000,6.100000
2016-06-27 15:00:00,551.730000,30.000000
2016-02-28 08:00:00,251.190000,3.300000
2016-07-21 08:00:00,500.460000,25.600000
2016-06-16 07:00:00,470.980000,22.200000
2016-07-02 04:00:00,225.480000,21.100000
2016-03-16 03:00:00,355.250000,10.600000
2016-05-04 09:00:00,442.400000,12.800000
2016-03-01 07:00:00,396.240000,5.000000
2016-08-13 20:00:00,284.940000,33.300000
2016-10-21 04:00:00,486.900000,20.000000
2016-06-08 01:00:00,171.310000,18.900000
2016-02-23 07:00:00,374.890000,4.400000
2016-07-15 05:00:00,561.300000,25.000000
2016-03-12 14:00:00,336.560000,15.000000
2016-02-09 19:00:00,429.650000,1.700000
2016-09-23 08:00:00,570.350000,22.200000
2016-08-29 11:00:00,730.720000,30.600000
2016-09-24 06:00:00,240.410000,22.800000
2016-10-04 09:00:00,511.020000,18.900000
2016-01-17 19:00:00,374.930000,2.200000
2016-03-27 13:00:00,278.800000,13.300000
2016-10-13 22:00:00,174.840000,15.600000
2016-03-23 15:00:00,491.120000,23.300000
2016-01-07 14:00:00,427.950000,5.000000
2016-06-11 06:00:00,166.360000,20.000000
2016-02-07 14:00:00,313.950000,7.200000
2016-01-15 16:00:00,449.130000,8.900000
2016-07-08 10:00:00,549.780000,30.600000
2016-06-21 08:00:00,498.860000,28.300000
2016-02-01 10:00:00,492.640000,11.100000
2016-05-04 01:00:00,192.180000,13.900000
2016-10-27 16:00:00,503.790000,17.200000
2016-05-01 22:00:00,169.900000,13.300000
2016-01-13 23:00:00,239.220000,-2.200000
2016-07-12 18:00:00,517.210000,28.900000
2016-01-28 13:00:00,473.140000,3.900000
2016-03-24 03:00:00,350.640000,15.000000
2016-06-01 23:00:00,244.910000,22.800000
2016-01-13 18:00:00,487.260000,-1.100000
2016-04-07 13:00:00,453.850000,15.600000
2016-07-18 20:00:00,528.110000,25.000000
2016-04-08 10:00:00,409.360000,8.300000
2016-06-03 12:00:00,642.720000,26.700000
2016-06-07 18:00:00,562.080000,26.700000
2016-03-21 13:00:00,453.230000,10.000000
2016-09-22 02:00:00,262.240000,22.200000
2016-05-23 01:00:00,193.180000,14.400000
2016-02-01 05:00:00,369.460000,7.800000
2016-05-31 20:00:00,524.090000,24.400000
2016-09-26 08:00:00,498.880000,20.000000
2016-02-23 00:00:00,230.450000,6.700000
2016-08-17 09:00:00,676.700000,31.100000
2016-09-24 04:00:00,238.650000,22.200000
2016-05-30 01:00:00,237.270000,20.600000
2016-03-30 04:00:00,316.230000,6.700000
2016-07-30 08:00:00,544.010000,27.200000
2016-06-20 11:00:00,514.230000,29.400000
2016-07-26 07:00:00,584.410000,28.300000
2016-07-23 14:00:00,639.020000,35.600000
2016-01-22 10:00:00,472.050000,-2.200000
2016-09-27 05:00:00,463.700000,19.400000
2016-01-18 01:00:00,244.620000,0.600000
2016-08-13 06:00:00,262.940000,27.800000
2016-10-27 22:00:00,213.470000,15.600000
2016-10-25 16:00:00,443.710000,16.700000
2016-10-23 09:00:00,154.190000,12.800000
2016-01-09 15:00:00,297.880000,10.000000
2016-09-02 19:00:00,499.720000,24.400000
2016-01-20 02:00:00,267.540000,-6.100000
2016-03-26 20:00:00,235.560000,13.300000
2016-04-11 12:00:00,462.230000,17.800000
2016-01-11 10:00:00,442.010000,0.600000
2016-09-15 02:00:00,230.460000,23.900000
2016-02-16 09:00:00,409.060000,11.100000
2016-09-02 01:00:00,242.230000,23.300000
2016-03-12 15:00:00,326.310000,15.600000
2016-06-12 05:00:00,220.410000,24.400000
2016-01-30 19:00:00,383.160000,4.400000
2016-01-24 00:00:00,246.630000,-1.700000
2016-03-01 05:00:00,364.020000,5.600000
2016-04-04 20:00:00,377.340000,13.900000
2016-05-11 06:00:00,319.150000,12.200000
2016-10-15 07:00:00,306.000000,10.600000
2016-03-21 11:00:00,472.530000,7.800000
2016-01-27 10:00:00,495.870000,4.400000
2016-01-14 04:00:00,243.870000,-2.200000
2016-10-10 15:00:00,362.360000,18.900000
2016-01-18 19:00:00,465.610000,-7.200000
2016-08-17 03:00:00,566.670000,27.200000
2016-01-05 09:00:00,521.510000,-7.200000
2016-05-06 23:00:00,200.100000,11.700000
2016-06-25 20:00:00,213.050000,25.600000
2016-03-31 15:00:00,349.180000,22.800000
2016-03-12 11:00:00,259.000000,12.800000
2016-01-04 17:00:00,381.510000,0.000000
2016-04-03 15:00:00,279.050000,11.100000
2016-05-12 12:00:00,504.590000,17.200000
2016-08-13 09:00:00,603.520000,31.100000
2016-03-22 11:00:00,444.630000,11.100000
2016-06-17 18:00:00,451.110000,26.700000
2016-04-28 22:00:00,176.270000,8.900000
2016-01-01 01:00:00,208.750000,6.700000
2016-06-29 23:00:00,173.590000,21.100000
2016-02-08 23:00:00,267.040000,3.900000
2016-09-15 18:00:00,566.860000,22.800000
2016-04-23 14:00:00,287.080000,19.400000
2016-08-05 03:00:00,460.680000,23.300000
2016-01-25 15:00:00,386.060000,4.400000
2016-08-14 15:00:00,571.450000,36.100000
2016-05-02 14:00:00,576.810000,21.700000
2016-04-12 06:00:00,376.700000,16.100000
2016-03-06 22:00:00,313.000000,5.000000
2016-08-31 04:00:00,540.720000,23.300000
2016-09-09 05:00:00,550.020000,26.100000
2016-01-09 21:00:00,229.000000,8.900000
2016-02-02 10:00:00,440.340000,6.700000
2016-05-25 22:00:00,207.080000,20.000000
2016-10-18 15:00:00,618.900000,27.200000
2016-03-26 09:00:00,285.180000,7.200000
2016-09-30 22:00:00,287.840000,18.300000
2016-03-06 13:00:00,353.310000,8.300000
2016-01-07 21:00:00,341.930000,5.000000
2016-07-15 04:00:00,568.880000,25.600000
2016-05-28 20:00:00,249.190000,26.100000
2016-08-19 06:00:00,482.060000,24.400000
2016-10-14 03:00:00,306.920000,10.600000
2016-03-25 03:00:00,360.350000,19.400000
2016-01-12 09:00:00,472.900000,1.700000
2016-06-10 02:00:00,173.470000,18.900000
2016-06-22 21:00:00,319.580000,24.400000
2016-08-29 03:00:00,536.260000,23.300000
2016-06-07 02:00:00,212.590000,23.300000
2016-08-04 05:00:00,394.050000,21.700000
2016-01-17 10:00:00,231.740000,2.800000
2016-01-25 07:00:00,464.950000,-7.800000
2016-10-28 04:00:00,312.040000,11.100000
2016-10-07 00:00:00,208.090000,18.300000
2016-09-05 07:00:00,392.750000,19.400000
2016-10-15 18:00:00,355.410000,16.700000
2016-01-22 16:00:00,441.570000,-4.400000
2016-03-14 17:00:00,367.690000,11.100000
2016-03-19 09:00:00,295.320000,7.800000
2016-06-14 11:00:00,548.110000,24.400000
2016-05-19 14:00:00,460.690000,20.600000
2016-04-04 03:00:00,310.720000,9.400000
2016-05-14 14:00:00,368.910000,23.300000
2016-01-22 22:00:00,331.980000,-5.000000
2016-05-03 00:00:00,229.080000,16.700000
2016-07-05 15:00:00,564.980000,32.800000
2016-06-11 17:00:00,541.400000,35.600000
2016-01-29 20:00:00,426.680000,1.100000
2016-10-12 11:00:00,509.190000,17.800000
2016-07-04 10:00:00,406.100000,21.700000
2016-05-31 15:00:00,665.000000,28.900000
2016-02-14 00:00:00,287.020000,-9.400000
2016-01-25 14:00:00,375.210000,3.900000
2016-01-22 15:00:00,428.460000,-4.400000
2016-05-21 02:00:00,174.220000,16.700000
2016-06-02 10:00:00,617.510000,21.700000
2016-09-05 21:00:00,255.390000,25.600000
2016-08-04 01:00:00,189.710000,22.800000
2016-03-08 05:00:00,398.390000,8.900000
2016-05-30 16:00:00,523.030000,25.600000
2016-10-22 10:00:00,318.110000,12.800000
2016-03-16 15:00:00,498.520000,22.800000
2016-02-02 23:00:00,230.830000,6.700000
2016-02-03 00:00:00,229.930000,6.100000
2016-09-05 10:00:00,476.730000,27.200000
2016-03-18 13:00:00,445.610000,18.300000
2016-03-23 18:00:00,452.100000,20.000000
2016-05-14 23:00:00,151.610000,12.200000
2016-05-30 04:00:00,472.990000,20.600000
2016-02-08 21:00:00,397.920000,4.400000
2016-06-14 09:00:00,514.750000,22.800000
2016-08-12 09:00:00,599.450000,31.700000
2016-10-07 10:00:00,528.230000,18.300000
2016-06-23 09:00:00,475.900000,23.300000
2016-06-17 00:00:00,238.060000,20.600000
2016-09-24 15:00:00,482.710000,22.800000
2016-06-20 18:00:00,491.790000,30.600000
2016-02-11 10:00:00,498.590000,-4.400000
2016-09-18 05:00:00,236.920000,22.200000
2016-05-24 03:00:00,353.430000,15.000000
2016-10-02 21:00:00,280.620000,20.000000
2016-06-06 16:00:00,597.840000,29.400000
2016-09-10 12:00:00,627.010000,32.800000
2016-05-09 03:00:00,240.190000,11.100000
2016-05-11 17:00:00,418.220000,15.600000
2016-07-30 11:00:00,560.310000,30.600000
2016-05-13 15:00:00,526.790000,23.900000
2016-08-31 19:00:00,606.920000,30.000000
2016-02-16 00:00:00,267.960000,-0.600000
2016-10-13 12:00:00,514.770000,18.900000
2016-04-28 18:00:00,285.400000,10.000000
2016-02-06 22:00:00,266.890000,2.800000
2016-10-25 01:00:00,168.340000,10.000000
2016-08-22 07:00:00,531.780000,22.800000
2016-01-22 11:00:00,441.000000,-1.700000
2016-10-05 18:00:00,433.550000,18.900000
2016-07-20 15:00:00,556.810000,31.100000
2016-03-01 19:00:00,459.950000,13.300000
2016-05-28 07:00:00,455.480000,22.200000
2016-05-30 15:00:00,504.820000,26.100000
2016-07-13 15:00:00,607.990000,31.100000
2016-04-14 16:00:00,487.490000,17.200000
2016-05-05 00:00:00,194.660000,11.700000
2016-06-15 21:00:00,321.460000,25.000000
2016-10-13 06:00:00,359.450000,12.800000
2016-02-07 18:00:00,312.050000,6.100000
2016-01-02 04:00:00,206.310000,0.600000
2016-09-16 08:00:00,532.710000,20.000000
2016-04-14 17:00:00,490.430000,16.100000
2016-04-11 10:00:00,432.720000,12.200000
2016-07-29 09:00:00,538.240000,25.600000
2016-08-11 00:00:00,277.540000,27.200000
2016-02-01 18:00:00,396.430000,9.400000
2016-06-05 09:00:00,230.230000,24.400000
2016-07-19 17:00:00,570.650000,32.800000
2016-01-12 20:00:00,378.260000,2.800000
2016-01-29 14:00:00,466.200000,4.400000
2016-10-16 11:00:00,393.230000,20.000000
2016-04-08 07:00:00,295.460000,7.200000
2016-08-31 02:00:00,277.010000,24.400000
2016-09-16 16:00:00,567.090000,25.600000
2016-01-01 21:00:00,290.240000,3.900000
2016-04-24 22:00:00,172.080000,14.400000
2016-02-06 21:00:00,266.640000,3.300000
2016-02-08 05:00:00,358.630000,2.200000
2016-02-13 14:00:00,459.940000,-5.000000
2016-08-27 17:00:00,597.730000,31.700000
2016-02-22 23:00:00,241.070000,6.700000
2016-07-10 01:00:00,201.890000,25.600000
2016-09-18 14:00:00,501.720000,30.600000
2016-10-07 20:00:00,435.720000,20.600000
2016-01-12 13:00:00,437.650000,6.700000
2016-07-31 02:00:00,223.170000,24.400000
2016-03-28 02:00:00,208.770000,9.400000
2016-02-22 03:00:00,233.750000,8.300000
2016-04-09 12:00:00,284.030000,7.200000
2016-01-24 19:00:00,359.920000,-2.800000
2016-03-01 01:00:00,246.310000,6.700000
2016-06-11 20:00:00,245.130000,31.100000
2016-07-31 07:00:00,217.160000,25.000000
2016-02-22 05:00:00,363.980000,7.200000
2016-08-14 12:00:00,545.490000,36.700000
2016-07-14 07:00:00,539.510000,25.600000
2016-05-27 04:00:00,480.200000,21.700000
2016-04-15 00:00:00,219.380000,9.400000
2016-02-12 05:00:00,423.950000,-6.700000
2016-07-18 00:00:00,273.960000,26.700000
2016-07-08 13:00:00,570.780000,31.700000
2016-08-15 11:00:00,675.110000,32.800000
2016-09-18 19:00:00,489.510000,27.800000
2016-03-27 06:00:00,196.800000,9.400000
2016-08-11 06:00:00,539.790000,26.100000
2016-08-26 14:00:00,782.250000,33.900000
2016-03-11 16:00:00,452.640000,22.800000
2016-09-17 22:00:00,262.410000,23.900000
2016-08-10 21:00:00,,28.900000
2016-03-23 23:00:00,245.180000,15.000000
2016-01-13 06:00:00,414.880000,-5.600000
2016-03-05 17:00:00,385.430000,6.100000
2016-03-25 02:00:00,248.040000,20.000000
2016-01-25 12:00:00,415.700000,2.200000
2016-05-18 23:00:00,185.000000,15.000000
2016-04-10 09:00:00,220.420000,3.300000
2016-03-29 23:00:00,218.960000,8.300000
2016-06-15 20:00:00,480.700000,25.000000
2016-09-21 16:00:00,648.650000,27.200000
2016-06-05 03:00:00,213.720000,22.800000
2016-05-26 10:00:00,600.800000,25.000000
2016-04-23 13:00:00,288.090000,19.400000
2016-07-07 15:00:00,564.150000,33.900000
2016-08-02 20:00:00,316.300000,27.200000
2016-10-02 04:00:00,257.460000,18.300000
2016-10-02 11:00:00,348.190000,21.100000
2016-01-24 04:00:00,246.370000,-3.900000
2016-07-19 01:00:00,247.910000,23.300000
2016-04-13 03:00:00,345.550000,7.800000
2016-06-05 00:00:00,225.910000,23.300000
2016-06-27 20:00:00,521.240000,26.700000
2016-09-05 16:00:00,495.950000,30.600000
2016-08-08 15:00:00,557.410000,26.700000
2016-03-12 18:00:00,286.150000,13.300000
2016-04-18 18:00:00,530.300000,26.700000
2016-09-06 03:00:00,430.000000,23.300000
2016-03-12 06:00:00,196.550000,10.600000
2016-03-30 09:00:00,315.160000,9.400000
2016-05-15 05:00:00,150.760000,9.400000
2016-04-09 13:00:00,285.700000,8.900000
2016-06-28 21:00:00,291.440000,21.700000
2016-02-23 19:00:00,410.590000,6.700000
2016-10-12 15:00:00,512.830000,20.600000
2016-09-27 01:00:00,234.040000,19.400000
2016-06-13 00:00:00,187.450000,21.100000
2016-09-02 11:00:00,617.980000,25.600000
2016-03-07 13:00:00,521.060000,13.900000
2016-10-10 16:00:00,374.400000,18.900000
2016-10-28 01:00:00,167.440000,13.300000
2016-03-31 08:00:00,316.160000,15.000000
2016-04-10 02:00:00,217.940000,0.600000
2016-01-14 05:00:00,375.620000,-2.200000
2016-09-28 05:00:00,450.390000,18.900000
2016-05-09 21:00:00,199.330000,15.600000
2016-08-06 07:00:00,504.080000,25.000000
2016-08-29 09:00:00,730.850000,27.800000
2016-10-20 03:00:00,468.080000,22.200000
2016-06-17 10:00:00,574.940000,21.100000
2016-02-03 03:00:00,228.740000,6.700000
2016-05-06 02:00:00,196.470000,12.200000
2016-03-12 13:00:00,295.150000,15.000000
2016-05-21 09:00:00,279.100000,13.300000
2016-01-02 12:00:00,284.670000,7.200000
2016-07-08 19:00:00,557.610000,31.100000
2016-02-08 01:00:00,265.920000,3.300000
2016-08-08 21:00:00,242.910000,22.800000
2016-06-14 18:00:00,531.330000,26.100000
2016-08-12 00:00:00,265.720000,28.300000
2016-06-21 11:00:00,549.480000,31.700000
2016-02-10 20:00:00,454.080000,-2.200000
2016-02-11 05:00:00,420.370000,-5.000000
2016-10-21 05:00:00,487.240000,20.000000
2016-02-29 08:00:00,390.420000,12.200000
2016-03-06 06:00:00,262.260000,3.300000
2016-06-21 13:00:00,547.270000,30.000000
2016-08-28 22:00:00,263.870000,26.100000
2016-06-26 23:00:00,189.430000,21.700000
2016-02-26 17:00:00,428.160000,3.300000
2016-10-09 18:00:00,314.550000,17.200000
2016-10-13 09:00:00,546.850000,15.000000
2016-02-11 09:00:00,518.400000,-5.000000
2016-04-22 00:00:00,240.630000,20.600000
2016-07-29 13:00:00,567.990000,31.100000
2016-03-09 14:00:00,534.300000,23.900000
2016-02-24 00:00:00,235.890000,5.600000
2016-06-02 15:00:00,631.630000,27.200000
2016-02-27 18:00:00,370.940000,7.200000
2016-03-21 19:00:00,369.210000,8.300000
2016-07-14 01:00:00,303.580000,26.100000
2016-09-11 05:00:00,279.720000,26.100000
2016-05-11 22:00:00,191.400000,15.000000
2016-03-25 20:00:00,318.790000,13.900000
2016-02-07 04:00:00,267.100000,0.600000
2016-07-22 10:00:00,560.900000,29.400000
2016-06-18 19:00:00,193.860000,25.600000
2016-06-26 13:00:00,441.230000,28.900000
2016-01-01 02:00:00,208.630000,5.600000
2016-03-29 03:00:00,324.860000,9.400000
2016-02-05 09:00:00,471.320000,3.300000
2016-04-24 07:00:00,162.890000,10.000000
2016-04-13 00:00:00,226.760000,9.400000
2016-03-21 00:00:00,202.800000,3.300000
2016-03-07 18:00:00,489.300000,17.200000
2016-03-20 23:00:00,201.000000,2.800000
2016-08-02 09:00:00,485.120000,27.800000
2016-10-11 10:00:00,461.360000,14.400000
2016-04-24 06:00:00,162.670000,8.300000
2016-01-31 06:00:00,243.810000,2.200000
2016-01-03 05:00:00,207.290000,1.100000
2016-03-16 02:00:00,235.910000,10.000000
2016-06-09 11:00:00,560.020000,23.900000
2016-04-16 15:00:00,426.410000,21.700000
2016-04-26 22:00:00,205.760000,24.400000
2016-02-09 00:00:00,268.440000,3.900000
2016-09-21 15:00:00,659.380000,27.800000
2016-02-04 08:00:00,376.910000,10.000000
2016-06-29 07:00:00,447.050000,22.200000
2016-05-21 23:00:00,193.420000,12.800000
2016-02-28 03:00:00,266.550000,1.100000
2016-05-28 18:00:00,535.000000,27.800000
2016-02-06 20:00:00,266.310000,3.300000
2016-08-14 11:00:00,580.380000,35.600000
2016-07-22 01:00:00,275.620000,25.000000
2016-03-19 02:00:00,203.160000,10.600000
2016-08-04 03:00:00,303.880000,22.200000
2016-01-01 10:00:00,287.420000,5.600000
2016-05-22 13:00:00,275.300000,13.300000
2016-08-14 03:00:00,278.160000,29.400000
2016-03-02 05:00:00,374.430000,11.100000
2016-02-03 14:00:00,479.320000,8.300000
2016-10-07 06:00:00,445.810000,16.700000
2016-08-25 14:00:00,754.790000,30.000000
2016-06-18 18:00:00,416.460000,27.200000
2016-03-29 02:00:00,220.300000,10.000000
2016-09-12 01:00:00,185.190000,21.100000
2016-10-26 12:00:00,449.560000,12.800000
2016-04-03 08:00:00,184.260000,3.300000
2016-02-10 03:00:00,276.220000,-1.700000
2016-07-06 12:00:00,549.030000,31.700000
2016-04-19 22:00:00,229.280000,17.800000
2016-01-30 08:00:00,421.890000,-2.800000
2016-01-18 23:00:00,264.920000,-8.300000
2016-07-02 02:00:00,230.480000,23.300000
2016-01-07 01:00:00,216.910000,1.700000
2016-03-25 23:00:00,204.550000,10.000000
2016-09-10 13:00:00,620.750000,33.900000
2016-02-18 19:00:00,453.500000,1.100000
2016-05-26 02:00:00,203.070000,17.800000
2016-03-26 16:00:00,364.570000,16.100000
2016-06-05 22:00:00,210.840000,22.800000
2016-04-19 14:00:00,538.350000,27.800000
2016-07-06 02:00:00,232.610000,25.600000
2016-07-04 01:00:00,197.900000,20.600000
2016-08-28 17:00:00,491.790000,30.600000
2016-08-22 03:00:00,485.040000,22.800000
2016-06-30 23:00:00,232.720000,23.900000
2016-04-11 06:00:00,323.510000,8.300000
2016-02-22 20:00:00,364.750000,7.800000
2016-03-15 01:00:00,212.420000,8.900000
2016-05-26 13:00:00,620.880000,28.900000
2016-01-12 07:00:00,379.280000,0.000000
2016-07-18 22:00:00,271.760000,25.000000
2016-10-27 19:00:00,462.960000,16.700000
2016-01-11 04:00:00,224.990000,-0.600000
2016-10-19 20:00:00,523.440000,24.400000
2016-07-09 18:00:00,536.510000,30.600000
2016-03-25 22:00:00,204.850000,11.100000
2016-10-05 10:00:00,494.840000,17.800000
2016-09-13 00:00:00,239.530000,22.200000
2016-02-03 21:00:00,401.270000,13.300000
2016-06-08 00:00:00,176.060000,20.000000
2016-10-26 18:00:00,430.360000,12.800000
2016-10-04 19:00:00,424.450000,18.900000
2016-03-16 10:00:00,454.610000,18.300000
2016-09-13 17:00:00,638.040000,30.000000
2016-06-30 08:00:00,408.780000,22.800000
2016-04-12 19:00:00,418.840000,13.900000
2016-01-23 17:00:00,394.530000,-3.300000
2016-05-15 07:00:00,142.910000,11.700000
2016-01-31 18:00:00,359.470000,10.000000
2016-01-13 22:00:00,320.940000,-3.300000
2016-05-26 23:00:00,255.090000,22.800000
2016-02-17 09:00:00,494.050000,2.200000
2016-08-19 07:00:00,526.440000,26.100000
2016-10-24 09:00:00,513.050000,18.300000
2016-06-20 13:00:00,520.500000,31.100000
2016-04-25 15:00:00,503.440000,25.000000
2016-02-08 08:00:00,442.820000,2.200000
2016-09-10 02:00:00,283.460000,26.700000
2016-05-29 17:00:00,455.480000,23.300000
2016-06-14 05:00:00,383.680000,21.700000
2016-01-02 14:00:00,284.130000,8.900000
2016-07-05 01:00:00,208.220000,23.900000
2016-06-27 12:00:00,525.710000,28.900000
2016-05-04 13:00:00,410.490000,15.000000
2016-08-08 16:00:00,535.210000,26.100000
2016-10-28 10:00:00,412.490000,13.900000
2016-08-05 15:00:00,560.920000,26.100000
2016-04-21 09:00:00,487.830000,13.900000
2016-05-14 13:00:00,390.370000,23.900000
2016-02-19 12:00:00,498.780000,1.100000
2016-10-01 03:00:00,272.270000,17.800000
2016-01-26 14:00:00,352.340000,10.600000
2016-10-23 13:00:00,323.050000,18.900000
2016-03-02 08:00:00,443.090000,4.400000
2016-07-06 15:00:00,563.400000,32.800000
2016-05-07 00:00:00,200.500000,11.700000
2016-02-08 22:00:00,274.520000,3.900000
2016-04-11 01:00:00,224.400000,9.400000
2016-07-31 03:00:00,224.470000,24.400000
2016-09-29 15:00:00,586.990000,20.600000
2016-10-05 11:00:00,498.340000,20.600000
2016-07-20 04:00:00,460.430000,21.100000
2016-02-04 10:00:00,416.350000,9.400000
2016-03-04 15:00:00,480.420000,5.000000
2016-05-02 08:00:00,395.860000,13.300000
2016-06-25 14:00:00,512.100000,28.900000
2016-01-27 04:00:00,394.660000,5.000000
2016-07-03 20:00:00,355.980000,20.600000
2016-06-09 19:00:00,449.990000,25.000000
2016-01-17 06:00:00,242.650000,2.800000
2016-06-30 07:00:00,385.210000,21.700000
2016-10-21 06:00:00,497.850000,19.400000
2016-06-15 12:00:00,568.710000,25.600000
2016-01-17 16:00:00,345.460000,2.200000
2016-07-19 12:00:00,583.860000,30.600000
2016-08-02 05:00:00,505.690000,24.400000
2016-09-13 07:00:00,541.940000,21.700000
2016-05-20 05:00:00,279.450000,12.800000
2016-01-02 22:00:00,194.960000,5.000000
2016-10-16 15:00:00,376.110000,22.800000
2016-10-24 14:00:00,529.110000,21.100000
2016-06-01 00:00:00,263.920000,22.800000
2016-06-04 12:00:00,504.220000,26.100000
2016-10-03 12:00:00,574.320000,24.400000
2016-08-05 06:00:00,498.180000,23.300000
2016-08-09 21:00:00,356.770000,26.100000
2016-10-20 00:00:00,208.770000,22.200000
2016-04-11 03:00:00,338.540000,8.900000
2016-08-21 18:00:00,535.060000,25.600000
2016-03-14 04:00:00,281.190000,9.400000
2016-10-18 21:00:00,300.310000,21.700000
2016-09-17 17:00:00,524.520000,28.300000
2016-06-18 12:00:00,439.620000,27.800000
2016-01-15 02:00:00,228.510000,5.600000
2016-01-09 23:00:00,221.680000,9.400000
2016-06-01 21:00:00,335.990000,24.400000
2016-02-26 03:00:00,239.610000,2.200000
2016-10-03 05:00:00,377.340000,17.800000
2016-10-19 06:00:00,483.570000,19.400000
2016-06-11 12:00:00,507.510000,29.400000
2016-05-31 22:00:00,282.190000,23.900000
2016-01-14 17:00:00,461.500000,10.000000
2016-10-13 18:00:00,457.660000,19.400000
2016-05-05 10:00:00,457.500000,11.100000
2016-10-15 08:00:00,337.170000,11.700000
2016-05-10 01:00:00,181.530000,15.000000
2016-10-19 00:00:00,205.110000,20.600000
2016-04-07 00:00:00,218.230000,12.200000
2016-06-24 03:00:00,438.050000,22.200000
2016-05-28 03:00:00,265.610000,22.200000
2016-03-02 00:00:00,278.190000,15.000000
2016-01-08 03:00:00,225.700000,4.400000
2016-06-24 09:00:00,496.170000,25.000000
2016-10-16 05:00:00,215.650000,12.200000
2016-05-28 23:00:00,260.220000,22.800000
2016-06-25 08:00:00,443.580000,23.900000
2016-08-03 04:00:00,250.920000,22.800000
2016-09-03 11:00:00,439.830000,24.400000
2016-09-13 04:00:00,502.860000,21.100000
2016-02-09 02:00:00,265.010000,3.300000
2016-01-03 12:00:00,278.080000,7.800000
2016-02-21 22:00:00,282.670000,9.400000
2016-08-02 06:00:00,498.170000,24.400000
2016-09-09 10:00:00,747.730000,33.900000
2016-03-29 14:00:00,352.040000,15.000000
2016-03-04 18:00:00,453.380000,5.000000
2016-01-07 09:00:00,448.770000,3.900000
2016-01-21 01:00:00,281.440000,-3.300000
2016-07-05 02:00:00,205.790000,23.300000
2016-06-12 14:00:00,479.330000,33.900000
2016-03-14 16:00:00,395.020000,11.100000
2016-02-01 06:00:00,375.170000,7.800000
2016-03-15 15:00:00,433.980000,16.100000
2016-09-08 03:00:00,512.790000,24.400000
2016-07-06 19:00:00,543.990000,30.600000
2016-07-21 11:00:00,547.230000,29.400000
2016-04-23 05:00:00,177.120000,16.700000
2016-09-01 03:00:00,555.630000,24.400000
2016-06-23 23:00:00,232.810000,23.900000
2016-02-25 19:00:00,422.180000,7.200000
2016-09-26 00:00:00,178.300000,18.300000
2016-04-29 04:00:00,222.380000,8.900000
2016-01-08 18:00:00,359.500000,6.100000
2016-02-17 14:00:00,441.210000,7.800000
2016-03-27 00:00:00,202.880000,11.700000
2016-09-10 07:00:00,546.960000,26.100000
2016-09-10 01:00:00,286.500000,27.200000
2016-01-07 04:00:00,215.630000,1.700000
2016-06-21 02:00:00,224.600000,25.000000
2016-07-22 23:00:00,296.190000,28.300000
2016-10-11 18:00:00,430.360000,16.700000
2016-05-20 09:00:00,441.280000,20.000000
2016-07-18 18:00:00,512.710000,25.600000
2016-04-29 16:00:00,347.070000,12.800000
2016-06-06 14:00:00,654.370000,30.000000
2016-02-28 00:00:00,265.770000,2.800000
2016-10-12 08:00:00,439.050000,12.800000
2016-10-22 20:00:00,165.890000,11.700000
2016-08-25 13:00:00,732.580000,30.600000
2016-05-31 11:00:00,676.100000,26.700000
2016-09-28 21:00:00,309.200000,21.100000
2016-07-19 03:00:00,489.360000,22.800000
2016-05-06 10:00:00,356.680000,12.200000
2016-05-03 23:00:00,191.610000,15.000000
2016-09-19 19:00:00,527.410000,23.300000
2016-03-12 10:00:00,249.870000,11.700000
2016-05-03 07:00:00,428.200000,17.200000
2016-01-19 22:00:00,359.070000,-5.600000
2016-01-26 09:00:00,412.110000,3.300000
2016-06-26 21:00:00,263.660000,23.300000
2016-07-20 08:00:00,494.750000,24.400000
2016-09-13 03:00:00,451.260000,21.700000
2016-03-27 16:00:00,287.760000,13.300000
2016-06-18 02:00:00,175.780000,20.000000
2016-09-02 14:00:00,624.620000,26.700000
2016-03-08 20:00:00,481.650000,17.800000
2016-07-14 09:00:00,617.170000,30.000000
2016-08-17 07:00:00,591.140000,27.800000
2016-10-25 23:00:00,178.190000,10.600000
2016-01-02 16:00:00,266.880000,8.900000
2016-08-16 09:00:00,625.930000,27.800000
2016-03-28 07:00:00,293.640000,10.000000
2016-06-12 18:00:00,434.870000,30.000000
2016-03-31 21:00:00,265.310000,20.000000
2016-01-04 02:00:00,207.970000,1.700000
2016-09-01 07:00:00,587.820000,23.300000
2016-10-24 23:00:00,168.720000,11.700000
2016-04-20 23:00:00,210.690000,13.300000
2016-05-12 18:00:00,438.560000,17.800000
2016-03-27 18:00:00,271.480000,11.700000
2016-01-19 09:00:00,594.090000,-7.800000
2016-03-26 17:00:00,365.580000,15.600000
2016-04-16 03:00:00,220.310000,8.300000
2016-02-24 11:00:00,464.880000,8.300000
2016-05-23 04:00:00,310.040000,13.900000
2016-02-24 14:00:00,493.470000,15.000000
2016-01-10 20:00:00,276.290000,6.700000
2016-09-08 18:00:00,658.910000,32.800000
2016-04-18 13:00:00,508.860000,28.300000
2016-07-11 14:00:00,523.120000,29.400000
2016-04-17 11:00:00,356.360000,16.700000
2016-05-16 22:00:00,183.010000,15.000000
2016-05-13 00:00:00,221.920000,17.200000
2016-06-13 23:00:00,206.170000,24.400000
2016-04-25 14:00:00,503.230000,23.900000
2016-07-20 13:00:00,544.190000,30.000000
2016-06-25 05:00:00,225.710000,22.200000
2016-03-29 00:00:00,223.650000,12.800000
2016-04-21 21:00:00,265.610000,19.400000
2016-04-25 07:00:00,382.160000,12.200000
2016-07-14 14:00:00,645.510000,35.600000
2016-08-13 05:00:00,279.930000,27.200000
2016-02-28 01:00:00,267.120000,2.200000
2016-10-10 10:00:00,322.630000,13.900000
2016-09-30 08:00:00,432.750000,16.700000
2016-08-30 22:00:00,264.380000,26.100000
2016-10-18 08:00:00,572.070000,18.900000
2016-07-27 14:00:00,589.330000,35.000000
2016-02-23 13:00:00,463.720000,6.700000
2016-09-26 17:00:00,507.120000,21.100000
2016-10-22 23:00:00,165.260000,10.600000
2016-03-06 01:00:00,263.950000,2.800000
2016-09-30 03:00:00,371.830000,17.800000
2016-05-13 04:00:00,366.310000,16.700000
2016-07-09 12:00:00,552.840000,32.200000
2016-07-19 08:00:00,557.300000,27.800000
2016-10-10 05:00:00,300.050000,10.600000
2016-07-20 23:00:00,239.910000,25.600000
2016-05-30 00:00:00,237.060000,20.000000
2016-03-21 06:00:00,341.810000,3.900000
2016-01-22 09:00:00,452.530000,-3.300000
2016-06-23 07:00:00,456.900000,21.700000
2016-02-24 18:00:00,490.370000,18.300000
2016-08-24 09:00:00,632.790000,25.600000
2016-02-08 02:00:00,267.040000,3.300000
2016-05-24 02:00:00,203.500000,16.100000
2016-06-03 05:00:00,444.090000,22.200000
2016-06-26 00:00:00,190.180000,22.800000
2016-05-11 18:00:00,403.770000,15.600000
2016-04-01 20:00:00,388.650000,23.900000
2016-02-02 06:00:00,356.990000,3.300000
2016-07-03 15:00:00,367.730000,21.700000
2016-02-09 07:00:00,439.990000,2.200000
2016-02-04 06:00:00,349.020000,11.700000
2016-07-27 19:00:00,582.210000,32.200000
2016-06-27 11:00:00,505.220000,27.200000
2016-01-07 20:00:00,360.400000,5.600000
2016-08-22 09:00:00,660.570000,24.400000
2016-07-08 17:00:00,559.450000,28.900000
2016-06-15 05:00:00,372.010000,20.000000
2016-04-16 00:00:00,220.360000,9.400000
2016-10-14 23:00:00,199.100000,13.300000
2016-02-24 21:00:00,452.560000,13.900000
2016-08-05 05:00:00,495.240000,23.300000
2016-10-19 05:00:00,451.770000,18.300000
2016-08-12 13:00:00,664.090000,36.100000
2016-09-11 15:00:00,466.750000,29.400000
2016-10-07 05:00:00,409.950000,16.700000
2016-05-17 18:00:00,387.280000,13.300000
2016-05-18 04:00:00,293.420000,12.800000
2016-01-14 15:00:00,474.060000,11.700000
2016-04-14 00:00:00,220.150000,7.800000
2016-10-09 22:00:00,175.120000,13.900000
2016-07-02 22:00:00,189.980000,23.900000
2016-02-04 16:00:00,412.690000,9.400000
2016-05-08 13:00:00,278.010000,21.100000
2016-05-24 12:00:00,570.790000,26.100000
2016-08-08 23:00:00,197.520000,22.800000
2016-09-21 20:00:00,586.030000,25.600000
2016-01-03 06:00:00,207.000000,0.000000
2016-06-18 14:00:00,436.410000,28.900000
2016-05-24 01:00:00,202.850000,16.700000
2016-03-20 11:00:00,304.620000,6.100000
2016-03-02 23:00:00,243.700000,0.000000
2016-07-22 07:00:00,497.540000,25.000000
2016-07-23 05:00:00,277.660000,26.100000
2016-06-22 04:00:00,415.680000,21.100000
2016-05-19 05:00:00,306.110000,13.300000
2016-07-24 12:00:00,495.090000,33.900000
2016-02-09 10:00:00,483.020000,2.800000
2016-08-29 19:00:00,625.290000,31.100000
2016-05-17 11:00:00,467.150000,12.800000
2016-03-31 07:00:00,306.450000,13.300000
2016-10-19 08:00:00,605.660000,20.000000
2016-07-31 01:00:00,223.470000,24.400000
2016-09-12 19:00:00,529.820000,25.000000
2016-05-07 15:00:00,295.620000,17.800000
2016-08-17 00:00:00,279.830000,30.000000
2016-02-02 00:00:00,221.810000,7.200000
2016-10-10 21:00:00,175.950000,13.300000
2016-05-25 21:00:00,279.120000,20.600000
2016-01-12 21:00:00,379.830000,1.700000
2016-10-25 12:00:00,497.300000,16.700000
2016-07-07 18:00:00,560.720000,31.700000
2016-09-25 18:00:00,391.680000,20.600000
2016-04-07 10:00:00,430.410000,11.700000
2016-04-23 11:00:00,276.610000,16.100000
2016-03-27 21:00:00,213.130000,10.000000
2016-05-21 11:00:00,287.640000,13.900000
2016-01-31 02:00:00,244.810000,3.900000
2016-02-09 15:00:00,447.240000,3.900000
2016-09-26 11:00:00,555.610000,21.100000
2016-04-04 12:00:00,513.850000,21.700000
2016-02-11 11:00:00,502.530000,-3.300000
2016-05-14 02:00:00,209.570000,16.100000
2016-03-14 13:00:00,415.470000,11.700000
2016-09-05 00:00:00,174.570000,20.600000
2016-07-03 12:00:00,386.910000,21.700000
2016-08-16 13:00:00,695.360000,33.900000
2016-03-13 02:00:00,220.085000,12.800000
2016-08-04 04:00:00,387.470000,21.700000
2016-01-15 05:00:00,317.050000,2.200000
2016-06-03 11:00:00,641.470000,25.600000
2016-06-26 01:00:00,189.970000,21.700000
2016-01-29 16:00:00,451.660000,3.300000
2016-05-23 06:00:00,307.660000,14.400000
2016-08-05 01:00:00,214.980000,23.300000
2016-07-25 06:00:00,567.670000,28.300000
2016-02-10 06:00:00,420.610000,0.000000
2016-10-12 03:00:00,333.230000,11.100000
2016-09-30 01:00:00,283.630000,17.800000
2016-04-02 01:00:00,233.980000,18.300000
2016-04-23 07:00:00,252.700000,17.200000
2016-07-17 11:00:00,495.170000,30.000000
2016-07-31 16:00:00,509.530000,32.800000
2016-09-23 04:00:00,490.800000,20.000000
2016-10-03 07:00:00,446.960000,18.900000
2016-08-08 06:00:00,425.450000,22.800000
2016-05-29 02:00:00,236.470000,20.600000
2016-07-19 11:00:00,585.090000,30.000000
2016-08-09 01:00:00,196.840000,21.100000
2016-03-24 04:00:00,349.080000,12.200000
2016-06-20 22:00:00,244.170000,26.100000
2016-07-17 13:00:00,488.640000,31.700000
2016-09-04 18:00:00,413.940000,25.000000
2016-08-09 00:00:00,198.250000,21.700000
2016-09-21 02:00:00,235.810000,23.300000
2016-07-26 09:00:00,609.400000,31.700000
2016-10-13 03:00:00,348.540000,12.200000
2016-07-29 00:00:00,237.440000,25.000000
2016-05-30 06:00:00,455.990000,20.600000
2016-10-02 16:00:00,389.770000,23.900000
2016-10-27 17:00:00,467.050000,16.700000
2016-09-05 22:00:00,228.860000,25.600000
2016-01-17 01:00:00,244.630000,2.800000
2016-09-20 17:00:00,607.430000,26.100000
2016-10-02 18:00:00,360.820000,22.200000
2016-01-23 08:00:00,398.030000,-3.900000
2016-10-08 16:00:00,426.350000,19.400000
2016-07-28 22:00:00,246.730000,25.600000
2016-06-24 18:00:00,513.570000,26.100000
2016-05-26 09:00:00,582.820000,22.800000
2016-01-09 09:00:00,306.730000,6.100000
2016-02-25 18:00:00,459.950000,7.800000
2016-05-26 04:00:00,426.140000,17.800000
2016-04-23 02:00:00,192.820000,17.800000
2016-07-28 21:00:00,338.940000,25.600000
2016-07-13 12:00:00,603.140000,30.600000
2016-06-16 19:00:00,548.560000,25.000000
2016-03-18 12:00:00,465.620000,17.200000
2016-09-27 02:00:00,232.420000,19.400000
2016-04-29 22:00:00,169.780000,11.700000
2016-05-06 12:00:00,375.120000,10.600000
2016-02-20 11:00:00,384.890000,9.400000
2016-03-09 19:00:00,457.630000,18.300000
2016-05-22 15:00:00,264.790000,13.900000
2016-05-25 02:00:00,173.360000,17.200000
2016-09-11 06:00:00,274.710000,26.100000
2016-04-29 11:00:00,380.470000,10.600000
2016-03-15 22:00:00,251.530000,12.800000
2016-08-18 12:00:00,676.720000,30.600000
2016-06-07 11:00:00,653.050000,28.900000
2016-05-20 14:00:00,529.650000,23.300000
2016-05-20 13:00:00,538.960000,23.900000
2016-05-27 11:00:00,698.950000,28.300000
2016-09-22 03:00:00,451.240000,21.700000
2016-08-01 03:00:00,491.550000,25.000000
2016-05-23 23:00:00,203.120000,15.600000
2016-01-26 03:00:00,243.720000,0.000000
2016-05-07 14:00:00,284.400000,16.100000
2016-09-20 00:00:00,236.750000,22.800000
2016-01-06 06:00:00,432.560000,-6.100000
2016-06-10 18:00:00,499.800000,26.700000
2016-05-02 13:00:00,568.710000,19.400000
2016-08-15 01:00:00,257.810000,27.200000
2016-07-04 17:00:00,419.840000,22.800000
2016-05-27 09:00:00,675.530000,25.000000
2016-04-24 00:00:00,174.020000,12.800000
2016-02-04 11:00:00,409.680000,8.900000
2016-03-09 13:00:00,559.680000,23.300000
2016-02-11 06:00:00,426.650000,-5.600000
2016-05-16 23:00:00,182.560000,15.000000
2016-10-27 07:00:00,389.680000,10.600000
2016-04-01 10:00:00,357.150000,20.000000
2016-10-05 05:00:00,321.940000,14.400000
2016-04-12 01:00:00,262.870000,20.000000
2016-01-16 02:00:00,239.210000,6.700000
2016-04-08 03:00:00,352.060000,7.200000
2016-01-15 09:00:00,476.990000,4.400000
2016-02-03 22:00:00,304.670000,13.300000
2016-07-19 13:00:00,591.110000,31.700000
2016-05-13 19:00:00,443.760000,23.900000
2016-09-07 20:00:00,545.230000,25.000000
2016-10-16 09:00:00,157.020000,15.600000
2016-09-05 15:00:00,506.110000,30.000000
2016-05-18 19:00:00,365.140000,17.200000
2016-06-20 08:00:00,441.770000,23.900000
2016-09-27 08:00:00,533.210000,18.900000
2016-03-29 10:00:00,376.810000,12.200000
2016-03-17 16:00:00,447.520000,17.200000
2016-02-03 01:00:00,229.270000,6.100000
2016-10-25 21:00:00,233.150000,11.100000
2016-04-21 16:00:00,479.130000,23.300000
2016-01-04 22:00:00,252.620000,-3.300000
2016-06-25 07:00:00,438.250000,22.800000
2016-06-05 18:00:00,396.610000,24.400000
2016-04-30 17:00:00,234.050000,13.900000
2016-04-09 01:00:00,221.760000,6.700000
2016-09-22 05:00:00,486.710000,20.600000
2016-09-24 19:00:00,234.620000,20.600000
2016-05-14 18:00:00,322.940000,16.700000
2016-09-07 02:00:00,235.320000,24.400000
2016-09-26 09:00:00,524.780000,20.000000
2016-04-29 03:00:00,222.930000,8.900000
2016-10-06 12:00:00,555.410000,19.400000
2016-05-01 14:00:00,223.450000,14.400000
2016-03-18 23:00:00,212.460000,13.900000
2016-08-28 00:00:00,278.860000,25.600000
2016-07-11 10:00:00,496.710000,27.200000
2016-03-18 15:00:00,451.490000,18.900000
2016-04-20 11:00:00,431.750000,17.800000
2016-04-03 17:00:00,270.340000,11.700000
2016-08-12 03:00:00,560.920000,27.200000
2016-04-07 14:00:00,475.030000,16.100000
2016-02-09 14:00:00,452.670000,3.300000
2016-05-08 02:00:00,163.810000,13.900000
2016-02-16 22:00:00,286.490000,5.000000
2016-04-18 11:00:00,573.720000,24.400000
2016-04-02 02:00:00,234.190000,17.800000
2016-01-18 11:00:00,446.610000,-5.600000
2016-02-08 10:00:00,459.490000,5.600000
2016-02-22 12:00:00,407.300000,9.400000
2016-01-20 21:00:00,482.680000,-3.300000
2016-03-26 01:00:00,206.560000,8.900000
2016-10-04 23:00:00,200.260000,17.200000
2016-08-29 10:00:00,738.100000,28.900000
2016-08-27 12:00:00,570.310000,31.700000
2016-08-20 05:00:00,275.100000,23.900000
2016-02-20 08:00:00,375.950000,6.100000
2016-04-19 16:00:00,541.380000,26.700000
2016-08-28 11:00:00,527.000000,30.000000
2016-10-17 15:00:00,585.560000,26.700000
2016-03-23 08:00:00,395.890000,13.300000
2016-05-09 20:00:00,337.110000,16.100000
2016-06-16 16:00:00,629.470000,30.000000
2016-03-30 21:00:00,250.370000,12.200000
2016-06-02 21:00:00,304.880000,23.300000
2016-07-24 02:00:00,254.610000,28.300000
2016-03-24 11:00:00,492.860000,19.400000
2016-06-17 07:00:00,465.470000,19.400000
2016-10-27 09:00:00,422.570000,12.200000
2016-05-07 12:00:00,306.300000,15.000000
2016-02-22 06:00:00,371.230000,6.700000
2016-04-01 14:00:00,417.670000,23.900000
2016-04-23 06:00:00,164.370000,17.200000
2016-02-11 14:00:00,471.570000,-2.200000
2016-04-01 12:00:00,389.690000,23.300000
2016-07-13 20:00:00,601.370000,28.300000
2016-08-02 12:00:00,344.760000,31.700000
2016-09-06 14:00:00,682.140000,33.900000
2016-06-06 00:00:00,208.910000,21.100000
2016-05-30 03:00:00,469.310000,21.100000
2016-07-15 13:00:00,611.630000,33.900000
2016-02-25 04:00:00,368.520000,11.700000
2016-03-18 21:00:00,259.760000,15.000000
2016-04-07 21:00:00,258.400000,11.100000
2016-04-12 07:00:00,429.910000,15.600000
2016-03-30 06:00:00,306.040000,5.600000
2016-02-14 15:00:00,388.360000,-3.900000
2016-09-01 18:00:00,619.550000,26.700000
2016-10-26 16:00:00,464.500000,13.900000
2016-06-25 09:00:00,473.470000,25.000000
2016-04-19 11:00:00,562.150000,27.800000
2016-01-04 05:00:00,307.140000,1.700000
2016-05-01 00:00:00,166.890000,12.200000
2016-07-20 02:00:00,233.650000,21.700000
2016-02-25 00:00:00,218.010000,16.100000
2016-09-05 01:00:00,174.150000,20.000000
2016-09-20 20:00:00,532.620000,24.400000
2016-02-06 08:00:00,374.170000,-1.100000
2016-06-09 16:00:00,552.850000,27.800000
2016-08-16 02:00:00,241.660000,23.900000
2016-09-05 05:00:00,409.000000,18.300000
2016-10-15 17:00:00,368.530000,18.300000
2016-05-03 19:00:00,409.660000,16.700000
2016-05-21 13:00:00,305.100000,14.400000
2016-08-13 21:00:00,281.640000,32.200000
2016-04-16 22:00:00,235.580000,13.300000
2016-10-22 18:00:00,309.360000,12.800000
2016-04-20 01:00:00,205.460000,15.000000
2016-08-07 06:00:00,182.920000,22.200000
2016-05-27 08:00:00,609.440000,23.900000
2016-01-16 15:00:00,370.800000,11.100000
2016-03-20 18:00:00,280.260000,4.400000
2016-07-03 19:00:00,362.300000,20.600000
2016-09-18 09:00:00,266.550000,24.400000
2016-10-01 22:00:00,260.670000,18.300000
2016-06-17 01:00:00,234.850000,20.000000
2016-03-08 02:00:00,285.650000,11.100000
2016-02-16 20:00:00,383.110000,5.600000
2016-06-02 11:00:00,630.010000,23.300000
2016-05-25 16:00:00,585.550000,30.000000
2016-10-20 13:00:00,621.080000,28.300000
2016-09-08 21:00:00,404.900000,28.900000
2016-05-03 12:00:00,576.300000,20.600000
2016-03-24 08:00:00,477.150000,14.400000
2016-10-26 11:00:00,450.810000,11.700000
2016-09-19 17:00:00,595.420000,23.300000
2016-04-09 06:00:00,204.360000,5.000000
2016-10-03 13:00:00,573.570000,24.400000
2016-02-26 04:00:00,401.880000,2.200000
2016-01-14 08:00:00,486.750000,-2.200000
2016-03-08 17:00:00,575.230000,22.800000
2016-06-03 23:00:00,215.110000,22.800000
2016-10-21 17:00:00,524.050000,18.300000
2016-03-27 02:00:00,204.860000,10.600000
2016-04-02 17:00:00,307.420000,16.100000
2016-03-10 23:00:00,265.410000,18.900000
2016-09-08 20:00:00,613.410000,29.400000
2016-01-11 20:00:00,376.450000,0.000000
2016-10-15 13:00:00,363.630000,18.900000
2016-03-26 05:00:00,191.560000,5.600000
2016-07-18 15:00:00,618.040000,34.400000
2016-02-07 13:00:00,313.860000,7.200000
2016-06-05 06:00:00,202.360000,22.800000
2016-03-25 16:00:00,408.880000,19.400000
2016-06-25 16:00:00,490.760000,28.300000
2016-03-21 03:00:00,297.270000,3.300000
2016-03-17 10:00:00,478.740000,16.700000
2016-03-06 19:00:00,356.950000,7.800000
2016-07-03 05:00:00,182.290000,18.900000
2016-07-17 03:00:00,235.450000,21.700000
2016-09-22 04:00:00,504.890000,21.100000
2016-07-13 04:00:00,474.750000,24.400000
2016-06-24 14:00:00,550.770000,28.900000
2016-07-12 01:00:00,206.380000,23.900000
2016-01-10 08:00:00,211.740000,12.200000
2016-01-31 03:00:00,246.710000,5.000000
2016-09-28 00:00:00,223.730000,18.900000
2016-02-17 19:00:00,431.330000,4.400000
2016-08-18 15:00:00,662.510000,32.800000
2016-08-28 10:00:00,510.190000,27.800000
2016-08-19 16:00:00,664.740000,32.200000
2016-10-13 11:00:00,517.900000,18.900000
2016-04-25 08:00:00,431.500000,14.400000
2016-02-05 06:00:00,357.110000,3.900000
2016-06-27 23:00:00,255.650000,23.300000
2016-08-19 22:00:00,288.890000,26.700000
2016-07-29 08:00:00,519.600000,25.000000
2016-09-12 03:00:00,399.360000,21.100000
2016-04-16 13:00:00,413.560000,21.100000
2016-08-26 19:00:00,645.400000,32.200000
2016-05-02 06:00:00,254.030000,12.800000
2016-01-05 21:00:00,425.860000,-2.200000
2016-01-27 21:00:00,405.240000,1.700000
2016-09-05 20:00:00,485.740000,26.100000
2016-01-01 03:00:00,206.100000,5.600000
2016-06-23 00:00:00,227.010000,22.800000
2016-09-01 01:00:00,277.560000,26.100000
2016-01-20 11:00:00,582.260000,-3.300000
2016-01-01 05:00:00,294.130000,5.600000
2016-08-10 20:00:00,,30.000000
2016-02-08 07:00:00,405.680000,1.700000
2016-04-18 09:00:00,485.250000,19.400000
2016-06-29 10:00:00,485.450000,26.100000
2016-02-14 13:00:00,418.520000,-5.000000
2016-04-18 04:00:00,368.900000,11.700000
2016-01-11 02:00:00,222.750000,1.100000
2016-09-20 01:00:00,237.180000,22.200000
2016-02-18 14:00:00,476.190000,3.900000
2016-04-29 20:00:00,269.750000,11.700000
2016-06-04 21:00:00,239.460000,24.400000
2016-10-03 04:00:00,392.100000,18.900000
2016-04-10 03:00:00,217.060000,0.000000
2016-05-26 19:00:00,558.400000,26.700000
2016-05-22 19:00:00,275.620000,13.900000
2016-04-17 01:00:00,221.760000,10.600000
2016-08-22 12:00:00,707.500000,27.200000
2016-03-08 03:00:00,286.660000,10.600000
2016-10-18 04:00:00,462.130000,17.800000
2016-04-07 02:00:00,221.340000,11.700000
2016-04-23 03:00:00,191.570000,17.800000
2016-09-22 11:00:00,678.060000,27.800000
2016-02-24 22:00:00,293.580000,14.400000
2016-05-23 22:00:00,203.360000,16.100000
2016-06-08 02:00:00,175.890000,18.900000
2016-09-10 19:00:00,305.440000,29.400000
2016-10-07 18:00:00,477.700000,21.700000
2016-04-08 16:00:00,372.310000,11.700000
2016-03-23 13:00:00,480.960000,21.100000
2016-05-26 16:00:00,675.790000,31.100000
2016-03-14 15:00:00,414.050000,11.100000
2016-08-13 07:00:00,559.600000,28.900000
2016-04-24 09:00:00,158.360000,13.900000
2016-08-23 03:00:00,456.620000,20.600000
2016-10-08 03:00:00,211.200000,18.900000
2016-04-13 06:00:00,317.450000,6.100000
2016-06-16 05:00:00,438.530000,22.800000
2016-07-15 20:00:00,569.900000,29.400000
2016-09-14 15:00:00,703.140000,35.000000
2016-03-03 11:00:00,469.380000,2.200000
2016-06-24 12:00:00,544.970000,28.900000
2016-03-31 04:00:00,312.090000,12.800000
2016-02-18 23:00:00,250.560000,0.000000
2016-09-29 19:00:00,436.480000,19.400000
2016-01-10 16:00:00,268.990000,15.600000
2016-01-03 18:00:00,264.030000,8.300000
2016-03-08 01:00:00,273.570000,12.200000
2016-09-14 06:00:00,495.680000,21.100000
2016-05-17 01:00:00,183.450000,13.900000
2016-05-30 02:00:00,239.390000,21.100000
2016-07-12 06:00:00,425.140000,22.800000
2016-01-06 05:00:00,374.170000,-5.600000
2016-08-11 04:00:00,555.750000,26.100000
2016-02-24 06:00:00,370.440000,5.600000
2016-03-23 14:00:00,509.870000,21.100000
2016-09-29 20:00:00,425.410000,18.900000
2016-09-27 19:00:00,448.370000,21.100000
2016-03-27 17:00:00,279.910000,12.800000
2016-07-10 02:00:00,206.920000,25.000000
2016-08-27 20:00:00,271.580000,28.300000
2016-10-12 04:00:00,305.130000,10.600000
2016-05-08 20:00:00,265.460000,17.200000
2016-09-19 03:00:00,540.730000,25.000000
2016-05-19 15:00:00,497.580000,20.600000
2016-09-26 21:00:00,270.970000,19.400000
2016-09-01 20:00:00,556.600000,25.000000
2016-04-26 19:00:00,495.990000,27.200000
2016-02-08 06:00:00,355.850000,1.700000
2016-03-09 20:00:00,447.900000,18.900000
2016-08-01 16:00:00,593.470000,32.800000
2016-08-01 20:00:00,552.020000,27.800000
2016-07-26 16:00:00,609.190000,33.900000
2016-08-14 13:00:00,546.730000,37.200000
2016-07-11 19:00:00,495.050000,27.200000
2016-01-16 04:00:00,239.090000,6.700000
2016-05-17 05:00:00,305.500000,13.900000
2016-03-29 19:00:00,329.070000,13.300000
2016-06-21 01:00:00,227.080000,25.600000
2016-07-09 15:00:00,564.020000,32.766667
2016-01-22 21:00:00,448.810000,-5.000000
2016-07-20 03:00:00,474.630000,21.700000
2016-01-03 07:00:00,204.180000,1.100000
2016-01-27 14:00:00,456.920000,5.600000
2016-01-13 14:00:00,507.200000,-1.100000
2016-04-25 12:00:00,455.440000,21.700000
2016-08-30 09:00:00,688.010000,26.700000
2016-02-23 10:00:00,474.560000,5.600000
2016-10-09 20:00:00,326.170000,15.000000
2016-07-15 22:00:00,300.690000,27.800000
2016-03-26 21:00:00,204.410000,13.300000
2016-08-12 06:00:00,539.170000,27.200000
2016-08-02 15:00:00,342.460000,32.200000
2016-07-03 22:00:00,197.950000,21.100000
2016-06-01 02:00:00,239.450000,22.200000
2016-06-21 21:00:00,282.260000,23.300000
2016-04-30 04:00:00,168.580000,11.100000
2016-06-24 08:00:00,502.230000,25.000000
2016-08-03 21:00:00,275.770000,25.000000
2016-04-05 12:00:00,472.680000,5.000000
2016-04-04 11:00:00,524.760000,20.600000
2016-08-06 14:00:00,563.550000,29.400000
2016-09-25 20:00:00,357.860000,18.900000
2016-04-05 22:00:00,220.200000,4.400000
2016-09-04 10:00:00,423.520000,24.400000
2016-03-14 07:00:00,323.370000,10.000000
2016-08-04 19:00:00,490.090000,26.700000
2016-03-23 06:00:00,315.900000,12.200000
2016-10-16 04:00:00,213.270000,12.200000
2016-05-10 03:00:00,264.190000,15.000000
2016-04-09 23:00:00,215.570000,2.200000
2016-01-22 19:00:00,457.710000,-5.000000
2016-08-18 10:00:00,664.680000,28.300000
2016-06-11 18:00:00,523.330000,35.000000
2016-10-08 08:00:00,403.990000,18.900000
2016-07-15 01:00:00,308.380000,27.200000
2016-08-20 23:00:00,269.760000,26.700000
2016-09-23 15:00:00,671.100000,31.100000
2016-05-10 08:00:00,410.740000,14.400000
2016-06-22 10:00:00,519.530000,27.800000
2016-03-23 07:00:00,367.360000,12.200000
2016-01-28 23:00:00,238.830000,2.200000
2016-06-23 18:00:00,495.700000,25.600000
2016-01-28 18:00:00,417.570000,2.800000
2016-09-18 15:00:00,493.360000,30.600000
2016-03-19 21:00:00,244.640000,3.300000
2016-05-16 08:00:00,404.190000,11.700000
2016-01-12 16:00:00,395.910000,7.800000
2016-03-12 21:00:00,225.270000,12.200000
2016-05-03 01:00:00,225.720000,16.700000
2016-07-04 21:00:00,239.020000,23.300000
2016-02-07 11:00:00,351.480000,4.400000
2016-09-08 13:00:00,752.490000,35.600000
2016-10-19 14:00:00,625.590000,30.000000
2016-09-11 00:00:00,283.710000,27.200000
2016-09-21 17:00:00,631.010000,26.700000
2016-02-01 16:00:00,432.810000,9.400000
2016-09-17 20:00:00,268.300000,24.400000
2016-03-20 16:00:00,285.020000,5.000000
2016-06-17 16:00:00,492.870000,27.200000
2016-06-08 13:00:00,516.550000,21.700000
2016-06-21 16:00:00,461.430000,22.800000
2016-06-08 08:00:00,474.680000,20.600000
2016-09-18 11:00:00,495.580000,27.200000
2016-06-28 10:00:00,557.610000,26.700000
2016-08-20 07:00:00,550.560000,25.000000
2016-09-15 10:00:00,631.010000,23.300000
2016-04-18 07:00:00,363.960000,13.900000
2016-06-22 18:00:00,471.760000,27.800000
2016-05-06 13:00:00,363.260000,11.100000
2016-09-06 01:00:00,184.550000,24.400000
2016-05-29 09:00:00,251.730000,24.400000
2016-04-28 06:00:00,268.260000,12.800000
2016-08-15 07:00:00,555.760000,27.800000
2016-05-24 22:00:00,198.760000,19.400000
2016-01-06 17:00:00,395.740000,3.300000
2016-07-23 02:00:00,292.980000,27.200000
2016-04-01 02:00:00,263.840000,18.900000
2016-03-29 22:00:00,217.410000,11.700000
2016-05-12 15:00:00,493.250000,18.300000
2016-07-21 12:00:00,558.900000,30.600000
2016-07-12 11:00:00,534.950000,28.900000
2016-08-01 09:00:00,564.370000,28.300000
2016-09-20 11:00:00,653.660000,24.400000
2016-06-26 19:00:00,422.920000,26.100000
2016-06-30 06:00:00,380.090000,20.000000
2016-02-25 17:00:00,448.550000,7.800000
2016-03-25 07:00:00,451.950000,17.800000
2016-07-08 12:00:00,563.890000,31.700000
2016-04-13 16:00:00,452.660000,13.900000
2016-02-26 20:00:00,446.660000,1.100000
2016-09-17 07:00:00,450.270000,20.600000
2016-02-25 15:00:00,460.970000,8.300000
2016-10-24 12:00:00,530.570000,21.100000
2016-03-30 20:00:00,332.890000,12.800000
2016-07-08 00:00:00,247.530000,28.300000
2016-03-29 16:00:00,355.950000,15.600000
2016-07-13 23:00:00,305.840000,26.700000
2016-06-15 03:00:00,360.690000,19.400000
2016-02-22 10:00:00,395.140000,7.200000
2016-05-16 20:00:00,324.840000,16.100000
2016-05-20 20:00:00,379.670000,19.400000
2016-04-27 12:00:00,455.790000,12.200000
2016-07-15 21:00:00,390.720000,28.900000
2016-03-18 06:00:00,277.170000,10.000000
2016-07-21 16:00:00,566.260000,31.700000
2016-05-06 19:00:00,257.910000,11.100000
2016-01-17 04:00:00,243.010000,2.800000
2016-01-10 19:00:00,288.020000,7.800000
2016-02-15 03:00:00,278.600000,-6.100000
2016-03-23 22:00:00,249.800000,15.600000
2016-07-01 01:00:00,234.070000,23.300000
2016-06-14 08:00:00,487.990000,22.200000
2016-02-02 02:00:00,219.670000,3.300000
2016-03-31 11:00:00,344.260000,20.600000
2016-07-08 03:00:00,480.590000,26.700000
2016-01-29 01:00:00,241.800000,1.700000
2016-01-11 09:00:00,481.360000,-1.100000
2016-09-19 15:00:00,648.580000,23.900000
2016-03-06 20:00:00,361.340000,6.100000
2016-09-17 04:00:00,213.510000,20.600000
2016-05-22 17:00:00,266.330000,13.900000
2016-03-27 23:00:00,207.470000,9.400000
2016-03-17 05:00:00,280.920000,9.400000
2016-10-06 09:00:00,544.250000,17.800000
2016-10-15 16:00:00,387.020000,20.000000
2016-07-08 14:00:00,570.390000,31.700000
2016-08-20 03:00:00,275.360000,25.000000
2016-01-30 20:00:00,245.920000,4.400000
2016-09-26 12:00:00,541.280000,20.600000
2016-10-08 19:00:00,235.240000,18.900000
2016-03-26 14:00:00,334.770000,14.400000
2016-09-07 03:00:00,499.400000,23.300000
2016-08-07 14:00:00,443.530000,32.800000
2016-06-23 08:00:00,461.060000,21.700000
2016-07-19 15:00:00,583.070000,30.600000
2016-04-23 18:00:00,287.650000,20.000000
2016-10-17 00:00:00,224.810000,17.200000
2016-03-02 02:00:00,253.170000,13.300000
2016-09-06 19:00:00,565.170000,30.000000
2016-03-10 18:00:00,444.390000,22.200000
2016-04-25 02:00:00,173.420000,11.700000
2016-03-24 14:00:00,543.390000,24.400000
2016-07-09 17:00:00,550.730000,31.700000
2016-07-11 11:00:00,500.890000,27.800000
2016-01-17 20:00:00,362.180000,2.200000
2016-01-17 00:00:00,244.820000,3.300000
2016-09-28 07:00:00,510.260000,18.900000
2016-03-30 22:00:00,223.750000,12.200000
2016-03-09 07:00:00,363.340000,8.900000
2016-10-03 17:00:00,506.970000,23.900000
2016-08-20 18:00:00,577.680000,30.600000
2016-07-18 14:00:00,626.610000,34.400000
2016-06-12 19:00:00,424.280000,28.300000
2016-08-10 14:00:00,,34.400000
2016-06-22 12:00:00,512.260000,28.300000
2016-07-25 10:00:00,618.320000,33.300000
2016-09-03 00:00:00,195.570000,22.200000
2016-09-30 18:00:00,428.200000,18.900000
2016-08-11 12:00:00,621.280000,35.000000
2016-01-10 07:00:00,218.970000,12.800000
2016-04-01 15:00:00,425.450000,27.800000
2016-05-10 22:00:00,177.740000,14.400000
2016-07-05 11:00:00,538.610000,30.000000
2016-03-17 06:00:00,288.470000,10.000000
2016-10-04 11:00:00,541.370000,21.100000
2016-08-01 18:00:00,580.270000,31.100000
2016-07-26 10:00:00,616.600000,32.800000
2016-02-03 05:00:00,351.680000,5.600000
2016-04-29 21:00:00,194.210000,11.700000
2016-01-01 09:00:00,294.110000,5.000000
2016-03-22 06:00:00,337.210000,2.800000
2016-03-17 20:00:00,371.360000,15.600000
2016-07-19 10:00:00,589.220000,29.400000
2016-01-11 15:00:00,411.310000,4.400000
2016-08-26 07:00:00,611.350000,26.700000
2016-07-06 03:00:00,459.040000,25.000000
2016-10-18 12:00:00,619.440000,24.400000
2016-03-07 03:00:00,262.770000,3.300000
2016-05-03 10:00:00,556.470000,20.000000
2016-02-08 12:00:00,474.130000,6.700000
2016-09-24 16:00:00,480.460000,23.300000
2016-04-14 18:00:00,438.210000,15.600000
2016-09-12 18:00:00,552.080000,26.700000
2016-07-28 14:00:00,640.940000,34.400000
2016-08-09 22:00:00,270.910000,26.100000
2016-09-09 00:00:00,283.060000,27.800000
2016-06-06 13:00:00,616.910000,30.000000
2016-07-20 17:00:00,544.380000,30.000000
2016-06-21 14:00:00,500.950000,24.400000
2016-07-26 02:00:00,277.780000,26.700000
2016-04-26 01:00:00,183.290000,20.600000
2016-01-23 11:00:00,383.510000,-2.200000
2016-04-24 15:00:00,260.620000,18.900000
2016-09-28 14:00:00,616.350000,20.600000
2016-10-09 03:00:00,201.290000,15.600000
2016-08-16 01:00:00,228.930000,24.400000
2016-02-17 23:00:00,239.720000,3.300000
2016-08-01 21:00:00,311.690000,26.100000
2016-07-05 10:00:00,520.830000,29.400000
2016-01-28 19:00:00,407.980000,2.800000
2016-05-06 01:00:00,200.480000,12.200000
2016-01-15 21:00:00,376.270000,6.100000
2016-07-30 05:00:00,253.170000,25.600000
2016-04-28 05:00:00,262.680000,12.200000
2016-04-26 05:00:00,363.150000,18.300000
2016-02-26 15:00:00,430.950000,4.400000
2016-08-02 01:00:00,221.940000,25.600000
2016-01-20 14:00:00,548.700000,-1.100000
2016-04-22 21:00:00,249.240000,18.900000
2016-05-19 00:00:00,185.190000,14.400000
2016-05-31 19:00:00,528.710000,26.700000
2016-02-28 10:00:00,247.740000,8.300000
2016-05-29 14:00:00,477.550000,27.800000
2016-09-28 01:00:00,235.500000,18.300000
2016-08-07 12:00:00,456.090000,31.100000
2016-08-23 11:00:00,622.360000,26.700000
2016-05-20 22:00:00,180.090000,18.300000
2016-02-22 14:00:00,420.300000,11.100000
2016-09-15 04:00:00,486.420000,22.800000
2016-05-26 14:00:00,635.260000,31.100000
2016-08-23 17:00:00,572.940000,28.300000
2016-08-29 00:00:00,261.390000,25.000000
2016-02-22 08:00:00,370.030000,5.600000
2016-08-29 17:00:00,694.440000,32.800000
2016-08-11 02:00:00,277.920000,27.200000
2016-10-17 02:00:00,225.140000,17.200000
2016-06-28 08:00:00,519.990000,24.400000
2016-05-17 02:00:00,180.420000,13.900000
2016-05-02 11:00:00,510.530000,17.200000
2016-06-23 05:00:00,467.730000,22.800000
2016-08-07 18:00:00,462.180000,31.100000
2016-07-23 20:00:00,251.410000,33.300000
2016-03-18 10:00:00,443.230000,15.600000
2016-09-20 10:00:00,640.150000,23.900000
2016-10-09 12:00:00,287.440000,18.300000
2016-10-20 19:00:00,531.880000,23.900000
2016-03-28 23:00:00,234.480000,13.300000
2016-01-06 13:00:00,443.540000,2.800000
2016-08-06 10:00:00,566.330000,30.000000
2016-07-28 19:00:00,548.450000,26.700000
2016-02-08 16:00:00,448.520000,7.800000
2016-02-04 07:00:00,342.330000,10.600000
2016-10-01 11:00:00,379.140000,18.900000
2016-03-05 01:00:00,264.890000,3.900000
2016-02-20 20:00:00,281.440000,10.600000
2016-01-22 00:00:00,266.370000,-3.300000
2016-06-27 19:00:00,525.480000,27.800000
2016-03-24 10:00:00,513.020000,17.200000
2016-05-08 06:00:00,154.250000,12.800000
2016-03-22 20:00:00,360.730000,13.300000
2016-02-27 22:00:00,265.410000,5.000000
2016-02-07 06:00:00,263.750000,0.000000
2016-07-24 10:00:00,502.420000,32.800000
2016-01-19 23:00:00,267.120000,-6.100000
2016-08-29 01:00:00,278.350000,24.400000
2016-10-06 17:00:00,487.230000,21.100000
2016-06-03 19:00:00,491.760000,23.300000
2016-10-05 16:00:00,531.500000,20.600000
2016-07-21 07:00:00,471.210000,24.400000
2016-07-17 02:00:00,241.540000,21.700000
2016-06-27 02:00:00,190.230000,20.600000
2016-05-27 00:00:00,247.830000,23.300000
2016-06-21 12:00:00,550.310000,31.700000
2016-05-30 08:00:00,458.190000,22.800000
2016-10-22 03:00:00,165.460000,12.800000
2016-01-30 17:00:00,358.180000,4.400000
2016-06-23 16:00:00,515.580000,26.700000
2016-04-02 12:00:00,310.720000,12.800000
2016-08-09 03:00:00,451.890000,21.100000
2016-05-02 01:00:00,167.800000,13.300000
2016-03-16 16:00:00,488.050000,22.200000
2016-05-25 12:00:00,615.980000,28.900000
2016-05-11 03:00:00,247.800000,12.200000
2016-03-17 09:00:00,444.250000,13.900000
2016-02-18 09:00:00,508.530000,0.600000
2016-02-25 10:00:00,481.230000,9.400000
2016-06-28 22:00:00,228.230000,21.100000
2016-01-22 06:00:00,494.930000,-4.400000
2016-03-11 06:00:00,379.480000,19.400000
2016-01-21 19:00:00,492.110000,-0.600000
2016-09-30 21:00:00,307.880000,18.300000
2016-03-18 14:00:00,459.800000,18.300000
2016-02-28 02:00:00,262.940000,1.100000
2016-08-22 05:00:00,488.880000,21.700000
2016-06-04 05:00:00,208.470000,21.100000
2016-04-09 16:00:00,278.870000,7.800000
2016-08-19 03:00:00,512.380000,25.000000
2016-05-15 02:00:00,153.710000,10.600000
2016-09-14 10:00:00,722.700000,27.800000
2016-03-05 10:00:00,404.880000,3.300000
2016-02-20 23:00:00,232.200000,9.400000
2016-04-21 23:00:00,241.470000,19.400000
2016-05-04 23:00:00,195.700000,12.200000
2016-08-17 22:00:00,265.950000,23.300000
2016-09-20 07:00:00,528.330000,21.700000
2016-02-19 21:00:00,398.110000,3.900000
2016-08-28 18:00:00,490.460000,29.400000
2016-08-08 19:00:00,510.960000,24.400000
2016-03-05 12:00:00,383.290000,3.900000
2016-05-17 19:00:00,345.730000,13.300000
2016-05-18 18:00:00,394.250000,17.800000
2016-04-16 01:00:00,221.420000,8.900000
2016-02-09 17:00:00,430.220000,3.300000
2016-07-21 04:00:00,475.140000,22.200000
2016-06-29 16:00:00,485.630000,27.200000
2016-01-31 12:00:00,385.290000,9.400000
2016-10-28 17:00:00,398.560000,15.600000
2016-02-18 10:00:00,497.950000,1.700000
2016-10-06 16:00:00,497.310000,20.600000
2016-05-17 12:00:00,449.580000,12.800000
2016-05-04 12:00:00,437.100000,15.000000
2016-08-09 07:00:00,453.620000,22.200000
2016-08-03 07:00:00,516.820000,22.800000
2016-03-31 02:00:00,237.100000,13.300000
2016-02-14 12:00:00,419.860000,-6.100000
2016-04-19 06:00:00,313.190000,15.000000
2016-02-18 21:00:00,431.100000,0.600000
2016-05-14 12:00:00,370.440000,22.200000
2016-05-31 18:00:00,562.690000,27.800000
2016-08-21 02:00:00,296.790000,25.000000
2016-05-02 16:00:00,557.110000,24.400000
2016-07-06 09:00:00,537.620000,28.900000
2016-05-11 02:00:00,168.190000,12.800000
2016-07-26 18:00:00,582.270000,33.300000
2016-01-06 23:00:00,219.010000,2.800000
2016-10-26 06:00:00,354.080000,6.100000
2016-05-29 07:00:00,217.700000,21.100000
2016-07-25 08:00:00,594.110000,31.100000
2016-04-26 04:00:00,360.610000,19.400000
2016-01-30 21:00:00,243.120000,3.900000
2016-03-17 01:00:00,238.660000,12.800000
2016-04-14 12:00:00,479.400000,16.100000
2016-06-30 22:00:00,242.070000,24.400000
2016-06-23 01:00:00,227.770000,22.800000
2016-01-17 11:00:00,364.120000,2.200000
2016-08-27 01:00:00,303.070000,27.800000
2016-09-20 14:00:00,664.960000,26.100000
2016-10-18 20:00:00,512.540000,22.200000
2016-07-06 10:00:00,552.110000,31.100000
2016-02-27 03:00:00,262.550000,-0.600000
2016-10-02 06:00:00,251.230000,18.300000
2016-09-07 05:00:00,517.280000,22.800000
2016-01-25 19:00:00,412.690000,0.000000
2016-09-15 19:00:00,545.660000,22.200000
2016-06-13 22:00:00,212.760000,25.000000
2016-08-12 22:00:00,280.030000,30.000000
2016-09-03 19:00:00,229.880000,24.400000
2016-07-26 06:00:00,557.200000,27.200000
2016-05-01 16:00:00,204.390000,15.000000
2016-10-24 13:00:00,506.710000,21.100000
2016-04-07 04:00:00,283.370000,12.800000
2016-08-23 10:00:00,633.850000,26.100000
2016-06-06 04:00:00,435.210000,21.100000
2016-05-23 14:00:00,505.420000,23.300000
2016-06-09 17:00:00,534.770000,27.200000
2016-06-21 10:00:00,554.890000,31.100000
2016-10-11 14:00:00,461.780000,20.000000
2016-03-30 13:00:00,374.640000,15.000000
2016-10-05 13:00:00,522.720000,20.000000
2016-07-30 15:00:00,571.420000,30.600000
2016-03-06 17:00:00,354.840000,10.600000
2016-06-19 05:00:00,164.560000,18.900000
2016-02-17 00:00:00,250.920000,3.900000
2016-04-26 08:00:00,504.090000,20.600000
2016-09-21 05:00:00,489.980000,22.800000
2016-05-03 21:00:00,256.850000,15.600000
2016-04-14 14:00:00,488.070000,17.200000
2016-09-06 18:00:00,600.270000,31.700000
2016-05-24 15:00:00,572.120000,28.300000
2016-01-29 03:00:00,242.240000,-0.600000
2016-04-27 06:00:00,329.280000,13.900000
2016-05-19 18:00:00,416.790000,20.000000
2016-01-31 08:00:00,230.540000,2.800000
2016-01-18 04:00:00,252.910000,-3.300000
2016-05-11 08:00:00,447.880000,12.800000
2016-03-04 10:00:00,515.970000,2.200000
2016-08-27 15:00:00,592.300000,33.300000
2016-02-04 09:00:00,426.330000,9.400000
2016-05-16 09:00:00,424.000000,12.200000
2016-06-14 20:00:00,447.060000,22.800000
2016-01-26 16:00:00,373.410000,10.000000
2016-01-05 18:00:00,450.360000,-0.600000
2016-01-18 09:00:00,472.710000,-7.000000
2016-05-08 03:00:00,160.070000,13.900000
2016-03-08 23:00:00,279.410000,13.300000
2016-10-26 02:00:00,181.850000,6.700000
2016-06-23 15:00:00,532.070000,27.800000
2016-04-30 22:00:00,165.720000,12.200000
2016-10-08 22:00:00,212.830000,19.400000
2016-03-28 00:00:00,205.550000,9.400000
2016-02-01 09:00:00,476.510000,8.300000
2016-04-16 08:00:00,343.810000,11.700000
2016-06-14 15:00:00,568.240000,26.100000
2016-05-20 19:00:00,393.190000,20.600000
2016-08-26 20:00:00,653.430000,31.700000
2016-06-20 09:00:00,466.530000,25.600000
2016-04-12 02:00:00,265.900000,19.400000
2016-07-01 18:00:00,550.070000,26.700000
2016-02-14 16:00:00,369.780000,-3.900000
2016-06-12 07:00:00,229.670000,26.100000
2016-08-08 13:00:00,541.030000,32.200000
2016-08-18 22:00:00,267.180000,28.300000
2016-08-12 17:00:00,662.260000,34.400000
2016-08-27 02:00:00,299.890000,27.200000
2016-05-26 00:00:00,202.580000,18.300000
2016-04-24 08:00:00,161.650000,12.200000
2016-07-29 18:00:00,556.360000,30.600000
2016-06-15 22:00:00,242.090000,24.400000
2016-03-06 14:00:00,362.710000,8.300000
2016-04-11 09:00:00,422.670000,10.600000
2016-06-05 08:00:00,222.680000,23.900000
2016-10-06 20:00:00,434.950000,18.900000
2016-03-11 13:00:00,465.510000,21.100000
2016-02-05 11:00:00,467.390000,3.900000
2016-05-28 00:00:00,274.250000,23.300000
2016-09-19 21:00:00,290.800000,22.800000
2016-02-07 07:00:00,270.560000,-0.600000
2016-07-10 14:00:00,452.570000,28.300000
2016-09-23 23:00:00,270.990000,23.900000
2016-09-02 04:00:00,436.990000,20.600000
2016-01-14 23:00:00,227.870000,5.600000
2016-04-28 13:00:00,420.440000,12.200000
2016-05-08 21:00:00,206.490000,16.700000
2016-07-11 09:00:00,490.360000,26.100000
2016-02-26 10:00:00,473.970000,2.800000
2016-02-12 13:00:00,526.240000,-2.200000
2016-04-27 14:00:00,455.010000,12.800000
2016-03-09 05:00:00,378.980000,9.400000
2016-04-13 23:00:00,218.280000,10.000000
2016-06-04 16:00:00,517.310000,27.200000
2016-05-15 17:00:00,256.580000,15.000000
2016-10-06 14:00:00,569.130000,20.600000
2016-09-02 03:00:00,465.620000,20.600000
2016-09-02 07:00:00,472.210000,20.000000
2016-03-27 12:00:00,283.880000,13.300000
2016-07-04 18:00:00,411.670000,22.800000
2016-10-21 18:00:00,486.210000,18.300000
2016-08-13 14:00:00,662.000000,36.700000
2016-03-09 09:00:00,456.120000,13.900000
2016-07-12 20:00:00,518.800000,27.200000
2016-09-27 10:00:00,518.860000,19.400000
2016-04-13 13:00:00,430.400000,12.200000
2016-10-02 23:00:00,254.010000,20.000000
2016-04-04 15:00:00,528.050000,21.700000
2016-05-03 13:00:00,540.750000,22.200000
2016-08-10 01:00:00,,25.000000
2016-10-12 09:00:00,492.140000,14.400000
2016-05-07 17:00:00,325.680000,17.800000
2016-07-29 19:00:00,549.650000,30.000000
2016-09-01 19:00:00,591.150000,25.600000
2016-03-30 11:00:00,339.090000,12.200000
2016-07-31 22:00:00,262.090000,27.200000
2016-05-10 04:00:00,269.480000,15.000000
2016-08-04 10:00:00,461.150000,26.700000
2016-10-12 01:00:00,193.450000,12.800000
2016-06-17 19:00:00,445.070000,25.600000
2016-05-20 02:00:00,169.420000,13.300000
2016-04-24 14:00:00,252.720000,18.300000
2016-07-31 10:00:00,493.450000,28.900000
2016-05-26 08:00:00,573.060000,20.600000
2016-03-11 05:00:00,377.440000,20.000000
2016-06-26 07:00:00,180.340000,22.200000
2016-05-11 09:00:00,481.830000,12.800000
2016-04-05 20:00:00,336.070000,5.600000
2016-01-25 04:00:00,410.280000,-7.200000
2016-03-02 12:00:00,503.130000,5.600000
2016-07-19 05:00:00,473.410000,22.800000
2016-06-18 20:00:00,185.160000,24.400000
2016-08-09 10:00:00,524.100000,24.400000
2016-05-19 13:00:00,445.410000,18.900000
2016-07-27 06:00:00,552.260000,27.200000
2016-07-10 05:00:00,195.210000,23.900000
2016-06-02 06:00:00,457.880000,20.000000
2016-01-24 07:00:00,247.560000,-5.600000
2016-08-06 11:00:00,569.710000,32.200000
2016-08-05 13:00:00,540.000000,27.800000
2016-04-28 23:00:00,172.250000,8.900000
2016-01-22 08:00:00,474.550000,-3.300000
2016-07-16 07:00:00,517.260000,26.100000
2016-02-15 07:00:00,432.720000,-5.600000
2016-03-10 14:00:00,505.060000,24.400000
2016-02-12 10:00:00,527.390000,-4.400000
2016-03-21 17:00:00,390.630000,11.100000
2016-02-18 04:00:00,409.950000,1.700000
2016-04-28 12:00:00,421.150000,12.200000
2016-09-05 03:00:00,398.150000,19.400000
2016-01-05 20:00:00,432.630000,-2.200000
2016-01-31 20:00:00,357.220000,9.400000
2016-10-16 23:00:00,217.520000,17.200000
2016-09-10 04:00:00,279.610000,25.600000
2016-08-03 23:00:00,223.020000,23.300000
2016-06-02 09:00:00,624.320000,21.700000
2016-09-03 08:00:00,429.860000,22.200000
2016-02-04 14:00:00,420.280000,9.400000
2016-01-05 23:00:00,257.630000,-2.800000
2016-07-17 06:00:00,222.010000,21.700000
2016-10-15 05:00:00,169.580000,10.600000
2016-10-12 23:00:00,228.070000,14.400000
2016-10-25 14:00:00,492.970000,17.200000
2016-01-27 11:00:00,507.180000,5.000000
2016-07-05 07:00:00,424.290000,24.400000
2016-07-01 02:00:00,228.410000,22.800000
2016-06-21 20:00:00,418.180000,23.300000
2016-02-11 13:00:00,486.420000,-1.100000
2016-02-06 12:00:00,345.450000,5.000000
2016-07-22 03:00:00,521.770000,24.400000
2016-08-09 17:00:00,531.230000,26.100000
2016-08-05 20:00:00,517.230000,26.100000
2016-01-01 04:00:00,206.060000,5.600000
2016-05-07 09:00:00,205.560000,12.200000
2016-08-25 09:00:00,696.350000,26.700000
2016-05-10 10:00:00,465.610000,14.400000
2016-09-24 05:00:00,238.960000,21.100000
2016-04-21 02:00:00,190.880000,10.600000
2016-04-14 01:00:00,222.710000,7.200000
2016-08-03 19:00:00,344.040000,26.700000
2016-06-09 20:00:00,405.340000,24.400000
2016-07-24 19:00:00,480.800000,32.200000
2016-07-18 07:00:00,529.920000,26.700000
2016-03-12 17:00:00,337.280000,13.900000
2016-09-25 22:00:00,176.130000,17.800000
2016-10-06 23:00:00,210.470000,18.900000
2016-09-26 07:00:00,444.320000,19.400000
2016-09-19 11:00:00,629.140000,22.800000
2016-02-18 02:00:00,240.270000,2.800000
2016-05-16 03:00:00,258.430000,8.900000
2016-01-24 22:00:00,286.960000,-5.000000
2016-06-06 07:00:00,511.460000,23.300000
2016-06-04 22:00:00,235.040000,23.900000
2016-06-22 00:00:00,209.120000,22.200000
2016-02-05 13:00:00,473.240000,5.600000
2016-03-23 20:00:00,393.070000,16.100000
2016-04-25 20:00:00,397.350000,21.700000
2016-09-03 21:00:00,218.290000,23.300000
2016-07-24 15:00:00,495.100000,35.600000
2016-08-05 09:00:00,513.360000,25.000000
2016-02-18 20:00:00,437.930000,0.600000
2016-10-02 20:00:00,355.920000,20.600000
2016-09-07 08:00:00,626.030000,27.200000
2016-02-10 17:00:00,474.910000,1.700000
2016-04-22 19:00:00,339.270000,18.900000
2016-07-06 13:00:00,551.680000,32.200000
2016-10-04 13:00:00,577.420000,22.800000
2016-06-09 13:00:00,564.460000,26.100000
2016-04-08 22:00:00,222.970000,8.900000
2016-06-20 17:00:00,508.070000,31.700000
2016-07-18 10:00:00,602.030000,30.600000
2016-06-21 09:00:00,544.700000,30.000000
2016-05-03 04:00:00,414.620000,16.700000
2016-08-22 15:00:00,678.310000,29.400000
2016-01-22 20:00:00,446.390000,-5.000000
2016-04-12 13:00:00,470.150000,16.700000
2016-07-28 06:00:00,545.950000,28.300000
2016-03-17 23:00:00,226.900000,13.300000
2016-09-06 16:00:00,650.620000,33.900000
2016-01-23 09:00:00,420.730000,-3.300000
2016-04-27 04:00:00,343.690000,16.700000
2016-08-29 23:00:00,287.820000,27.800000
2016-08-21 10:00:00,547.820000,27.800000
2016-06-30 03:00:00,355.000000,19.400000
2016-05-12 13:00:00,481.250000,17.800000
2016-02-02 16:00:00,450.640000,10.600000
2016-06-18 07:00:00,372.140000,21.100000
2016-02-28 23:00:00,279.920000,13.300000
2016-04-15 23:00:00,233.410000,10.000000
2016-01-07 10:00:00,443.020000,3.300000
2016-05-05 15:00:00,397.210000,13.900000
2016-03-11 12:00:00,483.140000,20.000000
2016-05-01 03:00:00,168.330000,11.100000
2016-10-26 01:00:00,179.000000,9.400000
2016-07-15 23:00:00,295.010000,26.700000
2016-06-10 05:00:00,352.250000,17.200000
2016-04-24 03:00:00,173.770000,10.000000
2016-03-20 05:00:00,198.930000,3.900000
2016-08-15 00:00:00,264.880000,26.700000
2016-01-24 17:00:00,343.820000,0.600000
2016-10-06 19:00:00,452.390000,19.400000
2016-09-01 04:00:00,550.670000,24.400000
2016-03-16 22:00:00,229.450000,13.300000
2016-03-27 07:00:00,195.620000,10.000000
2016-01-06 07:00:00,456.110000,-5.600000
2016-05-21 16:00:00,303.270000,14.400000
2016-05-18 21:00:00,245.980000,15.600000
2016-10-28 00:00:00,168.480000,14.400000
2016-09-11 12:00:00,455.090000,29.400000
2016-05-04 05:00:00,314.370000,12.800000
2016-02-11 02:00:00,271.890000,-3.900000
2016-04-06 02:00:00,213.030000,1.100000
2016-01-08 22:00:00,259.090000,6.700000
2016-02-17 17:00:00,437.840000,7.800000
2016-07-31 06:00:00,212.960000,24.400000
2016-01-30 03:00:00,255.080000,-1.100000
2016-10-15 06:00:00,170.310000,10.000000
2016-01-26 06:00:00,381.430000,2.800000
2016-06-27 10:00:00,506.700000,26.100000
2016-01-13 13:00:00,518.380000,-1.700000
2016-10-03 22:00:00,225.260000,18.900000
2016-05-22 18:00:00,266.630000,13.900000
2016-10-17 17:00:00,549.170000,26.100000
2016-02-14 10:00:00,265.730000,-7.200000
2016-10-20 02:00:00,213.750000,22.200000
2016-10-22 22:00:00,165.010000,11.100000
2016-04-17 03:00:00,220.030000,9.400000
2016-10-28 13:00:00,409.430000,16.100000
2016-02-14 19:00:00,406.500000,-4.400000
2016-04-15 10:00:00,332.700000,13.300000
2016-04-02 03:00:00,233.710000,16.700000
2016-02-22 01:00:00,233.680000,8.300000
2016-01-01 16:00:00,283.540000,6.700000
2016-05-10 06:00:00,288.410000,15.600000
2016-10-28 03:00:00,291.910000,11.700000
2016-07-12 16:00:00,524.720000,30.000000
2016-07-17 08:00:00,241.590000,24.400000
2016-02-03 23:00:00,239.300000,11.700000
2016-05-08 01:00:00,163.440000,13.900000
2016-10-15 11:00:00,367.620000,17.200000
2016-08-21 14:00:00,594.230000,31.100000
2016-02-09 23:00:00,277.360000,0.600000
2016-09-25 01:00:00,218.910000,17.800000
2016-07-23 03:00:00,289.920000,27.200000
2016-01-10 09:00:00,201.910000,14.400000
2016-09-14 08:00:00,621.200000,25.000000
2016-05-20 00:00:00,173.930000,15.000000
2016-09-02 21:00:00,311.440000,23.900000
2016-04-13 19:00:00,366.940000,11.700000
2016-01-24 10:00:00,237.240000,-3.300000
2016-05-23 10:00:00,504.620000,19.400000
2016-09-22 19:00:00,528.690000,25.600000
2016-09-14 19:00:00,618.620000,29.400000
2016-03-11 19:00:00,381.560000,20.000000
2016-02-13 19:00:00,482.870000,-7.800000
2016-05-23 20:00:00,359.760000,16.100000
2016-07-09 11:00:00,548.720000,30.600000
2016-02-09 18:00:00,421.810000,2.200000
2016-10-27 23:00:00,193.910000,16.100000
2016-04-24 05:00:00,170.260000,8.300000
2016-10-23 04:00:00,167.280000,8.900000
2016-07-16 13:00:00,590.930000,33.300000
2016-10-17 20:00:00,459.790000,20.000000
2016-02-21 00:00:00,234.330000,10.000000
2016-08-07 04:00:00,193.250000,23.900000
2016-08-17 21:00:00,369.080000,22.800000
2016-10-14 05:00:00,319.360000,9.400000
2016-03-04 21:00:00,419.890000,4.400000
2016-06-15 09:00:00,534.550000,22.200000
2016-10-25 02:00:00,166.420000,10.000000
2016-02-24 10:00:00,468.400000,7.200000
2016-10-22 09:00:00,311.300000,11.700000
2016-08-25 17:00:00,695.020000,30.000000
2016-01-07 16:00:00,416.480000,5.600000
2016-06-18 17:00:00,425.730000,27.800000
2016-08-29 22:00:00,310.780000,28.300000
2016-02-09 20:00:00,428.650000,1.700000
2016-06-07 05:00:00,444.970000,21.100000
2016-05-15 00:00:00,151.800000,11.100000
2016-04-29 19:00:00,290.610000,12.200000
2016-06-06 15:00:00,650.840000,28.900000
2016-07-03 23:00:00,197.610000,20.600000
2016-07-26 11:00:00,627.170000,33.300000
2016-09-07 21:00:00,360.450000,25.000000
2016-05-03 15:00:00,554.580000,22.200000
2016-09-06 10:00:00,661.990000,28.900000
2016-04-01 22:00:00,253.070000,23.300000
2016-01-05 02:00:00,213.110000,-7.200000
2016-10-20 12:00:00,615.840000,27.200000
2016-04-16 19:00:00,251.630000,16.700000
2016-05-12 21:00:00,289.520000,17.200000
2016-01-11 13:00:00,427.870000,3.300000
2016-06-12 17:00:00,447.600000,31.100000
2016-06-24 05:00:00,480.870000,22.200000
2016-03-01 11:00:00,537.340000,16.100000
2016-08-19 01:00:00,252.600000,26.100000
2016-03-09 22:00:00,275.330000,17.200000
2016-07-14 08:00:00,583.220000,27.200000
2016-07-16 01:00:00,274.950000,26.100000
2016-06-15 13:00:00,574.320000,26.700000
2016-03-11 22:00:00,231.730000,15.000000
2016-05-13 05:00:00,366.210000,17.200000
2016-09-15 11:00:00,619.490000,23.300000
2016-09-19 13:00:00,621.930000,23.300000
2016-07-06 17:00:00,566.160000,33.900000
2016-02-18 08:00:00,466.750000,0.600000
2016-04-04 05:00:00,277.510000,10.000000
2016-03-11 08:00:00,407.400000,16.100000
2016-05-12 08:00:00,427.720000,15.000000
2016-03-26 22:00:00,223.530000,12.800000
2016-06-19 16:00:00,407.920000,32.200000
2016-10-21 09:00:00,617.490000,21.700000
2016-05-09 18:00:00,374.740000,16.700000
2016-07-08 18:00:00,569.030000,28.900000
2016-06-04 09:00:00,482.240000,23.300000
2016-09-23 19:00:00,558.830000,27.800000
2016-08-14 05:00:00,276.500000,27.800000
2016-03-26 15:00:00,354.100000,15.000000
2016-07-26 14:00:00,637.130000,35.600000
2016-06-01 01:00:00,248.050000,22.200000
2016-10-24 21:00:00,239.780000,13.900000
2016-01-26 23:00:00,239.840000,7.200000
2016-09-27 15:00:00,555.080000,24.400000
2016-10-17 11:00:00,628.430000,23.300000
2016-09-02 09:00:00,594.120000,23.300000
2016-01-11 22:00:00,270.290000,-1.100000
2016-08-27 00:00:00,309.760000,27.800000
2016-05-20 15:00:00,525.910000,23.900000
2016-06-18 11:00:00,434.660000,27.200000
2016-08-18 20:00:00,577.300000,28.900000
2016-09-19 12:00:00,647.480000,22.800000
2016-09-09 23:00:00,291.150000,27.800000
2016-10-02 22:00:00,263.770000,20.600000
2016-03-16 08:00:00,372.630000,12.800000
2016-07-16 14:00:00,594.360000,33.300000
2016-10-28 11:00:00,407.500000,15.000000
2016-04-09 15:00:00,288.530000,8.300000
2016-10-06 04:00:00,357.810000,16.100000
2016-08-28 05:00:00,284.690000,23.900000
2016-03-22 21:00:00,274.210000,12.200000
2016-05-04 06:00:00,325.440000,12.200000
2016-01-21 08:00:00,466.920000,-4.400000
2016-03-18 01:00:00,224.050000,13.300000
2016-03-13 12:00:00,306.350000,15.600000
2016-05-01 13:00:00,200.400000,13.900000
2016-05-14 09:00:00,340.160000,18.900000
2016-01-07 02:00:00,219.050000,1.100000
2016-08-22 20:00:00,547.930000,25.600000
2016-03-24 00:00:00,240.000000,16.100000
2016-02-27 07:00:00,261.400000,-2.200000
2016-09-30 00:00:00,280.060000,18.300000
2016-09-09 09:00:00,746.310000,30.000000
2016-04-27 09:00:00,472.680000,12.200000
2016-01-28 11:00:00,495.110000,1.100000
2016-03-16 00:00:00,235.110000,11.100000
2016-04-14 21:00:00,267.940000,11.700000
2016-05-21 19:00:00,187.910000,13.300000
2016-06-27 16:00:00,537.830000,30.000000
2016-02-18 01:00:00,239.410000,3.300000
2016-05-16 14:00:00,412.990000,18.300000
2016-01-26 08:00:00,403.280000,3.300000
2016-09-19 05:00:00,544.460000,25.000000
2016-10-14 13:00:00,485.420000,18.300000
2016-05-29 12:00:00,476.520000,28.300000
2016-03-21 16:00:00,416.160000,11.100000
2016-01-09 05:00:00,220.440000,5.600000
2016-05-02 09:00:00,444.750000,14.400000
2016-04-07 05:00:00,277.880000,12.800000
2016-07-02 03:00:00,227.030000,22.800000
2016-02-01 22:00:00,243.250000,6.700000
2016-07-06 14:00:00,566.420000,33.300000
2016-06-25 00:00:00,224.910000,22.200000
2016-05-15 21:00:00,190.240000,12.800000
2016-01-09 10:00:00,303.630000,6.100000
2016-05-26 12:00:00,619.870000,27.800000
2016-07-24 17:00:00,497.660000,35.000000
2016-09-23 12:00:00,677.970000,28.900000
2016-08-18 21:00:00,386.230000,28.900000
2016-03-13 11:00:00,284.870000,13.900000
2016-08-29 13:00:00,720.820000,31.700000
2016-04-25 23:00:00,178.970000,20.000000
2016-03-12 09:00:00,246.360000,11.700000
2016-08-03 18:00:00,335.030000,26.700000
2016-08-06 23:00:00,247.730000,27.200000
2016-08-28 03:00:00,287.220000,24.400000
2016-05-25 00:00:00,177.950000,18.300000
2016-09-29 06:00:00,361.840000,20.000000
2016-09-01 05:00:00,549.440000,24.400000
2016-02-05 14:00:00,478.290000,6.100000
2016-08-25 03:00:00,487.860000,22.200000
2016-09-22 09:00:00,642.740000,24.400000
2016-07-16 15:00:00,599.330000,33.900000
2016-06-19 23:00:00,191.000000,25.000000
2016-03-31 06:00:00,296.480000,12.800000
2016-01-30 02:00:00,257.070000,-0.600000
2016-10-25 22:00:00,177.630000,10.000000
2016-05-05 05:00:00,247.410000,10.600000
2016-06-03 06:00:00,427.710000,22.200000
2016-03-09 10:00:00,478.280000,16.700000
2016-05-24 07:00:00,446.180000,18.300000
2016-05-29 11:00:00,479.090000,27.200000
2016-02-24 01:00:00,235.650000,5.600000
2016-07-13 09:00:00,543.580000,26.700000
2016-10-01 15:00:00,398.100000,18.900000
2016-08-22 06:00:00,466.200000,21.100000
2016-03-18 11:00:00,466.520000,16.700000
2016-08-06 06:00:00,242.030000,24.400000
2016-06-06 01:00:00,211.640000,21.100000
2016-05-17 22:00:00,199.850000,12.800000
2016-10-23 23:00:00,172.530000,13.300000
2016-08-26 21:00:00,435.070000,30.000000
2016-06-05 05:00:00,212.900000,22.800000
2016-05-23 19:00:00,380.250000,16.700000
2016-03-24 12:00:00,504.450000,20.600000
2016-01-28 15:00:00,431.840000,3.900000
2016-07-18 09:00:00,591.380000,28.900000
2016-08-11 07:00:00,553.650000,27.200000
2016-06-05 10:00:00,454.050000,25.000000
2016-07-03 03:00:00,187.990000,22.800000
2016-07-16 22:00:00,254.030000,22.800000
2016-08-18 16:00:00,661.330000,31.700000
2016-08-20 13:00:00,618.330000,31.700000
2016-01-30 13:00:00,369.610000,3.900000
2016-02-23 16:00:00,479.490000,6.100000
2016-09-01 14:00:00,698.790000,26.100000
2016-07-30 10:00:00,554.930000,29.400000
2016-04-21 17:00:00,472.260000,23.300000
2016-10-09 14:00:00,305.810000,20.000000
2016-06-17 03:00:00,424.810000,19.400000
2016-02-24 16:00:00,519.600000,17.200000
2016-08-17 06:00:00,562.570000,26.700000
2016-08-17 14:00:00,681.820000,33.900000
2016-04-03 11:00:00,277.790000,6.700000
2016-05-17 20:00:00,334.190000,12.800000
2016-08-21 06:00:00,291.260000,24.400000
2016-03-26 04:00:00,201.580000,6.100000
2016-03-04 23:00:00,262.000000,3.900000
2016-03-10 13:00:00,489.520000,21.100000
2016-08-15 08:00:00,603.440000,28.900000
2016-10-25 05:00:00,318.600000,9.400000
2016-10-26 08:00:00,467.710000,8.900000
2016-05-31 09:00:00,687.060000,24.400000
2016-08-27 09:00:00,581.680000,29.400000
2016-08-02 17:00:00,340.340000,31.100000
2016-07-23 01:00:00,293.570000,27.800000
2016-04-22 11:00:00,504.540000,23.300000
2016-05-07 18:00:00,326.190000,16.700000
2016-03-07 19:00:00,478.400000,15.600000
2016-10-06 10:00:00,534.560000,17.800000
2016-04-23 23:00:00,173.770000,13.900000
2016-04-19 15:00:00,519.460000,28.300000
2016-09-03 17:00:00,464.750000,26.700000
2016-05-11 19:00:00,389.630000,15.600000
2016-05-18 08:00:00,392.680000,13.300000
2016-03-13 00:00:00,218.240000,12.200000
2016-08-08 05:00:00,434.560000,23.300000
2016-10-05 02:00:00,179.500000,15.600000
2016-02-14 09:00:00,281.350000,-8.300000
2016-07-12 10:00:00,527.920000,28.300000
2016-05-15 08:00:00,140.750000,11.700000
2016-03-11 04:00:00,370.650000,21.100000
2016-10-14 10:00:00,485.070000,15.000000
2016-09-22 20:00:00,515.650000,25.600000
2016-10-03 10:00:00,570.280000,22.800000
2016-03-14 11:00:00,417.120000,10.600000
2016-09-08 01:00:00,265.240000,24.400000
2016-06-23 21:00:00,342.290000,25.000000
2016-08-01 10:00:00,586.150000,30.000000
2016-01-24 11:00:00,378.640000,-2.200000
2016-04-26 12:00:00,669.130000,27.200000
2016-02-05 23:00:00,269.040000,1.700000
2016-03-03 02:00:00,247.750000,-0.600000
2016-10-20 09:00:00,586.510000,21.700000
2016-09-06 07:00:00,462.000000,23.900000
2016-08-02 04:00:00,500.640000,23.900000
2016-01-09 14:00:00,297.790000,9.400000
2016-07-06 06:00:00,474.150000,26.100000
2016-10-16 08:00:00,163.480000,13.900000
2016-02-06 06:00:00,269.390000,-1.100000
2016-07-06 11:00:00,563.750000,31.700000
2016-10-15 04:00:00,191.860000,11.700000
2016-01-21 22:00:00,350.720000,-2.200000
2016-02-13 02:00:00,271.030000,-2.800000
2016-06-09 06:00:00,288.980000,15.000000
2016-04-22 08:00:00,482.070000,19.400000
2016-08-20 19:00:00,278.590000,29.400000
2016-10-08 18:00:00,434.690000,18.900000
2016-07-29 22:00:00,269.660000,27.800000
2016-03-06 16:00:00,361.670000,10.000000
2016-04-25 19:00:00,407.130000,23.300000
2016-09-06 21:00:00,361.520000,29.400000
2016-04-24 01:00:00,172.520000,12.200000
2016-09-17 08:00:00,461.200000,21.100000
2016-02-03 12:00:00,482.990000,8.900000
2016-08-31 21:00:00,415.710000,27.800000
2016-06-01 03:00:00,472.850000,21.700000
2016-04-12 12:00:00,499.440000,16.100000
2016-07-10 20:00:00,421.860000,27.800000
2016-05-09 14:00:00,462.570000,15.000000
2016-10-21 23:00:00,174.090000,15.600000
2016-07-22 09:00:00,538.320000,27.800000
2016-09-05 13:00:00,504.020000,30.000000
2016-01-09 08:00:00,325.820000,5.000000
2016-09-18 20:00:00,484.540000,27.200000
2016-05-09 09:00:00,449.080000,15.000000
2016-09-14 22:00:00,256.800000,26.100000
2016-04-05 04:00:00,343.390000,1.100000
2016-05-28 15:00:00,551.760000,30.000000
2016-09-02 18:00:00,527.630000,25.600000
2016-07-05 16:00:00,557.110000,31.700000
2016-09-25 06:00:00,173.110000,15.000000
2016-07-07 08:00:00,524.490000,30.000000
2016-08-29 16:00:00,697.770000,33.900000
2016-01-17 07:00:00,243.250000,2.800000
2016-10-07 22:00:00,215.860000,19.400000
2016-08-22 08:00:00,624.870000,23.900000
2016-08-07 08:00:00,202.480000,26.100000
2016-03-03 13:00:00,433.060000,3.300000
2016-04-22 13:00:00,473.140000,21.700000
2016-03-25 17:00:00,398.230000,18.300000
2016-08-06 22:00:00,257.250000,26.700000
2016-08-15 21:00:00,291.190000,23.300000
2016-04-17 06:00:00,208.330000,8.900000
2016-01-03 16:00:00,253.810000,11.100000
2016-06-11 02:00:00,193.550000,21.100000
2016-03-27 04:00:00,205.500000,10.000000
2016-08-08 02:00:00,205.710000,23.300000
2016-01-21 12:00:00,528.730000,-0.600000
2016-01-16 19:00:00,369.860000,6.100000
2016-09-21 01:00:00,235.600000,23.300000
2016-07-21 17:00:00,560.950000,31.100000
2016-09-22 06:00:00,473.010000,20.600000
2016-06-15 15:00:00,615.270000,26.700000
2016-07-22 21:00:00,403.840000,30.000000
2016-02-15 02:00:00,281.350000,-6.100000
2016-02-06 14:00:00,337.640000,5.600000
2016-01-15 01:00:00,228.640000,5.000000
2016-10-13 05:00:00,350.410000,12.800000
2016-09-25 13:00:00,409.270000,22.800000
2016-02-12 14:00:00,500.080000,-1.100000
2016-02-23 09:00:00,468.910000,5.000000
2016-06-07 12:00:00,661.310000,27.800000
2016-07-08 21:00:00,348.180000,27.200000
2016-05-19 12:00:00,472.400000,18.300000
2016-07-23 21:00:00,259.390000,32.800000
2016-09-24 11:00:00,521.030000,23.300000
2016-02-11 17:00:00,475.640000,-2.200000
2016-03-23 19:00:00,401.040000,18.300000
2016-06-28 07:00:00,488.270000,23.900000
2016-01-07 17:00:00,392.570000,6.100000
2016-08-24 17:00:00,608.710000,28.300000
2016-10-13 15:00:00,552.810000,22.200000
2016-09-29 23:00:00,286.800000,18.300000
2016-07-19 04:00:00,496.440000,22.800000
2016-03-03 18:00:00,443.160000,3.900000
2016-06-09 09:00:00,517.110000,21.700000
2016-08-05 23:00:00,256.800000,25.600000
2016-04-19 03:00:00,352.830000,15.000000
2016-05-24 11:00:00,566.190000,25.000000
2016-02-12 19:00:00,503.910000,-2.200000
2016-05-08 07:00:00,153.710000,14.400000
2016-06-13 13:00:00,543.660000,25.000000
2016-03-07 07:00:00,420.350000,3.300000
2016-03-22 17:00:00,454.430000,16.700000
2016-05-11 14:00:00,461.730000,15.000000
2016-09-21 19:00:00,596.770000,26.100000
2016-01-02 10:00:00,295.560000,4.400000
2016-06-16 12:00:00,630.030000,27.200000
2016-02-02 07:00:00,385.150000,2.800000
2016-04-16 18:00:00,396.310000,18.900000
2016-03-02 20:00:00,426.240000,1.700000
2016-10-23 01:00:00,168.330000,10.600000
2016-08-16 20:00:00,612.440000,31.700000
2016-09-17 01:00:00,216.530000,21.100000
2016-02-27 01:00:00,269.270000,0.000000
2016-10-20 15:00:00,625.940000,27.800000
2016-04-19 02:00:00,223.860000,16.100000
2016-04-27 22:00:00,172.750000,12.200000
2016-03-26 07:00:00,303.440000,5.000000
2016-01-11 01:00:00,228.720000,2.200000
2016-03-27 03:00:00,206.120000,10.000000
2016-04-08 17:00:00,348.540000,11.700000
2016-01-26 00:00:00,243.750000,2.200000
2016-04-11 17:00:00,484.600000,22.800000
2016-08-12 23:00:00,278.670000,29.400000
2016-09-20 04:00:00,462.370000,21.700000
2016-04-30 14:00:00,238.960000,14.400000
2016-09-14 02:00:00,242.890000,22.200000
2016-01-27 22:00:00,307.320000,1.100000
2016-06-11 08:00:00,430.420000,22.200000
2016-05-28 10:00:00,523.560000,26.100000
2016-05-13 16:00:00,492.320000,24.400000
2016-03-04 22:00:00,326.900000,3.900000
2016-10-17 21:00:00,246.630000,20.600000
2016-02-23 01:00:00,231.730000,6.700000
2016-03-20 09:00:00,186.820000,5.000000
2016-07-13 08:00:00,512.890000,25.600000
2016-05-05 11:00:00,457.230000,11.100000
2016-04-24 04:00:00,176.410000,9.400000
2016-10-23 03:00:00,166.160000,9.400000
2016-01-08 21:00:00,327.060000,6.100000
2016-03-16 12:00:00,520.040000,21.100000
2016-02-10 21:00:00,431.820000,-2.800000
2016-04-24 17:00:00,252.330000,19.400000
2016-03-26 13:00:00,318.370000,12.800000
2016-04-16 20:00:00,256.080000,15.600000
2016-02-15 08:00:00,434.320000,-5.600000
2016-01-20 18:00:00,524.640000,-1.100000
2016-05-01 06:00:00,163.480000,11.700000
2016-07-21 01:00:00,237.350000,23.900000
2016-09-23 18:00:00,578.840000,28.300000
2016-06-20 19:00:00,476.620000,30.000000
2016-05-21 07:00:00,298.320000,13.300000
2016-07-09 01:00:00,238.130000,26.100000
2016-02-19 14:00:00,470.980000,3.900000
2016-09-24 18:00:00,472.920000,21.700000
2016-07-29 17:00:00,588.630000,31.100000
2016-08-09 13:00:00,564.860000,27.200000
2016-04-11 15:00:00,500.060000,22.200000
2016-10-16 19:00:00,378.940000,19.400000
2016-08-22 01:00:00,244.260000,22.800000
2016-04-09 21:00:00,213.540000,3.300000
2016-02-02 01:00:00,221.970000,6.100000
2016-03-11 11:00:00,496.850000,18.300000
2016-01-06 10:00:00,498.140000,-2.200000
2016-05-01 21:00:00,175.440000,13.300000
2016-05-12 09:00:00,423.800000,15.600000
2016-05-23 18:00:00,425.180000,16.100000
2016-09-16 21:00:00,321.850000,23.300000
2016-08-20 16:00:00,611.910000,32.200000
2016-07-03 16:00:00,371.490000,21.700000
2016-08-10 12:00:00,,33.300000
2016-01-20 10:00:00,604.640000,-5.000000
2016-09-18 07:00:00,234.710000,22.200000
2016-08-27 04:00:00,294.440000,26.700000
2016-05-09 02:00:00,166.010000,12.200000
2016-06-06 10:00:00,643.070000,27.200000
2016-08-04 13:00:00,532.750000,29.400000
2016-08-06 00:00:00,255.170000,25.600000
2016-08-12 20:00:00,608.640000,31.700000
2016-02-05 20:00:00,418.550000,2.800000
