timestamp,electricity_kwh,air_temperature_c
2016-01-01 00:00:00,214.6400,7.2000
2016-01-01 01:00:00,208.7500,6.7000
2016-01-01 02:00:00,208.6300,5.6000
2016-01-01 03:00:00,206.1000,5.6000
2016-01-01 04:00:00,206.0600,5.6000
2016-01-01 05:00:00,294.1300,5.6000
2016-01-01 06:00:00,314.6800,5.6000
2016-01-01 07:00:00,308.1600,5.0000
2016-01-01 08:00:00,295.2400,5.0000
2016-01-01 09:00:00,294.1100,5.0000
2016-01-01 10:00:00,287.4200,5.6000
2016-01-01 11:00:00,295.1200,6.7000
2016-01-01 12:00:00,288.8900,7.2000
2016-01-01 13:00:00,285.2400,7.8000
2016-01-01 14:00:00,288.3200,7.2000
2016-01-01 15:00:00,282.3900,7.2000
2016-01-01 16:00:00,283.5400,6.7000
2016-01-01 17:00:00,293.7600,6.1000
2016-01-01 18:00:00,298.7600,5.0000
2016-01-01 19:00:00,293.3900,4.4000
2016-01-01 20:00:00,301.9800,3.9000
2016-01-01 21:00:00,290.2400,3.9000
2016-01-01 22:00:00,230.9000,3.3000
2016-01-01 23:00:00,204.8800,3.3000
2016-01-02 00:00:00,207.4900,2.8000
2016-01-02 01:00:00,206.5700,2.2000
2016-01-02 02:00:00,206.5400,2.2000
2016-01-02 03:00:00,206.4700,1.1000
2016-01-02 04:00:00,206.3100,0.6000
2016-01-02 05:00:00,206.9000,0.6000
2016-01-02 06:00:00,205.4400,0.6000
2016-01-02 07:00:00,202.9900,0.6000
2016-01-02 08:00:00,346.3900,1.1000
2016-01-02 09:00:00,314.6200,3.3000
2016-01-02 10:00:00,295.5600,4.4000
2016-01-02 11:00:00,291.5600,6.1000
2016-01-02 12:00:00,284.6700,7.2000
2016-01-02 13:00:00,278.1500,7.8000
2016-01-02 14:00:00,284.1300,8.9000
2016-01-02 15:00:00,277.3400,8.9000
2016-01-02 16:00:00,266.8800,8.9000
2016-01-02 17:00:00,279.6300,7.8000
2016-01-02 18:00:00,280.8900,6.7000
2016-01-02 19:00:00,290.7500,6.1000
2016-01-02 20:00:00,210.9200,6.1000
2016-01-02 21:00:00,201.0000,5.6000
2016-01-02 22:00:00,194.9600,5.0000
2016-01-02 23:00:00,202.6200,4.4000
2016-01-03 00:00:00,211.0900,3.3000
2016-01-03 01:00:00,207.8100,2.8000
2016-01-03 02:00:00,207.7600,2.2000
2016-01-03 03:00:00,207.5600,1.1000
2016-01-03 04:00:00,209.1100,0.0000
2016-01-03 05:00:00,207.2900,1.1000
2016-01-03 06:00:00,207.0000,0.0000
2016-01-03 07:00:00,204.1800,1.1000
2016-01-03 08:00:00,196.3300,0.0000
2016-01-03 09:00:00,190.0000,1.7000
2016-01-03 10:00:00,189.6700,3.9000
2016-01-03 11:00:00,302.6600,5.6000
2016-01-03 12:00:00,278.0800,7.8000
2016-01-03 13:00:00,287.4200,9.4000
2016-01-03 14:00:00,271.3900,10.6000
2016-01-03 15:00:00,283.7500,11.7000
2016-01-03 16:00:00,253.8100,11.1000
2016-01-03 17:00:00,270.8800,9.4000
2016-01-03 18:00:00,264.0300,8.3000
2016-01-03 19:00:00,278.7800,5.0000
2016-01-03 20:00:00,272.4700,3.9000
2016-01-03 21:00:00,284.4400,3.3000
2016-01-03 22:00:00,234.8800,2.8000
2016-01-03 23:00:00,206.0900,2.8000
2016-01-04 00:00:00,210.3700,2.2000
2016-01-04 01:00:00,208.3000,1.7000
2016-01-04 02:00:00,207.9700,1.7000
2016-01-04 03:00:00,207.2100,2.2000
2016-01-04 04:00:00,207.2300,1.1000
2016-01-04 05:00:00,307.1400,1.7000
2016-01-04 06:00:00,339.8300,1.1000
2016-01-04 07:00:00,349.8900,1.1000
2016-01-04 08:00:00,385.7600,1.7000
2016-01-04 09:00:00,439.3000,0.6000
2016-01-04 10:00:00,427.2500,1.1000
2016-01-04 11:00:00,427.8900,2.2000
2016-01-04 12:00:00,433.2800,2.8000
2016-01-04 13:00:00,397.8400,2.2000
2016-01-04 14:00:00,393.0100,3.3000
2016-01-04 15:00:00,407.2100,2.8000
2016-01-04 16:00:00,393.2600,1.1000
2016-01-04 17:00:00,381.5100,0.0000
2016-01-04 18:00:00,385.8600,-0.6000
2016-01-04 19:00:00,367.6000,-1.1000
2016-01-04 20:00:00,352.6900,-2.2000
2016-01-04 21:00:00,359.3100,-2.8000
2016-01-04 22:00:00,252.6200,-3.3000
2016-01-04 23:00:00,199.5900,-4.4000
2016-01-05 00:00:00,202.9000,-5.6000
2016-01-05 01:00:00,211.7500,-6.7000
2016-01-05 02:00:00,213.1100,-7.2000
2016-01-05 03:00:00,212.4600,-8.3000
2016-01-05 04:00:00,211.3200,-8.3000
2016-01-05 05:00:00,341.5300,-8.9000
2016-01-05 06:00:00,412.8500,-8.9000
2016-01-05 07:00:00,427.5400,-8.9000
2016-01-05 08:00:00,470.6200,-8.3000
2016-01-05 09:00:00,521.5100,-7.2000
2016-01-05 10:00:00,507.4100,-5.6000
2016-01-05 11:00:00,474.4300,-3.9000
2016-01-05 12:00:00,493.2600,-2.2000
2016-01-05 13:00:00,449.9700,-1.1000
2016-01-05 14:00:00,434.0300,0.6000
2016-01-05 15:00:00,434.6000,0.6000
2016-01-05 16:00:00,436.3000,0.6000
2016-01-05 17:00:00,442.3300,0.0000
2016-01-05 18:00:00,450.3600,-0.6000
2016-01-05 19:00:00,450.0400,-1.1000
2016-01-05 20:00:00,432.6300,-2.2000
2016-01-05 21:00:00,425.8600,-2.2000
2016-01-05 22:00:00,301.2600,-2.2000
2016-01-05 23:00:00,257.6300,-2.8000
2016-01-06 00:00:00,255.4900,-2.8000
2016-01-06 01:00:00,253.9200,-4.4000
2016-01-06 02:00:00,251.3500,-5.6000
2016-01-06 03:00:00,252.3400,-5.6000
2016-01-06 04:00:00,253.7100,-5.6000
2016-01-06 05:00:00,374.1700,-5.6000
2016-01-06 06:00:00,432.5600,-6.1000
2016-01-06 07:00:00,456.1100,-5.6000
2016-01-06 08:00:00,477.1000,-5.0000
2016-01-06 09:00:00,519.3800,-3.3000
2016-01-06 10:00:00,498.1400,-2.2000
2016-01-06 11:00:00,479.2900,0.0000
2016-01-06 12:00:00,461.4100,1.1000
2016-01-06 13:00:00,443.5400,2.8000
2016-01-06 14:00:00,408.4800,3.3000
2016-01-06 15:00:00,410.7900,4.4000
2016-01-06 16:00:00,411.5900,4.4000
2016-01-06 17:00:00,395.7400,3.3000
2016-01-06 18:00:00,412.3100,3.3000
2016-01-06 19:00:00,387.9000,1.7000
2016-01-06 20:00:00,379.5400,2.2000
2016-01-06 21:00:00,347.5800,2.2000
2016-01-06 22:00:00,268.4900,2.2000
2016-01-06 23:00:00,219.0100,2.8000
2016-01-07 00:00:00,217.5900,2.2000
2016-01-07 01:00:00,216.9100,1.7000
2016-01-07 02:00:00,219.0500,1.1000
2016-01-07 03:00:00,217.8700,1.7000
2016-01-07 04:00:00,215.6300,1.7000
2016-01-07 05:00:00,318.1600,2.2000
2016-01-07 06:00:00,347.2100,2.8000
2016-01-07 07:00:00,357.8100,2.8000
2016-01-07 08:00:00,383.1700,2.8000
2016-01-07 09:00:00,448.7700,3.9000
2016-01-07 10:00:00,443.0200,3.3000
2016-01-07 11:00:00,448.6300,3.9000
2016-01-07 12:00:00,438.6100,4.4000
2016-01-07 13:00:00,432.1200,5.0000
2016-01-07 14:00:00,427.9500,5.0000
2016-01-07 15:00:00,422.5000,5.6000
2016-01-07 16:00:00,416.4800,5.6000
2016-01-07 17:00:00,392.5700,6.1000
2016-01-07 18:00:00,390.1600,6.1000
2016-01-07 19:00:00,376.7900,5.6000
2016-01-07 20:00:00,360.4000,5.6000
2016-01-07 21:00:00,341.9300,5.0000
2016-01-07 22:00:00,261.3500,5.0000
2016-01-07 23:00:00,228.9600,4.4000
2016-01-08 00:00:00,228.0200,4.4000
2016-01-08 01:00:00,224.8500,4.4000
2016-01-08 02:00:00,223.2100,4.4000
2016-01-08 03:00:00,225.7000,4.4000
2016-01-08 04:00:00,224.8200,4.4000
2016-01-08 05:00:00,311.2000,4.4000
2016-01-08 06:00:00,329.2000,4.4000
2016-01-08 07:00:00,341.2000,4.4000
2016-01-08 08:00:00,368.7700,4.4000
2016-01-08 09:00:00,430.1100,5.0000
2016-01-08 10:00:00,453.9500,5.0000
2016-01-08 11:00:00,453.8100,5.0000
2016-01-08 12:00:00,440.9900,5.6000
2016-01-08 13:00:00,383.2200,5.6000
2016-01-08 14:00:00,371.5400,6.1000
2016-01-08 15:00:00,382.9300,5.6000
2016-01-08 16:00:00,372.0900,5.6000
2016-01-08 17:00:00,334.3500,5.6000
2016-01-08 18:00:00,359.5000,6.1000
2016-01-08 19:00:00,365.7500,5.6000
2016-01-08 20:00:00,338.2200,6.1000
2016-01-08 21:00:00,327.0600,6.1000
2016-01-08 22:00:00,259.0900,6.7000
2016-01-08 23:00:00,236.9600,6.7000
2016-01-09 00:00:00,227.2400,6.1000
2016-01-09 01:00:00,222.3800,6.1000
2016-01-09 02:00:00,224.0900,6.1000
2016-01-09 03:00:00,222.4700,6.1000
2016-01-09 04:00:00,222.5600,6.1000
2016-01-09 05:00:00,220.4400,5.6000
2016-01-09 06:00:00,221.0500,5.0000
2016-01-09 07:00:00,220.0600,5.6000
2016-01-09 08:00:00,325.8200,5.0000
2016-01-09 09:00:00,306.7300,6.1000
2016-01-09 10:00:00,303.6300,6.1000
2016-01-09 11:00:00,302.9600,7.8000
2016-01-09 12:00:00,302.8200,8.9000
2016-01-09 13:00:00,304.9000,7.8000
2016-01-09 14:00:00,297.7900,9.4000
2016-01-09 15:00:00,297.8800,10.0000
2016-01-09 16:00:00,296.7200,10.0000
2016-01-09 17:00:00,299.3000,10.0000
2016-01-09 18:00:00,308.2000,8.3000
2016-01-09 19:00:00,307.8100,8.9000
2016-01-09 20:00:00,247.6500,8.3000
2016-01-09 21:00:00,229.0000,8.9000
2016-01-09 22:00:00,222.1200,8.9000
2016-01-09 23:00:00,221.6800,9.4000
2016-01-10 00:00:00,223.8400,10.0000
2016-01-10 01:00:00,222.9400,10.6000
2016-01-10 02:00:00,227.1300,11.1000
2016-01-10 03:00:00,226.2000,11.7000
2016-01-10 04:00:00,223.3500,12.8000
2016-01-10 05:00:00,219.5900,13.9000
2016-01-10 06:00:00,221.3600,13.3000
2016-01-10 07:00:00,218.9700,12.8000
2016-01-10 08:00:00,211.7400,12.2000
2016-01-10 09:00:00,201.9100,14.4000
2016-01-10 10:00:00,201.7600,16.1000
2016-01-10 11:00:00,291.5200,15.0000
2016-01-10 12:00:00,280.4600,16.1000
2016-01-10 13:00:00,270.9500,16.7000
2016-01-10 14:00:00,275.9700,15.6000
2016-01-10 15:00:00,272.7500,16.1000
2016-01-10 16:00:00,268.9900,15.6000
2016-01-10 17:00:00,263.7100,12.8000
2016-01-10 18:00:00,267.1500,9.4000
2016-01-10 19:00:00,288.0200,7.8000
2016-01-10 20:00:00,276.2900,6.7000
2016-01-10 21:00:00,291.4200,6.1000
2016-01-10 22:00:00,243.6800,4.4000
2016-01-10 23:00:00,224.8200,3.9000
2016-01-11 00:00:00,223.2900,3.3000
2016-01-11 01:00:00,228.7200,2.2000
2016-01-11 02:00:00,222.7500,1.1000
2016-01-11 03:00:00,228.1300,0.0000
2016-01-11 04:00:00,224.9900,-0.6000
2016-01-11 05:00:00,328.6900,-1.1000
2016-01-11 06:00:00,368.8000,-1.7000
2016-01-11 07:00:00,377.0000,-1.7000
2016-01-11 08:00:00,436.2600,-1.7000
2016-01-11 09:00:00,481.3600,-1.1000
2016-01-11 10:00:00,442.0100,0.6000
2016-01-11 11:00:00,440.8600,1.7000
2016-01-11 12:00:00,432.9500,2.8000
2016-01-11 13:00:00,427.8700,3.3000
2016-01-11 14:00:00,411.9600,4.4000
2016-01-11 15:00:00,411.3100,4.4000
2016-01-11 16:00:00,417.5700,4.4000
2016-01-11 17:00:00,408.0600,3.3000
2016-01-11 18:00:00,407.3100,2.2000
2016-01-11 19:00:00,385.6200,1.1000
2016-01-11 20:00:00,376.4500,0.0000
2016-01-11 21:00:00,359.5900,-0.6000
2016-01-11 22:00:00,270.2900,-1.1000
2016-01-11 23:00:00,225.1800,-0.6000
2016-01-12 00:00:00,228.3200,-0.6000
2016-01-12 01:00:00,226.5100,-1.1000
2016-01-12 02:00:00,228.0100,-1.1000
2016-01-12 03:00:00,226.9400,-1.1000
2016-01-12 04:00:00,228.8600,-1.1000
2016-01-12 05:00:00,343.0200,-0.6000
2016-01-12 06:00:00,362.8900,0.0000
2016-01-12 07:00:00,379.2800,0.0000
2016-01-12 08:00:00,404.5700,1.1000
2016-01-12 09:00:00,472.9000,1.7000
2016-01-12 10:00:00,469.2200,2.8000
2016-01-12 11:00:00,453.0600,4.4000
2016-01-12 12:00:00,438.2200,5.0000
2016-01-12 13:00:00,437.6500,6.7000
2016-01-12 14:00:00,420.6300,6.7000
2016-01-12 15:00:00,422.5700,8.3000
2016-01-12 16:00:00,395.9100,7.8000
2016-01-12 17:00:00,406.5300,7.2000
2016-01-12 18:00:00,392.7900,6.1000
2016-01-12 19:00:00,384.4100,5.6000
2016-01-12 20:00:00,378.2600,2.8000
2016-01-12 21:00:00,379.8300,1.7000
2016-01-12 22:00:00,276.4300,1.1000
2016-01-12 23:00:00,227.7900,-0.6000
2016-01-13 00:00:00,234.8600,-2.2000
2016-01-13 01:00:00,229.4100,-2.8000
2016-01-13 02:00:00,233.6000,-3.9000
2016-01-13 03:00:00,232.1700,-4.4000
2016-01-13 04:00:00,240.2500,-5.0000
2016-01-13 05:00:00,352.6100,-5.0000
2016-01-13 06:00:00,414.8800,-5.6000
2016-01-13 07:00:00,425.4500,-6.1000
2016-01-13 08:00:00,483.8400,-5.6000
2016-01-13 09:00:00,512.1900,-4.4000
2016-01-13 10:00:00,551.0700,-3.9000
2016-01-13 11:00:00,542.3800,-3.3000
2016-01-13 12:00:00,530.5700,-2.2000
2016-01-13 13:00:00,518.3800,-1.7000
2016-01-13 14:00:00,507.2000,-1.1000
2016-01-13 15:00:00,495.5800,0.0000
2016-01-13 16:00:00,494.3900,-0.6000
2016-01-13 17:00:00,485.6100,-1.1000
2016-01-13 18:00:00,487.2600,-1.1000
2016-01-13 19:00:00,466.3900,-1.1000
2016-01-13 20:00:00,460.2400,-2.8000
2016-01-13 21:00:00,454.0500,-2.8000
2016-01-13 22:00:00,320.9400,-3.3000
2016-01-13 23:00:00,239.2200,-2.2000
2016-01-14 00:00:00,241.0600,-2.2000
2016-01-14 01:00:00,238.3300,-2.2000
2016-01-14 02:00:00,244.3700,-2.2000
2016-01-14 03:00:00,239.2500,-2.2000
2016-01-14 04:00:00,243.8700,-2.2000
2016-01-14 05:00:00,375.6200,-2.2000
2016-01-14 06:00:00,423.7900,-1.7000
2016-01-14 07:00:00,462.2100,-2.2000
2016-01-14 08:00:00,486.7500,-2.2000
2016-01-14 09:00:00,539.8600,-0.6000
2016-01-14 10:00:00,514.3200,1.7000
2016-01-14 11:00:00,500.4800,3.9000
2016-01-14 12:00:00,476.0700,5.6000
2016-01-14 13:00:00,465.6200,10.0000
2016-01-14 14:00:00,455.5300,11.1000
2016-01-14 15:00:00,474.0600,11.7000
2016-01-14 16:00:00,475.4900,11.1000
2016-01-14 17:00:00,461.5000,10.0000
2016-01-14 18:00:00,430.6400,7.8000
2016-01-14 19:00:00,419.8400,6.1000
2016-01-14 20:00:00,404.3500,6.1000
2016-01-14 21:00:00,376.9500,6.7000
2016-01-14 22:00:00,280.2400,4.4000
2016-01-14 23:00:00,227.8700,5.6000
2016-01-15 00:00:00,229.9600,5.0000
2016-01-15 01:00:00,228.6400,5.0000
2016-01-15 02:00:00,228.5100,5.6000
2016-01-15 03:00:00,229.6300,5.6000
2016-01-15 04:00:00,230.0600,3.9000
2016-01-15 05:00:00,317.0500,2.2000
2016-01-15 06:00:00,373.4700,1.7000
2016-01-15 07:00:00,393.8100,2.8000
2016-01-15 08:00:00,409.8000,1.7000
2016-01-15 09:00:00,476.9900,4.4000
2016-01-15 10:00:00,463.9300,6.1000
2016-01-15 11:00:00,453.8900,7.2000
2016-01-15 12:00:00,459.5800,8.3000
2016-01-15 13:00:00,460.3400,9.4000
2016-01-15 14:00:00,428.5500,9.4000
2016-01-15 15:00:00,435.3900,9.4000
2016-01-15 16:00:00,449.1300,8.9000
2016-01-15 17:00:00,407.4200,8.9000
2016-01-15 18:00:00,403.1500,7.8000
2016-01-15 19:00:00,394.2100,7.2000
2016-01-15 20:00:00,372.6700,6.7000
2016-01-15 21:00:00,376.2700,6.1000
2016-01-15 22:00:00,286.2000,6.1000
2016-01-15 23:00:00,244.8600,6.1000
2016-01-16 00:00:00,242.9100,6.1000
2016-01-16 01:00:00,240.0400,6.1000
2016-01-16 02:00:00,239.2100,6.7000
2016-01-16 03:00:00,237.9600,6.7000
2016-01-16 04:00:00,239.0900,6.7000
2016-01-16 05:00:00,237.6500,5.6000
2016-01-16 06:00:00,238.6400,6.7000
2016-01-16 07:00:00,237.3400,6.1000
2016-01-16 08:00:00,376.2500,6.1000
2016-01-16 09:00:00,363.9100,6.1000
2016-01-16 10:00:00,351.5400,6.7000
2016-01-16 11:00:00,355.5000,5.6000
2016-01-16 12:00:00,372.7500,7.2000
2016-01-16 13:00:00,371.6200,8.9000
2016-01-16 14:00:00,362.5100,9.4000
2016-01-16 15:00:00,370.8000,11.1000
2016-01-16 16:00:00,370.6800,10.6000
2016-01-16 17:00:00,364.2900,8.9000
2016-01-16 18:00:00,367.4600,7.8000
2016-01-16 19:00:00,369.8600,6.1000
2016-01-16 20:00:00,253.2800,6.1000
2016-01-16 21:00:00,243.7700,5.6000
2016-01-16 22:00:00,242.9000,5.0000
2016-01-16 23:00:00,244.3700,4.4000
2016-01-17 00:00:00,244.8200,3.3000
2016-01-17 01:00:00,244.6300,2.8000
2016-01-17 02:00:00,241.3400,2.8000
2016-01-17 03:00:00,244.8700,2.8000
2016-01-17 04:00:00,243.0100,2.8000
2016-01-17 05:00:00,244.3600,2.8000
2016-01-17 06:00:00,242.6500,2.8000
2016-01-17 07:00:00,243.2500,2.8000
2016-01-17 08:00:00,235.7900,2.8000
2016-01-17 09:00:00,229.4700,2.8000
2016-01-17 10:00:00,231.7400,2.8000
2016-01-17 11:00:00,364.1200,2.2000
2016-01-17 12:00:00,358.4800,0.6000
2016-01-17 13:00:00,351.4300,0.6000
2016-01-17 14:00:00,361.0400,0.6000
2016-01-17 15:00:00,357.1800,1.7000
2016-01-17 16:00:00,345.4600,2.2000
2016-01-17 17:00:00,355.8700,2.2000
2016-01-17 18:00:00,369.9600,2.2000
2016-01-17 19:00:00,374.9300,2.2000
2016-01-17 20:00:00,362.1800,2.2000
2016-01-17 21:00:00,366.5900,1.7000
2016-01-17 22:00:00,296.4000,1.7000
2016-01-17 23:00:00,243.8800,1.1000
2016-01-18 00:00:00,243.7700,0.6000
2016-01-18 01:00:00,244.6200,0.6000
2016-01-18 02:00:00,245.4900,0.0000
2016-01-18 03:00:00,245.5200,-0.6000
2016-01-18 04:00:00,252.9100,-3.3000
2016-01-18 05:00:00,393.0300,-5.0000
2016-01-18 06:00:00,470.5100,-6.7000
2016-01-18 07:00:00,467.9200,-7.2000
2016-01-18 08:00:00,484.2400,-7.8000
2016-01-18 09:00:00,472.7100,-7.0000
2016-01-18 10:00:00,441.8700,-6.7000
2016-01-18 11:00:00,446.6100,-5.6000
2016-01-18 12:00:00,444.1200,-4.4000
2016-01-18 13:00:00,439.7100,-4.4000
2016-01-18 14:00:00,443.1300,-4.4000
2016-01-18 15:00:00,421.7500,-4.4000
2016-01-18 16:00:00,436.3800,-5.0000
2016-01-18 17:00:00,435.6300,-6.1000
2016-01-18 18:00:00,460.9100,-6.7000
2016-01-18 19:00:00,465.6100,-7.2000
2016-01-18 20:00:00,473.9800,-7.8000
2016-01-18 21:00:00,462.8300,-8.3000
2016-01-18 22:00:00,358.1800,-8.3000
2016-01-18 23:00:00,264.9200,-8.3000
2016-01-19 00:00:00,265.6900,-8.9000
2016-01-19 01:00:00,258.2700,-8.9000
2016-01-19 02:00:00,259.4100,-8.9000
2016-01-19 03:00:00,259.2300,-8.9000
2016-01-19 04:00:00,409.6100,-8.9000
2016-01-19 05:00:00,498.8400,-8.9000
2016-01-19 06:00:00,511.6300,-9.4000
2016-01-19 07:00:00,501.8400,-9.4000
2016-01-19 08:00:00,550.3500,-8.9000
2016-01-19 09:00:00,594.0900,-7.8000
2016-01-19 10:00:00,600.8100,-7.2000
2016-01-19 11:00:00,615.6600,-5.6000
2016-01-19 12:00:00,596.8500,-4.4000
2016-01-19 13:00:00,554.7400,-3.3000
2016-01-19 14:00:00,575.3800,-3.3000
2016-01-19 15:00:00,566.2100,-2.8000
2016-01-19 16:00:00,551.3000,-2.8000
2016-01-19 17:00:00,537.7700,-3.3000
2016-01-19 18:00:00,541.1000,-3.9000
2016-01-19 19:00:00,517.7200,-4.4000
2016-01-19 20:00:00,516.5700,-4.4000
2016-01-19 21:00:00,500.3300,-5.0000
2016-01-19 22:00:00,359.0700,-5.6000
2016-01-19 23:00:00,267.1200,-6.1000
2016-01-20 00:00:00,268.9500,-6.1000
2016-01-20 01:00:00,277.1200,-6.1000
2016-01-20 02:00:00,267.5400,-6.1000
2016-01-20 03:00:00,266.4100,-6.1000
2016-01-20 04:00:00,505.6700,-6.7000
2016-01-20 05:00:00,516.1500,-6.7000
2016-01-20 06:00:00,487.1800,-6.7000
2016-01-20 07:00:00,500.3800,-6.7000
2016-01-20 08:00:00,569.9300,-6.7000
2016-01-20 09:00:00,595.8200,-6.1000
2016-01-20 10:00:00,604.6400,-5.0000
2016-01-20 11:00:00,582.2600,-3.3000
2016-01-20 12:00:00,579.0500,-1.7000
2016-01-20 13:00:00,533.5100,-1.7000
2016-01-20 14:00:00,548.7000,-1.1000
2016-01-20 15:00:00,521.9000,-1.1000
2016-01-20 16:00:00,536.5200,-1.7000
2016-01-20 17:00:00,525.4700,-1.7000
2016-01-20 18:00:00,524.6400,-1.1000
2016-01-20 19:00:00,509.0200,-3.3000
2016-01-20 20:00:00,504.8400,-3.3000
2016-01-20 21:00:00,482.6800,-3.3000
2016-01-20 22:00:00,333.7200,-3.3000
2016-01-20 23:00:00,263.2600,-3.3000
2016-01-21 00:00:00,264.1000,-3.3000
2016-01-21 01:00:00,281.4400,-3.3000
2016-01-21 02:00:00,269.8600,-3.3000
2016-01-21 03:00:00,271.5800,-3.3000
2016-01-21 04:00:00,495.2200,-3.9000
2016-01-21 05:00:00,485.8800,-3.9000
2016-01-21 06:00:00,492.2300,-3.9000
2016-01-21 07:00:00,464.5700,-4.4000
2016-01-21 08:00:00,466.9200,-4.4000
2016-01-21 09:00:00,482.7000,-3.3000
2016-01-21 10:00:00,517.4100,-2.8000
2016-01-21 11:00:00,552.7800,-1.7000
2016-01-21 12:00:00,528.7300,-0.6000
2016-01-21 13:00:00,530.2900,1.1000
2016-01-21 14:00:00,523.2100,0.6000
2016-01-21 15:00:00,503.9200,0.6000
2016-01-21 16:00:00,491.3700,0.6000
2016-01-21 17:00:00,480.7700,0.0000
2016-01-21 18:00:00,492.9300,-0.6000
2016-01-21 19:00:00,492.1100,-0.6000
2016-01-21 20:00:00,479.9600,-1.7000
2016-01-21 21:00:00,456.6700,-1.7000
2016-01-21 22:00:00,350.7200,-2.2000
2016-01-21 23:00:00,266.9600,-2.8000
2016-01-22 00:00:00,266.3700,-3.3000
2016-01-22 01:00:00,259.6100,-3.3000
2016-01-22 02:00:00,260.1400,-3.9000
2016-01-22 03:00:00,260.7600,-5.0000
2016-01-22 04:00:00,491.3000,-5.0000
2016-01-22 05:00:00,475.7800,-5.6000
2016-01-22 06:00:00,494.9300,-4.4000
2016-01-22 07:00:00,489.3300,-3.9000
2016-01-22 08:00:00,474.5500,-3.3000
2016-01-22 09:00:00,452.5300,-3.3000
2016-01-22 10:00:00,472.0500,-2.2000
2016-01-22 11:00:00,441.0000,-1.7000
2016-01-22 12:00:00,442.2000,-1.7000
2016-01-22 13:00:00,452.1800,-1.7000
2016-01-22 14:00:00,452.3900,-3.9000
2016-01-22 15:00:00,428.4600,-4.4000
2016-01-22 16:00:00,441.5700,-4.4000
2016-01-22 17:00:00,429.7600,-5.0000
2016-01-22 18:00:00,445.6200,-5.0000
2016-01-22 19:00:00,457.7100,-5.0000
2016-01-22 20:00:00,446.3900,-5.0000
2016-01-22 21:00:00,448.8100,-5.0000
2016-01-22 22:00:00,331.9800,-5.0000
2016-01-22 23:00:00,249.2800,-5.0000
2016-01-23 00:00:00,255.3800,-4.4000
2016-01-23 01:00:00,245.7900,-4.4000
2016-01-23 02:00:00,248.5800,-4.4000
2016-01-23 03:00:00,247.0500,-4.4000
2016-01-23 04:00:00,247.4500,-4.4000
2016-01-23 05:00:00,248.6000,-3.9000
2016-01-23 06:00:00,247.0100,-3.3000
2016-01-23 07:00:00,246.9600,-3.9000
2016-01-23 08:00:00,398.0300,-3.9000
2016-01-23 09:00:00,420.7300,-3.3000
2016-01-23 10:00:00,409.7900,-2.8000
2016-01-23 11:00:00,383.5100,-2.2000
2016-01-23 12:00:00,386.7000,-2.2000
2016-01-23 13:00:00,386.5400,-2.2000
2016-01-23 14:00:00,372.9300,-2.8000
2016-01-23 15:00:00,383.9600,-3.3000
2016-01-23 16:00:00,403.9600,-3.3000
2016-01-23 17:00:00,394.5300,-3.3000
2016-01-23 18:00:00,392.5700,-2.8000
2016-01-23 19:00:00,403.1100,-2.8000
2016-01-23 20:00:00,255.9000,-2.8000
2016-01-23 21:00:00,246.6700,-2.2000
2016-01-23 22:00:00,246.0600,-2.2000
2016-01-23 23:00:00,243.1300,-2.2000
2016-01-24 00:00:00,246.6300,-1.7000
2016-01-24 01:00:00,242.8200,-1.1000
2016-01-24 02:00:00,240.9400,-1.1000
2016-01-24 03:00:00,244.7900,-2.2000
2016-01-24 04:00:00,246.3700,-3.9000
2016-01-24 05:00:00,247.6800,-5.0000
2016-01-24 06:00:00,248.4500,-5.0000
2016-01-24 07:00:00,247.5600,-5.6000
2016-01-24 08:00:00,240.6000,-4.4000
2016-01-24 09:00:00,235.4200,-3.9000
2016-01-24 10:00:00,237.2400,-3.3000
2016-01-24 11:00:00,378.6400,-2.2000
2016-01-24 12:00:00,355.9900,-1.1000
2016-01-24 13:00:00,351.5400,0.0000
2016-01-24 14:00:00,348.4600,0.6000
2016-01-24 15:00:00,350.2300,1.1000
2016-01-24 16:00:00,365.5400,1.1000
2016-01-24 17:00:00,343.8200,0.6000
2016-01-24 18:00:00,338.8700,0.6000
2016-01-24 19:00:00,359.9200,-2.8000
2016-01-24 20:00:00,366.2100,-3.3000
2016-01-24 21:00:00,372.8300,-3.9000
2016-01-24 22:00:00,286.9600,-5.0000
2016-01-24 23:00:00,243.0500,-5.6000
2016-01-25 00:00:00,243.6100,-5.0000
2016-01-25 01:00:00,241.5300,-5.6000
2016-01-25 02:00:00,238.4300,-6.7000
2016-01-25 03:00:00,243.4000,-7.2000
2016-01-25 04:00:00,410.2800,-7.2000
2016-01-25 05:00:00,421.5400,-7.2000
2016-01-25 06:00:00,455.7700,-8.3000
2016-01-25 07:00:00,464.9500,-7.8000
2016-01-25 08:00:00,459.1200,-7.8000
2016-01-25 09:00:00,446.5000,-6.1000
2016-01-25 10:00:00,432.4200,-3.3000
2016-01-25 11:00:00,416.7800,-1.1000
2016-01-25 12:00:00,415.7000,2.2000
2016-01-25 13:00:00,393.1600,3.3000
2016-01-25 14:00:00,375.2100,3.9000
2016-01-25 15:00:00,386.0600,4.4000
2016-01-25 16:00:00,378.6900,5.0000
2016-01-25 17:00:00,372.2000,1.7000
2016-01-25 18:00:00,401.1200,2.2000
2016-01-25 19:00:00,412.6900,0.0000
2016-01-25 20:00:00,397.7100,1.1000
2016-01-25 21:00:00,416.7900,-0.6000
2016-01-25 22:00:00,255.1400,1.1000
2016-01-25 23:00:00,249.8900,2.2000
2016-01-26 00:00:00,243.7500,2.2000
2016-01-26 01:00:00,243.4100,1.7000
2016-01-26 02:00:00,244.6300,1.1000
2016-01-26 03:00:00,243.7200,0.0000
2016-01-26 04:00:00,433.7300,1.7000
2016-01-26 05:00:00,406.3500,1.7000
2016-01-26 06:00:00,381.4300,2.8000
2016-01-26 07:00:00,364.4500,2.2000
2016-01-26 08:00:00,403.2800,3.3000
2016-01-26 09:00:00,412.1100,3.3000
2016-01-26 10:00:00,396.3300,5.0000
2016-01-26 11:00:00,377.6800,5.0000
2016-01-26 12:00:00,395.0500,7.2000
2016-01-26 13:00:00,367.7200,8.3000
2016-01-26 14:00:00,352.3400,10.6000
2016-01-26 15:00:00,369.9900,9.4000
2016-01-26 16:00:00,373.4100,10.0000
2016-01-26 17:00:00,372.2900,9.4000
2016-01-26 18:00:00,385.1600,10.6000
2016-01-26 19:00:00,390.4300,6.1000
2016-01-26 20:00:00,368.1300,8.3000
2016-01-26 21:00:00,375.2800,6.7000
2016-01-26 22:00:00,275.6200,6.1000
2016-01-26 23:00:00,239.8400,7.2000
2016-01-27 00:00:00,240.9900,7.2000
2016-01-27 01:00:00,241.3700,8.3000
2016-01-27 02:00:00,240.0000,8.3000
2016-01-27 03:00:00,241.1200,6.7000
2016-01-27 04:00:00,394.6600,5.0000
2016-01-27 05:00:00,382.7000,4.4000
2016-01-27 06:00:00,409.1500,4.4000
2016-01-27 07:00:00,419.0800,4.4000
2016-01-27 08:00:00,458.9700,3.9000
2016-01-27 09:00:00,519.2100,3.9000
2016-01-27 10:00:00,495.8700,4.4000
2016-01-27 11:00:00,507.1800,5.0000
2016-01-27 12:00:00,495.6700,5.6000
2016-01-27 13:00:00,461.8900,5.6000
2016-01-27 14:00:00,456.9200,5.6000
2016-01-27 15:00:00,449.8700,5.6000
2016-01-27 16:00:00,461.6900,5.6000
2016-01-27 17:00:00,456.7000,4.4000
2016-01-27 18:00:00,449.3900,3.9000
2016-01-27 19:00:00,443.2300,3.3000
2016-01-27 20:00:00,427.4100,2.8000
2016-01-27 21:00:00,405.2400,1.7000
2016-01-27 22:00:00,307.3200,1.1000
2016-01-27 23:00:00,247.1400,1.1000
2016-01-28 00:00:00,247.3700,-0.6000
2016-01-28 01:00:00,247.5700,-1.1000
2016-01-28 02:00:00,248.6700,-2.2000
2016-01-28 03:00:00,247.4700,-2.2000
2016-01-28 04:00:00,410.9100,-3.9000
2016-01-28 05:00:00,372.5700,-3.3000
2016-01-28 06:00:00,370.6100,-3.3000
2016-01-28 07:00:00,389.6800,-3.3000
2016-01-28 08:00:00,472.6300,-3.3000
2016-01-28 09:00:00,532.6500,-2.2000
2016-01-28 10:00:00,530.4200,-0.6000
2016-01-28 11:00:00,495.1100,1.1000
2016-01-28 12:00:00,502.8100,2.8000
2016-01-28 13:00:00,473.1400,3.9000
2016-01-28 14:00:00,463.8700,3.9000
2016-01-28 15:00:00,431.8400,3.9000
2016-01-28 16:00:00,421.1100,3.9000
2016-01-28 17:00:00,408.5800,3.9000
2016-01-28 18:00:00,417.5700,2.8000
2016-01-28 19:00:00,407.9800,2.8000
2016-01-28 20:00:00,393.9000,2.8000
2016-01-28 21:00:00,375.5400,2.2000
2016-01-28 22:00:00,282.6300,2.8000
2016-01-28 23:00:00,238.8300,2.2000
2016-01-29 00:00:00,239.0000,2.2000
2016-01-29 01:00:00,241.8000,1.7000
2016-01-29 02:00:00,242.6800,0.0000
2016-01-29 03:00:00,242.2400,-0.6000
2016-01-29 04:00:00,352.4800,-1.1000
2016-01-29 05:00:00,351.7000,-1.7000
2016-01-29 06:00:00,368.1100,-1.1000
2016-01-29 07:00:00,401.6500,3.9000
2016-01-29 08:00:00,440.6500,2.8000
2016-01-29 09:00:00,457.9700,5.0000
2016-01-29 10:00:00,428.9300,6.1000
2016-01-29 11:00:00,494.4000,3.3000
2016-01-29 12:00:00,467.9100,5.0000
2016-01-29 13:00:00,472.5000,3.9000
2016-01-29 14:00:00,466.2000,4.4000
2016-01-29 15:00:00,435.3300,4.4000
2016-01-29 16:00:00,451.6600,3.3000
2016-01-29 17:00:00,478.6600,2.8000
2016-01-29 18:00:00,458.2500,2.2000
2016-01-29 19:00:00,449.4500,1.7000
2016-01-29 20:00:00,426.6800,1.1000
2016-01-29 21:00:00,429.4100,0.6000
2016-01-29 22:00:00,312.4800,0.6000
2016-01-29 23:00:00,256.2200,0.0000
2016-01-30 00:00:00,255.7000,-0.6000
2016-01-30 01:00:00,256.8200,-1.1000
2016-01-30 02:00:00,257.0700,-0.6000
2016-01-30 03:00:00,255.0800,-1.1000
2016-01-30 04:00:00,256.3700,-1.1000
2016-01-30 05:00:00,256.2100,-1.7000
2016-01-30 06:00:00,256.6600,-2.8000
2016-01-30 07:00:00,255.3600,-3.9000
2016-01-30 08:00:00,421.8900,-2.8000
2016-01-30 09:00:00,408.9000,-1.7000
2016-01-30 10:00:00,403.1300,-0.6000
2016-01-30 11:00:00,388.2200,1.7000
2016-01-30 12:00:00,391.5600,2.8000
2016-01-30 13:00:00,369.6100,3.9000
2016-01-30 14:00:00,378.6800,5.0000
2016-01-30 15:00:00,375.8200,4.4000
2016-01-30 16:00:00,372.6600,5.0000
2016-01-30 17:00:00,358.1800,4.4000
2016-01-30 18:00:00,372.5400,5.0000
2016-01-30 19:00:00,383.1600,4.4000
2016-01-30 20:00:00,245.9200,4.4000
2016-01-30 21:00:00,243.1200,3.9000
2016-01-30 22:00:00,244.3200,5.0000
2016-01-30 23:00:00,245.3500,4.4000
2016-01-31 00:00:00,244.8400,4.4000
2016-01-31 01:00:00,246.0100,5.0000
2016-01-31 02:00:00,244.8100,3.9000
2016-01-31 03:00:00,246.7100,5.0000
2016-01-31 04:00:00,246.6200,3.3000
2016-01-31 05:00:00,245.3400,3.3000
2016-01-31 06:00:00,243.8100,2.2000
2016-01-31 07:00:00,242.3600,3.3000
2016-01-31 08:00:00,230.5400,2.8000
2016-01-31 09:00:00,228.9700,4.4000
2016-01-31 10:00:00,226.6900,5.6000
2016-01-31 11:00:00,358.2600,6.7000
2016-01-31 12:00:00,385.2900,9.4000
2016-01-31 13:00:00,389.9400,11.1000
2016-01-31 14:00:00,382.1700,13.3000
2016-01-31 15:00:00,369.8700,11.1000
2016-01-31 16:00:00,375.2100,10.0000
2016-01-31 17:00:00,358.0400,11.1000
2016-01-31 18:00:00,359.4700,10.0000
2016-01-31 19:00:00,366.5100,10.0000
2016-01-31 20:00:00,357.2200,9.4000
2016-01-31 21:00:00,358.4400,8.3000
2016-01-31 22:00:00,277.2300,10.6000
2016-01-31 23:00:00,240.0100,10.6000
2016-02-01 00:00:00,240.1100,10.6000
2016-02-01 01:00:00,238.8400,8.3000
2016-02-01 02:00:00,239.4400,10.0000
2016-02-01 03:00:00,237.5500,8.9000
2016-02-01 04:00:00,388.8200,7.8000
2016-02-01 05:00:00,369.4600,7.8000
2016-02-01 06:00:00,375.1700,7.8000
2016-02-01 07:00:00,363.8700,8.3000
2016-02-01 08:00:00,399.5700,8.3000
2016-02-01 09:00:00,476.5100,8.3000
2016-02-01 10:00:00,492.6400,11.1000
2016-02-01 11:00:00,535.6900,12.2000
2016-02-01 12:00:00,528.0200,15.0000
2016-02-01 13:00:00,522.6900,15.6000
2016-02-01 14:00:00,509.6700,14.4000
2016-02-01 15:00:00,469.3400,11.7000
2016-02-01 16:00:00,432.8100,9.4000
2016-02-01 17:00:00,412.4600,8.3000
2016-02-01 18:00:00,396.4300,9.4000
2016-02-01 19:00:00,402.9100,7.8000
2016-02-01 20:00:00,389.5500,8.9000
2016-02-01 21:00:00,377.0000,8.3000
2016-02-01 22:00:00,243.2500,6.7000
2016-02-01 23:00:00,232.1300,8.3000
2016-02-02 00:00:00,221.8100,7.2000
2016-02-02 01:00:00,221.9700,6.1000
2016-02-02 02:00:00,219.6700,3.3000
2016-02-02 03:00:00,221.5700,3.3000
2016-02-02 04:00:00,349.9800,3.9000
2016-02-02 05:00:00,363.2600,2.8000
2016-02-02 06:00:00,356.9900,3.3000
2016-02-02 07:00:00,385.1500,2.8000
2016-02-02 08:00:00,405.1400,3.3000
2016-02-02 09:00:00,459.9200,4.4000
2016-02-02 10:00:00,440.3400,6.7000
2016-02-02 11:00:00,429.9200,7.2000
2016-02-02 12:00:00,437.8900,8.9000
2016-02-02 13:00:00,451.3600,10.0000
2016-02-02 14:00:00,454.4600,10.0000
2016-02-02 15:00:00,456.2900,10.6000
2016-02-02 16:00:00,450.6400,10.6000
2016-02-02 17:00:00,422.6300,8.9000
2016-02-02 18:00:00,403.1100,7.8000
2016-02-02 19:00:00,392.8100,6.7000
2016-02-02 20:00:00,382.9800,7.2000
2016-02-02 21:00:00,370.0500,7.2000
2016-02-02 22:00:00,276.2700,6.7000
2016-02-02 23:00:00,230.8300,6.7000
2016-02-03 00:00:00,229.9300,6.1000
2016-02-03 01:00:00,229.2700,6.1000
2016-02-03 02:00:00,229.6400,6.1000
2016-02-03 03:00:00,228.7400,6.7000
2016-02-03 04:00:00,358.2700,6.7000
2016-02-03 05:00:00,351.6800,5.6000
2016-02-03 06:00:00,350.9400,5.0000
2016-02-03 07:00:00,384.0300,6.1000
2016-02-03 08:00:00,415.1500,5.6000
2016-02-03 09:00:00,472.1400,7.2000
2016-02-03 10:00:00,470.8100,6.1000
2016-02-03 11:00:00,471.9300,6.7000
2016-02-03 12:00:00,482.9900,8.9000
2016-02-03 13:00:00,476.5800,9.4000
2016-02-03 14:00:00,479.3200,8.3000
2016-02-03 15:00:00,466.4900,8.9000
2016-02-03 16:00:00,484.5900,10.6000
2016-02-03 17:00:00,459.4700,11.1000
2016-02-03 18:00:00,435.9200,12.8000
2016-02-03 19:00:00,438.9600,13.3000
2016-02-03 20:00:00,418.4100,13.3000
2016-02-03 21:00:00,401.2700,13.3000
2016-02-03 22:00:00,304.6700,13.3000
2016-02-03 23:00:00,239.3000,11.7000
2016-02-04 00:00:00,237.8400,12.8000
2016-02-04 01:00:00,241.1100,13.9000
2016-02-04 02:00:00,237.6700,13.3000
2016-02-04 03:00:00,233.9700,12.2000
2016-02-04 04:00:00,382.0500,13.3000
2016-02-04 05:00:00,376.8100,12.2000
2016-02-04 06:00:00,349.0200,11.7000
2016-02-04 07:00:00,342.3300,10.6000
2016-02-04 08:00:00,376.9100,10.0000
2016-02-04 09:00:00,426.3300,9.4000
2016-02-04 10:00:00,416.3500,9.4000
2016-02-04 11:00:00,409.6800,8.9000
2016-02-04 12:00:00,430.1800,8.9000
2016-02-04 13:00:00,410.1500,8.9000
2016-02-04 14:00:00,420.2800,9.4000
2016-02-04 15:00:00,421.6900,9.4000
2016-02-04 16:00:00,412.6900,9.4000
2016-02-04 17:00:00,403.9600,8.9000
2016-02-04 18:00:00,403.8300,8.9000
2016-02-04 19:00:00,383.0200,8.3000
2016-02-04 20:00:00,370.9300,7.8000
2016-02-04 21:00:00,367.8500,7.2000
2016-02-04 22:00:00,278.8400,6.7000
2016-02-04 23:00:00,245.2100,6.1000
2016-02-05 00:00:00,243.0300,5.6000
2016-02-05 01:00:00,233.2100,5.0000
2016-02-05 02:00:00,231.6800,2.8000
2016-02-05 03:00:00,232.7600,2.8000
2016-02-05 04:00:00,365.3700,2.8000
2016-02-05 05:00:00,373.9100,3.3000
2016-02-05 06:00:00,357.1100,3.9000
2016-02-05 07:00:00,369.6400,2.8000
2016-02-05 08:00:00,413.8500,2.8000
2016-02-05 09:00:00,471.3200,3.3000
2016-02-05 10:00:00,488.6500,2.8000
2016-02-05 11:00:00,467.3900,3.9000
2016-02-05 12:00:00,475.2300,5.0000
2016-02-05 13:00:00,473.2400,5.6000
2016-02-05 14:00:00,478.2900,6.1000
2016-02-05 15:00:00,466.0900,6.1000
2016-02-05 16:00:00,456.1000,6.1000
2016-02-05 17:00:00,444.7200,5.0000
2016-02-05 18:00:00,430.8900,4.4000
2016-02-05 19:00:00,442.9900,3.3000
2016-02-05 20:00:00,418.5500,2.8000
2016-02-05 21:00:00,408.9000,1.7000
2016-02-05 22:00:00,315.8200,1.7000
2016-02-05 23:00:00,269.0400,1.7000
2016-02-06 00:00:00,270.6900,1.1000
2016-02-06 01:00:00,271.5200,1.7000
2016-02-06 02:00:00,270.2400,0.6000
2016-02-06 03:00:00,270.4300,-0.6000
2016-02-06 04:00:00,270.0400,-1.1000
2016-02-06 05:00:00,266.6300,-1.1000
2016-02-06 06:00:00,269.3900,-1.1000
2016-02-06 07:00:00,270.0400,-1.1000
2016-02-06 08:00:00,374.1700,-1.1000
2016-02-06 09:00:00,362.3200,0.6000
2016-02-06 10:00:00,352.0800,1.7000
2016-02-06 11:00:00,341.5700,3.3000
2016-02-06 12:00:00,345.4500,5.0000
2016-02-06 13:00:00,334.2600,5.6000
2016-02-06 14:00:00,337.6400,5.6000
2016-02-06 15:00:00,330.0300,5.6000
2016-02-06 16:00:00,328.5000,6.1000
2016-02-06 17:00:00,325.7200,5.6000
2016-02-06 18:00:00,327.2200,5.0000
2016-02-06 19:00:00,340.0000,3.9000
2016-02-06 20:00:00,266.3100,3.3000
2016-02-06 21:00:00,266.6400,3.3000
2016-02-06 22:00:00,266.8900,2.8000
2016-02-06 23:00:00,268.8100,2.8000
2016-02-07 00:00:00,266.9600,1.7000
2016-02-07 01:00:00,269.6600,1.7000
2016-02-07 02:00:00,266.7400,0.6000
2016-02-07 03:00:00,267.5100,0.6000
2016-02-07 04:00:00,267.1000,0.6000
2016-02-07 05:00:00,265.3200,-1.1000
2016-02-07 06:00:00,263.7500,0.0000
2016-02-07 07:00:00,270.5600,-0.6000
2016-02-07 08:00:00,259.4600,0.0000
2016-02-07 09:00:00,257.9300,0.6000
2016-02-07 10:00:00,253.7300,2.2000
2016-02-07 11:00:00,351.4800,4.4000
2016-02-07 12:00:00,323.2200,6.7000
2016-02-07 13:00:00,313.8600,7.2000
2016-02-07 14:00:00,313.9500,7.2000
2016-02-07 15:00:00,311.9600,7.8000
2016-02-07 16:00:00,310.5200,7.2000
2016-02-07 17:00:00,312.6200,6.1000
2016-02-07 18:00:00,312.0500,6.1000
2016-02-07 19:00:00,323.3500,5.6000
2016-02-07 20:00:00,320.6000,5.6000
2016-02-07 21:00:00,319.2800,5.0000
2016-02-07 22:00:00,287.4500,3.9000
2016-02-07 23:00:00,265.1900,4.4000
2016-02-08 00:00:00,263.7900,4.4000
2016-02-08 01:00:00,265.9200,3.3000
2016-02-08 02:00:00,267.0400,3.3000
2016-02-08 03:00:00,262.8400,2.8000
2016-02-08 04:00:00,369.8200,2.2000
2016-02-08 05:00:00,358.6300,2.2000
2016-02-08 06:00:00,355.8500,1.7000
2016-02-08 07:00:00,405.6800,1.7000
2016-02-08 08:00:00,442.8200,2.2000
2016-02-08 09:00:00,487.6600,4.4000
2016-02-08 10:00:00,459.4900,5.6000
2016-02-08 11:00:00,456.0100,6.7000
2016-02-08 12:00:00,474.1300,6.7000
2016-02-08 13:00:00,450.9500,7.2000
2016-02-08 14:00:00,444.0100,7.8000
2016-02-08 15:00:00,444.5500,7.8000
2016-02-08 16:00:00,448.5200,7.8000
2016-02-08 17:00:00,438.9000,7.2000
2016-02-08 18:00:00,447.0700,6.1000
2016-02-08 19:00:00,448.4200,6.1000
2016-02-08 20:00:00,433.3500,5.0000
2016-02-08 21:00:00,397.9200,4.4000
2016-02-08 22:00:00,274.5200,3.9000
2016-02-08 23:00:00,267.0400,3.9000
2016-02-09 00:00:00,268.4400,3.9000
2016-02-09 01:00:00,264.1100,3.3000
2016-02-09 02:00:00,265.0100,3.3000
2016-02-09 03:00:00,264.8100,3.3000
2016-02-09 04:00:00,403.3000,3.3000
2016-02-09 05:00:00,402.0000,2.8000
2016-02-09 06:00:00,393.1600,2.2000
2016-02-09 07:00:00,439.9900,2.2000
2016-02-09 08:00:00,459.7800,2.2000
2016-02-09 09:00:00,542.2900,2.2000
2016-02-09 10:00:00,483.0200,2.8000
2016-02-09 11:00:00,483.6400,2.8000
2016-02-09 12:00:00,486.7400,2.8000
2016-02-09 13:00:00,467.6000,3.3000
2016-02-09 14:00:00,452.6700,3.3000
2016-02-09 15:00:00,447.2400,3.9000
2016-02-09 16:00:00,468.3200,3.9000
2016-02-09 17:00:00,430.2200,3.3000
2016-02-09 18:00:00,421.8100,2.2000
2016-02-09 19:00:00,429.6500,1.7000
2016-02-09 20:00:00,428.6500,1.7000
2016-02-09 21:00:00,421.9000,1.7000
2016-02-09 22:00:00,317.2000,0.6000
2016-02-09 23:00:00,277.3600,0.6000
2016-02-10 00:00:00,277.4400,0.0000
2016-02-10 01:00:00,277.4600,0.0000
2016-02-10 02:00:00,278.3300,-0.6000
2016-02-10 03:00:00,276.2200,-1.7000
2016-02-10 04:00:00,429.6300,-1.7000
2016-02-10 05:00:00,424.9100,-1.1000
2016-02-10 06:00:00,420.6100,0.0000
2016-02-10 07:00:00,461.8300,0.0000
2016-02-10 08:00:00,485.1300,0.0000
2016-02-10 09:00:00,543.2300,0.6000
2016-02-10 10:00:00,527.6500,0.6000
2016-02-10 11:00:00,518.9700,1.7000
2016-02-10 12:00:00,525.1500,2.8000
2016-02-10 13:00:00,490.4400,3.9000
2016-02-10 14:00:00,495.3600,2.8000
2016-02-10 15:00:00,476.6000,3.3000
2016-02-10 16:00:00,471.9500,2.2000
2016-02-10 17:00:00,474.9100,1.7000
2016-02-10 18:00:00,474.0600,0.0000
2016-02-10 19:00:00,431.0300,-1.7000
2016-02-10 20:00:00,454.0800,-2.2000
2016-02-10 21:00:00,431.8200,-2.8000
2016-02-10 22:00:00,324.2400,-2.8000
2016-02-10 23:00:00,266.5600,-3.3000
2016-02-11 00:00:00,267.9000,-3.3000
2016-02-11 01:00:00,269.8500,-3.3000
2016-02-11 02:00:00,271.8900,-3.9000
2016-02-11 03:00:00,272.0600,-4.4000
2016-02-11 04:00:00,444.0800,-4.4000
2016-02-11 05:00:00,420.3700,-5.0000
2016-02-11 06:00:00,426.6500,-5.6000
2016-02-11 07:00:00,467.1700,-5.6000
2016-02-11 08:00:00,448.5600,-5.6000
2016-02-11 09:00:00,518.4000,-5.0000
2016-02-11 10:00:00,498.5900,-4.4000
2016-02-11 11:00:00,502.5300,-3.3000
2016-02-11 12:00:00,512.7100,-2.2000
2016-02-11 13:00:00,486.4200,-1.1000
2016-02-11 14:00:00,471.5700,-2.2000
2016-02-11 15:00:00,476.4200,-1.1000
2016-02-11 16:00:00,490.9600,-1.7000
2016-02-11 17:00:00,475.6400,-2.2000
2016-02-11 18:00:00,473.5900,-3.3000
2016-02-11 19:00:00,477.9800,-3.9000
2016-02-11 20:00:00,469.8700,-4.4000
2016-02-11 21:00:00,447.9900,-5.0000
2016-02-11 22:00:00,320.9500,-5.0000
2016-02-11 23:00:00,281.7300,-5.0000
2016-02-12 00:00:00,281.2700,-5.6000
2016-02-12 01:00:00,280.9600,-6.1000
2016-02-12 02:00:00,281.4900,-6.1000
2016-02-12 03:00:00,282.2700,-6.1000
2016-02-12 04:00:00,448.7500,-6.7000
2016-02-12 05:00:00,423.9500,-6.7000
2016-02-12 06:00:00,432.2500,-6.7000
2016-02-12 07:00:00,479.3500,-6.7000
2016-02-12 08:00:00,500.8400,-6.1000
2016-02-12 09:00:00,535.5800,-5.0000
2016-02-12 10:00:00,527.3900,-4.4000
2016-02-12 11:00:00,493.9200,-3.9000
2016-02-12 12:00:00,499.6400,-2.2000
2016-02-12 13:00:00,526.2400,-2.2000
2016-02-12 14:00:00,500.0800,-1.1000
2016-02-12 15:00:00,492.2700,-0.6000
2016-02-12 16:00:00,487.7300,-1.1000
2016-02-12 17:00:00,494.4500,-1.7000
2016-02-12 18:00:00,484.9700,-1.7000
2016-02-12 19:00:00,503.9100,-2.2000
2016-02-12 20:00:00,450.6000,-2.2000
2016-02-12 21:00:00,440.7200,-2.2000
2016-02-12 22:00:00,329.3000,-1.7000
2016-02-12 23:00:00,271.5200,-2.2000
2016-02-13 00:00:00,271.9900,-2.2000
2016-02-13 01:00:00,271.7500,-2.8000
2016-02-13 02:00:00,271.0300,-2.8000
2016-02-13 03:00:00,269.6600,-2.2000
2016-02-13 04:00:00,273.8900,-3.3000
2016-02-13 05:00:00,273.5300,-4.4000
2016-02-13 06:00:00,274.2200,-5.0000
2016-02-13 07:00:00,275.5500,-5.6000
2016-02-13 08:00:00,518.4500,-6.1000
2016-02-13 09:00:00,495.6800,-6.1000
2016-02-13 10:00:00,485.9600,-5.6000
2016-02-13 11:00:00,458.1700,-5.6000
2016-02-13 12:00:00,460.9900,-5.6000
2016-02-13 13:00:00,463.1000,-6.1000
2016-02-13 14:00:00,459.9400,-5.0000
2016-02-13 15:00:00,451.1700,-5.6000
2016-02-13 16:00:00,441.3900,-6.1000
2016-02-13 17:00:00,448.9200,-6.7000
2016-02-13 18:00:00,470.0200,-7.2000
2016-02-13 19:00:00,482.8700,-7.8000
2016-02-13 20:00:00,287.3600,-7.8000
2016-02-13 21:00:00,284.0600,-8.3000
2016-02-13 22:00:00,284.0600,-8.9000
2016-02-13 23:00:00,284.6900,-8.9000
2016-02-14 00:00:00,287.0200,-9.4000
2016-02-14 01:00:00,288.6300,-9.4000
2016-02-14 02:00:00,287.0100,
2016-02-14 03:00:00,288.7100,-10.0000
2016-02-14 04:00:00,282.4800,-10.0000
2016-02-14 05:00:00,287.4400,-10.0000
2016-02-14 06:00:00,288.0000,-10.6000
2016-02-14 07:00:00,285.3600,-10.6000
2016-02-14 08:00:00,276.4800,-10.0000
2016-02-14 09:00:00,281.3500,-8.3000
2016-02-14 10:00:00,265.7300,-7.2000
2016-02-14 11:00:00,451.0400,-6.7000
2016-02-14 12:00:00,419.8600,-6.1000
2016-02-14 13:00:00,418.5200,-5.0000
2016-02-14 14:00:00,391.6300,-4.4000
2016-02-14 15:00:00,388.3600,-3.9000
2016-02-14 16:00:00,369.7800,-3.9000
2016-02-14 17:00:00,385.6000,-4.4000
2016-02-14 18:00:00,393.5100,-4.4000
2016-02-14 19:00:00,406.5000,-4.4000
2016-02-14 20:00:00,398.7500,-5.6000
2016-02-14 21:00:00,398.4700,-5.6000
2016-02-14 22:00:00,325.4200,-5.0000
2016-02-14 23:00:00,280.6700,-5.0000
2016-02-15 00:00:00,279.2000,-6.1000
2016-02-15 01:00:00,277.9000,-6.7000
2016-02-15 02:00:00,281.3500,-6.1000
2016-02-15 03:00:00,278.6000,-6.1000
2016-02-15 04:00:00,459.6100,-6.1000
2016-02-15 05:00:00,458.7900,-6.1000
2016-02-15 06:00:00,444.2200,-5.6000
2016-02-15 07:00:00,432.7200,-5.6000
2016-02-15 08:00:00,434.3200,-5.6000
2016-02-15 09:00:00,423.8700,-5.0000
2016-02-15 10:00:00,399.5700,-4.4000
2016-02-15 11:00:00,390.3400,-3.9000
2016-02-15 12:00:00,395.4900,-3.3000
2016-02-15 13:00:00,390.2600,-2.8000
2016-02-15 14:00:00,380.5500,-2.8000
2016-02-15 15:00:00,397.8200,-1.7000
2016-02-15 16:00:00,383.7000,-1.7000
2016-02-15 17:00:00,394.4600,-1.7000
2016-02-15 18:00:00,392.3700,-1.7000
2016-02-15 19:00:00,394.5600,-1.7000
2016-02-15 20:00:00,388.9800,-1.1000
2016-02-15 21:00:00,391.5800,-1.1000
2016-02-15 22:00:00,269.9300,-1.1000
2016-02-15 23:00:00,269.5000,-1.1000
2016-02-16 00:00:00,267.9600,-0.6000
2016-02-16 01:00:00,265.5800,-0.6000
2016-02-16 02:00:00,268.9200,-0.6000
2016-02-16 03:00:00,266.8700,-0.6000
2016-02-16 04:00:00,430.4800,-0.6000
2016-02-16 05:00:00,422.5900,0.0000
2016-02-16 06:00:00,394.5900,4.4000
2016-02-16 07:00:00,450.0200,10.6000
2016-02-16 08:00:00,424.8100,10.0000
2016-02-16 09:00:00,409.0600,11.1000
2016-02-16 10:00:00,453.4200,8.3000
2016-02-16 11:00:00,488.3600,7.2000
2016-02-16 12:00:00,469.6800,7.8000
2016-02-16 13:00:00,454.8000,8.9000
2016-02-16 14:00:00,441.6500,10.0000
2016-02-16 15:00:00,445.1900,10.0000
2016-02-16 16:00:00,435.3800,10.6000
2016-02-16 17:00:00,414.0600,9.4000
2016-02-16 18:00:00,399.8000,7.8000
2016-02-16 19:00:00,397.9700,6.7000
2016-02-16 20:00:00,383.1100,5.6000
2016-02-16 21:00:00,373.7100,5.6000
2016-02-16 22:00:00,286.4900,5.0000
2016-02-16 23:00:00,249.3500,5.0000
2016-02-17 00:00:00,250.9200,3.9000
2016-02-17 01:00:00,250.9600,3.9000
2016-02-17 02:00:00,251.6400,3.9000
2016-02-17 03:00:00,252.2100,1.7000
2016-02-17 04:00:00,359.8200,0.6000
2016-02-17 05:00:00,363.5100,0.6000
2016-02-17 06:00:00,367.8500,0.6000
2016-02-17 07:00:00,414.2000,1.7000
2016-02-17 08:00:00,435.8900,1.1000
2016-02-17 09:00:00,494.0500,2.2000
2016-02-17 10:00:00,484.6600,5.6000
2016-02-17 11:00:00,485.8400,6.1000
2016-02-17 12:00:00,452.4300,8.3000
2016-02-17 13:00:00,448.9700,8.9000
2016-02-17 14:00:00,441.2100,7.8000
2016-02-17 15:00:00,438.4600,7.8000
2016-02-17 16:00:00,446.3000,8.3000
2016-02-17 17:00:00,437.8400,7.8000
2016-02-17 18:00:00,432.1600,6.1000
2016-02-17 19:00:00,431.3300,4.4000
2016-02-17 20:00:00,421.8100,3.9000
2016-02-17 21:00:00,397.8500,3.3000
2016-02-17 22:00:00,281.6900,3.9000
2016-02-17 23:00:00,239.7200,3.3000
2016-02-18 00:00:00,239.9500,2.8000
2016-02-18 01:00:00,239.4100,3.3000
2016-02-18 02:00:00,240.2700,2.8000
2016-02-18 03:00:00,241.8000,2.8000
2016-02-18 04:00:00,409.9500,1.7000
2016-02-18 05:00:00,401.3400,1.7000
2016-02-18 06:00:00,422.9500,1.1000
2016-02-18 07:00:00,440.3800,0.0000
2016-02-18 08:00:00,466.7500,0.6000
2016-02-18 09:00:00,508.5300,0.6000
2016-02-18 10:00:00,497.9500,1.7000
2016-02-18 11:00:00,493.0100,2.2000
2016-02-18 12:00:00,496.0000,2.8000
2016-02-18 13:00:00,468.0500,3.3000
2016-02-18 14:00:00,476.1900,3.9000
2016-02-18 15:00:00,459.3700,3.9000
2016-02-18 16:00:00,463.2700,3.9000
2016-02-18 17:00:00,450.1400,3.3000
2016-02-18 18:00:00,441.8900,2.2000
2016-02-18 19:00:00,453.5000,1.1000
2016-02-18 20:00:00,437.9300,0.6000
2016-02-18 21:00:00,431.1000,0.6000
2016-02-18 22:00:00,300.7900,0.0000
2016-02-18 23:00:00,250.5600,0.0000
2016-02-19 00:00:00,250.4500,-0.6000
2016-02-19 01:00:00,251.9100,-1.7000
2016-02-19 02:00:00,250.6300,-1.1000
2016-02-19 03:00:00,251.5200,-1.1000
2016-02-19 04:00:00,375.5800,-1.7000
2016-02-19 05:00:00,359.3100,-2.2000
2016-02-19 06:00:00,379.1900,-2.2000
2016-02-19 07:00:00,407.1500,-2.2000
2016-02-19 08:00:00,445.4500,-1.7000
2016-02-19 09:00:00,506.3900,-0.6000
2016-02-19 10:00:00,488.2500,0.0000
2016-02-19 11:00:00,495.8900,0.0000
2016-02-19 12:00:00,498.7800,1.1000
2016-02-19 13:00:00,496.1200,2.8000
2016-02-19 14:00:00,470.9800,3.9000
2016-02-19 15:00:00,466.9500,4.4000
2016-02-19 16:00:00,467.1000,5.0000
2016-02-19 17:00:00,460.4000,4.4000
2016-02-19 18:00:00,438.6000,3.9000
2016-02-19 19:00:00,449.0800,3.3000
2016-02-19 20:00:00,418.6400,3.3000
2016-02-19 21:00:00,398.1100,3.9000
2016-02-19 22:00:00,306.6600,4.4000
2016-02-19 23:00:00,245.8600,4.4000
2016-02-20 00:00:00,241.9600,4.4000
2016-02-20 01:00:00,242.9000,5.0000
2016-02-20 02:00:00,241.8000,5.0000
2016-02-20 03:00:00,239.3600,7.2000
2016-02-20 04:00:00,238.4100,7.8000
2016-02-20 05:00:00,238.7000,6.7000
2016-02-20 06:00:00,238.6900,6.7000
2016-02-20 07:00:00,237.3800,6.7000
2016-02-20 08:00:00,375.9500,6.1000
2016-02-20 09:00:00,369.8700,7.2000
2016-02-20 10:00:00,366.0900,7.8000
2016-02-20 11:00:00,384.8900,9.4000
2016-02-20 12:00:00,403.8300,10.6000
2016-02-20 13:00:00,399.3400,13.9000
2016-02-20 14:00:00,424.8500,14.4000
2016-02-20 15:00:00,417.7700,13.3000
2016-02-20 16:00:00,411.3800,16.1000
2016-02-20 17:00:00,410.5300,17.2000
2016-02-20 18:00:00,427.5000,12.8000
2016-02-20 19:00:00,410.0000,12.2000
2016-02-20 20:00:00,281.4400,10.6000
2016-02-20 21:00:00,242.4600,10.6000
2016-02-20 22:00:00,231.1600,10.0000
2016-02-20 23:00:00,232.2000,9.4000
2016-02-21 00:00:00,234.3300,10.0000
2016-02-21 01:00:00,232.8800,10.0000
2016-02-21 02:00:00,234.2600,8.9000
2016-02-21 03:00:00,234.5100,8.9000
2016-02-21 04:00:00,235.5800,9.4000
2016-02-21 05:00:00,233.2500,8.9000
2016-02-21 06:00:00,232.8100,9.4000
2016-02-21 07:00:00,230.8400,7.2000
2016-02-21 08:00:00,220.4900,8.9000
2016-02-21 09:00:00,219.1500,10.0000
2016-02-21 10:00:00,219.7000,12.2000
2016-02-21 11:00:00,375.6400,11.1000
2016-02-21 12:00:00,397.3500,12.8000
2016-02-21 13:00:00,368.6300,12.8000
2016-02-21 14:00:00,410.5900,13.3000
2016-02-21 15:00:00,382.0500,11.1000
2016-02-21 16:00:00,354.0000,11.1000
2016-02-21 17:00:00,354.9900,10.6000
2016-02-21 18:00:00,356.5200,10.6000
2016-02-21 19:00:00,359.0200,11.1000
2016-02-21 20:00:00,370.9300,10.6000
2016-02-21 21:00:00,359.2000,10.6000
2016-02-21 22:00:00,282.6700,9.4000
2016-02-21 23:00:00,249.5900,8.9000
2016-02-22 00:00:00,237.0900,8.9000
2016-02-22 01:00:00,233.6800,8.3000
2016-02-22 02:00:00,233.1400,8.9000
2016-02-22 03:00:00,233.7500,8.3000
2016-02-22 04:00:00,378.2400,7.8000
2016-02-22 05:00:00,363.9800,7.2000
2016-02-22 06:00:00,371.2300,6.7000
2016-02-22 07:00:00,390.0100,5.0000
2016-02-22 08:00:00,370.0300,5.6000
2016-02-22 09:00:00,380.9700,6.1000
2016-02-22 10:00:00,395.1400,7.2000
2016-02-22 11:00:00,386.1400,8.3000
2016-02-22 12:00:00,407.3000,9.4000
2016-02-22 13:00:00,419.2900,10.6000
2016-02-22 14:00:00,420.3000,11.1000
2016-02-22 15:00:00,425.7500,11.1000
2016-02-22 16:00:00,400.1100,11.1000
2016-02-22 17:00:00,397.2100,10.0000
2016-02-22 18:00:00,408.3900,8.9000
2016-02-22 19:00:00,408.3500,8.3000
2016-02-22 20:00:00,364.7500,7.8000
2016-02-22 21:00:00,320.1000,7.8000
2016-02-22 22:00:00,242.5100,7.2000
2016-02-22 23:00:00,241.0700,6.7000
2016-02-23 00:00:00,230.4500,6.7000
2016-02-23 01:00:00,231.7300,6.7000
2016-02-23 02:00:00,233.2100,6.1000
2016-02-23 03:00:00,229.9300,6.1000
2016-02-23 04:00:00,334.5400,6.1000
2016-02-23 05:00:00,325.8400,5.6000
2016-02-23 06:00:00,339.7700,5.0000
2016-02-23 07:00:00,374.8900,4.4000
2016-02-23 08:00:00,422.7600,4.4000
2016-02-23 09:00:00,468.9100,5.0000
2016-02-23 10:00:00,474.5600,5.6000
2016-02-23 11:00:00,494.6300,6.1000
2016-02-23 12:00:00,436.2000,6.7000
2016-02-23 13:00:00,463.7200,6.7000
2016-02-23 14:00:00,444.8200,6.7000
2016-02-23 15:00:00,484.6400,7.2000
2016-02-23 16:00:00,479.4900,6.1000
2016-02-23 17:00:00,461.8200,6.1000
2016-02-23 18:00:00,421.4000,6.1000
2016-02-23 19:00:00,410.5900,6.7000
2016-02-23 20:00:00,414.5800,6.7000
2016-02-23 21:00:00,375.0400,6.1000
2016-02-23 22:00:00,264.7600,6.1000
2016-02-23 23:00:00,233.7300,6.1000
2016-02-24 00:00:00,235.8900,5.6000
2016-02-24 01:00:00,235.6500,5.6000
2016-02-24 02:00:00,233.7400,5.6000
2016-02-24 03:00:00,236.3200,5.6000
2016-02-24 04:00:00,382.2400,5.6000
2016-02-24 05:00:00,365.3200,5.6000
2016-02-24 06:00:00,370.4400,5.6000
2016-02-24 07:00:00,386.5900,5.6000
2016-02-24 08:00:00,424.8200,5.6000
2016-02-24 09:00:00,503.5300,6.7000
2016-02-24 10:00:00,468.4000,7.2000
2016-02-24 11:00:00,464.8800,8.3000
2016-02-24 12:00:00,472.8400,11.1000
2016-02-24 13:00:00,488.0800,12.2000
2016-02-24 14:00:00,493.4700,15.0000
2016-02-24 15:00:00,565.7900,18.3000
2016-02-24 16:00:00,519.6000,17.2000
2016-02-24 17:00:00,506.2100,17.8000
2016-02-24 18:00:00,490.3700,18.3000
2016-02-24 19:00:00,463.9800,15.6000
2016-02-24 20:00:00,470.9300,16.7000
2016-02-24 21:00:00,452.5600,13.9000
2016-02-24 22:00:00,293.5800,14.4000
2016-02-24 23:00:00,264.7700,16.1000
2016-02-25 00:00:00,218.0100,16.1000
2016-02-25 01:00:00,216.6300,13.9000
2016-02-25 02:00:00,218.1500,12.8000
2016-02-25 03:00:00,217.9200,11.7000
2016-02-25 04:00:00,368.5200,11.7000
2016-02-25 05:00:00,346.5500,10.6000
2016-02-25 06:00:00,354.4400,9.4000
2016-02-25 07:00:00,374.4000,8.9000
2016-02-25 08:00:00,382.5000,8.3000
2016-02-25 09:00:00,502.5900,8.3000
2016-02-25 10:00:00,481.2300,9.4000
2016-02-25 11:00:00,444.0700,8.9000
2016-02-25 12:00:00,445.1600,8.3000
2016-02-25 13:00:00,443.7100,8.3000
2016-02-25 14:00:00,419.7800,8.3000
2016-02-25 15:00:00,460.9700,8.3000
2016-02-25 16:00:00,449.8400,7.8000
2016-02-25 17:00:00,448.5500,7.8000
2016-02-25 18:00:00,459.9500,7.8000
2016-02-25 19:00:00,422.1800,7.2000
2016-02-25 20:00:00,408.0600,6.7000
2016-02-25 21:00:00,381.2100,6.1000
2016-02-25 22:00:00,292.4000,6.1000
2016-02-25 23:00:00,238.2500,5.0000
2016-02-26 00:00:00,237.7500,4.4000
2016-02-26 01:00:00,239.4600,3.9000
2016-02-26 02:00:00,238.0500,3.9000
2016-02-26 03:00:00,239.6100,2.2000
2016-02-26 04:00:00,401.8800,2.2000
2016-02-26 05:00:00,387.0900,1.7000
2016-02-26 06:00:00,383.0700,1.7000
2016-02-26 07:00:00,383.4300,2.2000
2016-02-26 08:00:00,439.2000,2.2000
2016-02-26 09:00:00,480.1300,2.8000
2016-02-26 10:00:00,473.9700,2.8000
2016-02-26 11:00:00,460.4300,3.9000
2016-02-26 12:00:00,478.8800,3.9000
2016-02-26 13:00:00,478.4200,3.9000
2016-02-26 14:00:00,429.0900,4.4000
2016-02-26 15:00:00,430.9500,4.4000
2016-02-26 16:00:00,428.3700,3.9000
2016-02-26 17:00:00,428.1600,3.3000
2016-02-26 18:00:00,450.7100,2.2000
2016-02-26 19:00:00,456.6800,1.7000
2016-02-26 20:00:00,446.6600,1.1000
2016-02-26 21:00:00,422.9700,1.1000
2016-02-26 22:00:00,329.8800,0.6000
2016-02-26 23:00:00,268.7200,0.0000
2016-02-27 00:00:00,265.3600,0.0000
2016-02-27 01:00:00,269.2700,0.0000
2016-02-27 02:00:00,265.8100,-0.6000
2016-02-27 03:00:00,262.5500,-0.6000
2016-02-27 04:00:00,267.0400,-1.1000
2016-02-27 05:00:00,266.9800,-2.2000
2016-02-27 06:00:00,266.6800,-2.2000
2016-02-27 07:00:00,261.4000,-2.2000
2016-02-27 08:00:00,417.0900,-0.6000
2016-02-27 09:00:00,407.0000,0.6000
2016-02-27 10:00:00,402.1600,3.3000
2016-02-27 11:00:00,394.6600,3.9000
2016-02-27 12:00:00,400.5300,5.0000
2016-02-27 13:00:00,406.2100,6.7000
2016-02-27 14:00:00,398.9700,7.2000
2016-02-27 15:00:00,393.9000,7.2000
2016-02-27 16:00:00,386.0300,8.3000
2016-02-27 17:00:00,377.8600,7.8000
2016-02-27 18:00:00,370.9400,7.2000
2016-02-27 19:00:00,381.0500,5.6000
2016-02-27 20:00:00,263.9600,4.4000
2016-02-27 21:00:00,260.0000,5.0000
2016-02-27 22:00:00,265.4100,5.0000
2016-02-27 23:00:00,265.4200,3.9000
2016-02-28 00:00:00,265.7700,2.8000
2016-02-28 01:00:00,267.1200,2.2000
2016-02-28 02:00:00,262.9400,1.1000
2016-02-28 03:00:00,266.5500,1.1000
2016-02-28 04:00:00,264.8300,1.1000
2016-02-28 05:00:00,263.1500,0.6000
2016-02-28 06:00:00,264.8500,1.1000
2016-02-28 07:00:00,260.0800,0.6000
2016-02-28 08:00:00,251.1900,3.3000
2016-02-28 09:00:00,250.3400,5.6000
2016-02-28 10:00:00,247.7400,8.3000
2016-02-28 11:00:00,391.9700,10.6000
2016-02-28 12:00:00,416.7000,13.3000
2016-02-28 13:00:00,424.2100,15.0000
2016-02-28 14:00:00,420.7500,16.7000
2016-02-28 15:00:00,419.6300,18.3000
2016-02-28 16:00:00,413.4800,17.2000
2016-02-28 17:00:00,414.3000,16.7000
2016-02-28 18:00:00,417.9900,15.6000
2016-02-28 19:00:00,436.9800,12.8000
2016-02-28 20:00:00,437.8300,13.3000
2016-02-28 21:00:00,419.5500,13.9000
2016-02-28 22:00:00,316.7400,13.9000
2016-02-28 23:00:00,279.9200,13.3000
2016-02-29 00:00:00,276.0300,12.8000
2016-02-29 01:00:00,263.7200,11.7000
2016-02-29 02:00:00,261.7800,11.7000
2016-02-29 03:00:00,263.1400,11.7000
2016-02-29 04:00:00,407.0100,11.7000
2016-02-29 05:00:00,400.9500,11.7000
2016-02-29 06:00:00,396.0000,11.7000
2016-02-29 07:00:00,363.8300,11.7000
2016-02-29 08:00:00,390.4200,12.2000
2016-02-29 09:00:00,495.5400,12.8000
2016-02-29 10:00:00,503.4500,14.4000
2016-02-29 11:00:00,567.4500,17.2000
2016-02-29 12:00:00,550.4500,17.8000
2016-02-29 13:00:00,501.1400,17.8000
2016-02-29 14:00:00,491.6800,17.8000
2016-02-29 15:00:00,477.8600,17.2000
2016-02-29 16:00:00,487.8700,16.7000
2016-02-29 17:00:00,490.2400,16.1000
2016-02-29 18:00:00,485.3000,15.0000
2016-02-29 19:00:00,437.5400,13.3000
2016-02-29 20:00:00,404.2700,12.8000
2016-02-29 21:00:00,363.9800,12.8000
2016-02-29 22:00:00,253.6100,12.2000
2016-02-29 23:00:00,245.3000,9.4000
2016-03-01 00:00:00,244.0200,7.2000
2016-03-01 01:00:00,246.3100,6.7000
2016-03-01 02:00:00,245.2600,6.7000
2016-03-01 03:00:00,245.1400,6.1000
2016-03-01 04:00:00,384.9500,5.6000
2016-03-01 05:00:00,364.0200,5.6000
2016-03-01 06:00:00,382.8500,4.4000
2016-03-01 07:00:00,396.2400,5.0000
2016-03-01 08:00:00,412.2600,6.7000
2016-03-01 09:00:00,490.7600,9.4000
2016-03-01 10:00:00,487.7700,12.8000
2016-03-01 11:00:00,537.3400,16.1000
2016-03-01 12:00:00,515.9400,17.2000
2016-03-01 13:00:00,500.4100,17.2000
2016-03-01 14:00:00,501.3000,17.8000
2016-03-01 15:00:00,519.3300,18.3000
2016-03-01 16:00:00,509.0200,16.1000
2016-03-01 17:00:00,514.4000,15.6000
2016-03-01 18:00:00,484.1600,14.4000
2016-03-01 19:00:00,459.9500,13.3000
2016-03-01 20:00:00,412.7100,13.3000
2016-03-01 21:00:00,420.8100,13.9000
2016-03-01 22:00:00,299.2300,14.4000
2016-03-01 23:00:00,297.0400,16.1000
2016-03-02 00:00:00,278.1900,15.0000
2016-03-02 01:00:00,256.8700,14.4000
2016-03-02 02:00:00,253.1700,13.3000
2016-03-02 03:00:00,255.9400,13.9000
2016-03-02 04:00:00,382.3500,12.2000
2016-03-02 05:00:00,374.4300,11.1000
2016-03-02 06:00:00,368.3300,7.8000
2016-03-02 07:00:00,375.0800,6.1000
2016-03-02 08:00:00,443.0900,4.4000
2016-03-02 09:00:00,470.9000,4.4000
2016-03-02 10:00:00,492.9100,4.4000
2016-03-02 11:00:00,495.5500,4.4000
2016-03-02 12:00:00,503.1300,5.6000
2016-03-02 13:00:00,463.5800,5.0000
2016-03-02 14:00:00,442.9100,5.6000
2016-03-02 15:00:00,443.1200,5.6000
2016-03-02 16:00:00,442.9400,5.0000
2016-03-02 17:00:00,437.1100,4.4000
2016-03-02 18:00:00,437.6400,3.3000
2016-03-02 19:00:00,429.0400,2.2000
2016-03-02 20:00:00,426.2400,1.7000
2016-03-02 21:00:00,400.0800,1.1000
2016-03-02 22:00:00,299.4300,0.6000
2016-03-02 23:00:00,243.7000,0.0000
2016-03-03 00:00:00,245.4200,-0.6000
2016-03-03 01:00:00,247.6000,-0.6000
2016-03-03 02:00:00,247.7500,-0.6000
2016-03-03 03:00:00,246.2100,-1.1000
2016-03-03 04:00:00,397.7600,-0.6000
2016-03-03 05:00:00,402.0400,-1.1000
2016-03-03 06:00:00,410.2700,-1.1000
2016-03-03 07:00:00,427.3700,-0.6000
2016-03-03 08:00:00,466.4500,0.0000
2016-03-03 09:00:00,502.0900,1.7000
2016-03-03 10:00:00,490.2800,1.1000
2016-03-03 11:00:00,469.3800,2.2000
2016-03-03 12:00:00,436.6100,3.3000
2016-03-03 13:00:00,433.0600,3.3000
2016-03-03 14:00:00,437.7900,4.4000
2016-03-03 15:00:00,444.3700,5.0000
2016-03-03 16:00:00,441.7500,5.0000
2016-03-03 17:00:00,436.7000,4.4000
2016-03-03 18:00:00,443.1600,3.9000
2016-03-03 19:00:00,440.4100,3.9000
2016-03-03 20:00:00,415.2400,2.2000
2016-03-03 21:00:00,402.4000,1.1000
2016-03-03 22:00:00,303.3100,1.1000
2016-03-03 23:00:00,254.9300,0.6000
2016-03-04 00:00:00,259.0800,0.0000
2016-03-04 01:00:00,258.2500,0.6000
2016-03-04 02:00:00,259.3200,0.6000
2016-03-04 03:00:00,255.8300,0.6000
2016-03-04 04:00:00,416.0600,0.6000
2016-03-04 05:00:00,414.2400,0.6000
2016-03-04 06:00:00,412.4200,0.6000
2016-03-04 07:00:00,413.7600,0.6000
2016-03-04 08:00:00,448.6600,1.1000
2016-03-04 09:00:00,514.9900,1.1000
2016-03-04 10:00:00,515.9700,2.2000
2016-03-04 11:00:00,501.5400,2.8000
2016-03-04 12:00:00,479.1500,3.3000
2016-03-04 13:00:00,478.1700,4.4000
2016-03-04 14:00:00,472.8400,4.4000
2016-03-04 15:00:00,480.4200,5.0000
2016-03-04 16:00:00,465.4800,5.0000
2016-03-04 17:00:00,458.9400,4.4000
2016-03-04 18:00:00,453.3800,5.0000
2016-03-04 19:00:00,439.1600,4.4000
2016-03-04 20:00:00,437.6000,4.4000
2016-03-04 21:00:00,419.8900,4.4000
2016-03-04 22:00:00,326.9000,3.9000
2016-03-04 23:00:00,262.0000,3.9000
2016-03-05 00:00:00,264.8100,3.9000
2016-03-05 01:00:00,264.8900,3.9000
2016-03-05 02:00:00,264.6000,3.3000
2016-03-05 03:00:00,267.7900,3.3000
2016-03-05 04:00:00,268.1600,3.9000
2016-03-05 05:00:00,266.7100,2.2000
2016-03-05 06:00:00,265.0600,2.2000
2016-03-05 07:00:00,260.2400,1.7000
2016-03-05 08:00:00,399.1200,1.7000
2016-03-05 09:00:00,413.1600,2.2000
2016-03-05 10:00:00,404.8800,3.3000
2016-03-05 11:00:00,398.5400,3.3000
2016-03-05 12:00:00,383.2900,3.9000
2016-03-05 13:00:00,376.7800,5.0000
2016-03-05 14:00:00,381.4000,6.1000
2016-03-05 15:00:00,376.1400,7.2000
2016-03-05 16:00:00,370.7100,6.7000
2016-03-05 17:00:00,385.4300,6.1000
2016-03-05 18:00:00,383.3300,5.6000
2016-03-05 19:00:00,375.3900,5.0000
2016-03-05 20:00:00,267.2500,3.9000
2016-03-05 21:00:00,267.4800,3.3000
2016-03-05 22:00:00,264.2500,2.8000
2016-03-05 23:00:00,259.8200,2.8000
2016-03-06 00:00:00,261.5000,2.8000
2016-03-06 01:00:00,263.9500,2.8000
2016-03-06 02:00:00,264.0900,3.3000
2016-03-06 03:00:00,263.1400,3.3000
2016-03-06 04:00:00,261.7500,3.9000
2016-03-06 05:00:00,267.9600,3.9000
2016-03-06 06:00:00,262.2600,3.3000
2016-03-06 07:00:00,259.6300,3.3000
2016-03-06 08:00:00,251.8500,3.9000
2016-03-06 09:00:00,256.0900,4.4000
2016-03-06 10:00:00,261.9800,5.6000
2016-03-06 11:00:00,386.6700,6.1000
2016-03-06 12:00:00,362.5100,7.2000
2016-03-06 13:00:00,353.3100,8.3000
2016-03-06 14:00:00,362.7100,8.3000
2016-03-06 15:00:00,354.4500,10.6000
2016-03-06 16:00:00,361.6700,10.0000
2016-03-06 17:00:00,354.8400,10.6000
2016-03-06 18:00:00,337.3900,9.4000
2016-03-06 19:00:00,356.9500,7.8000
2016-03-06 20:00:00,361.3400,6.1000
2016-03-06 21:00:00,355.2800,5.6000
2016-03-06 22:00:00,313.0000,5.0000
2016-03-06 23:00:00,263.1600,4.4000
2016-03-07 00:00:00,260.1600,3.3000
2016-03-07 01:00:00,259.9400,3.3000
2016-03-07 02:00:00,263.3400,3.3000
2016-03-07 03:00:00,262.7700,3.3000
2016-03-07 04:00:00,411.8200,3.3000
2016-03-07 05:00:00,393.6600,2.8000
2016-03-07 06:00:00,388.9800,2.2000
2016-03-07 07:00:00,420.3500,3.3000
2016-03-07 08:00:00,446.2700,4.4000
2016-03-07 09:00:00,481.0300,6.7000
2016-03-07 10:00:00,476.4200,9.4000
2016-03-07 11:00:00,502.6200,10.6000
2016-03-07 12:00:00,518.3600,11.7000
2016-03-07 13:00:00,521.0600,13.9000
2016-03-07 14:00:00,521.7600,16.7000
2016-03-07 15:00:00,524.2200,18.3000
2016-03-07 16:00:00,526.0800,17.8000
2016-03-07 17:00:00,504.6100,18.3000
2016-03-07 18:00:00,489.3000,17.2000
2016-03-07 19:00:00,478.4000,15.6000
2016-03-07 20:00:00,448.3700,12.2000
2016-03-07 21:00:00,439.3100,12.2000
2016-03-07 22:00:00,296.0700,11.7000
2016-03-07 23:00:00,286.6800,10.6000
2016-03-08 00:00:00,281.1000,11.7000
2016-03-08 01:00:00,273.5700,12.2000
2016-03-08 02:00:00,285.6500,11.1000
2016-03-08 03:00:00,286.6600,10.6000
2016-03-08 04:00:00,412.8400,8.9000
2016-03-08 05:00:00,398.3900,8.9000
2016-03-08 06:00:00,382.3800,9.4000
2016-03-08 07:00:00,369.0900,8.3000
2016-03-08 08:00:00,416.2500,10.6000
2016-03-08 09:00:00,499.4600,12.2000
2016-03-08 10:00:00,545.9400,14.4000
2016-03-08 11:00:00,552.0800,16.1000
2016-03-08 12:00:00,544.8000,20.0000
2016-03-08 13:00:00,571.9100,23.3000
2016-03-08 14:00:00,537.7300,23.3000
2016-03-08 15:00:00,540.4100,25.6000
2016-03-08 16:00:00,553.0400,26.1000
2016-03-08 17:00:00,575.2300,22.8000
2016-03-08 18:00:00,506.7300,20.0000
2016-03-08 19:00:00,499.7900,17.2000
2016-03-08 20:00:00,481.6500,17.8000
2016-03-08 21:00:00,445.5100,15.6000
2016-03-08 22:00:00,296.4000,14.4000
2016-03-08 23:00:00,279.4100,13.3000
2016-03-09 00:00:00,276.0400,13.3000
2016-03-09 01:00:00,275.6000,12.8000
2016-03-09 02:00:00,272.1700,12.2000
2016-03-09 03:00:00,272.0200,11.1000
2016-03-09 04:00:00,386.4500,11.7000
2016-03-09 05:00:00,378.9800,9.4000
2016-03-09 06:00:00,357.4900,8.9000
2016-03-09 07:00:00,363.3400,8.9000
2016-03-09 08:00:00,417.1600,10.0000
2016-03-09 09:00:00,456.1200,13.9000
2016-03-09 10:00:00,478.2800,16.7000
2016-03-09 11:00:00,507.6200,19.4000
2016-03-09 12:00:00,542.9200,21.1000
2016-03-09 13:00:00,559.6800,23.3000
2016-03-09 14:00:00,534.3000,23.9000
2016-03-09 15:00:00,554.8200,25.6000
2016-03-09 16:00:00,544.1300,24.4000
2016-03-09 17:00:00,495.8700,24.4000
2016-03-09 18:00:00,443.9700,21.1000
2016-03-09 19:00:00,457.6300,18.3000
2016-03-09 20:00:00,447.9000,18.9000
2016-03-09 21:00:00,412.5600,17.8000
2016-03-09 22:00:00,275.3300,17.2000
2016-03-09 23:00:00,258.2200,16.7000
2016-03-10 00:00:00,264.4000,16.1000
2016-03-10 01:00:00,257.5500,16.1000
2016-03-10 02:00:00,255.5000,14.4000
2016-03-10 03:00:00,258.3200,15.6000
2016-03-10 04:00:00,363.5300,16.1000
2016-03-10 05:00:00,373.7900,13.9000
2016-03-10 06:00:00,382.2200,14.4000
2016-03-10 07:00:00,379.0600,13.9000
2016-03-10 08:00:00,416.3600,15.6000
2016-03-10 09:00:00,504.4000,18.3000
2016-03-10 10:00:00,504.7700,21.1000
2016-03-10 11:00:00,531.1700,20.6000
2016-03-10 12:00:00,527.3500,21.1000
2016-03-10 13:00:00,489.5200,21.1000
2016-03-10 14:00:00,505.0600,24.4000
2016-03-10 15:00:00,514.5800,24.4000
2016-03-10 16:00:00,539.4700,25.6000
2016-03-10 17:00:00,482.3500,24.4000
2016-03-10 18:00:00,444.3900,22.2000
2016-03-10 19:00:00,433.6200,21.7000
2016-03-10 20:00:00,426.2400,20.0000
2016-03-10 21:00:00,397.0500,22.2000
2016-03-10 22:00:00,268.8200,22.2000
2016-03-10 23:00:00,265.4100,18.9000
2016-03-11 00:00:00,266.0100,21.1000
2016-03-11 01:00:00,266.5100,21.7000
2016-03-11 02:00:00,264.5100,20.6000
2016-03-11 03:00:00,266.8300,20.6000
2016-03-11 04:00:00,370.6500,21.1000
2016-03-11 05:00:00,377.4400,20.0000
2016-03-11 06:00:00,379.4800,19.4000
2016-03-11 07:00:00,373.2400,16.7000
2016-03-11 08:00:00,407.4000,16.1000
2016-03-11 09:00:00,466.1100,16.7000
2016-03-11 10:00:00,477.4900,17.2000
2016-03-11 11:00:00,496.8500,18.3000
2016-03-11 12:00:00,483.1400,20.0000
2016-03-11 13:00:00,465.5100,21.1000
2016-03-11 14:00:00,464.4900,21.1000
2016-03-11 15:00:00,464.6900,22.8000
2016-03-11 16:00:00,452.6400,22.8000
2016-03-11 17:00:00,410.2800,21.7000
2016-03-11 18:00:00,396.0700,20.6000
2016-03-11 19:00:00,381.5600,20.0000
2016-03-11 20:00:00,352.6200,17.8000
2016-03-11 21:00:00,326.2400,16.7000
2016-03-11 22:00:00,231.7300,15.0000
2016-03-11 23:00:00,226.8500,13.9000
2016-03-12 00:00:00,214.8800,14.4000
2016-03-12 01:00:00,217.5000,12.8000
2016-03-12 02:00:00,217.4700,12.2000
2016-03-12 03:00:00,209.6800,11.1000
2016-03-12 04:00:00,198.2700,11.1000
2016-03-12 05:00:00,197.9900,11.1000
2016-03-12 06:00:00,196.5500,10.6000
2016-03-12 07:00:00,192.2800,10.6000
2016-03-12 08:00:00,264.6400,10.6000
2016-03-12 09:00:00,246.3600,11.7000
2016-03-12 10:00:00,249.8700,11.7000
2016-03-12 11:00:00,259.0000,12.8000
2016-03-12 12:00:00,275.3200,13.3000
2016-03-12 13:00:00,295.1500,15.0000
2016-03-12 14:00:00,336.5600,15.0000
2016-03-12 15:00:00,326.3100,15.6000
2016-03-12 16:00:00,334.7700,15.0000
2016-03-12 17:00:00,337.2800,13.9000
2016-03-12 18:00:00,286.1500,13.3000
2016-03-12 19:00:00,285.5400,12.8000
2016-03-12 20:00:00,219.9100,12.8000
2016-03-12 21:00:00,225.2700,12.2000
2016-03-12 22:00:00,229.2900,12.2000
2016-03-12 23:00:00,226.5800,12.2000
2016-03-13 00:00:00,218.2400,12.2000
2016-03-13 01:00:00,220.0700,12.8000
2016-03-13 02:00:00,,12.8000
2016-03-13 03:00:00,220.1000,12.8000
2016-03-13 04:00:00,217.9700,12.8000
2016-03-13 05:00:00,216.0000,12.8000
2016-03-13 06:00:00,229.6000,12.8000
2016-03-13 07:00:00,216.7700,12.8000
2016-03-13 08:00:00,207.3800,12.8000
2016-03-13 09:00:00,205.7400,13.3000
2016-03-13 10:00:00,274.9500,13.9000
2016-03-13 11:00:00,284.8700,13.9000
2016-03-13 12:00:00,306.3500,15.6000
2016-03-13 13:00:00,302.4900,15.0000
2016-03-13 14:00:00,288.3000,15.0000
2016-03-13 15:00:00,254.5100,12.2000
2016-03-13 16:00:00,254.6800,11.1000
2016-03-13 17:00:00,231.9700,11.1000
2016-03-13 18:00:00,230.5800,10.6000
2016-03-13 19:00:00,240.6600,10.6000
2016-03-13 20:00:00,239.8900,10.6000
2016-03-13 21:00:00,212.1000,10.0000
2016-03-13 22:00:00,212.1600,10.0000
2016-03-13 23:00:00,211.3100,9.4000
2016-03-14 00:00:00,210.7100,10.0000
2016-03-14 01:00:00,209.5200,10.0000
2016-03-14 02:00:00,208.7700,9.4000
2016-03-14 03:00:00,293.9700,9.4000
2016-03-14 04:00:00,281.1900,9.4000
2016-03-14 05:00:00,271.1300,9.4000
2016-03-14 06:00:00,280.4300,9.4000
2016-03-14 07:00:00,323.3700,10.0000
2016-03-14 08:00:00,399.5600,10.0000
2016-03-14 09:00:00,382.9100,10.0000
2016-03-14 10:00:00,415.7000,10.0000
2016-03-14 11:00:00,417.1200,10.6000
2016-03-14 12:00:00,419.9000,11.1000
2016-03-14 13:00:00,415.4700,11.7000
2016-03-14 14:00:00,425.0800,11.7000
2016-03-14 15:00:00,414.0500,11.1000
2016-03-14 16:00:00,395.0200,11.1000
2016-03-14 17:00:00,367.6900,11.1000
2016-03-14 18:00:00,337.4300,11.1000
2016-03-14 19:00:00,321.4500,10.0000
2016-03-14 20:00:00,324.1300,9.4000
2016-03-14 21:00:00,215.5900,8.9000
2016-03-14 22:00:00,209.4600,8.9000
2016-03-14 23:00:00,206.4700,8.9000
2016-03-15 00:00:00,209.0100,8.9000
2016-03-15 01:00:00,212.4200,8.9000
2016-03-15 02:00:00,214.6700,8.3000
2016-03-15 03:00:00,370.2900,8.3000
2016-03-15 04:00:00,335.3800,8.3000
2016-03-15 05:00:00,334.1200,8.3000
2016-03-15 06:00:00,305.3400,8.3000
2016-03-15 07:00:00,363.9000,8.3000
2016-03-15 08:00:00,457.6100,8.9000
2016-03-15 09:00:00,432.5600,9.4000
2016-03-15 10:00:00,400.6500,10.0000
2016-03-15 11:00:00,392.3800,10.6000
2016-03-15 12:00:00,392.1000,12.8000
2016-03-15 13:00:00,415.9200,13.9000
2016-03-15 14:00:00,462.0000,15.0000
2016-03-15 15:00:00,433.9800,16.1000
2016-03-15 16:00:00,443.6300,16.7000
2016-03-15 17:00:00,432.4500,17.8000
2016-03-15 18:00:00,422.9800,16.7000
2016-03-15 19:00:00,393.8900,16.1000
2016-03-15 20:00:00,385.1900,14.4000
2016-03-15 21:00:00,280.9800,13.3000
2016-03-15 22:00:00,251.5300,12.8000
2016-03-15 23:00:00,244.4800,11.7000
2016-03-16 00:00:00,235.1100,11.1000
2016-03-16 01:00:00,235.1800,11.1000
2016-03-16 02:00:00,235.9100,10.0000
2016-03-16 03:00:00,355.2500,10.6000
2016-03-16 04:00:00,328.0400,10.0000
2016-03-16 05:00:00,323.1400,10.0000
2016-03-16 06:00:00,281.6000,10.0000
2016-03-16 07:00:00,335.3500,9.4000
2016-03-16 08:00:00,372.6300,12.8000
2016-03-16 09:00:00,480.6100,16.1000
2016-03-16 10:00:00,454.6100,18.3000
2016-03-16 11:00:00,467.7000,20.0000
2016-03-16 12:00:00,520.0400,21.1000
2016-03-16 13:00:00,515.4000,22.8000
2016-03-16 14:00:00,534.8600,22.8000
2016-03-16 15:00:00,498.5200,22.8000
2016-03-16 16:00:00,488.0500,22.2000
2016-03-16 17:00:00,457.7100,21.7000
2016-03-16 18:00:00,429.4200,19.4000
2016-03-16 19:00:00,401.9900,17.2000
2016-03-16 20:00:00,384.0100,17.2000
2016-03-16 21:00:00,249.9600,15.0000
2016-03-16 22:00:00,229.4500,13.3000
2016-03-16 23:00:00,230.3500,13.3000
2016-03-17 00:00:00,242.2900,12.8000
2016-03-17 01:00:00,238.6600,12.8000
2016-03-17 02:00:00,228.9100,12.2000
2016-03-17 03:00:00,325.4200,11.1000
2016-03-17 04:00:00,312.7700,10.0000
2016-03-17 05:00:00,280.9200,9.4000
2016-03-17 06:00:00,288.4700,10.0000
2016-03-17 07:00:00,336.6000,10.0000
2016-03-17 08:00:00,398.2100,11.7000
2016-03-17 09:00:00,444.2500,13.9000
2016-03-17 10:00:00,478.7400,16.7000
2016-03-17 11:00:00,483.1500,19.4000
2016-03-17 12:00:00,456.7500,18.9000
2016-03-17 13:00:00,441.4200,18.9000
2016-03-17 14:00:00,467.1500,19.4000
2016-03-17 15:00:00,465.7800,20.0000
2016-03-17 16:00:00,447.5200,17.2000
2016-03-17 17:00:00,415.4400,18.3000
2016-03-17 18:00:00,396.6700,16.7000
2016-03-17 19:00:00,391.9700,15.6000
2016-03-17 20:00:00,371.3600,15.6000
2016-03-17 21:00:00,263.4000,15.0000
2016-03-17 22:00:00,226.4700,13.9000
2016-03-17 23:00:00,226.9000,13.3000
2016-03-18 00:00:00,223.8700,13.3000
2016-03-18 01:00:00,224.0500,13.3000
2016-03-18 02:00:00,208.2900,12.2000
2016-03-18 03:00:00,317.0800,11.7000
2016-03-18 04:00:00,303.5800,9.4000
2016-03-18 05:00:00,291.7300,10.6000
2016-03-18 06:00:00,277.1700,10.0000
2016-03-18 07:00:00,310.2500,10.6000
2016-03-18 08:00:00,403.1900,12.8000
2016-03-18 09:00:00,435.4300,13.9000
2016-03-18 10:00:00,443.2300,15.6000
2016-03-18 11:00:00,466.5200,16.7000
2016-03-18 12:00:00,465.6200,17.2000
2016-03-18 13:00:00,445.6100,18.3000
2016-03-18 14:00:00,459.8000,18.3000
2016-03-18 15:00:00,451.4900,18.9000
2016-03-18 16:00:00,429.4400,18.9000
2016-03-18 17:00:00,418.0900,18.3000
2016-03-18 18:00:00,407.7900,17.8000
2016-03-18 19:00:00,403.0900,16.1000
2016-03-18 20:00:00,384.4200,15.6000
2016-03-18 21:00:00,259.7600,15.0000
2016-03-18 22:00:00,225.2400,14.4000
2016-03-18 23:00:00,212.4600,13.9000
2016-03-19 00:00:00,215.9100,14.4000
2016-03-19 01:00:00,209.0700,11.7000
2016-03-19 02:00:00,203.1600,10.6000
2016-03-19 03:00:00,198.7000,10.0000
2016-03-19 04:00:00,200.9200,8.9000
2016-03-19 05:00:00,199.5700,8.3000
2016-03-19 06:00:00,200.3200,7.8000
2016-03-19 07:00:00,316.4500,7.8000
2016-03-19 08:00:00,288.3800,7.2000
2016-03-19 09:00:00,295.3200,7.8000
2016-03-19 10:00:00,294.6200,7.2000
2016-03-19 11:00:00,299.0100,6.7000
2016-03-19 12:00:00,307.4300,5.6000
2016-03-19 13:00:00,301.1000,5.6000
2016-03-19 14:00:00,307.2100,5.0000
2016-03-19 15:00:00,417.6300,4.4000
2016-03-19 16:00:00,410.1400,3.9000
2016-03-19 17:00:00,396.0300,3.9000
2016-03-19 18:00:00,378.2600,3.3000
2016-03-19 19:00:00,234.5200,3.3000
2016-03-19 20:00:00,238.9800,3.3000
2016-03-19 21:00:00,244.6400,3.3000
2016-03-19 22:00:00,239.6800,3.3000
2016-03-19 23:00:00,228.7700,3.3000
2016-03-20 00:00:00,218.5600,3.9000
2016-03-20 01:00:00,204.6100,3.9000
2016-03-20 02:00:00,198.8900,4.4000
2016-03-20 03:00:00,199.7300,3.9000
2016-03-20 04:00:00,200.5900,3.9000
2016-03-20 05:00:00,198.9300,3.9000
2016-03-20 06:00:00,197.3300,4.4000
2016-03-20 07:00:00,188.7500,4.4000
2016-03-20 08:00:00,186.8400,4.4000
2016-03-20 09:00:00,186.8200,5.0000
2016-03-20 10:00:00,303.7000,6.1000
2016-03-20 11:00:00,304.6200,6.1000
2016-03-20 12:00:00,297.4200,5.6000
2016-03-20 13:00:00,281.6200,5.0000
2016-03-20 14:00:00,291.1200,5.0000
2016-03-20 15:00:00,286.7200,4.4000
2016-03-20 16:00:00,285.0200,5.0000
2016-03-20 17:00:00,297.0900,5.0000
2016-03-20 18:00:00,280.2600,4.4000
2016-03-20 19:00:00,297.7700,4.4000
2016-03-20 20:00:00,302.1400,3.9000
2016-03-20 21:00:00,241.4900,3.9000
2016-03-20 22:00:00,204.2000,3.3000
2016-03-20 23:00:00,201.0000,2.8000
2016-03-21 00:00:00,202.8000,3.3000
2016-03-21 01:00:00,203.7400,2.8000
2016-03-21 02:00:00,203.7700,2.8000
2016-03-21 03:00:00,297.2700,3.3000
2016-03-21 04:00:00,290.5300,3.3000
2016-03-21 05:00:00,296.6800,3.3000
2016-03-21 06:00:00,341.8100,3.9000
2016-03-21 07:00:00,394.1800,4.4000
2016-03-21 08:00:00,461.2100,5.0000
2016-03-21 09:00:00,460.1500,6.1000
2016-03-21 10:00:00,448.9000,7.8000
2016-03-21 11:00:00,472.5300,7.8000
2016-03-21 12:00:00,495.2300,8.9000
2016-03-21 13:00:00,453.2300,10.0000
2016-03-21 14:00:00,446.9700,10.6000
2016-03-21 15:00:00,445.7500,11.1000
2016-03-21 16:00:00,416.1600,11.1000
2016-03-21 17:00:00,390.6300,11.1000
2016-03-21 18:00:00,363.1000,10.0000
2016-03-21 19:00:00,369.2100,8.3000
2016-03-21 20:00:00,321.9200,7.8000
2016-03-21 21:00:00,241.6000,7.2000
2016-03-21 22:00:00,227.4100,6.7000
2016-03-21 23:00:00,224.3500,6.1000
2016-03-22 00:00:00,222.6200,5.0000
2016-03-22 01:00:00,219.1000,4.4000
2016-03-22 02:00:00,223.5700,2.2000
2016-03-22 03:00:00,320.9200,2.8000
2016-03-22 04:00:00,316.7900,2.8000
2016-03-22 05:00:00,317.5600,2.8000
2016-03-22 06:00:00,337.2100,2.8000
2016-03-22 07:00:00,386.9600,3.3000
2016-03-22 08:00:00,467.0800,5.6000
2016-03-22 09:00:00,409.8300,6.7000
2016-03-22 10:00:00,415.1900,8.3000
2016-03-22 11:00:00,444.6300,11.1000
2016-03-22 12:00:00,421.5500,12.8000
2016-03-22 13:00:00,449.5900,14.4000
2016-03-22 14:00:00,450.7200,15.0000
2016-03-22 15:00:00,471.5500,16.1000
2016-03-22 16:00:00,468.5600,16.1000
2016-03-22 17:00:00,454.4300,16.7000
2016-03-22 18:00:00,410.3300,15.6000
2016-03-22 19:00:00,373.2300,13.9000
2016-03-22 20:00:00,360.7300,13.3000
2016-03-22 21:00:00,274.2100,12.2000
2016-03-22 22:00:00,249.1500,13.3000
2016-03-22 23:00:00,244.7900,13.3000
2016-03-23 00:00:00,244.4900,13.3000
2016-03-23 01:00:00,244.6000,13.9000
2016-03-23 02:00:00,246.8500,13.3000
2016-03-23 03:00:00,351.4600,13.3000
2016-03-23 04:00:00,360.9500,12.8000
2016-03-23 05:00:00,331.1200,12.2000
2016-03-23 06:00:00,315.9000,12.2000
2016-03-23 07:00:00,367.3600,12.2000
2016-03-23 08:00:00,395.8900,13.3000
2016-03-23 09:00:00,454.8800,14.4000
2016-03-23 10:00:00,472.3300,15.0000
2016-03-23 11:00:00,511.9400,16.1000
2016-03-23 12:00:00,492.3000,19.4000
2016-03-23 13:00:00,480.9600,21.1000
2016-03-23 14:00:00,509.8700,21.1000
2016-03-23 15:00:00,491.1200,23.3000
2016-03-23 16:00:00,471.1800,22.2000
2016-03-23 17:00:00,471.5700,21.7000
2016-03-23 18:00:00,452.1000,20.0000
2016-03-23 19:00:00,401.0400,18.3000
2016-03-23 20:00:00,393.0700,16.1000
2016-03-23 21:00:00,272.5500,15.6000
2016-03-23 22:00:00,249.8000,15.6000
2016-03-23 23:00:00,245.1800,15.0000
2016-03-24 00:00:00,240.0000,16.1000
2016-03-24 01:00:00,243.4600,15.0000
2016-03-24 02:00:00,227.4200,13.9000
2016-03-24 03:00:00,350.6400,15.0000
2016-03-24 04:00:00,349.0800,12.2000
2016-03-24 05:00:00,332.9900,10.0000
2016-03-24 06:00:00,351.1500,13.3000
2016-03-24 07:00:00,428.4700,11.7000
2016-03-24 08:00:00,477.1500,14.4000
2016-03-24 09:00:00,524.8500,15.6000
2016-03-24 10:00:00,513.0200,17.2000
2016-03-24 11:00:00,492.8600,19.4000
2016-03-24 12:00:00,504.4500,20.6000
2016-03-24 13:00:00,500.1100,22.2000
2016-03-24 14:00:00,543.3900,24.4000
2016-03-24 15:00:00,520.0800,25.0000
2016-03-24 16:00:00,481.1700,25.0000
2016-03-24 17:00:00,463.3600,23.3000
2016-03-24 18:00:00,432.6900,21.7000
2016-03-24 19:00:00,407.1500,20.0000
2016-03-24 20:00:00,394.8600,18.3000
2016-03-24 21:00:00,258.7900,18.9000
2016-03-24 22:00:00,251.5600,19.4000
2016-03-24 23:00:00,251.7000,19.4000
2016-03-25 00:00:00,251.2200,18.3000
2016-03-25 01:00:00,244.1100,18.3000
2016-03-25 02:00:00,248.0400,20.0000
2016-03-25 03:00:00,360.3500,19.4000
2016-03-25 04:00:00,362.3600,18.9000
2016-03-25 05:00:00,365.7100,18.9000
2016-03-25 06:00:00,387.6700,17.2000
2016-03-25 07:00:00,451.9500,17.8000
2016-03-25 08:00:00,487.1600,18.9000
2016-03-25 09:00:00,567.4400,20.6000
2016-03-25 10:00:00,531.8400,20.6000
2016-03-25 11:00:00,517.6800,18.3000
2016-03-25 12:00:00,476.3700,19.4000
2016-03-25 13:00:00,469.0000,20.0000
2016-03-25 14:00:00,484.0300,21.1000
2016-03-25 15:00:00,447.4400,20.0000
2016-03-25 16:00:00,408.8800,19.4000
2016-03-25 17:00:00,398.2300,18.3000
2016-03-25 18:00:00,383.0800,17.2000
2016-03-25 19:00:00,344.2900,15.6000
2016-03-25 20:00:00,318.7900,13.9000
2016-03-25 21:00:00,225.6300,12.2000
2016-03-25 22:00:00,204.8500,11.1000
2016-03-25 23:00:00,204.5500,10.0000
2016-03-26 00:00:00,205.6100,9.4000
2016-03-26 01:00:00,206.5600,8.9000
2016-03-26 02:00:00,206.5700,8.3000
2016-03-26 03:00:00,202.1700,7.2000
2016-03-26 04:00:00,201.5800,6.1000
2016-03-26 05:00:00,191.5600,5.6000
2016-03-26 06:00:00,192.7400,5.0000
2016-03-26 07:00:00,303.4400,5.0000
2016-03-26 08:00:00,297.6500,6.1000
2016-03-26 09:00:00,285.1800,7.2000
2016-03-26 10:00:00,281.6200,8.9000
2016-03-26 11:00:00,299.8400,10.0000
2016-03-26 12:00:00,301.3100,11.1000
2016-03-26 13:00:00,318.3700,12.8000
2016-03-26 14:00:00,334.7700,14.4000
2016-03-26 15:00:00,354.1000,15.0000
2016-03-26 16:00:00,364.5700,16.1000
2016-03-26 17:00:00,365.5800,15.6000
2016-03-26 18:00:00,354.9400,13.3000
2016-03-26 19:00:00,227.0600,12.8000
2016-03-26 20:00:00,235.5600,13.3000
2016-03-26 21:00:00,204.4100,13.3000
2016-03-26 22:00:00,223.5300,12.8000
2016-03-26 23:00:00,205.9600,12.2000
2016-03-27 00:00:00,202.8800,11.7000
2016-03-27 01:00:00,205.7200,11.1000
2016-03-27 02:00:00,204.8600,10.6000
2016-03-27 03:00:00,206.1200,10.0000
2016-03-27 04:00:00,205.5000,10.0000
2016-03-27 05:00:00,206.0800,9.4000
2016-03-27 06:00:00,196.8000,9.4000
2016-03-27 07:00:00,195.6200,10.0000
2016-03-27 08:00:00,193.3600,10.6000
2016-03-27 09:00:00,192.6200,10.6000
2016-03-27 10:00:00,283.8600,11.1000
2016-03-27 11:00:00,266.8700,12.2000
2016-03-27 12:00:00,283.8800,13.3000
2016-03-27 13:00:00,278.8000,13.3000
2016-03-27 14:00:00,277.8400,13.3000
2016-03-27 15:00:00,281.3100,13.3000
2016-03-27 16:00:00,287.7600,13.3000
2016-03-27 17:00:00,279.9100,12.8000
2016-03-27 18:00:00,271.4800,11.7000
2016-03-27 19:00:00,257.2400,10.6000
2016-03-27 20:00:00,261.7800,10.6000
2016-03-27 21:00:00,213.1300,10.0000
2016-03-27 22:00:00,208.7800,10.0000
2016-03-27 23:00:00,207.4700,9.4000
2016-03-28 00:00:00,205.5500,9.4000
2016-03-28 01:00:00,208.1800,9.4000
2016-03-28 02:00:00,208.7700,9.4000
2016-03-28 03:00:00,300.7500,9.4000
2016-03-28 04:00:00,294.9000,9.4000
2016-03-28 05:00:00,290.1200,9.4000
2016-03-28 06:00:00,291.2100,9.4000
2016-03-28 07:00:00,293.6400,10.0000
2016-03-28 08:00:00,316.2300,10.6000
2016-03-28 09:00:00,337.7100,11.7000
2016-03-28 10:00:00,386.1400,13.9000
2016-03-28 11:00:00,410.0900,17.2000
2016-03-28 12:00:00,397.3400,18.9000
2016-03-28 13:00:00,368.3800,21.1000
2016-03-28 14:00:00,352.5300,16.7000
2016-03-28 15:00:00,356.5600,18.9000
2016-03-28 16:00:00,358.2100,17.2000
2016-03-28 17:00:00,342.4200,16.7000
2016-03-28 18:00:00,327.6200,15.6000
2016-03-28 19:00:00,314.9300,14.4000
2016-03-28 20:00:00,323.7600,14.4000
2016-03-28 21:00:00,240.7100,13.9000
2016-03-28 22:00:00,236.2500,13.3000
2016-03-28 23:00:00,234.4800,13.3000
2016-03-29 00:00:00,223.6500,12.8000
2016-03-29 01:00:00,220.4100,10.6000
2016-03-29 02:00:00,220.3000,10.0000
2016-03-29 03:00:00,324.8600,9.4000
2016-03-29 04:00:00,312.6900,9.4000
2016-03-29 05:00:00,310.6700,9.4000
2016-03-29 06:00:00,315.4600,8.9000
2016-03-29 07:00:00,304.7100,8.9000
2016-03-29 08:00:00,341.8000,10.0000
2016-03-29 09:00:00,347.5300,10.6000
2016-03-29 10:00:00,376.8100,12.2000
2016-03-29 11:00:00,362.2300,12.8000
2016-03-29 12:00:00,380.7800,13.3000
2016-03-29 13:00:00,368.6100,13.9000
2016-03-29 14:00:00,352.0400,15.0000
2016-03-29 15:00:00,345.4300,15.0000
2016-03-29 16:00:00,355.9500,15.6000
2016-03-29 17:00:00,362.2500,15.0000
2016-03-29 18:00:00,358.0200,14.4000
2016-03-29 19:00:00,329.0700,13.3000
2016-03-29 20:00:00,324.9100,12.8000
2016-03-29 21:00:00,246.0900,12.2000
2016-03-29 22:00:00,217.4100,11.7000
2016-03-29 23:00:00,218.9600,8.3000
2016-03-30 00:00:00,219.3900,8.3000
2016-03-30 01:00:00,221.2800,8.3000
2016-03-30 02:00:00,218.0300,7.2000
2016-03-30 03:00:00,338.4900,7.2000
2016-03-30 04:00:00,316.2300,6.7000
2016-03-30 05:00:00,311.5200,5.6000
2016-03-30 06:00:00,306.0400,5.6000
2016-03-30 07:00:00,300.2900,6.1000
2016-03-30 08:00:00,308.1400,7.8000
2016-03-30 09:00:00,315.1600,9.4000
2016-03-30 10:00:00,313.0600,10.6000
2016-03-30 11:00:00,339.0900,12.2000
2016-03-30 12:00:00,335.5100,13.3000
2016-03-30 13:00:00,374.6400,15.0000
2016-03-30 14:00:00,370.9500,15.6000
2016-03-30 15:00:00,376.6900,16.1000
2016-03-30 16:00:00,379.1600,16.7000
2016-03-30 17:00:00,389.2800,16.7000
2016-03-30 18:00:00,360.9300,15.0000
2016-03-30 19:00:00,345.6300,13.3000
2016-03-30 20:00:00,332.8900,12.8000
2016-03-30 21:00:00,250.3700,12.2000
2016-03-30 22:00:00,223.7500,12.2000
2016-03-30 23:00:00,212.9500,12.2000
2016-03-31 00:00:00,220.1100,12.8000
2016-03-31 01:00:00,236.3900,13.3000
2016-03-31 02:00:00,237.1000,13.3000
2016-03-31 03:00:00,324.3400,12.8000
2016-03-31 04:00:00,312.0900,12.8000
2016-03-31 05:00:00,309.5400,12.8000
2016-03-31 06:00:00,296.4800,12.8000
2016-03-31 07:00:00,306.4500,13.3000
2016-03-31 08:00:00,316.1600,15.0000
2016-03-31 09:00:00,342.3600,17.2000
2016-03-31 10:00:00,345.7600,19.4000
2016-03-31 11:00:00,344.2600,20.6000
2016-03-31 12:00:00,356.7400,21.7000
2016-03-31 13:00:00,347.8800,21.7000
2016-03-31 14:00:00,354.5900,23.3000
2016-03-31 15:00:00,349.1800,22.8000
2016-03-31 16:00:00,349.6400,22.8000
2016-03-31 17:00:00,341.5500,22.8000
2016-03-31 18:00:00,351.9500,20.0000
2016-03-31 19:00:00,340.9200,20.6000
2016-03-31 20:00:00,346.4200,20.0000
2016-03-31 21:00:00,265.3100,20.0000
2016-03-31 22:00:00,262.9300,19.4000
2016-03-31 23:00:00,261.0400,21.1000
2016-04-01 00:00:00,261.8300,19.4000
2016-04-01 01:00:00,257.7700,18.9000
2016-04-01 02:00:00,263.8400,18.9000
2016-04-01 03:00:00,353.1300,20.0000
2016-04-01 04:00:00,338.7000,20.0000
2016-04-01 05:00:00,343.8400,20.6000
2016-04-01 06:00:00,343.7900,20.6000
2016-04-01 07:00:00,328.0600,20.6000
2016-04-01 08:00:00,354.0900,18.9000
2016-04-01 09:00:00,352.0400,17.8000
2016-04-01 10:00:00,357.1500,20.0000
2016-04-01 11:00:00,376.8800,21.1000
2016-04-01 12:00:00,389.6900,23.3000
2016-04-01 13:00:00,402.6900,24.4000
2016-04-01 14:00:00,417.6700,23.9000
2016-04-01 15:00:00,425.4500,27.8000
2016-04-01 16:00:00,402.2500,27.2000
2016-04-01 17:00:00,388.9600,26.7000
2016-04-01 18:00:00,381.5500,26.1000
2016-04-01 19:00:00,387.3400,25.6000
2016-04-01 20:00:00,388.6500,23.9000
2016-04-01 21:00:00,265.1600,22.2000
2016-04-01 22:00:00,253.0700,23.3000
2016-04-01 23:00:00,250.2200,22.2000
2016-04-02 00:00:00,237.4600,18.9000
2016-04-02 01:00:00,233.9800,18.3000
2016-04-02 02:00:00,234.1900,17.8000
2016-04-02 03:00:00,233.7100,16.7000
2016-04-02 04:00:00,232.8000,16.1000
2016-04-02 05:00:00,216.3000,14.4000
2016-04-02 06:00:00,213.1500,12.2000
2016-04-02 07:00:00,278.5300,10.0000
2016-04-02 08:00:00,267.5200,10.0000
2016-04-02 09:00:00,263.6300,10.6000
2016-04-02 10:00:00,256.0100,10.6000
2016-04-02 11:00:00,273.2300,11.7000
2016-04-02 12:00:00,310.7200,12.8000
2016-04-02 13:00:00,311.7100,14.4000
2016-04-02 14:00:00,315.8500,14.4000
2016-04-02 15:00:00,317.7300,15.6000
2016-04-02 16:00:00,312.4000,16.1000
2016-04-02 17:00:00,307.4200,16.1000
2016-04-02 18:00:00,298.5600,14.4000
2016-04-02 19:00:00,210.2200,13.9000
2016-04-02 20:00:00,212.0700,13.3000
2016-04-02 21:00:00,208.0500,15.6000
2016-04-02 22:00:00,211.3900,9.4000
2016-04-02 23:00:00,201.3500,7.2000
2016-04-03 00:00:00,202.2300,7.2000
2016-04-03 01:00:00,203.4700,6.7000
2016-04-03 02:00:00,204.0800,6.1000
2016-04-03 03:00:00,190.7100,5.0000
2016-04-03 04:00:00,194.8400,3.3000
2016-04-03 05:00:00,196.9000,3.3000
2016-04-03 06:00:00,193.5100,2.8000
2016-04-03 07:00:00,185.2400,2.8000
2016-04-03 08:00:00,184.2600,3.3000
2016-04-03 09:00:00,186.0200,3.9000
2016-04-03 10:00:00,268.9600,5.6000
2016-04-03 11:00:00,277.7900,6.7000
2016-04-03 12:00:00,272.4900,7.2000
2016-04-03 13:00:00,271.7100,8.3000
2016-04-03 14:00:00,274.8100,9.4000
2016-04-03 15:00:00,279.0500,11.1000
2016-04-03 16:00:00,262.5400,11.7000
2016-04-03 17:00:00,270.3400,11.7000
2016-04-03 18:00:00,268.3100,12.2000
2016-04-03 19:00:00,257.5200,10.6000
2016-04-03 20:00:00,255.7600,10.0000
2016-04-03 21:00:00,224.2900,10.0000
2016-04-03 22:00:00,205.1500,10.0000
2016-04-03 23:00:00,205.3700,9.4000
2016-04-04 00:00:00,204.5000,8.9000
2016-04-04 01:00:00,205.0600,8.3000
2016-04-04 02:00:00,205.1400,10.0000
2016-04-04 03:00:00,310.7200,9.4000
2016-04-04 04:00:00,288.5600,10.0000
2016-04-04 05:00:00,277.5100,10.0000
2016-04-04 06:00:00,292.7300,11.1000
2016-04-04 07:00:00,336.9900,12.2000
2016-04-04 08:00:00,443.2000,14.4000
2016-04-04 09:00:00,465.5600,16.7000
2016-04-04 10:00:00,518.4200,18.9000
2016-04-04 11:00:00,524.7600,20.6000
2016-04-04 12:00:00,513.8500,21.7000
2016-04-04 13:00:00,498.9100,21.7000
2016-04-04 14:00:00,521.2200,22.8000
2016-04-04 15:00:00,528.0500,21.7000
2016-04-04 16:00:00,489.2300,15.6000
2016-04-04 17:00:00,437.5900,14.4000
2016-04-04 18:00:00,412.7800,13.9000
2016-04-04 19:00:00,396.7600,13.3000
2016-04-04 20:00:00,377.3400,13.9000
2016-04-04 21:00:00,245.8200,12.2000
2016-04-04 22:00:00,209.7000,7.8000
2016-04-04 23:00:00,211.6500,6.1000
2016-04-05 00:00:00,206.0700,4.4000
2016-04-05 01:00:00,210.9800,2.8000
2016-04-05 02:00:00,209.1200,1.7000
2016-04-05 03:00:00,339.1200,1.7000
2016-04-05 04:00:00,343.3900,1.1000
2016-04-05 05:00:00,353.3700,0.0000
2016-04-05 06:00:00,343.9900,-0.6000
2016-04-05 07:00:00,414.5600,0.0000
2016-04-05 08:00:00,456.8700,0.6000
2016-04-05 09:00:00,456.0300,1.7000
2016-04-05 10:00:00,451.0000,2.2000
2016-04-05 11:00:00,471.7500,4.4000
2016-04-05 12:00:00,472.6800,5.0000
2016-04-05 13:00:00,431.6600,5.6000
2016-04-05 14:00:00,444.1900,6.7000
2016-04-05 15:00:00,416.3100,7.2000
2016-04-05 16:00:00,362.4300,7.2000
2016-04-05 17:00:00,353.8900,7.8000
2016-04-05 18:00:00,333.7600,6.7000
2016-04-05 19:00:00,324.4300,6.1000
2016-04-05 20:00:00,336.0700,5.6000
2016-04-05 21:00:00,271.2600,5.0000
2016-04-05 22:00:00,220.2000,4.4000
2016-04-05 23:00:00,210.3100,3.9000
2016-04-06 00:00:00,211.5500,3.3000
2016-04-06 01:00:00,215.3900,2.2000
2016-04-06 02:00:00,213.0300,1.1000
2016-04-06 03:00:00,302.0900,2.2000
2016-04-06 04:00:00,299.9000,1.1000
2016-04-06 05:00:00,305.6200,1.1000
2016-04-06 06:00:00,335.2100,0.6000
2016-04-06 07:00:00,365.5500,1.7000
2016-04-06 08:00:00,432.7900,4.4000
2016-04-06 09:00:00,401.1700,7.8000
2016-04-06 10:00:00,386.3800,8.3000
2016-04-06 11:00:00,388.8700,9.4000
2016-04-06 12:00:00,379.0400,11.1000
2016-04-06 13:00:00,364.4300,11.1000
2016-04-06 14:00:00,370.7400,12.8000
2016-04-06 15:00:00,367.2900,12.8000
2016-04-06 16:00:00,330.9300,13.3000
2016-04-06 17:00:00,340.9500,12.8000
2016-04-06 18:00:00,321.3600,13.3000
2016-04-06 19:00:00,305.6800,12.8000
2016-04-06 20:00:00,295.3500,11.7000
2016-04-06 21:00:00,232.6100,10.6000
2016-04-06 22:00:00,221.5800,10.6000
2016-04-06 23:00:00,216.9400,11.1000
2016-04-07 00:00:00,218.2300,12.2000
2016-04-07 01:00:00,229.2900,12.2000
2016-04-07 02:00:00,221.3400,11.7000
2016-04-07 03:00:00,290.3600,12.2000
2016-04-07 04:00:00,283.3700,12.8000
2016-04-07 05:00:00,277.8800,12.8000
2016-04-07 06:00:00,279.2000,13.3000
2016-04-07 07:00:00,352.5100,12.8000
2016-04-07 08:00:00,425.4600,12.8000
2016-04-07 09:00:00,438.6500,12.8000
2016-04-07 10:00:00,430.4100,11.7000
2016-04-07 11:00:00,426.1700,13.3000
2016-04-07 12:00:00,429.7900,15.0000
2016-04-07 13:00:00,453.8500,15.6000
2016-04-07 14:00:00,475.0300,16.1000
2016-04-07 15:00:00,494.3800,17.8000
2016-04-07 16:00:00,451.1300,14.4000
2016-04-07 17:00:00,372.7400,12.2000
2016-04-07 18:00:00,354.5800,11.7000
2016-04-07 19:00:00,326.1900,11.1000
2016-04-07 20:00:00,319.6900,11.7000
2016-04-07 21:00:00,258.4000,11.1000
2016-04-07 22:00:00,229.6300,10.6000
2016-04-07 23:00:00,225.2700,10.0000
2016-04-08 00:00:00,214.7500,8.9000
2016-04-08 01:00:00,223.3200,8.3000
2016-04-08 02:00:00,223.6000,7.8000
2016-04-08 03:00:00,352.0600,7.2000
2016-04-08 04:00:00,336.4800,7.2000
2016-04-08 05:00:00,334.1700,6.7000
2016-04-08 06:00:00,309.9500,6.7000
2016-04-08 07:00:00,295.4600,7.2000
2016-04-08 08:00:00,413.2600,7.2000
2016-04-08 09:00:00,393.7300,7.8000
2016-04-08 10:00:00,409.3600,8.3000
2016-04-08 11:00:00,397.9500,8.9000
2016-04-08 12:00:00,387.3300,8.9000
2016-04-08 13:00:00,361.7100,10.0000
2016-04-08 14:00:00,365.5100,11.1000
2016-04-08 15:00:00,379.6600,10.6000
2016-04-08 16:00:00,372.3100,11.7000
2016-04-08 17:00:00,348.5400,11.7000
2016-04-08 18:00:00,336.8000,11.1000
2016-04-08 19:00:00,323.7100,9.4000
2016-04-08 20:00:00,317.9400,8.3000
2016-04-08 21:00:00,252.8500,8.9000
2016-04-08 22:00:00,222.9700,8.9000
2016-04-08 23:00:00,217.4700,7.8000
2016-04-09 00:00:00,219.6400,7.2000
2016-04-09 01:00:00,221.7600,6.7000
2016-04-09 02:00:00,222.6800,7.2000
2016-04-09 03:00:00,219.8400,7.2000
2016-04-09 04:00:00,215.9000,6.7000
2016-04-09 05:00:00,214.6800,5.6000
2016-04-09 06:00:00,204.3600,5.0000
2016-04-09 07:00:00,341.4500,5.0000
2016-04-09 08:00:00,307.3100,5.0000
2016-04-09 09:00:00,283.9500,3.9000
2016-04-09 10:00:00,296.4800,2.2000
2016-04-09 11:00:00,302.8300,4.4000
2016-04-09 12:00:00,284.0300,7.2000
2016-04-09 13:00:00,285.7000,8.9000
2016-04-09 14:00:00,278.6000,10.0000
2016-04-09 15:00:00,288.5300,8.3000
2016-04-09 16:00:00,278.8700,7.8000
2016-04-09 17:00:00,288.2800,6.1000
2016-04-09 18:00:00,293.5500,5.0000
2016-04-09 19:00:00,209.4700,4.4000
2016-04-09 20:00:00,219.3400,3.9000
2016-04-09 21:00:00,213.5400,3.3000
2016-04-09 22:00:00,214.8100,2.8000
2016-04-09 23:00:00,215.5700,2.2000
2016-04-10 00:00:00,216.7100,1.7000
2016-04-10 01:00:00,217.2400,1.1000
2016-04-10 02:00:00,217.9400,0.6000
2016-04-10 03:00:00,217.0600,0.0000
2016-04-10 04:00:00,222.9000,0.0000
2016-04-10 05:00:00,225.4100,-0.6000
2016-04-10 06:00:00,223.5400,-0.6000
2016-04-10 07:00:00,218.1000,0.6000
2016-04-10 08:00:00,218.0400,2.2000
2016-04-10 09:00:00,220.4200,3.3000
2016-04-10 10:00:00,298.1700,3.9000
2016-04-10 11:00:00,280.7500,5.6000
2016-04-10 12:00:00,272.5700,6.1000
2016-04-10 13:00:00,264.0100,8.3000
2016-04-10 14:00:00,268.1600,8.9000
2016-04-10 15:00:00,250.6400,9.4000
2016-04-10 16:00:00,250.2800,10.6000
2016-04-10 17:00:00,244.6000,11.1000
2016-04-10 18:00:00,244.0000,10.6000
2016-04-10 19:00:00,253.6000,10.0000
2016-04-10 20:00:00,261.9200,9.4000
2016-04-10 21:00:00,230.0400,7.8000
2016-04-10 22:00:00,226.1500,7.8000
2016-04-10 23:00:00,225.9600,8.3000
2016-04-11 00:00:00,221.5700,8.9000
2016-04-11 01:00:00,224.4000,9.4000
2016-04-11 02:00:00,225.8000,9.4000
2016-04-11 03:00:00,338.5400,8.9000
2016-04-11 04:00:00,301.5100,8.3000
2016-04-11 05:00:00,292.7000,8.9000
2016-04-11 06:00:00,323.5100,8.3000
2016-04-11 07:00:00,357.2700,8.9000
2016-04-11 08:00:00,423.6900,9.4000
2016-04-11 09:00:00,422.6700,10.6000
2016-04-11 10:00:00,432.7200,12.2000
2016-04-11 11:00:00,432.2600,15.0000
2016-04-11 12:00:00,462.2300,17.8000
2016-04-11 13:00:00,459.0000,20.0000
2016-04-11 14:00:00,477.3600,20.6000
2016-04-11 15:00:00,500.0600,22.2000
2016-04-11 16:00:00,496.2600,22.8000
2016-04-11 17:00:00,484.6000,22.8000
2016-04-11 18:00:00,472.1800,19.4000
2016-04-11 19:00:00,438.1700,21.1000
2016-04-11 20:00:00,417.4700,20.0000
2016-04-11 21:00:00,260.9600,20.6000
2016-04-11 22:00:00,264.1200,18.9000
2016-04-11 23:00:00,256.9600,19.4000
2016-04-12 00:00:00,263.2200,20.0000
2016-04-12 01:00:00,262.8700,20.0000
2016-04-12 02:00:00,265.9000,19.4000
2016-04-12 03:00:00,378.0500,18.3000
2016-04-12 04:00:00,379.2000,17.8000
2016-04-12 05:00:00,378.4800,16.7000
2016-04-12 06:00:00,376.7000,16.1000
2016-04-12 07:00:00,429.9100,15.6000
2016-04-12 08:00:00,499.2700,16.1000
2016-04-12 09:00:00,504.4000,13.9000
2016-04-12 10:00:00,498.1700,13.3000
2016-04-12 11:00:00,523.0300,13.9000
2016-04-12 12:00:00,499.4400,16.1000
2016-04-12 13:00:00,470.1500,16.7000
2016-04-12 14:00:00,478.3900,16.7000
2016-04-12 15:00:00,496.1500,17.2000
2016-04-12 16:00:00,505.3900,17.2000
2016-04-12 17:00:00,463.1500,16.1000
2016-04-12 18:00:00,449.9200,15.6000
2016-04-12 19:00:00,418.8400,13.9000
2016-04-12 20:00:00,379.5900,12.8000
2016-04-12 21:00:00,270.1900,11.7000
2016-04-12 22:00:00,226.5800,11.1000
2016-04-12 23:00:00,224.5500,9.4000
2016-04-13 00:00:00,226.7600,9.4000
2016-04-13 01:00:00,228.1000,9.4000
2016-04-13 02:00:00,229.2800,8.3000
2016-04-13 03:00:00,345.5500,7.8000
2016-04-13 04:00:00,333.2600,7.2000
2016-04-13 05:00:00,336.9100,6.1000
2016-04-13 06:00:00,317.4500,6.1000
2016-04-13 07:00:00,341.6000,7.2000
2016-04-13 08:00:00,416.3900,8.3000
2016-04-13 09:00:00,397.8100,10.0000
2016-04-13 10:00:00,450.2000,10.6000
2016-04-13 11:00:00,456.7200,11.1000
2016-04-13 12:00:00,475.8200,11.7000
2016-04-13 13:00:00,430.4000,12.2000
2016-04-13 14:00:00,449.6800,13.3000
2016-04-13 15:00:00,467.4000,13.9000
2016-04-13 16:00:00,452.6600,13.9000
2016-04-13 17:00:00,456.6700,13.9000
2016-04-13 18:00:00,407.5900,13.9000
2016-04-13 19:00:00,366.9400,11.7000
2016-04-13 20:00:00,340.6700,10.6000
2016-04-13 21:00:00,250.1000,10.0000
2016-04-13 22:00:00,220.1500,10.0000
2016-04-13 23:00:00,218.2800,10.0000
2016-04-14 00:00:00,220.1500,7.8000
2016-04-14 01:00:00,222.7100,7.2000
2016-04-14 02:00:00,221.5500,7.2000
2016-04-14 03:00:00,290.5200,6.7000
2016-04-14 04:00:00,281.7700,6.1000
2016-04-14 05:00:00,280.2900,6.1000
2016-04-14 06:00:00,279.3300,5.6000
2016-04-14 07:00:00,361.5400,7.2000
2016-04-14 08:00:00,438.9300,8.9000
2016-04-14 09:00:00,377.2400,11.1000
2016-04-14 10:00:00,445.4600,13.3000
2016-04-14 11:00:00,489.2200,15.0000
2016-04-14 12:00:00,479.4000,16.1000
2016-04-14 13:00:00,499.9700,15.6000
2016-04-14 14:00:00,488.0700,17.2000
2016-04-14 15:00:00,489.3700,16.7000
2016-04-14 16:00:00,487.4900,17.2000
2016-04-14 17:00:00,490.4300,16.1000
2016-04-14 18:00:00,438.2100,15.6000
2016-04-14 19:00:00,425.3000,14.4000
2016-04-14 20:00:00,362.6000,12.8000
2016-04-14 21:00:00,267.9400,11.7000
2016-04-14 22:00:00,253.2900,11.7000
2016-04-14 23:00:00,222.8100,10.0000
2016-04-15 00:00:00,219.3800,9.4000
2016-04-15 01:00:00,220.3800,8.9000
2016-04-15 02:00:00,220.5300,8.3000
2016-04-15 03:00:00,335.8800,7.2000
2016-04-15 04:00:00,315.3500,7.8000
2016-04-15 05:00:00,314.7100,7.2000
2016-04-15 06:00:00,312.1600,6.7000
2016-04-15 07:00:00,310.8200,8.3000
2016-04-15 08:00:00,305.1500,10.6000
2016-04-15 09:00:00,309.6500,11.7000
2016-04-15 10:00:00,332.7000,13.3000
2016-04-15 11:00:00,365.4600,15.6000
2016-04-15 12:00:00,358.2400,15.6000
2016-04-15 13:00:00,369.3400,17.2000
2016-04-15 14:00:00,389.3900,17.2000
2016-04-15 15:00:00,386.4400,16.7000
2016-04-15 16:00:00,401.1700,17.2000
2016-04-15 17:00:00,402.2100,16.7000
2016-04-15 18:00:00,394.6600,16.1000
2016-04-15 19:00:00,377.0800,14.4000
2016-04-15 20:00:00,355.3600,13.3000
2016-04-15 21:00:00,264.0700,12.2000
2016-04-15 22:00:00,243.4600,11.1000
2016-04-15 23:00:00,233.4100,10.0000
2016-04-16 00:00:00,220.3600,9.4000
2016-04-16 01:00:00,221.4200,8.9000
2016-04-16 02:00:00,222.3900,8.3000
2016-04-16 03:00:00,220.3100,8.3000
2016-04-16 04:00:00,218.0100,7.8000
2016-04-16 05:00:00,213.8900,7.8000
2016-04-16 06:00:00,215.3800,7.8000
2016-04-16 07:00:00,331.1900,9.4000
2016-04-16 08:00:00,343.8100,11.7000
2016-04-16 09:00:00,369.8800,15.0000
2016-04-16 10:00:00,366.8300,17.8000
2016-04-16 11:00:00,389.5200,19.4000
2016-04-16 12:00:00,393.8100,20.6000
2016-04-16 13:00:00,413.5600,21.1000
2016-04-16 14:00:00,421.1400,21.7000
2016-04-16 15:00:00,426.4100,21.7000
2016-04-16 16:00:00,417.5500,21.1000
2016-04-16 17:00:00,424.6300,20.6000
2016-04-16 18:00:00,396.3100,18.9000
2016-04-16 19:00:00,251.6300,16.7000
2016-04-16 20:00:00,256.0800,15.6000
2016-04-16 21:00:00,255.1800,15.6000
2016-04-16 22:00:00,235.5800,13.3000
2016-04-16 23:00:00,229.0100,12.2000
2016-04-17 00:00:00,238.1600,10.6000
2016-04-17 01:00:00,221.7600,10.6000
2016-04-17 02:00:00,220.4100,9.4000
2016-04-17 03:00:00,220.0300,9.4000
2016-04-17 04:00:00,219.1300,8.9000
2016-04-17 05:00:00,217.1900,9.4000
2016-04-17 06:00:00,208.3300,8.9000
2016-04-17 07:00:00,206.3700,10.0000
2016-04-17 08:00:00,222.7700,11.7000
2016-04-17 09:00:00,231.7400,13.3000
2016-04-17 10:00:00,341.7100,15.0000
2016-04-17 11:00:00,356.3600,16.7000
2016-04-17 12:00:00,367.2800,17.8000
2016-04-17 13:00:00,378.9000,18.9000
2016-04-17 14:00:00,386.9400,21.1000
2016-04-17 15:00:00,389.3600,22.2000
2016-04-17 16:00:00,395.0700,22.8000
2016-04-17 17:00:00,397.3400,22.8000
2016-04-17 18:00:00,392.2400,21.7000
2016-04-17 19:00:00,389.4200,21.7000
2016-04-17 20:00:00,382.5700,19.4000
2016-04-17 21:00:00,272.4900,17.2000
2016-04-17 22:00:00,261.8400,16.1000
2016-04-17 23:00:00,252.6800,15.6000
2016-04-18 00:00:00,251.1100,13.9000
2016-04-18 01:00:00,239.1000,13.9000
2016-04-18 02:00:00,226.9000,12.8000
2016-04-18 03:00:00,362.5100,12.2000
2016-04-18 04:00:00,368.9000,11.7000
2016-04-18 05:00:00,362.6000,11.7000
2016-04-18 06:00:00,329.8900,11.7000
2016-04-18 07:00:00,363.9600,13.9000
2016-04-18 08:00:00,468.5500,15.6000
2016-04-18 09:00:00,485.2500,19.4000
2016-04-18 10:00:00,546.9900,22.2000
2016-04-18 11:00:00,573.7200,24.4000
2016-04-18 12:00:00,538.8200,27.2000
2016-04-18 13:00:00,508.8600,28.3000
2016-04-18 14:00:00,530.5300,28.3000
2016-04-18 15:00:00,493.7400,28.3000
2016-04-18 16:00:00,526.4900,28.9000
2016-04-18 17:00:00,529.8100,28.9000
2016-04-18 18:00:00,530.3000,26.7000
2016-04-18 19:00:00,497.9400,23.3000
2016-04-18 20:00:00,450.5200,21.7000
2016-04-18 21:00:00,259.2000,21.7000
2016-04-18 22:00:00,248.7100,20.0000
2016-04-18 23:00:00,233.8300,17.8000
2016-04-19 00:00:00,231.5000,16.1000
2016-04-19 01:00:00,231.2600,16.1000
2016-04-19 02:00:00,223.8600,16.1000
2016-04-19 03:00:00,352.8300,15.0000
2016-04-19 04:00:00,338.9700,13.9000
2016-04-19 05:00:00,326.4300,15.0000
2016-04-19 06:00:00,313.1900,15.0000
2016-04-19 07:00:00,337.3900,15.6000
2016-04-19 08:00:00,477.1000,18.3000
2016-04-19 09:00:00,515.8800,22.8000
2016-04-19 10:00:00,546.1800,26.1000
2016-04-19 11:00:00,562.1500,27.8000
2016-04-19 12:00:00,547.1800,28.3000
2016-04-19 13:00:00,505.2800,28.3000
2016-04-19 14:00:00,538.3500,27.8000
2016-04-19 15:00:00,519.4600,28.3000
2016-04-19 16:00:00,541.3800,26.7000
2016-04-19 17:00:00,483.9500,24.4000
2016-04-19 18:00:00,434.6600,22.8000
2016-04-19 19:00:00,393.7700,21.7000
2016-04-19 20:00:00,369.7700,20.0000
2016-04-19 21:00:00,249.9100,18.9000
2016-04-19 22:00:00,229.2800,17.8000
2016-04-19 23:00:00,229.5200,16.7000
2016-04-20 00:00:00,220.9900,16.1000
2016-04-20 01:00:00,205.4600,15.0000
2016-04-20 02:00:00,203.3600,13.9000
2016-04-20 03:00:00,290.0500,12.8000
2016-04-20 04:00:00,297.4800,12.2000
2016-04-20 05:00:00,292.0700,11.1000
2016-04-20 06:00:00,256.1500,10.0000
2016-04-20 07:00:00,303.2900,12.8000
2016-04-20 08:00:00,400.6100,14.4000
2016-04-20 09:00:00,463.4800,15.6000
2016-04-20 10:00:00,451.0400,16.7000
2016-04-20 11:00:00,431.7500,17.8000
2016-04-20 12:00:00,411.4200,18.3000
2016-04-20 13:00:00,425.0000,19.4000
2016-04-20 14:00:00,449.5200,20.6000
2016-04-20 15:00:00,461.9100,20.0000
2016-04-20 16:00:00,464.9000,20.6000
2016-04-20 17:00:00,437.0000,21.1000
2016-04-20 18:00:00,414.6500,20.0000
2016-04-20 19:00:00,380.6600,18.3000
2016-04-20 20:00:00,363.6300,16.7000
2016-04-20 21:00:00,251.5300,16.1000
2016-04-20 22:00:00,230.3700,15.0000
2016-04-20 23:00:00,210.6900,13.3000
2016-04-21 00:00:00,208.2200,12.8000
2016-04-21 01:00:00,205.1300,11.7000
2016-04-21 02:00:00,190.8800,10.6000
2016-04-21 03:00:00,300.7900,10.0000
2016-04-21 04:00:00,296.2900,9.4000
2016-04-21 05:00:00,294.2800,9.4000
2016-04-21 06:00:00,258.1900,10.0000
2016-04-21 07:00:00,305.7500,11.1000
2016-04-21 08:00:00,380.1300,12.8000
2016-04-21 09:00:00,487.8300,13.9000
2016-04-21 10:00:00,470.2200,16.7000
2016-04-21 11:00:00,423.1900,16.1000
2016-04-21 12:00:00,458.4000,19.4000
2016-04-21 13:00:00,411.7100,21.7000
2016-04-21 14:00:00,446.5800,23.3000
2016-04-21 15:00:00,475.2900,23.3000
2016-04-21 16:00:00,479.1300,23.3000
2016-04-21 17:00:00,472.2600,23.3000
2016-04-21 18:00:00,433.6000,22.8000
2016-04-21 19:00:00,417.8900,21.1000
2016-04-21 20:00:00,411.2900,20.6000
2016-04-21 21:00:00,265.6100,19.4000
2016-04-21 22:00:00,257.7300,19.4000
2016-04-21 23:00:00,241.4700,19.4000
2016-04-22 00:00:00,240.6300,20.6000
2016-04-22 01:00:00,242.1300,19.4000
2016-04-22 02:00:00,241.5200,19.4000
2016-04-22 03:00:00,353.0400,19.4000
2016-04-22 04:00:00,352.2700,19.4000
2016-04-22 05:00:00,349.8100,18.3000
2016-04-22 06:00:00,352.8700,17.8000
2016-04-22 07:00:00,394.3000,18.9000
2016-04-22 08:00:00,482.0700,19.4000
2016-04-22 09:00:00,419.5500,19.4000
2016-04-22 10:00:00,494.2900,21.1000
2016-04-22 11:00:00,504.5400,23.3000
2016-04-22 12:00:00,494.2700,22.8000
2016-04-22 13:00:00,473.1400,21.7000
2016-04-22 14:00:00,466.1000,21.1000
2016-04-22 15:00:00,511.9200,21.7000
2016-04-22 16:00:00,493.6800,21.7000
2016-04-22 17:00:00,431.6200,21.1000
2016-04-22 18:00:00,417.5300,20.0000
2016-04-22 19:00:00,339.2700,18.9000
2016-04-22 20:00:00,327.1100,18.9000
2016-04-22 21:00:00,249.2400,18.9000
2016-04-22 22:00:00,195.4300,18.3000
2016-04-22 23:00:00,191.8700,18.3000
2016-04-23 00:00:00,191.8500,17.8000
2016-04-23 01:00:00,191.7100,17.8000
2016-04-23 02:00:00,192.8200,17.8000
2016-04-23 03:00:00,191.5700,17.8000
2016-04-23 04:00:00,190.7800,17.2000
2016-04-23 05:00:00,177.1200,16.7000
2016-04-23 06:00:00,164.3700,17.2000
2016-04-23 07:00:00,252.7000,17.2000
2016-04-23 08:00:00,279.9900,17.2000
2016-04-23 09:00:00,271.5500,16.7000
2016-04-23 10:00:00,267.6800,16.7000
2016-04-23 11:00:00,276.6100,16.1000
2016-04-23 12:00:00,275.9300,17.2000
2016-04-23 13:00:00,288.0900,19.4000
2016-04-23 14:00:00,287.0800,19.4000
2016-04-23 15:00:00,289.5000,19.4000
2016-04-23 16:00:00,303.8100,21.7000
2016-04-23 17:00:00,305.0000,21.1000
2016-04-23 18:00:00,287.6500,20.0000
2016-04-23 19:00:00,181.5100,18.9000
2016-04-23 20:00:00,177.4700,17.2000
2016-04-23 21:00:00,170.3200,16.1000
2016-04-23 22:00:00,173.3000,15.0000
2016-04-23 23:00:00,173.7700,13.9000
2016-04-24 00:00:00,174.0200,12.8000
2016-04-24 01:00:00,172.5200,12.2000
2016-04-24 02:00:00,174.2900,11.7000
2016-04-24 03:00:00,173.7700,10.0000
2016-04-24 04:00:00,176.4100,9.4000
2016-04-24 05:00:00,170.2600,8.3000
2016-04-24 06:00:00,162.6700,8.3000
2016-04-24 07:00:00,162.8900,10.0000
2016-04-24 08:00:00,161.6500,12.2000
2016-04-24 09:00:00,158.3600,13.9000
2016-04-24 10:00:00,227.5600,15.0000
2016-04-24 11:00:00,238.6100,15.0000
2016-04-24 12:00:00,239.7100,17.2000
2016-04-24 13:00:00,253.4000,17.8000
2016-04-24 14:00:00,252.7200,18.3000
2016-04-24 15:00:00,260.6200,18.9000
2016-04-24 16:00:00,258.7100,19.4000
2016-04-24 17:00:00,252.3300,19.4000
2016-04-24 18:00:00,244.6800,18.3000
2016-04-24 19:00:00,244.7300,17.2000
2016-04-24 20:00:00,246.1400,16.1000
2016-04-24 21:00:00,201.4600,13.3000
2016-04-24 22:00:00,172.0800,14.4000
2016-04-24 23:00:00,173.3900,13.9000
2016-04-25 00:00:00,172.7100,11.7000
2016-04-25 01:00:00,172.8700,12.2000
2016-04-25 02:00:00,173.4200,11.7000
2016-04-25 03:00:00,261.3200,11.1000
2016-04-25 04:00:00,263.8200,10.6000
2016-04-25 05:00:00,270.4600,10.6000
2016-04-25 06:00:00,272.9600,10.6000
2016-04-25 07:00:00,382.1600,12.2000
2016-04-25 08:00:00,431.5000,14.4000
2016-04-25 09:00:00,446.1300,15.6000
2016-04-25 10:00:00,460.5700,17.8000
2016-04-25 11:00:00,429.5300,19.4000
2016-04-25 12:00:00,455.4400,21.7000
2016-04-25 13:00:00,491.1100,23.3000
2016-04-25 14:00:00,503.2300,23.9000
2016-04-25 15:00:00,503.4400,25.0000
2016-04-25 16:00:00,472.3200,24.4000
2016-04-25 17:00:00,444.4100,24.4000
2016-04-25 18:00:00,421.9500,25.0000
2016-04-25 19:00:00,407.1300,23.3000
2016-04-25 20:00:00,397.3500,21.7000
2016-04-25 21:00:00,192.3400,20.6000
2016-04-25 22:00:00,181.7800,19.4000
2016-04-25 23:00:00,178.9700,20.0000
2016-04-26 00:00:00,178.9700,20.6000
2016-04-26 01:00:00,183.2900,20.6000
2016-04-26 02:00:00,180.5300,20.6000
2016-04-26 03:00:00,353.2300,18.9000
2016-04-26 04:00:00,360.6100,19.4000
2016-04-26 05:00:00,363.1500,18.3000
2016-04-26 06:00:00,323.7900,18.9000
2016-04-26 07:00:00,370.7800,19.4000
2016-04-26 08:00:00,504.0900,20.6000
2016-04-26 09:00:00,545.0900,23.9000
2016-04-26 10:00:00,592.7100,26.7000
2016-04-26 11:00:00,670.7400,27.2000
2016-04-26 12:00:00,669.1300,27.2000
2016-04-26 13:00:00,673.6300,28.3000
2016-04-26 14:00:00,698.6500,29.4000
2016-04-26 15:00:00,688.8900,28.9000
2016-04-26 16:00:00,673.4100,29.4000
2016-04-26 17:00:00,615.9900,28.9000
2016-04-26 18:00:00,574.9500,28.3000
2016-04-26 19:00:00,495.9900,27.2000
2016-04-26 20:00:00,476.1200,26.1000
2016-04-26 21:00:00,297.3900,25.0000
2016-04-26 22:00:00,205.7600,24.4000
2016-04-26 23:00:00,202.4000,22.2000
2016-04-27 00:00:00,202.9800,22.2000
2016-04-27 01:00:00,199.0700,21.1000
2016-04-27 02:00:00,192.2700,20.6000
2016-04-27 03:00:00,376.0300,17.2000
2016-04-27 04:00:00,343.6900,16.7000
2016-04-27 05:00:00,340.4900,15.0000
2016-04-27 06:00:00,329.2800,13.9000
2016-04-27 07:00:00,366.3900,13.3000
2016-04-27 08:00:00,484.8200,12.8000
2016-04-27 09:00:00,472.6800,12.2000
2016-04-27 10:00:00,493.9700,12.8000
2016-04-27 11:00:00,493.8700,12.8000
2016-04-27 12:00:00,455.7900,12.2000
2016-04-27 13:00:00,445.6300,12.8000
2016-04-27 14:00:00,455.0100,12.8000
2016-04-27 15:00:00,448.4500,13.3000
2016-04-27 16:00:00,411.4400,13.3000
2016-04-27 17:00:00,377.8600,13.3000
2016-04-27 18:00:00,353.5400,13.3000
2016-04-27 19:00:00,323.3400,13.3000
2016-04-27 20:00:00,313.0300,12.2000
2016-04-27 21:00:00,220.9000,12.2000
2016-04-27 22:00:00,172.7500,12.2000
2016-04-27 23:00:00,167.5200,12.2000
2016-04-28 00:00:00,166.8000,12.2000
2016-04-28 01:00:00,168.3600,12.2000
2016-04-28 02:00:00,171.0900,12.2000
2016-04-28 03:00:00,278.9700,12.8000
2016-04-28 04:00:00,269.4600,12.2000
2016-04-28 05:00:00,262.6800,12.2000
2016-04-28 06:00:00,268.2600,12.8000
2016-04-28 07:00:00,311.7900,12.8000
2016-04-28 08:00:00,425.3400,12.8000
2016-04-28 09:00:00,438.3200,12.2000
2016-04-28 10:00:00,442.7700,12.2000
2016-04-28 11:00:00,411.3500,12.2000
2016-04-28 12:00:00,421.1500,12.2000
2016-04-28 13:00:00,420.4400,12.2000
2016-04-28 14:00:00,434.5600,12.8000
2016-04-28 15:00:00,426.9600,12.2000
2016-04-28 16:00:00,364.8100,11.1000
2016-04-28 17:00:00,324.5300,10.6000
2016-04-28 18:00:00,285.4000,10.0000
2016-04-28 19:00:00,259.5000,10.0000
2016-04-28 20:00:00,257.8400,10.0000
2016-04-28 21:00:00,199.5100,8.9000
2016-04-28 22:00:00,176.2700,8.9000
2016-04-28 23:00:00,172.2500,8.9000
2016-04-29 00:00:00,176.0000,8.9000
2016-04-29 01:00:00,171.6500,8.9000
2016-04-29 02:00:00,172.8500,8.9000
2016-04-29 03:00:00,222.9300,8.9000
2016-04-29 04:00:00,222.3800,8.9000
2016-04-29 05:00:00,220.9100,9.4000
2016-04-29 06:00:00,217.0000,9.4000
2016-04-29 07:00:00,278.4800,8.9000
2016-04-29 08:00:00,355.1600,9.4000
2016-04-29 09:00:00,374.9100,9.4000
2016-04-29 10:00:00,416.8700,10.0000
2016-04-29 11:00:00,380.4700,10.6000
2016-04-29 12:00:00,373.6500,11.1000
2016-04-29 13:00:00,370.3900,11.7000
2016-04-29 14:00:00,380.5700,12.2000
2016-04-29 15:00:00,374.4800,12.8000
2016-04-29 16:00:00,347.0700,12.8000
2016-04-29 17:00:00,310.7700,12.8000
2016-04-29 18:00:00,301.4200,12.2000
2016-04-29 19:00:00,290.6100,12.2000
2016-04-29 20:00:00,269.7500,11.7000
2016-04-29 21:00:00,194.2100,11.7000
2016-04-29 22:00:00,169.7800,11.7000
2016-04-29 23:00:00,173.0400,11.7000
2016-04-30 00:00:00,174.7900,11.7000
2016-04-30 01:00:00,168.8800,11.1000
2016-04-30 02:00:00,170.4100,11.1000
2016-04-30 03:00:00,169.7700,11.1000
2016-04-30 04:00:00,168.5800,11.1000
2016-04-30 05:00:00,167.5700,11.1000
2016-04-30 06:00:00,162.8800,10.6000
2016-04-30 07:00:00,250.6200,10.6000
2016-04-30 08:00:00,251.4700,11.1000
2016-04-30 09:00:00,270.6700,11.7000
2016-04-30 10:00:00,269.6100,11.7000
2016-04-30 11:00:00,259.2300,12.2000
2016-04-30 12:00:00,247.2900,12.8000
2016-04-30 13:00:00,239.3100,13.3000
2016-04-30 14:00:00,238.9600,14.4000
2016-04-30 15:00:00,244.3000,13.9000
2016-04-30 16:00:00,233.6900,13.9000
2016-04-30 17:00:00,234.0500,13.9000
2016-04-30 18:00:00,237.6200,13.9000
2016-04-30 19:00:00,166.1700,13.3000
2016-04-30 20:00:00,164.3100,12.8000
2016-04-30 21:00:00,163.1000,12.8000
2016-04-30 22:00:00,165.7200,12.2000
2016-04-30 23:00:00,166.7500,12.2000
2016-05-01 00:00:00,166.8900,12.2000
2016-05-01 01:00:00,169.0000,12.2000
2016-05-01 02:00:00,170.8200,11.1000
2016-05-01 03:00:00,168.3300,11.1000
2016-05-01 04:00:00,173.3600,11.1000
2016-05-01 05:00:00,170.2200,11.1000
2016-05-01 06:00:00,163.4800,11.7000
2016-05-01 07:00:00,165.3500,11.7000
2016-05-01 08:00:00,164.1500,11.7000
2016-05-01 09:00:00,163.7500,12.2000
2016-05-01 10:00:00,200.6900,12.2000
2016-05-01 11:00:00,202.0800,13.3000
2016-05-01 12:00:00,204.3100,13.3000
2016-05-01 13:00:00,200.4000,13.9000
2016-05-01 14:00:00,223.4500,14.4000
2016-05-01 15:00:00,221.0500,14.4000
2016-05-01 16:00:00,204.3900,15.0000
2016-05-01 17:00:00,206.7500,14.4000
2016-05-01 18:00:00,203.3900,14.4000
2016-05-01 19:00:00,209.0500,13.9000
2016-05-01 20:00:00,216.6800,13.3000
2016-05-01 21:00:00,175.4400,13.3000
2016-05-01 22:00:00,169.9000,13.3000
2016-05-01 23:00:00,169.6200,13.3000
2016-05-02 00:00:00,169.9300,13.3000
2016-05-02 01:00:00,167.8000,13.3000
2016-05-02 02:00:00,167.7600,13.3000
2016-05-02 03:00:00,230.9700,12.8000
2016-05-02 04:00:00,229.5900,12.8000
2016-05-02 05:00:00,232.4400,12.8000
2016-05-02 06:00:00,254.0300,12.8000
2016-05-02 07:00:00,324.6500,13.3000
2016-05-02 08:00:00,395.8600,13.3000
2016-05-02 09:00:00,444.7500,14.4000
2016-05-02 10:00:00,476.3000,15.6000
2016-05-02 11:00:00,510.5300,17.2000
2016-05-02 12:00:00,553.4700,19.4000
2016-05-02 13:00:00,568.7100,19.4000
2016-05-02 14:00:00,576.8100,21.7000
2016-05-02 15:00:00,569.1400,23.3000
2016-05-02 16:00:00,557.1100,24.4000
2016-05-02 17:00:00,543.3300,23.9000
2016-05-02 18:00:00,533.9900,23.3000
2016-05-02 19:00:00,492.0000,21.7000
2016-05-02 20:00:00,465.5400,20.0000
2016-05-02 21:00:00,256.1100,16.7000
2016-05-02 22:00:00,231.9100,16.7000
2016-05-02 23:00:00,227.3700,17.2000
2016-05-03 00:00:00,229.0800,16.7000
2016-05-03 01:00:00,225.7200,16.7000
2016-05-03 02:00:00,226.4600,17.2000
2016-05-03 03:00:00,394.2700,17.2000
2016-05-03 04:00:00,414.6200,16.7000
2016-05-03 05:00:00,412.8000,17.2000
2016-05-03 06:00:00,394.0800,16.7000
2016-05-03 07:00:00,428.2000,17.2000
2016-05-03 08:00:00,553.1300,18.3000
2016-05-03 09:00:00,523.6600,19.4000
2016-05-03 10:00:00,556.4700,20.0000
2016-05-03 11:00:00,543.7600,19.4000
2016-05-03 12:00:00,576.3000,20.6000
2016-05-03 13:00:00,540.7500,22.2000
2016-05-03 14:00:00,549.1600,22.2000
2016-05-03 15:00:00,554.5800,22.2000
2016-05-03 16:00:00,525.9200,20.0000
2016-05-03 17:00:00,500.1700,18.9000
2016-05-03 18:00:00,460.8300,17.2000
2016-05-03 19:00:00,409.6600,16.7000
2016-05-03 20:00:00,375.0800,16.1000
2016-05-03 21:00:00,256.8500,15.6000
2016-05-03 22:00:00,193.3500,15.6000
2016-05-03 23:00:00,191.6100,15.0000
2016-05-04 00:00:00,191.8200,14.4000
2016-05-04 01:00:00,192.1800,13.9000
2016-05-04 02:00:00,192.3000,13.3000
2016-05-04 03:00:00,323.5200,13.3000
2016-05-04 04:00:00,310.7200,13.3000
2016-05-04 05:00:00,314.3700,12.8000
2016-05-04 06:00:00,325.4400,12.2000
2016-05-04 07:00:00,367.5500,12.8000
2016-05-04 08:00:00,404.6300,12.2000
2016-05-04 09:00:00,442.4000,12.8000
2016-05-04 10:00:00,473.8100,12.8000
2016-05-04 11:00:00,464.5200,13.9000
2016-05-04 12:00:00,437.1000,15.0000
2016-05-04 13:00:00,410.4900,15.0000
2016-05-04 14:00:00,420.4000,15.0000
2016-05-04 15:00:00,409.4900,15.0000
2016-05-04 16:00:00,405.2000,15.6000
2016-05-04 17:00:00,384.4900,14.4000
2016-05-04 18:00:00,337.1800,13.9000
2016-05-04 19:00:00,298.0400,13.3000
2016-05-04 20:00:00,283.9900,13.3000
2016-05-04 21:00:00,217.4900,12.8000
2016-05-04 22:00:00,201.8500,12.2000
2016-05-04 23:00:00,195.7000,12.2000
2016-05-05 00:00:00,194.6600,11.7000
2016-05-05 01:00:00,195.0000,11.7000
2016-05-05 02:00:00,198.7700,10.6000
2016-05-05 03:00:00,249.4300,10.6000
2016-05-05 04:00:00,250.7700,10.6000
2016-05-05 05:00:00,247.4100,10.6000
2016-05-05 06:00:00,256.4000,10.6000
2016-05-05 07:00:00,365.3400,10.6000
2016-05-05 08:00:00,413.8100,10.6000
2016-05-05 09:00:00,421.4200,11.1000
2016-05-05 10:00:00,457.5000,11.1000
2016-05-05 11:00:00,457.2300,11.1000
2016-05-05 12:00:00,442.2700,11.7000
2016-05-05 13:00:00,399.4500,12.2000
2016-05-05 14:00:00,404.5600,13.3000
2016-05-05 15:00:00,397.2100,13.9000
2016-05-05 16:00:00,373.7800,13.9000
2016-05-05 17:00:00,346.0600,13.3000
2016-05-05 18:00:00,309.6000,13.3000
2016-05-05 19:00:00,283.7800,13.3000
2016-05-05 20:00:00,290.4500,13.3000
2016-05-05 21:00:00,221.0300,12.8000
2016-05-05 22:00:00,202.3000,12.8000
2016-05-05 23:00:00,199.0800,12.8000
2016-05-06 00:00:00,200.2100,12.2000
2016-05-06 01:00:00,200.4800,12.2000
2016-05-06 02:00:00,196.4700,12.2000
2016-05-06 03:00:00,257.9300,12.2000
2016-05-06 04:00:00,263.1700,12.8000
2016-05-06 05:00:00,257.7500,12.8000
2016-05-06 06:00:00,280.7700,11.7000
2016-05-06 07:00:00,323.7700,11.7000
2016-05-06 08:00:00,344.8200,11.7000
2016-05-06 09:00:00,363.4600,11.7000
2016-05-06 10:00:00,356.6800,12.2000
2016-05-06 11:00:00,379.4700,12.8000
2016-05-06 12:00:00,375.1200,10.6000
2016-05-06 13:00:00,363.2600,11.1000
2016-05-06 14:00:00,383.5300,11.7000
2016-05-06 15:00:00,370.9400,12.2000
2016-05-06 16:00:00,353.5200,11.7000
2016-05-06 17:00:00,343.6000,11.7000
2016-05-06 18:00:00,278.1500,11.7000
2016-05-06 19:00:00,257.9100,11.1000
2016-05-06 20:00:00,259.1600,11.7000
2016-05-06 21:00:00,214.3400,11.1000
2016-05-06 22:00:00,203.7400,11.7000
2016-05-06 23:00:00,200.1000,11.7000
2016-05-07 00:00:00,200.5000,11.7000
2016-05-07 01:00:00,200.2300,11.7000
2016-05-07 02:00:00,201.1500,11.1000
2016-05-07 03:00:00,200.7100,10.6000
2016-05-07 04:00:00,204.0300,11.1000
2016-05-07 05:00:00,201.6700,10.6000
2016-05-07 06:00:00,179.0400,10.6000
2016-05-07 07:00:00,202.8400,11.7000
2016-05-07 08:00:00,196.5800,12.2000
2016-05-07 09:00:00,205.5600,12.2000
2016-05-07 10:00:00,201.4300,13.9000
2016-05-07 11:00:00,235.2800,15.0000
2016-05-07 12:00:00,306.3000,15.0000
2016-05-07 13:00:00,249.0400,17.2000
2016-05-07 14:00:00,284.4000,16.1000
2016-05-07 15:00:00,295.6200,17.8000
2016-05-07 16:00:00,313.7500,17.2000
2016-05-07 17:00:00,325.6800,17.8000
2016-05-07 18:00:00,326.1900,16.7000
2016-05-07 19:00:00,180.8000,15.6000
2016-05-07 20:00:00,181.4100,15.6000
2016-05-07 21:00:00,183.4400,15.0000
2016-05-07 22:00:00,184.0400,14.4000
2016-05-07 23:00:00,178.5700,14.4000
2016-05-08 00:00:00,163.2800,14.4000
2016-05-08 01:00:00,163.4400,13.9000
2016-05-08 02:00:00,163.8100,13.9000
2016-05-08 03:00:00,160.0700,13.9000
2016-05-08 04:00:00,161.8400,12.8000
2016-05-08 05:00:00,161.7200,12.2000
2016-05-08 06:00:00,154.2500,12.8000
2016-05-08 07:00:00,153.7100,14.4000
2016-05-08 08:00:00,151.5100,17.8000
2016-05-08 09:00:00,158.7500,19.4000
2016-05-08 10:00:00,273.3800,20.0000
2016-05-08 11:00:00,273.3800,19.4000
2016-05-08 12:00:00,274.5100,20.6000
2016-05-08 13:00:00,278.0100,21.1000
2016-05-08 14:00:00,284.4000,22.2000
2016-05-08 15:00:00,287.9800,21.7000
2016-05-08 16:00:00,287.1800,21.1000
2016-05-08 17:00:00,293.1700,20.6000
2016-05-08 18:00:00,276.5200,20.0000
2016-05-08 19:00:00,273.1900,19.4000
2016-05-08 20:00:00,265.4600,17.2000
2016-05-08 21:00:00,206.4900,16.7000
2016-05-08 22:00:00,185.9200,16.1000
2016-05-08 23:00:00,186.1600,14.4000
2016-05-09 00:00:00,185.8600,12.8000
2016-05-09 01:00:00,173.5600,12.8000
2016-05-09 02:00:00,166.0100,12.2000
2016-05-09 03:00:00,240.1900,11.1000
2016-05-09 04:00:00,243.4200,10.0000
2016-05-09 05:00:00,251.9700,11.1000
2016-05-09 06:00:00,278.6500,11.1000
2016-05-09 07:00:00,326.9100,12.8000
2016-05-09 08:00:00,396.5900,13.9000
2016-05-09 09:00:00,449.0800,15.0000
2016-05-09 10:00:00,453.2900,16.1000
2016-05-09 11:00:00,446.2500,13.9000
2016-05-09 12:00:00,460.3000,13.9000
2016-05-09 13:00:00,449.7700,14.4000
2016-05-09 14:00:00,462.5700,15.0000
2016-05-09 15:00:00,436.4200,17.2000
2016-05-09 16:00:00,416.1000,16.7000
2016-05-09 17:00:00,406.0900,17.2000
2016-05-09 18:00:00,374.7400,16.7000
2016-05-09 19:00:00,355.5800,16.1000
2016-05-09 20:00:00,337.1100,16.1000
2016-05-09 21:00:00,199.3300,15.6000
2016-05-09 22:00:00,181.1600,16.1000
2016-05-09 23:00:00,179.5500,15.0000
2016-05-10 00:00:00,180.0200,15.0000
2016-05-10 01:00:00,181.5300,15.0000
2016-05-10 02:00:00,182.8400,14.4000
2016-05-10 03:00:00,264.1900,15.0000
2016-05-10 04:00:00,269.4800,15.0000
2016-05-10 05:00:00,249.8900,15.0000
2016-05-10 06:00:00,288.4100,15.6000
2016-05-10 07:00:00,337.0400,15.0000
2016-05-10 08:00:00,410.7400,14.4000
2016-05-10 09:00:00,462.8500,14.4000
2016-05-10 10:00:00,465.6100,14.4000
2016-05-10 11:00:00,447.5200,15.6000
2016-05-10 12:00:00,459.7700,16.7000
2016-05-10 13:00:00,425.6500,17.2000
2016-05-10 14:00:00,497.7000,17.2000
2016-05-10 15:00:00,441.4300,18.3000
2016-05-10 16:00:00,434.3800,17.8000
2016-05-10 17:00:00,415.6600,17.2000
2016-05-10 18:00:00,388.3200,16.7000
2016-05-10 19:00:00,358.0400,16.7000
2016-05-10 20:00:00,349.5700,15.6000
2016-05-10 21:00:00,245.7600,15.0000
2016-05-10 22:00:00,177.7400,14.4000
2016-05-10 23:00:00,171.1300,13.9000
2016-05-11 00:00:00,171.0000,13.3000
2016-05-11 01:00:00,172.3600,12.2000
2016-05-11 02:00:00,168.1900,12.8000
2016-05-11 03:00:00,247.8000,12.2000
2016-05-11 04:00:00,276.7900,12.2000
2016-05-11 05:00:00,281.0700,12.2000
2016-05-11 06:00:00,319.1500,12.2000
2016-05-11 07:00:00,356.3300,12.8000
2016-05-11 08:00:00,447.8800,12.8000
2016-05-11 09:00:00,481.8300,12.8000
2016-05-11 10:00:00,497.4900,13.3000
2016-05-11 11:00:00,492.1400,13.3000
2016-05-11 12:00:00,473.2900,13.9000
2016-05-11 13:00:00,466.8000,13.9000
2016-05-11 14:00:00,461.7300,15.0000
2016-05-11 15:00:00,460.0800,14.4000
2016-05-11 16:00:00,445.8400,15.0000
2016-05-11 17:00:00,418.2200,15.6000
2016-05-11 18:00:00,403.7700,15.6000
2016-05-11 19:00:00,389.6300,15.6000
2016-05-11 20:00:00,372.1900,15.0000
2016-05-11 21:00:00,263.9300,15.0000
2016-05-11 22:00:00,191.4000,15.0000
2016-05-11 23:00:00,182.9100,15.0000
2016-05-12 00:00:00,184.2400,15.0000
2016-05-12 01:00:00,185.3300,15.0000
2016-05-12 02:00:00,186.6700,14.4000
2016-05-12 03:00:00,272.3300,15.0000
2016-05-12 04:00:00,285.6600,14.4000
2016-05-12 05:00:00,283.9100,14.4000
2016-05-12 06:00:00,319.7600,14.4000
2016-05-12 07:00:00,344.8500,15.0000
2016-05-12 08:00:00,427.7200,15.0000
2016-05-12 09:00:00,423.8000,15.6000
2016-05-12 10:00:00,472.8400,15.6000
2016-05-12 11:00:00,482.1100,16.7000
2016-05-12 12:00:00,504.5900,17.2000
2016-05-12 13:00:00,481.2500,17.8000
2016-05-12 14:00:00,484.4000,18.3000
2016-05-12 15:00:00,493.2500,18.3000
2016-05-12 16:00:00,485.6200,18.9000
2016-05-12 17:00:00,465.6600,18.3000
2016-05-12 18:00:00,438.5600,17.8000
2016-05-12 19:00:00,397.0100,17.2000
2016-05-12 20:00:00,411.5800,17.8000
2016-05-12 21:00:00,289.5200,17.2000
2016-05-12 22:00:00,224.8800,17.2000
2016-05-12 23:00:00,222.7400,17.2000
2016-05-13 00:00:00,221.9200,17.2000
2016-05-13 01:00:00,220.7700,16.7000
2016-05-13 02:00:00,222.0900,17.2000
2016-05-13 03:00:00,345.9200,17.2000
2016-05-13 04:00:00,366.3100,16.7000
2016-05-13 05:00:00,366.2100,17.2000
2016-05-13 06:00:00,358.7000,17.2000
2016-05-13 07:00:00,400.9100,17.2000
2016-05-13 08:00:00,482.4500,17.8000
2016-05-13 09:00:00,505.5000,17.8000
2016-05-13 10:00:00,511.8100,18.3000
2016-05-13 11:00:00,580.9200,18.3000
2016-05-13 12:00:00,545.2600,20.0000
2016-05-13 13:00:00,541.7200,21.7000
2016-05-13 14:00:00,558.8900,22.2000
2016-05-13 15:00:00,526.7900,23.9000
2016-05-13 16:00:00,492.3200,24.4000
2016-05-13 17:00:00,490.4700,24.4000
2016-05-13 18:00:00,476.9200,23.9000
2016-05-13 19:00:00,443.7600,23.9000
2016-05-13 20:00:00,424.7900,21.1000
2016-05-13 21:00:00,270.8100,20.6000
2016-05-13 22:00:00,212.5400,18.9000
2016-05-13 23:00:00,204.7000,16.7000
2016-05-14 00:00:00,201.5200,15.0000
2016-05-14 01:00:00,211.1300,16.1000
2016-05-14 02:00:00,209.5700,16.1000
2016-05-14 03:00:00,192.3100,14.4000
2016-05-14 04:00:00,193.5100,13.3000
2016-05-14 05:00:00,190.7900,12.8000
2016-05-14 06:00:00,186.5500,13.3000
2016-05-14 07:00:00,331.2900,15.0000
2016-05-14 08:00:00,337.7500,16.7000
2016-05-14 09:00:00,340.1600,18.9000
2016-05-14 10:00:00,349.0200,21.1000
2016-05-14 11:00:00,363.5800,22.2000
2016-05-14 12:00:00,370.4400,22.2000
2016-05-14 13:00:00,390.3700,23.9000
2016-05-14 14:00:00,368.9100,23.3000
2016-05-14 15:00:00,304.4000,15.6000
2016-05-14 16:00:00,314.0300,15.6000
2016-05-14 17:00:00,326.9500,16.7000
2016-05-14 18:00:00,322.9400,16.7000
2016-05-14 19:00:00,176.8800,16.7000
2016-05-14 20:00:00,161.7200,15.0000
2016-05-14 21:00:00,166.1400,14.4000
2016-05-14 22:00:00,169.0100,13.3000
2016-05-14 23:00:00,151.6100,12.2000
2016-05-15 00:00:00,151.8000,11.1000
2016-05-15 01:00:00,153.3700,10.6000
2016-05-15 02:00:00,153.7100,10.6000
2016-05-15 03:00:00,153.1600,9.4000
2016-05-15 04:00:00,151.6600,9.4000
2016-05-15 05:00:00,150.7600,9.4000
2016-05-15 06:00:00,142.0000,10.0000
2016-05-15 07:00:00,142.9100,11.7000
2016-05-15 08:00:00,140.7500,11.7000
2016-05-15 09:00:00,144.2000,11.7000
2016-05-15 10:00:00,250.8000,13.3000
2016-05-15 11:00:00,257.7900,13.3000
2016-05-15 12:00:00,254.5600,15.0000
2016-05-15 13:00:00,254.2900,13.9000
2016-05-15 14:00:00,254.2700,16.1000
2016-05-15 15:00:00,254.6300,16.1000
2016-05-15 16:00:00,254.2600,15.6000
2016-05-15 17:00:00,256.5800,15.0000
2016-05-15 18:00:00,251.9200,14.4000
2016-05-15 19:00:00,251.6000,13.9000
2016-05-15 20:00:00,260.5000,13.3000
2016-05-15 21:00:00,190.2400,12.8000
2016-05-15 22:00:00,158.3300,12.2000
2016-05-15 23:00:00,158.1900,10.0000
2016-05-16 00:00:00,155.6500,8.9000
2016-05-16 01:00:00,154.6300,8.9000
2016-05-16 02:00:00,155.0600,8.3000
2016-05-16 03:00:00,258.4300,8.9000
2016-05-16 04:00:00,281.1200,7.2000
2016-05-16 05:00:00,278.3200,7.2000
2016-05-16 06:00:00,275.6800,8.3000
2016-05-16 07:00:00,321.3100,10.6000
2016-05-16 08:00:00,404.1900,11.7000
2016-05-16 09:00:00,424.0000,12.2000
2016-05-16 10:00:00,434.8700,13.3000
2016-05-16 11:00:00,449.9300,15.6000
2016-05-16 12:00:00,443.7400,16.1000
2016-05-16 13:00:00,408.3600,17.2000
2016-05-16 14:00:00,412.9900,18.3000
2016-05-16 15:00:00,421.8100,18.9000
2016-05-16 16:00:00,435.4700,19.4000
2016-05-16 17:00:00,398.3900,18.9000
2016-05-16 18:00:00,363.0600,18.3000
2016-05-16 19:00:00,338.6900,17.8000
2016-05-16 20:00:00,324.8400,16.1000
2016-05-16 21:00:00,192.3300,15.6000
2016-05-16 22:00:00,183.0100,15.0000
2016-05-16 23:00:00,182.5600,15.0000
2016-05-17 00:00:00,184.5500,14.4000
2016-05-17 01:00:00,183.4500,13.9000
2016-05-17 02:00:00,180.4200,13.9000
2016-05-17 03:00:00,292.1000,13.3000
2016-05-17 04:00:00,303.9700,13.3000
2016-05-17 05:00:00,305.5000,13.9000
2016-05-17 06:00:00,290.4700,13.9000
2016-05-17 07:00:00,343.5000,14.4000
2016-05-17 08:00:00,436.4600,13.3000
2016-05-17 09:00:00,477.8600,13.3000
2016-05-17 10:00:00,503.5900,12.8000
2016-05-17 11:00:00,467.1500,12.8000
2016-05-17 12:00:00,449.5800,12.8000
2016-05-17 13:00:00,475.0600,12.8000
2016-05-17 14:00:00,474.3200,12.8000
2016-05-17 15:00:00,455.4200,12.8000
2016-05-17 16:00:00,447.9700,12.8000
2016-05-17 17:00:00,405.8100,13.3000
2016-05-17 18:00:00,387.2800,13.3000
2016-05-17 19:00:00,345.7300,13.3000
2016-05-17 20:00:00,334.1900,12.8000
2016-05-17 21:00:00,245.7900,12.8000
2016-05-17 22:00:00,199.8500,12.8000
2016-05-17 23:00:00,195.8000,13.3000
2016-05-18 00:00:00,199.3700,13.3000
2016-05-18 01:00:00,193.1600,12.8000
2016-05-18 02:00:00,197.4300,12.8000
2016-05-18 03:00:00,300.5200,12.8000
2016-05-18 04:00:00,293.4200,12.8000
2016-05-18 05:00:00,300.2200,12.8000
2016-05-18 06:00:00,297.5500,13.3000
2016-05-18 07:00:00,343.7700,13.3000
2016-05-18 08:00:00,392.6800,13.3000
2016-05-18 09:00:00,434.7400,13.9000
2016-05-18 10:00:00,470.1400,15.0000
2016-05-18 11:00:00,470.5300,15.6000
2016-05-18 12:00:00,511.5600,16.7000
2016-05-18 13:00:00,487.7100,17.8000
2016-05-18 14:00:00,452.9200,18.3000
2016-05-18 15:00:00,447.2600,18.9000
2016-05-18 16:00:00,432.5300,17.8000
2016-05-18 17:00:00,405.0800,17.8000
2016-05-18 18:00:00,394.2500,17.8000
2016-05-18 19:00:00,365.1400,17.2000
2016-05-18 20:00:00,350.6200,17.2000
2016-05-18 21:00:00,245.9800,15.6000
2016-05-18 22:00:00,189.2000,15.0000
2016-05-18 23:00:00,185.0000,15.0000
2016-05-19 00:00:00,185.1900,14.4000
2016-05-19 01:00:00,184.6200,14.4000
2016-05-19 02:00:00,185.0100,13.9000
2016-05-19 03:00:00,283.4200,13.9000
2016-05-19 04:00:00,300.5100,13.9000
2016-05-19 05:00:00,306.1100,13.3000
2016-05-19 06:00:00,306.1800,13.3000
2016-05-19 07:00:00,347.2400,13.9000
2016-05-19 08:00:00,439.9200,15.0000
2016-05-19 09:00:00,435.1100,16.1000
2016-05-19 10:00:00,461.3100,16.1000
2016-05-19 11:00:00,478.2100,17.2000
2016-05-19 12:00:00,472.4000,18.3000
2016-05-19 13:00:00,445.4100,18.9000
2016-05-19 14:00:00,460.6900,20.6000
2016-05-19 15:00:00,497.5800,20.6000
2016-05-19 16:00:00,450.0200,20.0000
2016-05-19 17:00:00,449.9700,20.6000
2016-05-19 18:00:00,416.7900,20.0000
2016-05-19 19:00:00,386.7600,19.4000
2016-05-19 20:00:00,364.1800,18.3000
2016-05-19 21:00:00,234.3200,16.7000
2016-05-19 22:00:00,177.8700,16.1000
2016-05-19 23:00:00,174.1100,16.1000
2016-05-20 00:00:00,173.9300,15.0000
2016-05-20 01:00:00,171.3000,13.9000
2016-05-20 02:00:00,169.4200,13.3000
2016-05-20 03:00:00,274.4800,12.2000
2016-05-20 04:00:00,277.9200,12.2000
2016-05-20 05:00:00,279.4500,12.8000
2016-05-20 06:00:00,265.1500,13.3000
2016-05-20 07:00:00,299.1100,14.4000
2016-05-20 08:00:00,377.6800,16.7000
2016-05-20 09:00:00,441.2800,20.0000
2016-05-20 10:00:00,503.7900,21.7000
2016-05-20 11:00:00,557.8600,22.8000
2016-05-20 12:00:00,551.3500,23.9000
2016-05-20 13:00:00,538.9600,23.9000
2016-05-20 14:00:00,529.6500,23.3000
2016-05-20 15:00:00,525.9100,23.9000
2016-05-20 16:00:00,468.3200,23.3000
2016-05-20 17:00:00,440.8200,22.2000
2016-05-20 18:00:00,415.9700,21.7000
2016-05-20 19:00:00,393.1900,20.6000
2016-05-20 20:00:00,379.6700,19.4000
2016-05-20 21:00:00,230.9600,18.9000
2016-05-20 22:00:00,180.0900,18.3000
2016-05-20 23:00:00,181.6200,17.8000
2016-05-21 00:00:00,178.4600,17.2000
2016-05-21 01:00:00,176.1600,16.7000
2016-05-21 02:00:00,174.2200,16.7000
2016-05-21 03:00:00,172.7000,16.7000
2016-05-21 04:00:00,173.2700,16.7000
2016-05-21 05:00:00,173.0000,15.6000
2016-05-21 06:00:00,160.8300,14.4000
2016-05-21 07:00:00,298.3200,13.3000
2016-05-21 08:00:00,285.7800,12.8000
2016-05-21 09:00:00,279.1000,13.3000
2016-05-21 10:00:00,280.3000,13.9000
2016-05-21 11:00:00,287.6400,13.9000
2016-05-21 12:00:00,297.5200,13.9000
2016-05-21 13:00:00,305.1000,14.4000
2016-05-21 14:00:00,290.8400,14.4000
2016-05-21 15:00:00,288.3600,14.4000
2016-05-21 16:00:00,303.2700,14.4000
2016-05-21 17:00:00,287.4300,13.9000
2016-05-21 18:00:00,292.4800,13.9000
2016-05-21 19:00:00,187.9100,13.3000
2016-05-21 20:00:00,187.3900,12.8000
2016-05-21 21:00:00,185.5200,12.8000
2016-05-21 22:00:00,198.2200,12.8000
2016-05-21 23:00:00,193.4200,12.8000
2016-05-22 00:00:00,191.8900,12.8000
2016-05-22 01:00:00,194.4000,12.8000
2016-05-22 02:00:00,196.1200,12.8000
2016-05-22 03:00:00,186.3100,12.8000
2016-05-22 04:00:00,185.1100,12.8000
2016-05-22 05:00:00,178.0100,12.2000
2016-05-22 06:00:00,168.0700,12.8000
2016-05-22 07:00:00,170.5600,12.8000
2016-05-22 08:00:00,153.9700,12.8000
2016-05-22 09:00:00,152.3500,12.2000
2016-05-22 10:00:00,278.5000,12.8000
2016-05-22 11:00:00,280.2200,13.3000
2016-05-22 12:00:00,275.8100,13.3000
2016-05-22 13:00:00,275.3000,13.3000
2016-05-22 14:00:00,277.1200,13.9000
2016-05-22 15:00:00,264.7900,13.9000
2016-05-22 16:00:00,266.2800,14.4000
2016-05-22 17:00:00,266.3300,13.9000
2016-05-22 18:00:00,266.6300,13.9000
2016-05-22 19:00:00,275.6200,13.9000
2016-05-22 20:00:00,281.9900,13.9000
2016-05-22 21:00:00,227.2400,13.9000
2016-05-22 22:00:00,193.7000,13.9000
2016-05-22 23:00:00,192.5600,13.9000
2016-05-23 00:00:00,192.3200,13.9000
2016-05-23 01:00:00,193.1800,14.4000
2016-05-23 02:00:00,195.2000,13.9000
2016-05-23 03:00:00,309.5700,13.9000
2016-05-23 04:00:00,310.0400,13.9000
2016-05-23 05:00:00,316.0400,13.9000
2016-05-23 06:00:00,307.6600,14.4000
2016-05-23 07:00:00,354.8800,15.6000
2016-05-23 08:00:00,425.5200,17.2000
2016-05-23 09:00:00,456.0400,17.2000
2016-05-23 10:00:00,504.6200,19.4000
2016-05-23 11:00:00,493.6200,21.7000
2016-05-23 12:00:00,478.4500,21.7000
2016-05-23 13:00:00,487.3600,21.7000
2016-05-23 14:00:00,505.4200,23.3000
2016-05-23 15:00:00,483.1600,20.0000
2016-05-23 16:00:00,495.2400,20.6000
2016-05-23 17:00:00,477.9200,18.3000
2016-05-23 18:00:00,425.1800,16.1000
2016-05-23 19:00:00,380.2500,16.7000
2016-05-23 20:00:00,359.7600,16.1000
2016-05-23 21:00:00,215.5900,16.1000
2016-05-23 22:00:00,203.3600,16.1000
2016-05-23 23:00:00,203.1200,15.6000
2016-05-24 00:00:00,202.8200,16.1000
2016-05-24 01:00:00,202.8500,16.7000
2016-05-24 02:00:00,203.5000,16.1000
2016-05-24 03:00:00,353.4300,15.0000
2016-05-24 04:00:00,341.4400,15.0000
2016-05-24 05:00:00,323.2000,13.9000
2016-05-24 06:00:00,325.1000,16.1000
2016-05-24 07:00:00,446.1800,18.3000
2016-05-24 08:00:00,493.2800,20.6000
2016-05-24 09:00:00,532.1300,21.7000
2016-05-24 10:00:00,554.8500,23.3000
2016-05-24 11:00:00,566.1900,25.0000
2016-05-24 12:00:00,570.7900,26.1000
2016-05-24 13:00:00,555.3300,27.2000
2016-05-24 14:00:00,571.5900,27.8000
2016-05-24 15:00:00,572.1200,28.3000
2016-05-24 16:00:00,565.8300,28.3000
2016-05-24 17:00:00,546.3200,28.3000
2016-05-24 18:00:00,520.8000,27.8000
2016-05-24 19:00:00,469.8800,26.7000
2016-05-24 20:00:00,444.3100,25.6000
2016-05-24 21:00:00,259.0900,22.2000
2016-05-24 22:00:00,198.7600,19.4000
2016-05-24 23:00:00,189.7200,18.3000
2016-05-25 00:00:00,177.9500,18.3000
2016-05-25 01:00:00,175.8900,17.2000
2016-05-25 02:00:00,173.3600,17.2000
2016-05-25 03:00:00,356.1600,16.1000
2016-05-25 04:00:00,376.4900,16.1000
2016-05-25 05:00:00,365.4400,16.7000
2016-05-25 06:00:00,369.6100,16.7000
2016-05-25 07:00:00,419.0900,18.9000
2016-05-25 08:00:00,540.4600,20.6000
2016-05-25 09:00:00,561.8700,23.3000
2016-05-25 10:00:00,588.7800,25.6000
2016-05-25 11:00:00,586.8900,28.3000
2016-05-25 12:00:00,615.9800,28.9000
2016-05-25 13:00:00,585.9200,29.4000
2016-05-25 14:00:00,581.8200,29.4000
2016-05-25 15:00:00,605.9900,29.4000
2016-05-25 16:00:00,585.5500,30.0000
2016-05-25 17:00:00,556.2100,29.4000
2016-05-25 18:00:00,522.0700,28.9000
2016-05-25 19:00:00,486.5200,25.6000
2016-05-25 20:00:00,462.8000,23.3000
2016-05-25 21:00:00,279.1200,20.6000
2016-05-25 22:00:00,207.0800,20.0000
2016-05-25 23:00:00,206.5300,19.4000
2016-05-26 00:00:00,202.5800,18.3000
2016-05-26 01:00:00,203.4800,18.9000
2016-05-26 02:00:00,203.0700,17.8000
2016-05-26 03:00:00,413.2200,17.2000
2016-05-26 04:00:00,426.1400,17.8000
2016-05-26 05:00:00,402.3400,17.2000
2016-05-26 06:00:00,401.8600,17.8000
2016-05-26 07:00:00,450.0700,19.4000
2016-05-26 08:00:00,573.0600,20.6000
2016-05-26 09:00:00,582.8200,22.8000
2016-05-26 10:00:00,600.8000,25.0000
2016-05-26 11:00:00,596.2100,27.2000
2016-05-26 12:00:00,619.8700,27.8000
2016-05-26 13:00:00,620.8800,28.9000
2016-05-26 14:00:00,635.2600,31.1000
2016-05-26 15:00:00,681.3900,30.0000
2016-05-26 16:00:00,675.7900,31.1000
2016-05-26 17:00:00,609.1500,28.3000
2016-05-26 18:00:00,574.5500,26.7000
2016-05-26 19:00:00,558.4000,26.7000
2016-05-26 20:00:00,524.7600,26.1000
2016-05-26 21:00:00,354.4200,24.4000
2016-05-26 22:00:00,268.9900,23.9000
2016-05-26 23:00:00,255.0900,22.8000
2016-05-27 00:00:00,247.8300,23.3000
2016-05-27 01:00:00,269.1800,22.2000
2016-05-27 02:00:00,262.8500,22.2000
2016-05-27 03:00:00,498.8600,21.7000
2016-05-27 04:00:00,480.2000,21.7000
2016-05-27 05:00:00,471.2000,21.1000
2016-05-27 06:00:00,470.2800,22.2000
2016-05-27 07:00:00,515.4300,22.8000
2016-05-27 08:00:00,609.4400,23.9000
2016-05-27 09:00:00,675.5300,25.0000
2016-05-27 10:00:00,707.9900,26.7000
2016-05-27 11:00:00,698.9500,28.3000
2016-05-27 12:00:00,687.7900,29.4000
2016-05-27 13:00:00,690.6100,29.4000
2016-05-27 14:00:00,691.2800,30.6000
2016-05-27 15:00:00,693.4800,30.0000
2016-05-27 16:00:00,670.8200,29.4000
2016-05-27 17:00:00,639.4900,28.9000
2016-05-27 18:00:00,620.5400,28.3000
2016-05-27 19:00:00,576.9400,27.2000
2016-05-27 20:00:00,580.0700,26.7000
2016-05-27 21:00:00,382.4000,25.0000
2016-05-27 22:00:00,288.2200,24.4000
2016-05-27 23:00:00,281.8800,24.4000
2016-05-28 00:00:00,274.2500,23.3000
2016-05-28 01:00:00,277.3500,22.8000
2016-05-28 02:00:00,269.7900,22.8000
2016-05-28 03:00:00,265.6100,22.2000
2016-05-28 04:00:00,244.3400,21.7000
2016-05-28 05:00:00,234.9400,21.1000
2016-05-28 06:00:00,226.6900,21.7000
2016-05-28 07:00:00,455.4800,22.2000
2016-05-28 08:00:00,502.7300,23.3000
2016-05-28 09:00:00,499.8300,24.4000
2016-05-28 10:00:00,523.5600,26.1000
2016-05-28 11:00:00,538.2900,27.2000
2016-05-28 12:00:00,546.5600,28.9000
2016-05-28 13:00:00,557.0200,30.0000
2016-05-28 14:00:00,541.4000,30.0000
2016-05-28 15:00:00,551.7600,30.0000
2016-05-28 16:00:00,553.4400,30.0000
2016-05-28 17:00:00,550.2700,28.9000
2016-05-28 18:00:00,535.0000,27.8000
2016-05-28 19:00:00,258.7200,26.7000
2016-05-28 20:00:00,249.1900,26.1000
2016-05-28 21:00:00,251.5800,25.0000
2016-05-28 22:00:00,256.6400,23.9000
2016-05-28 23:00:00,260.2200,22.8000
2016-05-29 00:00:00,237.6800,21.7000
2016-05-29 01:00:00,234.5800,21.1000
2016-05-29 02:00:00,236.4700,20.6000
2016-05-29 03:00:00,226.5700,20.0000
2016-05-29 04:00:00,210.7300,19.4000
2016-05-29 05:00:00,206.9600,19.4000
2016-05-29 06:00:00,213.2900,20.0000
2016-05-29 07:00:00,217.7000,21.1000
2016-05-29 08:00:00,230.4000,22.8000
2016-05-29 09:00:00,251.7300,24.4000
2016-05-29 10:00:00,483.8800,25.0000
2016-05-29 11:00:00,479.0900,27.2000
2016-05-29 12:00:00,476.5200,28.3000
2016-05-29 13:00:00,474.9900,27.2000
2016-05-29 14:00:00,477.5500,27.8000
2016-05-29 15:00:00,476.8100,27.8000
2016-05-29 16:00:00,477.8300,24.4000
2016-05-29 17:00:00,455.4800,23.3000
2016-05-29 18:00:00,446.9300,22.8000
2016-05-29 19:00:00,433.5600,21.7000
2016-05-29 20:00:00,427.0400,21.1000
2016-05-29 21:00:00,299.8300,20.6000
2016-05-29 22:00:00,236.8400,20.0000
2016-05-29 23:00:00,235.2900,20.6000
2016-05-30 00:00:00,237.0600,20.0000
2016-05-30 01:00:00,237.2700,20.6000
2016-05-30 02:00:00,239.3900,21.1000
2016-05-30 03:00:00,469.3100,21.1000
2016-05-30 04:00:00,472.9900,20.6000
2016-05-30 05:00:00,460.4500,20.6000
2016-05-30 06:00:00,455.9900,20.6000
2016-05-30 07:00:00,451.0400,21.7000
2016-05-30 08:00:00,458.1900,22.8000
2016-05-30 09:00:00,465.1800,23.3000
2016-05-30 10:00:00,493.3500,25.0000
2016-05-30 11:00:00,505.6800,25.6000
2016-05-30 12:00:00,505.0500,25.6000
2016-05-30 13:00:00,511.0600,26.1000
2016-05-30 14:00:00,488.9000,26.1000
2016-05-30 15:00:00,504.8200,26.1000
2016-05-30 16:00:00,523.0300,25.6000
2016-05-30 17:00:00,496.8400,24.4000
2016-05-30 18:00:00,510.5800,23.9000
2016-05-30 19:00:00,494.8000,23.9000
2016-05-30 20:00:00,486.9300,23.3000
2016-05-30 21:00:00,296.7500,23.3000
2016-05-30 22:00:00,256.3900,22.8000
2016-05-30 23:00:00,242.3900,22.2000
2016-05-31 00:00:00,236.7100,21.7000
2016-05-31 01:00:00,235.7100,21.7000
2016-05-31 02:00:00,236.5000,21.1000
2016-05-31 03:00:00,443.3500,21.7000
2016-05-31 04:00:00,475.2500,22.2000
2016-05-31 05:00:00,472.2800,22.2000
2016-05-31 06:00:00,468.8700,22.2000
2016-05-31 07:00:00,522.0100,23.3000
2016-05-31 08:00:00,614.5800,23.9000
2016-05-31 09:00:00,687.0600,24.4000
2016-05-31 10:00:00,693.4300,26.1000
2016-05-31 11:00:00,676.1000,26.7000
2016-05-31 12:00:00,680.8200,28.9000
2016-05-31 13:00:00,663.1400,28.9000
2016-05-31 14:00:00,660.2700,29.4000
2016-05-31 15:00:00,665.0000,28.9000
2016-05-31 16:00:00,638.5200,29.4000
2016-05-31 17:00:00,602.5200,28.3000
2016-05-31 18:00:00,562.6900,27.8000
2016-05-31 19:00:00,528.7100,26.7000
2016-05-31 20:00:00,524.0900,24.4000
2016-05-31 21:00:00,358.1500,24.4000
2016-05-31 22:00:00,282.1900,23.9000
2016-05-31 23:00:00,272.0100,23.3000
2016-06-01 00:00:00,263.9200,22.8000
2016-06-01 01:00:00,248.0500,22.2000
2016-06-01 02:00:00,239.4500,22.2000
2016-06-01 03:00:00,472.8500,21.7000
2016-06-01 04:00:00,475.4900,21.1000
2016-06-01 05:00:00,466.2900,21.1000
2016-06-01 06:00:00,463.3600,22.2000
2016-06-01 07:00:00,520.6400,23.9000
2016-06-01 08:00:00,638.9800,25.0000
2016-06-01 09:00:00,687.5700,27.2000
2016-06-01 10:00:00,673.1400,29.4000
2016-06-01 11:00:00,679.1800,28.9000
2016-06-01 12:00:00,680.8700,30.0000
2016-06-01 13:00:00,660.9500,29.4000
2016-06-01 14:00:00,660.1400,28.9000
2016-06-01 15:00:00,657.9700,28.9000
2016-06-01 16:00:00,643.7100,28.3000
2016-06-01 17:00:00,601.2700,26.7000
2016-06-01 18:00:00,596.0600,26.7000
2016-06-01 19:00:00,546.0500,26.1000
2016-06-01 20:00:00,524.3000,25.0000
2016-06-01 21:00:00,335.9900,24.4000
2016-06-01 22:00:00,253.7000,23.3000
2016-06-01 23:00:00,244.9100,22.8000
2016-06-02 00:00:00,239.2900,22.2000
2016-06-02 01:00:00,239.4100,22.2000
2016-06-02 02:00:00,238.7800,21.7000
2016-06-02 03:00:00,465.2300,21.7000
2016-06-02 04:00:00,475.2500,20.6000
2016-06-02 05:00:00,471.5100,20.0000
2016-06-02 06:00:00,457.8800,20.0000
2016-06-02 07:00:00,496.8400,20.6000
2016-06-02 08:00:00,574.4200,21.1000
2016-06-02 09:00:00,624.3200,21.7000
2016-06-02 10:00:00,617.5100,21.7000
2016-06-02 11:00:00,630.0100,23.3000
2016-06-02 12:00:00,626.7500,25.0000
2016-06-02 13:00:00,626.4900,26.1000
2016-06-02 14:00:00,635.3700,26.7000
2016-06-02 15:00:00,631.6300,27.2000
2016-06-02 16:00:00,598.0100,27.2000
2016-06-02 17:00:00,572.1600,26.1000
2016-06-02 18:00:00,528.0800,25.6000
2016-06-02 19:00:00,492.6800,25.0000
2016-06-02 20:00:00,478.0900,23.9000
2016-06-02 21:00:00,304.8800,23.3000
2016-06-02 22:00:00,230.2100,23.3000
2016-06-02 23:00:00,220.4800,22.8000
2016-06-03 00:00:00,221.3500,22.8000
2016-06-03 01:00:00,220.4800,22.2000
2016-06-03 02:00:00,221.0200,22.2000
2016-06-03 03:00:00,458.0400,22.2000
2016-06-03 04:00:00,449.9700,22.2000
2016-06-03 05:00:00,444.0900,22.2000
2016-06-03 06:00:00,427.7100,22.2000
2016-06-03 07:00:00,481.8500,22.8000
2016-06-03 08:00:00,568.6600,22.8000
2016-06-03 09:00:00,624.7400,22.8000
2016-06-03 10:00:00,623.4500,23.9000
2016-06-03 11:00:00,641.4700,25.6000
2016-06-03 12:00:00,642.7200,26.7000
2016-06-03 13:00:00,626.2400,26.1000
2016-06-03 14:00:00,629.5400,26.1000
2016-06-03 15:00:00,624.7400,25.6000
2016-06-03 16:00:00,593.6700,25.0000
2016-06-03 17:00:00,503.6900,23.3000
2016-06-03 18:00:00,521.1700,22.8000
2016-06-03 19:00:00,491.7600,23.3000
2016-06-03 20:00:00,473.4300,23.3000
2016-06-03 21:00:00,291.2000,23.3000
2016-06-03 22:00:00,216.9900,22.8000
2016-06-03 23:00:00,215.1100,22.8000
2016-06-04 00:00:00,212.6500,22.8000
2016-06-04 01:00:00,214.2200,22.2000
2016-06-04 02:00:00,212.9800,22.2000
2016-06-04 03:00:00,214.3400,21.7000
2016-06-04 04:00:00,215.9000,21.7000
2016-06-04 05:00:00,208.4700,21.1000
2016-06-04 06:00:00,207.6000,21.7000
2016-06-04 07:00:00,415.9100,21.7000
2016-06-04 08:00:00,460.6200,22.8000
2016-06-04 09:00:00,482.2400,23.3000
2016-06-04 10:00:00,487.3400,24.4000
2016-06-04 11:00:00,498.0800,25.6000
2016-06-04 12:00:00,504.2200,26.1000
2016-06-04 13:00:00,518.9000,26.1000
2016-06-04 14:00:00,517.2800,27.2000
2016-06-04 15:00:00,511.9400,27.8000
2016-06-04 16:00:00,517.3100,27.2000
2016-06-04 17:00:00,512.4800,26.7000
2016-06-04 18:00:00,489.8900,25.6000
2016-06-04 19:00:00,250.4300,25.0000
2016-06-04 20:00:00,238.5300,24.4000
2016-06-04 21:00:00,239.4600,24.4000
2016-06-04 22:00:00,235.0400,23.9000
2016-06-04 23:00:00,230.2200,23.3000
2016-06-05 00:00:00,225.9100,23.3000
2016-06-05 01:00:00,221.6500,22.8000
2016-06-05 02:00:00,214.4400,22.8000
2016-06-05 03:00:00,213.7200,22.8000
2016-06-05 04:00:00,212.0700,22.8000
2016-06-05 05:00:00,212.9000,22.8000
2016-06-05 06:00:00,202.3600,22.8000
2016-06-05 07:00:00,217.1800,22.8000
2016-06-05 08:00:00,222.6800,23.9000
2016-06-05 09:00:00,230.2300,24.4000
2016-06-05 10:00:00,454.0500,25.0000
2016-06-05 11:00:00,452.6700,25.6000
2016-06-05 12:00:00,459.6100,26.1000
2016-06-05 13:00:00,460.4000,26.7000
2016-06-05 14:00:00,458.6100,27.8000
2016-06-05 15:00:00,474.8900,28.3000
2016-06-05 16:00:00,463.5200,29.4000
2016-06-05 17:00:00,422.1700,25.0000
2016-06-05 18:00:00,396.6100,24.4000
2016-06-05 19:00:00,387.2600,22.8000
2016-06-05 20:00:00,396.6800,22.8000
2016-06-05 21:00:00,267.8300,22.8000
2016-06-05 22:00:00,210.8400,22.8000
2016-06-05 23:00:00,209.0400,22.2000
2016-06-06 00:00:00,208.9100,21.1000
2016-06-06 01:00:00,211.6400,21.1000
2016-06-06 02:00:00,215.2300,21.1000
2016-06-06 03:00:00,421.2600,20.6000
2016-06-06 04:00:00,435.2100,21.1000
2016-06-06 05:00:00,423.4800,21.1000
2016-06-06 06:00:00,435.2200,21.7000
2016-06-06 07:00:00,511.4600,23.3000
2016-06-06 08:00:00,604.7100,25.0000
2016-06-06 09:00:00,655.1200,26.7000
2016-06-06 10:00:00,643.0700,27.2000
2016-06-06 11:00:00,649.9500,28.3000
2016-06-06 12:00:00,651.0100,28.9000
2016-06-06 13:00:00,616.9100,30.0000
2016-06-06 14:00:00,654.3700,30.0000
2016-06-06 15:00:00,650.8400,28.9000
2016-06-06 16:00:00,597.8400,29.4000
2016-06-06 17:00:00,571.0000,27.8000
2016-06-06 18:00:00,546.2900,27.2000
2016-06-06 19:00:00,513.5200,26.7000
2016-06-06 20:00:00,491.7200,26.1000
2016-06-06 21:00:00,265.1100,25.0000
2016-06-06 22:00:00,225.9600,23.9000
2016-06-06 23:00:00,221.5600,24.4000
2016-06-07 00:00:00,225.0300,24.4000
2016-06-07 01:00:00,217.5100,23.9000
2016-06-07 02:00:00,212.5900,23.3000
2016-06-07 03:00:00,433.9800,22.2000
2016-06-07 04:00:00,450.8500,21.7000
2016-06-07 05:00:00,444.9700,21.1000
2016-06-07 06:00:00,433.3700,21.7000
2016-06-07 07:00:00,483.3200,23.3000
2016-06-07 08:00:00,567.8400,23.3000
2016-06-07 09:00:00,596.9600,25.6000
2016-06-07 10:00:00,649.7600,27.8000
2016-06-07 11:00:00,653.0500,28.9000
2016-06-07 12:00:00,661.3100,27.8000
2016-06-07 13:00:00,622.9900,30.0000
2016-06-07 14:00:00,623.3900,30.0000
2016-06-07 15:00:00,627.6300,27.2000
2016-06-07 16:00:00,587.7200,26.7000
2016-06-07 17:00:00,575.9200,27.8000
2016-06-07 18:00:00,562.0800,26.7000
2016-06-07 19:00:00,495.8600,26.1000
2016-06-07 20:00:00,443.2800,23.9000
2016-06-07 21:00:00,260.5300,22.8000
2016-06-07 22:00:00,195.9100,18.9000
2016-06-07 23:00:00,177.7800,20.6000
2016-06-08 00:00:00,176.0600,20.0000
2016-06-08 01:00:00,171.3100,18.9000
2016-06-08 02:00:00,175.8900,18.9000
2016-06-08 03:00:00,336.0800,17.8000
2016-06-08 04:00:00,346.4700,18.3000
2016-06-08 05:00:00,335.1200,17.8000
2016-06-08 06:00:00,340.3600,18.9000
2016-06-08 07:00:00,391.9300,20.0000
2016-06-08 08:00:00,474.6800,20.6000
2016-06-08 09:00:00,529.5900,22.2000
2016-06-08 10:00:00,545.2900,22.8000
2016-06-08 11:00:00,507.4700,20.0000
2016-06-08 12:00:00,512.2900,21.7000
2016-06-08 13:00:00,516.5500,21.7000
2016-06-08 14:00:00,512.5100,22.2000
2016-06-08 15:00:00,490.8400,21.7000
2016-06-08 16:00:00,481.2900,22.2000
2016-06-08 17:00:00,457.4300,22.2000
2016-06-08 18:00:00,445.7200,21.1000
2016-06-08 19:00:00,407.7400,20.6000
2016-06-08 20:00:00,361.9600,19.4000
2016-06-08 21:00:00,249.7500,18.9000
2016-06-08 22:00:00,184.6200,18.3000
2016-06-08 23:00:00,176.1300,17.2000
2016-06-09 00:00:00,175.7900,16.7000
2016-06-09 01:00:00,176.1800,16.1000
2016-06-09 02:00:00,173.0900,14.4000
2016-06-09 03:00:00,303.6500,13.9000
2016-06-09 04:00:00,308.1800,13.3000
2016-06-09 05:00:00,296.1300,11.7000
2016-06-09 06:00:00,288.9800,15.0000
2016-06-09 07:00:00,369.7800,17.8000
2016-06-09 08:00:00,480.3000,20.6000
2016-06-09 09:00:00,517.1100,21.7000
2016-06-09 10:00:00,575.0700,22.8000
2016-06-09 11:00:00,560.0200,23.9000
2016-06-09 12:00:00,569.6100,25.0000
2016-06-09 13:00:00,564.4600,26.1000
2016-06-09 14:00:00,572.0600,26.7000
2016-06-09 15:00:00,582.9800,27.2000
2016-06-09 16:00:00,552.8500,27.8000
2016-06-09 17:00:00,534.7700,27.2000
2016-06-09 18:00:00,516.9900,26.1000
2016-06-09 19:00:00,449.9900,25.0000
2016-06-09 20:00:00,405.3400,24.4000
2016-06-09 21:00:00,257.5100,23.3000
2016-06-09 22:00:00,189.3400,23.3000
2016-06-09 23:00:00,174.4100,20.6000
2016-06-10 00:00:00,173.2500,20.6000
2016-06-10 01:00:00,170.9600,19.4000
2016-06-10 02:00:00,173.4700,18.9000
2016-06-10 03:00:00,339.3400,20.0000
2016-06-10 04:00:00,356.8700,18.3000
2016-06-10 05:00:00,352.2500,17.2000
2016-06-10 06:00:00,352.5000,18.3000
2016-06-10 07:00:00,391.3600,20.0000
2016-06-10 08:00:00,468.5700,21.1000
2016-06-10 09:00:00,513.0800,21.7000
2016-06-10 10:00:00,514.3200,23.3000
2016-06-10 11:00:00,540.1600,24.4000
2016-06-10 12:00:00,545.3700,25.6000
2016-06-10 13:00:00,553.5200,26.1000
2016-06-10 14:00:00,554.1600,27.2000
2016-06-10 15:00:00,577.9900,27.2000
2016-06-10 16:00:00,560.1600,27.2000
2016-06-10 17:00:00,525.6700,27.2000
2016-06-10 18:00:00,499.8000,26.7000
2016-06-10 19:00:00,465.9200,26.1000
2016-06-10 20:00:00,433.5800,26.1000
2016-06-10 21:00:00,281.3700,23.3000
2016-06-10 22:00:00,207.1700,22.8000
2016-06-10 23:00:00,193.8400,22.2000
2016-06-11 00:00:00,190.9200,21.1000
2016-06-11 01:00:00,193.3000,20.6000
2016-06-11 02:00:00,193.5500,21.1000
2016-06-11 03:00:00,194.4600,20.0000
2016-06-11 04:00:00,178.1500,20.0000
2016-06-11 05:00:00,174.7900,19.4000
2016-06-11 06:00:00,166.3600,20.0000
2016-06-11 07:00:00,381.2700,21.7000
2016-06-11 08:00:00,430.4200,22.2000
2016-06-11 09:00:00,437.8800,23.9000
2016-06-11 10:00:00,467.5600,25.0000
2016-06-11 11:00:00,490.3700,27.2000
2016-06-11 12:00:00,507.5100,29.4000
2016-06-11 13:00:00,523.6700,32.2000
2016-06-11 14:00:00,548.2300,33.9000
2016-06-11 15:00:00,543.1400,33.9000
2016-06-11 16:00:00,540.3300,33.9000
2016-06-11 17:00:00,541.4000,35.6000
2016-06-11 18:00:00,523.3300,35.0000
2016-06-11 19:00:00,259.5800,33.9000
2016-06-11 20:00:00,245.1300,31.1000
2016-06-11 21:00:00,250.0300,29.4000
2016-06-11 22:00:00,251.4200,28.3000
2016-06-11 23:00:00,250.5200,27.8000
2016-06-12 00:00:00,250.1300,25.6000
2016-06-12 01:00:00,250.1300,27.2000
2016-06-12 02:00:00,247.7000,26.1000
2016-06-12 03:00:00,238.7300,25.0000
2016-06-12 04:00:00,233.0700,24.4000
2016-06-12 05:00:00,220.4100,24.4000
2016-06-12 06:00:00,222.0700,25.6000
2016-06-12 07:00:00,229.6700,26.1000
2016-06-12 08:00:00,239.5000,28.3000
2016-06-12 09:00:00,244.8400,31.7000
2016-06-12 10:00:00,484.6300,32.2000
2016-06-12 11:00:00,477.3800,32.2000
2016-06-12 12:00:00,474.0100,32.8000
2016-06-12 13:00:00,482.2600,33.3000
2016-06-12 14:00:00,479.3300,33.9000
2016-06-12 15:00:00,463.2300,33.3000
2016-06-12 16:00:00,459.8900,32.8000
2016-06-12 17:00:00,447.6000,31.1000
2016-06-12 18:00:00,434.8700,30.0000
2016-06-12 19:00:00,424.2800,28.3000
2016-06-12 20:00:00,396.1900,26.1000
2016-06-12 21:00:00,259.0500,25.0000
2016-06-12 22:00:00,192.5700,24.4000
2016-06-12 23:00:00,189.1700,22.8000
2016-06-13 00:00:00,187.4500,21.1000
2016-06-13 01:00:00,170.5400,20.6000
2016-06-13 02:00:00,169.7300,19.4000
2016-06-13 03:00:00,351.4300,18.9000
2016-06-13 04:00:00,349.5100,18.3000
2016-06-13 05:00:00,357.0400,17.8000
2016-06-13 06:00:00,353.7900,18.3000
2016-06-13 07:00:00,392.2300,18.9000
2016-06-13 08:00:00,456.7000,20.0000
2016-06-13 09:00:00,489.7300,20.6000
2016-06-13 10:00:00,513.5600,22.2000
2016-06-13 11:00:00,533.9200,22.2000
2016-06-13 12:00:00,537.8700,23.9000
2016-06-13 13:00:00,543.6600,25.0000
2016-06-13 14:00:00,557.9900,26.1000
2016-06-13 15:00:00,573.2200,26.7000
2016-06-13 16:00:00,557.3600,26.1000
2016-06-13 17:00:00,548.6500,26.7000
2016-06-13 18:00:00,529.2500,26.1000
2016-06-13 19:00:00,482.7800,25.6000
2016-06-13 20:00:00,441.6500,25.0000
2016-06-13 21:00:00,241.8100,25.0000
2016-06-13 22:00:00,212.7600,25.0000
2016-06-13 23:00:00,206.1700,24.4000
2016-06-14 00:00:00,206.9300,23.9000
2016-06-14 01:00:00,208.0800,23.3000
2016-06-14 02:00:00,207.6200,22.8000
2016-06-14 03:00:00,418.6500,22.2000
2016-06-14 04:00:00,392.9600,22.2000
2016-06-14 05:00:00,383.6800,21.7000
2016-06-14 06:00:00,379.8400,21.1000
2016-06-14 07:00:00,414.4000,21.7000
2016-06-14 08:00:00,487.9900,22.2000
2016-06-14 09:00:00,514.7500,22.8000
2016-06-14 10:00:00,531.1600,23.9000
2016-06-14 11:00:00,548.1100,24.4000
2016-06-14 12:00:00,537.8800,25.0000
2016-06-14 13:00:00,556.8300,25.6000
2016-06-14 14:00:00,572.1300,25.6000
2016-06-14 15:00:00,568.2400,26.1000
2016-06-14 16:00:00,539.2200,26.7000
2016-06-14 17:00:00,540.7300,26.7000
2016-06-14 18:00:00,531.3300,26.1000
2016-06-14 19:00:00,498.3700,25.0000
2016-06-14 20:00:00,447.0600,22.8000
2016-06-14 21:00:00,280.2500,21.7000
2016-06-14 22:00:00,196.1700,20.6000
2016-06-14 23:00:00,194.7200,20.6000
2016-06-15 00:00:00,191.7900,19.4000
2016-06-15 01:00:00,183.0200,19.4000
2016-06-15 02:00:00,183.9300,19.4000
2016-06-15 03:00:00,360.6900,19.4000
2016-06-15 04:00:00,377.9000,20.0000
2016-06-15 05:00:00,372.0100,20.0000
2016-06-15 06:00:00,361.3100,20.0000
2016-06-15 07:00:00,394.6900,20.6000
2016-06-15 08:00:00,480.3000,21.1000
2016-06-15 09:00:00,534.5500,22.2000
2016-06-15 10:00:00,526.3000,23.3000
2016-06-15 11:00:00,535.2200,23.9000
2016-06-15 12:00:00,568.7100,25.6000
2016-06-15 13:00:00,574.3200,26.7000
2016-06-15 14:00:00,595.2100,26.7000
2016-06-15 15:00:00,615.2700,26.7000
2016-06-15 16:00:00,600.6400,27.2000
2016-06-15 17:00:00,584.0800,27.8000
2016-06-15 18:00:00,551.5900,26.1000
2016-06-15 19:00:00,492.7100,25.6000
2016-06-15 20:00:00,480.7000,25.0000
2016-06-15 21:00:00,321.4600,25.0000
2016-06-15 22:00:00,242.0900,24.4000
2016-06-15 23:00:00,230.4700,23.9000
2016-06-16 00:00:00,223.5800,23.9000
2016-06-16 01:00:00,216.5400,23.9000
2016-06-16 02:00:00,209.6800,22.8000
2016-06-16 03:00:00,439.2000,22.8000
2016-06-16 04:00:00,454.1700,22.8000
2016-06-16 05:00:00,438.5300,22.8000
2016-06-16 06:00:00,435.4200,22.2000
2016-06-16 07:00:00,470.9800,22.2000
2016-06-16 08:00:00,549.8700,22.2000
2016-06-16 09:00:00,585.3600,23.3000
2016-06-16 10:00:00,621.3100,23.9000
2016-06-16 11:00:00,598.0200,25.6000
2016-06-16 12:00:00,630.0300,27.2000
2016-06-16 13:00:00,634.3100,28.9000
2016-06-16 14:00:00,643.9700,30.0000
2016-06-16 15:00:00,641.5900,30.6000
2016-06-16 16:00:00,629.4700,30.0000
2016-06-16 17:00:00,620.0000,28.3000
2016-06-16 18:00:00,603.0600,26.7000
2016-06-16 19:00:00,548.5600,25.0000
2016-06-16 20:00:00,544.4400,22.8000
2016-06-16 21:00:00,340.9300,22.2000
2016-06-16 22:00:00,248.8600,21.1000
2016-06-16 23:00:00,237.5200,20.6000
2016-06-17 00:00:00,238.0600,20.6000
2016-06-17 01:00:00,234.8500,20.0000
2016-06-17 02:00:00,236.6600,19.4000
2016-06-17 03:00:00,424.8100,19.4000
2016-06-17 04:00:00,453.5800,18.9000
2016-06-17 05:00:00,445.6400,18.9000
2016-06-17 06:00:00,437.3500,18.9000
2016-06-17 07:00:00,465.4700,19.4000
2016-06-17 08:00:00,536.7900,20.6000
2016-06-17 09:00:00,562.1100,20.0000
2016-06-17 10:00:00,574.9400,21.1000
2016-06-17 11:00:00,565.7200,24.4000
2016-06-17 12:00:00,559.2200,26.1000
2016-06-17 13:00:00,539.8300,26.7000
2016-06-17 14:00:00,507.3400,27.2000
2016-06-17 15:00:00,489.3500,27.2000
2016-06-17 16:00:00,492.8700,27.2000
2016-06-17 17:00:00,485.9800,27.2000
2016-06-17 18:00:00,451.1100,26.7000
2016-06-17 19:00:00,445.0700,25.6000
2016-06-17 20:00:00,420.3500,24.4000
2016-06-17 21:00:00,254.4800,23.9000
2016-06-17 22:00:00,191.7700,22.8000
2016-06-17 23:00:00,190.8800,21.7000
2016-06-18 00:00:00,189.8400,21.1000
2016-06-18 01:00:00,186.7700,20.6000
2016-06-18 02:00:00,175.7800,20.0000
2016-06-18 03:00:00,175.1600,20.0000
2016-06-18 04:00:00,170.6700,19.4000
2016-06-18 05:00:00,166.4500,18.9000
2016-06-18 06:00:00,164.7100,20.0000
2016-06-18 07:00:00,372.1400,21.1000
2016-06-18 08:00:00,425.0200,22.2000
2016-06-18 09:00:00,422.8700,23.9000
2016-06-18 10:00:00,425.6900,25.6000
2016-06-18 11:00:00,434.6600,27.2000
2016-06-18 12:00:00,439.6200,27.8000
2016-06-18 13:00:00,440.1900,28.9000
2016-06-18 14:00:00,436.4100,28.9000
2016-06-18 15:00:00,437.7100,28.9000
2016-06-18 16:00:00,439.9700,29.4000
2016-06-18 17:00:00,425.7300,27.8000
2016-06-18 18:00:00,416.4600,27.2000
2016-06-18 19:00:00,193.8600,25.6000
2016-06-18 20:00:00,185.1600,24.4000
2016-06-18 21:00:00,191.0400,22.8000
2016-06-18 22:00:00,190.1600,22.2000
2016-06-18 23:00:00,189.6500,21.7000
2016-06-19 00:00:00,188.7100,20.6000
2016-06-19 01:00:00,189.5100,20.0000
2016-06-19 02:00:00,182.7400,20.6000
2016-06-19 03:00:00,170.1900,19.4000
2016-06-19 04:00:00,170.2300,18.9000
2016-06-19 05:00:00,164.5600,18.9000
2016-06-19 06:00:00,160.3700,20.0000
2016-06-19 07:00:00,161.6600,21.7000
2016-06-19 08:00:00,174.4600,22.8000
2016-06-19 09:00:00,180.2600,24.4000
2016-06-19 10:00:00,392.0800,26.7000
2016-06-19 11:00:00,411.8100,28.3000
2016-06-19 12:00:00,407.1500,30.6000
2016-06-19 13:00:00,404.3300,30.6000
2016-06-19 14:00:00,420.3400,31.1000
2016-06-19 15:00:00,413.9300,30.0000
2016-06-19 16:00:00,407.9200,32.2000
2016-06-19 17:00:00,406.8300,30.6000
2016-06-19 18:00:00,408.2700,30.6000
2016-06-19 19:00:00,402.3500,28.9000
2016-06-19 20:00:00,389.2600,27.2000
2016-06-19 21:00:00,258.0900,25.0000
2016-06-19 22:00:00,193.0400,25.0000
2016-06-19 23:00:00,191.0000,25.0000
2016-06-20 00:00:00,190.9000,23.9000
2016-06-20 01:00:00,188.8800,22.2000
2016-06-20 02:00:00,191.9500,21.1000
2016-06-20 03:00:00,406.3800,20.6000
2016-06-20 04:00:00,390.2900,21.7000
2016-06-20 05:00:00,380.1300,20.6000
2016-06-20 06:00:00,375.4700,21.1000
2016-06-20 07:00:00,384.1100,22.8000
2016-06-20 08:00:00,441.7700,23.9000
2016-06-20 09:00:00,466.5300,25.6000
2016-06-20 10:00:00,499.2500,27.8000
2016-06-20 11:00:00,514.2300,29.4000
2016-06-20 12:00:00,517.7900,30.6000
2016-06-20 13:00:00,520.5000,31.1000
2016-06-20 14:00:00,527.9700,31.7000
2016-06-20 15:00:00,522.2500,31.7000
2016-06-20 16:00:00,510.4800,32.2000
2016-06-20 17:00:00,508.0700,31.7000
2016-06-20 18:00:00,491.7900,30.6000
2016-06-20 19:00:00,476.6200,30.0000
2016-06-20 20:00:00,474.4600,28.3000
2016-06-20 21:00:00,272.2700,27.2000
2016-06-20 22:00:00,244.1700,26.1000
2016-06-20 23:00:00,238.5300,26.1000
2016-06-21 00:00:00,237.4700,26.1000
2016-06-21 01:00:00,227.0800,25.6000
2016-06-21 02:00:00,224.6000,25.0000
2016-06-21 03:00:00,459.0700,23.9000
2016-06-21 04:00:00,436.1900,24.4000
2016-06-21 05:00:00,435.4400,23.9000
2016-06-21 06:00:00,452.0600,24.4000
2016-06-21 07:00:00,461.1400,25.6000
2016-06-21 08:00:00,498.8600,28.3000
2016-06-21 09:00:00,544.7000,30.0000
2016-06-21 10:00:00,554.8900,31.1000
2016-06-21 11:00:00,549.4800,31.7000
2016-06-21 12:00:00,550.3100,31.7000
2016-06-21 13:00:00,547.2700,30.0000
2016-06-21 14:00:00,500.9500,24.4000
2016-06-21 15:00:00,441.6000,22.2000
2016-06-21 16:00:00,461.4300,22.8000
2016-06-21 17:00:00,432.6100,22.8000
2016-06-21 18:00:00,415.2900,22.8000
2016-06-21 19:00:00,430.9300,23.3000
2016-06-21 20:00:00,418.1800,23.3000
2016-06-21 21:00:00,282.2600,23.3000
2016-06-21 22:00:00,204.3300,23.3000
2016-06-21 23:00:00,202.8500,22.8000
2016-06-22 00:00:00,209.1200,22.2000
2016-06-22 01:00:00,209.6000,21.7000
2016-06-22 02:00:00,212.4800,21.7000
2016-06-22 03:00:00,440.6100,21.1000
2016-06-22 04:00:00,415.6800,21.1000
2016-06-22 05:00:00,445.4300,20.6000
2016-06-22 06:00:00,449.5500,21.7000
2016-06-22 07:00:00,457.4900,23.9000
2016-06-22 08:00:00,477.0200,25.6000
2016-06-22 09:00:00,479.0000,27.2000
2016-06-22 10:00:00,519.5300,27.8000
2016-06-22 11:00:00,518.2400,28.3000
2016-06-22 12:00:00,512.2600,28.3000
2016-06-22 13:00:00,496.5700,29.4000
2016-06-22 14:00:00,507.7200,29.4000
2016-06-22 15:00:00,492.7200,28.3000
2016-06-22 16:00:00,481.5700,27.8000
2016-06-22 17:00:00,462.6200,27.2000
2016-06-22 18:00:00,471.7600,27.8000
2016-06-22 19:00:00,470.1300,26.7000
2016-06-22 20:00:00,455.0900,25.0000
2016-06-22 21:00:00,319.5800,24.4000
2016-06-22 22:00:00,240.5200,23.9000
2016-06-22 23:00:00,231.8600,23.3000
2016-06-23 00:00:00,227.0100,22.8000
2016-06-23 01:00:00,227.7700,22.8000
2016-06-23 02:00:00,228.4200,22.2000
2016-06-23 03:00:00,450.2400,22.8000
2016-06-23 04:00:00,479.8900,22.8000
2016-06-23 05:00:00,467.7300,22.8000
2016-06-23 06:00:00,454.9100,22.2000
2016-06-23 07:00:00,456.9000,21.7000
2016-06-23 08:00:00,461.0600,21.7000
2016-06-23 09:00:00,475.9000,23.3000
2016-06-23 10:00:00,486.1600,23.3000
2016-06-23 11:00:00,492.3400,23.9000
2016-06-23 12:00:00,520.0700,25.6000
2016-06-23 13:00:00,526.4500,26.1000
2016-06-23 14:00:00,520.9600,26.7000
2016-06-23 15:00:00,532.0700,27.8000
2016-06-23 16:00:00,515.5800,26.7000
2016-06-23 17:00:00,504.3100,25.6000
2016-06-23 18:00:00,495.7000,25.6000
2016-06-23 19:00:00,493.4100,25.6000
2016-06-23 20:00:00,485.7600,25.0000
2016-06-23 21:00:00,342.2900,25.0000
2016-06-23 22:00:00,251.4400,24.4000
2016-06-23 23:00:00,232.8100,23.9000
2016-06-24 00:00:00,226.5900,23.9000
2016-06-24 01:00:00,226.3000,23.3000
2016-06-24 02:00:00,228.0800,22.2000
2016-06-24 03:00:00,438.0500,22.2000
2016-06-24 04:00:00,430.2400,22.2000
2016-06-24 05:00:00,480.8700,22.2000
2016-06-24 06:00:00,457.0200,22.8000
2016-06-24 07:00:00,467.4800,23.3000
2016-06-24 08:00:00,502.2300,25.0000
2016-06-24 09:00:00,496.1700,25.0000
2016-06-24 10:00:00,525.3200,26.7000
2016-06-24 11:00:00,552.5900,28.3000
2016-06-24 12:00:00,544.9700,28.9000
2016-06-24 13:00:00,549.6700,28.3000
2016-06-24 14:00:00,550.7700,28.9000
2016-06-24 15:00:00,547.2700,28.9000
2016-06-24 16:00:00,549.0200,28.9000
2016-06-24 17:00:00,531.0900,27.2000
2016-06-24 18:00:00,513.5700,26.1000
2016-06-24 19:00:00,474.1500,24.4000
2016-06-24 20:00:00,434.9500,24.4000
2016-06-24 21:00:00,306.1700,23.9000
2016-06-24 22:00:00,226.8200,23.3000
2016-06-24 23:00:00,224.7700,22.8000
2016-06-25 00:00:00,224.9100,22.2000
2016-06-25 01:00:00,224.4400,22.2000
2016-06-25 02:00:00,224.6700,22.2000
2016-06-25 03:00:00,223.7000,22.2000
2016-06-25 04:00:00,225.4600,22.2000
2016-06-25 05:00:00,225.7100,22.2000
2016-06-25 06:00:00,219.0300,22.2000
2016-06-25 07:00:00,438.2500,22.8000
2016-06-25 08:00:00,443.5800,23.9000
2016-06-25 09:00:00,473.4700,25.0000
2016-06-25 10:00:00,494.0200,26.1000
2016-06-25 11:00:00,479.4800,27.2000
2016-06-25 12:00:00,496.7100,28.3000
2016-06-25 13:00:00,499.2900,28.3000
2016-06-25 14:00:00,512.1000,28.9000
2016-06-25 15:00:00,504.5500,28.3000
2016-06-25 16:00:00,490.7600,28.3000
2016-06-25 17:00:00,486.8500,28.3000
2016-06-25 18:00:00,498.2600,27.8000
2016-06-25 19:00:00,240.2400,26.7000
2016-06-25 20:00:00,213.0500,25.6000
2016-06-25 21:00:00,216.1700,24.4000
2016-06-25 22:00:00,210.5600,23.3000
2016-06-25 23:00:00,199.8600,22.8000
2016-06-26 00:00:00,190.1800,22.8000
2016-06-26 01:00:00,189.9700,21.7000
2016-06-26 02:00:00,187.8900,21.1000
2016-06-26 03:00:00,187.3400,21.7000
2016-06-26 04:00:00,178.5500,20.6000
2016-06-26 05:00:00,171.1600,18.9000
2016-06-26 06:00:00,162.5100,20.6000
2016-06-26 07:00:00,180.3400,22.2000
2016-06-26 08:00:00,198.7500,23.9000
2016-06-26 09:00:00,210.7500,25.6000
2016-06-26 10:00:00,445.1200,27.2000
2016-06-26 11:00:00,452.3000,27.8000
2016-06-26 12:00:00,450.3400,28.9000
2016-06-26 13:00:00,441.2300,28.9000
2016-06-26 14:00:00,439.8700,28.9000
2016-06-26 15:00:00,447.7600,29.4000
2016-06-26 16:00:00,445.7300,28.3000
2016-06-26 17:00:00,441.6500,28.3000
2016-06-26 18:00:00,433.5300,27.2000
2016-06-26 19:00:00,422.9200,26.1000
2016-06-26 20:00:00,416.9300,25.0000
2016-06-26 21:00:00,263.6600,23.3000
2016-06-26 22:00:00,190.9200,22.8000
2016-06-26 23:00:00,189.4300,21.7000
2016-06-27 00:00:00,186.4300,21.7000
2016-06-27 01:00:00,188.8700,21.1000
2016-06-27 02:00:00,190.2300,20.6000
2016-06-27 03:00:00,384.6700,20.6000
2016-06-27 04:00:00,440.4700,20.0000
2016-06-27 05:00:00,427.9500,20.0000
2016-06-27 06:00:00,439.8900,20.6000
2016-06-27 07:00:00,436.2800,21.7000
2016-06-27 08:00:00,447.0900,23.9000
2016-06-27 09:00:00,491.5900,25.0000
2016-06-27 10:00:00,506.7000,26.1000
2016-06-27 11:00:00,505.2200,27.2000
2016-06-27 12:00:00,525.7100,28.9000
2016-06-27 13:00:00,540.4900,30.0000
2016-06-27 14:00:00,547.7400,29.4000
2016-06-27 15:00:00,551.7300,30.0000
2016-06-27 16:00:00,537.8300,30.0000
2016-06-27 17:00:00,539.8900,28.9000
2016-06-27 18:00:00,530.9500,28.3000
2016-06-27 19:00:00,525.4800,27.8000
2016-06-27 20:00:00,521.2400,26.7000
2016-06-27 21:00:00,309.3800,26.1000
2016-06-27 22:00:00,268.1700,25.0000
2016-06-27 23:00:00,255.6500,23.3000
2016-06-28 00:00:00,229.3100,23.3000
2016-06-28 01:00:00,233.6500,23.9000
2016-06-28 02:00:00,239.8000,23.3000
2016-06-28 03:00:00,473.4200,23.3000
2016-06-28 04:00:00,483.9700,23.3000
2016-06-28 05:00:00,475.2900,23.3000
2016-06-28 06:00:00,468.8200,23.9000
2016-06-28 07:00:00,488.2700,23.9000
2016-06-28 08:00:00,519.9900,24.4000
2016-06-28 09:00:00,517.0800,25.6000
2016-06-28 10:00:00,557.6100,26.7000
2016-06-28 11:00:00,553.7700,27.2000
2016-06-28 12:00:00,557.3200,27.2000
2016-06-28 13:00:00,561.8400,28.3000
2016-06-28 14:00:00,571.7000,28.3000
2016-06-28 15:00:00,575.5300,30.0000
2016-06-28 16:00:00,575.1800,30.0000
2016-06-28 17:00:00,556.0700,28.9000
2016-06-28 18:00:00,542.6000,27.8000
2016-06-28 19:00:00,485.4700,23.3000
2016-06-28 20:00:00,461.8500,22.8000
2016-06-28 21:00:00,291.4400,21.7000
2016-06-28 22:00:00,228.2300,21.1000
2016-06-28 23:00:00,224.7000,21.1000
2016-06-29 00:00:00,224.1900,20.6000
2016-06-29 01:00:00,224.5700,20.6000
2016-06-29 02:00:00,227.3700,20.6000
2016-06-29 03:00:00,407.2800,20.6000
2016-06-29 04:00:00,456.0100,20.6000
2016-06-29 05:00:00,452.5200,20.6000
2016-06-29 06:00:00,441.1500,21.1000
2016-06-29 07:00:00,447.0500,22.2000
2016-06-29 08:00:00,462.4000,23.9000
2016-06-29 09:00:00,476.5500,25.0000
2016-06-29 10:00:00,485.4500,26.1000
2016-06-29 11:00:00,481.6800,27.2000
2016-06-29 12:00:00,505.0900,27.2000
2016-06-29 13:00:00,512.4800,27.2000
2016-06-29 14:00:00,491.4200,26.7000
2016-06-29 15:00:00,499.2000,27.2000
2016-06-29 16:00:00,485.6300,27.2000
2016-06-29 17:00:00,494.2300,27.2000
2016-06-29 18:00:00,480.1100,26.7000
2016-06-29 19:00:00,472.4700,25.6000
2016-06-29 20:00:00,423.5500,24.4000
2016-06-29 21:00:00,263.0000,23.3000
2016-06-29 22:00:00,189.5500,22.2000
2016-06-29 23:00:00,173.5900,21.1000
2016-06-30 00:00:00,171.2800,21.7000
2016-06-30 01:00:00,168.0300,21.7000
2016-06-30 02:00:00,173.7000,21.7000
2016-06-30 03:00:00,355.0000,19.4000
2016-06-30 04:00:00,390.8300,18.9000
2016-06-30 05:00:00,377.0200,18.3000
2016-06-30 06:00:00,380.0900,20.0000
2016-06-30 07:00:00,385.2100,21.7000
2016-06-30 08:00:00,408.7800,22.8000
2016-06-30 09:00:00,440.4100,23.9000
2016-06-30 10:00:00,458.1900,25.0000
2016-06-30 11:00:00,481.5600,26.1000
2016-06-30 12:00:00,488.0300,26.7000
2016-06-30 13:00:00,484.1000,27.2000
2016-06-30 14:00:00,501.7000,27.8000
2016-06-30 15:00:00,502.0500,27.8000
2016-06-30 16:00:00,505.5100,27.8000
2016-06-30 17:00:00,491.6500,27.2000
2016-06-30 18:00:00,480.6900,27.2000
2016-06-30 19:00:00,475.0300,26.1000
2016-06-30 20:00:00,450.3300,25.6000
2016-06-30 21:00:00,326.9800,25.0000
2016-06-30 22:00:00,242.0700,24.4000
2016-06-30 23:00:00,232.7200,23.9000
2016-07-01 00:00:00,235.0700,23.9000
2016-07-01 01:00:00,234.0700,23.3000
2016-07-01 02:00:00,228.4100,22.8000
2016-07-01 03:00:00,463.4300,22.8000
2016-07-01 04:00:00,467.0400,22.2000
2016-07-01 05:00:00,462.0100,21.7000
2016-07-01 06:00:00,456.0300,22.8000
2016-07-01 07:00:00,466.4800,23.3000
2016-07-01 08:00:00,474.8800,24.4000
2016-07-01 09:00:00,500.4000,25.0000
2016-07-01 10:00:00,520.2200,26.7000
2016-07-01 11:00:00,548.2200,27.2000
2016-07-01 12:00:00,555.2300,28.3000
2016-07-01 13:00:00,575.5700,30.0000
2016-07-01 14:00:00,569.0200,28.9000
2016-07-01 15:00:00,573.4100,31.1000
2016-07-01 16:00:00,571.5300,31.1000
2016-07-01 17:00:00,558.8500,25.6000
2016-07-01 18:00:00,550.0700,26.7000
2016-07-01 19:00:00,555.0100,26.7000
2016-07-01 20:00:00,542.9800,25.6000
2016-07-01 21:00:00,323.8600,25.0000
2016-07-01 22:00:00,232.1800,24.4000
2016-07-01 23:00:00,229.4200,23.3000
2016-07-02 00:00:00,230.1000,23.3000
2016-07-02 01:00:00,229.4300,22.8000
2016-07-02 02:00:00,230.4800,23.3000
2016-07-02 03:00:00,227.0300,22.8000
2016-07-02 04:00:00,225.4800,21.1000
2016-07-02 05:00:00,219.5100,21.1000
2016-07-02 06:00:00,210.4700,21.7000
2016-07-02 07:00:00,398.4700,22.8000
2016-07-02 08:00:00,445.6300,23.3000
2016-07-02 09:00:00,433.7100,23.9000
2016-07-02 10:00:00,435.1500,24.4000
2016-07-02 11:00:00,447.8800,25.6000
2016-07-02 12:00:00,458.9800,26.1000
2016-07-02 13:00:00,468.8700,26.1000
2016-07-02 14:00:00,474.2900,26.1000
2016-07-02 15:00:00,478.7500,26.1000
2016-07-02 16:00:00,481.5800,26.7000
2016-07-02 17:00:00,486.3200,26.7000
2016-07-02 18:00:00,473.5800,25.0000
2016-07-02 19:00:00,210.4700,25.0000
2016-07-02 20:00:00,190.0000,24.4000
2016-07-02 21:00:00,189.9100,24.4000
2016-07-02 22:00:00,189.9800,23.9000
2016-07-02 23:00:00,189.7800,23.9000
2016-07-03 00:00:00,188.6500,23.3000
2016-07-03 01:00:00,190.8100,23.3000
2016-07-03 02:00:00,191.4000,23.3000
2016-07-03 03:00:00,187.9900,22.8000
2016-07-03 04:00:00,191.1500,21.7000
2016-07-03 05:00:00,182.2900,18.9000
2016-07-03 06:00:00,163.9200,18.3000
2016-07-03 07:00:00,162.8700,18.3000
2016-07-03 08:00:00,160.1300,18.9000
2016-07-03 09:00:00,161.0600,18.9000
2016-07-03 10:00:00,367.0200,20.0000
2016-07-03 11:00:00,375.5500,21.1000
2016-07-03 12:00:00,386.9100,21.7000
2016-07-03 13:00:00,389.5300,21.7000
2016-07-03 14:00:00,376.8600,21.7000
2016-07-03 15:00:00,367.7300,21.7000
2016-07-03 16:00:00,371.4900,21.7000
2016-07-03 17:00:00,368.0100,21.1000
2016-07-03 18:00:00,363.8400,21.1000
2016-07-03 19:00:00,362.3000,20.6000
2016-07-03 20:00:00,355.9800,20.6000
2016-07-03 21:00:00,261.2000,20.6000
2016-07-03 22:00:00,197.9500,21.1000
2016-07-03 23:00:00,197.6100,20.6000
2016-07-04 00:00:00,199.4600,20.6000
2016-07-04 01:00:00,197.9000,20.6000
2016-07-04 02:00:00,199.7000,20.6000
2016-07-04 03:00:00,403.6900,20.6000
2016-07-04 04:00:00,422.2400,20.0000
2016-07-04 05:00:00,420.0100,20.0000
2016-07-04 06:00:00,414.8600,20.6000
2016-07-04 07:00:00,418.3000,21.1000
2016-07-04 08:00:00,413.2100,21.1000
2016-07-04 09:00:00,408.3600,21.1000
2016-07-04 10:00:00,406.1000,21.7000
2016-07-04 11:00:00,404.9900,21.7000
2016-07-04 12:00:00,404.1800,22.2000
2016-07-04 13:00:00,397.9000,22.2000
2016-07-04 14:00:00,406.2500,22.2000
2016-07-04 15:00:00,406.1300,22.2000
2016-07-04 16:00:00,413.2800,22.8000
2016-07-04 17:00:00,419.8400,22.8000
2016-07-04 18:00:00,411.6700,22.8000
2016-07-04 19:00:00,402.3600,22.8000
2016-07-04 20:00:00,409.6400,22.8000
2016-07-04 21:00:00,239.0200,23.3000
2016-07-04 22:00:00,207.2100,23.3000
2016-07-04 23:00:00,205.3900,23.3000
2016-07-05 00:00:00,205.5300,23.3000
2016-07-05 01:00:00,208.2200,23.9000
2016-07-05 02:00:00,205.7900,23.3000
2016-07-05 03:00:00,389.0300,23.3000
2016-07-05 04:00:00,444.9700,23.9000
2016-07-05 05:00:00,432.9500,23.3000
2016-07-05 06:00:00,407.4500,23.9000
2016-07-05 07:00:00,424.2900,24.4000
2016-07-05 08:00:00,461.7200,26.7000
2016-07-05 09:00:00,495.0500,27.8000
2016-07-05 10:00:00,520.8300,29.4000
2016-07-05 11:00:00,538.6100,30.0000
2016-07-05 12:00:00,541.2000,30.6000
2016-07-05 13:00:00,549.7400,32.2000
2016-07-05 14:00:00,557.0200,31.7000
2016-07-05 15:00:00,564.9800,32.8000
2016-07-05 16:00:00,557.1100,31.7000
2016-07-05 17:00:00,551.3400,31.7000
2016-07-05 18:00:00,536.2300,31.7000
2016-07-05 19:00:00,533.2900,30.6000
2016-07-05 20:00:00,530.2500,28.3000
2016-07-05 21:00:00,341.7800,27.8000
2016-07-05 22:00:00,247.2800,27.2000
2016-07-05 23:00:00,245.4900,26.1000
2016-07-06 00:00:00,244.6000,26.7000
2016-07-06 01:00:00,237.5200,26.1000
2016-07-06 02:00:00,232.6100,25.6000
2016-07-06 03:00:00,459.0400,25.0000
2016-07-06 04:00:00,493.3000,25.0000
2016-07-06 05:00:00,471.6300,25.0000
2016-07-06 06:00:00,474.1500,26.1000
2016-07-06 07:00:00,479.5000,27.2000
2016-07-06 08:00:00,513.6100,27.8000
2016-07-06 09:00:00,537.6200,28.9000
2016-07-06 10:00:00,552.1100,31.1000
2016-07-06 11:00:00,563.7500,31.7000
2016-07-06 12:00:00,549.0300,31.7000
2016-07-06 13:00:00,551.6800,32.2000
2016-07-06 14:00:00,566.4200,33.3000
2016-07-06 15:00:00,563.4000,32.8000
2016-07-06 16:00:00,559.0900,34.4000
2016-07-06 17:00:00,566.1600,33.9000
2016-07-06 18:00:00,558.1700,32.8000
2016-07-06 19:00:00,543.9900,30.6000
2016-07-06 20:00:00,530.3900,30.6000
2016-07-06 21:00:00,350.0100,28.9000
2016-07-06 22:00:00,248.2500,28.9000
2016-07-06 23:00:00,248.4700,27.8000
2016-07-07 00:00:00,245.9100,27.2000
2016-07-07 01:00:00,247.4400,26.7000
2016-07-07 02:00:00,245.2700,26.1000
2016-07-07 03:00:00,506.7000,25.6000
2016-07-07 04:00:00,515.8900,25.6000
2016-07-07 05:00:00,497.6800,25.0000
2016-07-07 06:00:00,482.5400,25.6000
2016-07-07 07:00:00,514.7400,26.7000
2016-07-07 08:00:00,524.4900,30.0000
2016-07-07 09:00:00,543.6200,30.6000
2016-07-07 10:00:00,550.8300,31.1000
2016-07-07 11:00:00,562.1200,31.7000
2016-07-07 12:00:00,567.8500,32.8000
2016-07-07 13:00:00,572.4600,33.3000
2016-07-07 14:00:00,574.7300,32.2000
2016-07-07 15:00:00,564.1500,33.9000
2016-07-07 16:00:00,556.7500,31.7000
2016-07-07 17:00:00,543.9500,32.2000
2016-07-07 18:00:00,560.7200,31.7000
2016-07-07 19:00:00,553.8900,30.6000
2016-07-07 20:00:00,538.4100,30.6000
2016-07-07 21:00:00,345.1000,29.4000
2016-07-07 22:00:00,247.6800,29.4000
2016-07-07 23:00:00,247.8000,28.9000
2016-07-08 00:00:00,247.5300,28.3000
2016-07-08 01:00:00,239.9100,27.8000
2016-07-08 02:00:00,232.5400,26.1000
2016-07-08 03:00:00,480.5900,26.7000
2016-07-08 04:00:00,493.5100,26.1000
2016-07-08 05:00:00,460.6100,25.6000
2016-07-08 06:00:00,467.1400,26.1000
2016-07-08 07:00:00,484.5400,27.2000
2016-07-08 08:00:00,513.7600,28.3000
2016-07-08 09:00:00,539.2600,29.4000
2016-07-08 10:00:00,549.7800,30.6000
2016-07-08 11:00:00,559.7900,32.2000
2016-07-08 12:00:00,563.8900,31.7000
2016-07-08 13:00:00,570.7800,31.7000
2016-07-08 14:00:00,570.3900,31.7000
2016-07-08 15:00:00,545.9000,27.8000
2016-07-08 16:00:00,542.4900,27.8000
2016-07-08 17:00:00,559.4500,28.9000
2016-07-08 18:00:00,569.0300,28.9000
2016-07-08 19:00:00,557.6100,31.1000
2016-07-08 20:00:00,545.8000,27.8000
2016-07-08 21:00:00,348.1800,27.2000
2016-07-08 22:00:00,249.2700,26.7000
2016-07-08 23:00:00,246.3500,26.1000
2016-07-09 00:00:00,243.4000,26.1000
2016-07-09 01:00:00,238.1300,26.1000
2016-07-09 02:00:00,237.5300,26.1000
2016-07-09 03:00:00,231.8600,26.1000
2016-07-09 04:00:00,227.0400,26.1000
2016-07-09 05:00:00,224.9800,26.1000
2016-07-09 06:00:00,212.3300,25.6000
2016-07-09 07:00:00,493.7500,26.7000
2016-07-09 08:00:00,523.4700,28.3000
2016-07-09 09:00:00,531.2800,28.9000
2016-07-09 10:00:00,538.2100,30.0000
2016-07-09 11:00:00,548.7200,30.6000
2016-07-09 12:00:00,552.8400,32.2000
2016-07-09 13:00:00,554.1600,32.8000
2016-07-09 14:00:00,559.0200,33.3000
2016-07-09 15:00:00,564.0200,
2016-07-09 16:00:00,553.4300,
2016-07-09 17:00:00,550.7300,31.7000
2016-07-09 18:00:00,536.5100,30.6000
2016-07-09 19:00:00,235.6800,
2016-07-09 20:00:00,216.2000,
2016-07-09 21:00:00,223.2000,28.9000
2016-07-09 22:00:00,219.6600,
2016-07-09 23:00:00,211.0200,27.8000
2016-07-10 00:00:00,204.8200,
2016-07-10 01:00:00,201.8900,25.6000
2016-07-10 02:00:00,206.9200,25.0000
2016-07-10 03:00:00,201.0100,25.0000
2016-07-10 04:00:00,200.4100,23.9000
2016-07-10 05:00:00,195.2100,23.9000
2016-07-10 06:00:00,189.6300,23.3000
2016-07-10 07:00:00,181.4700,24.4000
2016-07-10 08:00:00,186.7100,25.6000
2016-07-10 09:00:00,190.6000,26.1000
2016-07-10 10:00:00,439.1100,27.2000
2016-07-10 11:00:00,461.1400,27.2000
2016-07-10 12:00:00,461.9700,28.3000
2016-07-10 13:00:00,454.0000,27.8000
2016-07-10 14:00:00,452.5700,28.3000
2016-07-10 15:00:00,451.3600,29.4000
2016-07-10 16:00:00,451.2300,29.4000
2016-07-10 17:00:00,444.3600,29.4000
2016-07-10 18:00:00,446.9000,29.4000
2016-07-10 19:00:00,432.0300,28.9000
2016-07-10 20:00:00,421.8600,27.8000
2016-07-10 21:00:00,305.1000,27.2000
2016-07-10 22:00:00,224.3800,26.7000
2016-07-10 23:00:00,204.6700,25.6000
2016-07-11 00:00:00,197.9400,25.0000
2016-07-11 01:00:00,198.4300,25.0000
2016-07-11 02:00:00,198.6300,22.8000
2016-07-11 03:00:00,452.0300,23.3000
2016-07-11 04:00:00,442.4300,22.2000
2016-07-11 05:00:00,434.1400,21.7000
2016-07-11 06:00:00,413.3900,21.7000
2016-07-11 07:00:00,418.2900,23.3000
2016-07-11 08:00:00,437.5700,24.4000
2016-07-11 09:00:00,490.3600,26.1000
2016-07-11 10:00:00,496.7100,27.2000
2016-07-11 11:00:00,500.8900,27.8000
2016-07-11 12:00:00,518.2500,28.3000
2016-07-11 13:00:00,519.5300,28.9000
2016-07-11 14:00:00,523.1200,29.4000
2016-07-11 15:00:00,521.2800,30.0000
2016-07-11 16:00:00,522.0600,29.4000
2016-07-11 17:00:00,512.1200,30.0000
2016-07-11 18:00:00,516.3700,30.6000
2016-07-11 19:00:00,495.0500,27.2000
2016-07-11 20:00:00,486.4500,26.1000
2016-07-11 21:00:00,267.8100,25.6000
2016-07-11 22:00:00,229.9700,25.0000
2016-07-11 23:00:00,225.9900,25.0000
2016-07-12 00:00:00,216.5400,23.3000
2016-07-12 01:00:00,206.3800,23.9000
2016-07-12 02:00:00,204.9500,22.8000
2016-07-12 03:00:00,447.0300,23.3000
2016-07-12 04:00:00,432.4500,23.3000
2016-07-12 05:00:00,422.9500,23.3000
2016-07-12 06:00:00,425.1400,22.8000
2016-07-12 07:00:00,435.9500,23.3000
2016-07-12 08:00:00,473.5200,25.0000
2016-07-12 09:00:00,523.7400,26.7000
2016-07-12 10:00:00,527.9200,28.3000
2016-07-12 11:00:00,534.9500,28.9000
2016-07-12 12:00:00,530.4300,29.4000
2016-07-12 13:00:00,536.4500,28.3000
2016-07-12 14:00:00,533.9300,30.6000
2016-07-12 15:00:00,533.9300,30.0000
2016-07-12 16:00:00,524.7200,30.0000
2016-07-12 17:00:00,521.6700,30.0000
2016-07-12 18:00:00,517.2100,28.9000
2016-07-12 19:00:00,533.3300,27.8000
2016-07-12 20:00:00,518.8000,27.2000
2016-07-12 21:00:00,348.5700,26.1000
2016-07-12 22:00:00,244.3300,25.6000
2016-07-12 23:00:00,240.2900,25.6000
2016-07-13 00:00:00,237.1900,25.6000
2016-07-13 01:00:00,232.4400,25.0000
2016-07-13 02:00:00,233.2900,24.4000
2016-07-13 03:00:00,498.5700,23.9000
2016-07-13 04:00:00,474.7500,24.4000
2016-07-13 05:00:00,500.8800,24.4000
2016-07-13 06:00:00,511.8900,25.0000
2016-07-13 07:00:00,527.7200,25.0000
2016-07-13 08:00:00,512.8900,25.6000
2016-07-13 09:00:00,543.5800,26.7000
2016-07-13 10:00:00,576.5200,28.9000
2016-07-13 11:00:00,581.1600,29.4000
2016-07-13 12:00:00,603.1400,30.6000
2016-07-13 13:00:00,618.9600,31.7000
2016-07-13 14:00:00,620.1600,30.6000
2016-07-13 15:00:00,607.9900,31.1000
2016-07-13 16:00:00,611.9600,32.2000
2016-07-13 17:00:00,604.5200,30.6000
2016-07-13 18:00:00,617.3900,29.4000
2016-07-13 19:00:00,603.6300,28.9000
2016-07-13 20:00:00,601.3700,28.3000
2016-07-13 21:00:00,405.7600,27.8000
2016-07-13 22:00:00,309.6000,27.2000
2016-07-13 23:00:00,305.8400,26.7000
2016-07-14 00:00:00,304.3800,26.7000
2016-07-14 01:00:00,303.5800,26.1000
2016-07-14 02:00:00,302.6200,26.1000
2016-07-14 03:00:00,534.4800,24.4000
2016-07-14 04:00:00,546.0300,24.4000
2016-07-14 05:00:00,516.5300,23.9000
2016-07-14 06:00:00,521.3100,24.4000
2016-07-14 07:00:00,539.5100,25.6000
2016-07-14 08:00:00,583.2200,27.2000
2016-07-14 09:00:00,617.1700,30.0000
2016-07-14 10:00:00,632.0200,31.1000
2016-07-14 11:00:00,643.2800,32.8000
2016-07-14 12:00:00,642.8800,35.0000
2016-07-14 13:00:00,639.6900,36.1000
2016-07-14 14:00:00,645.5100,35.6000
2016-07-14 15:00:00,653.8800,36.1000
2016-07-14 16:00:00,661.6000,35.0000
2016-07-14 17:00:00,649.1000,34.4000
2016-07-14 18:00:00,643.4100,34.4000
2016-07-14 19:00:00,589.1200,32.8000
2016-07-14 20:00:00,596.1500,31.1000
2016-07-14 21:00:00,438.7500,30.0000
2016-07-14 22:00:00,326.0300,28.9000
2016-07-14 23:00:00,315.1500,28.9000
2016-07-15 00:00:00,308.4900,27.8000
2016-07-15 01:00:00,308.3800,27.2000
2016-07-15 02:00:00,292.2600,26.1000
2016-07-15 03:00:00,571.2600,25.6000
2016-07-15 04:00:00,568.8800,25.6000
2016-07-15 05:00:00,561.3000,25.0000
2016-07-15 06:00:00,546.6200,26.7000
2016-07-15 07:00:00,546.5500,27.2000
2016-07-15 08:00:00,570.8400,30.0000
2016-07-15 09:00:00,588.3600,30.0000
2016-07-15 10:00:00,591.5100,30.0000
2016-07-15 11:00:00,603.5800,30.0000
2016-07-15 12:00:00,602.0700,32.2000
2016-07-15 13:00:00,611.6300,33.9000
2016-07-15 14:00:00,619.0100,33.9000
2016-07-15 15:00:00,598.0700,31.7000
2016-07-15 16:00:00,571.9100,33.3000
2016-07-15 17:00:00,588.5000,32.8000
2016-07-15 18:00:00,578.3700,32.2000
2016-07-15 19:00:00,568.5900,31.1000
2016-07-15 20:00:00,569.9000,29.4000
2016-07-15 21:00:00,390.7200,28.9000
2016-07-15 22:00:00,300.6900,27.8000
2016-07-15 23:00:00,295.0100,26.7000
2016-07-16 00:00:00,285.6000,27.2000
2016-07-16 01:00:00,274.9500,26.1000
2016-07-16 02:00:00,278.3500,25.0000
2016-07-16 03:00:00,266.3600,24.4000
2016-07-16 04:00:00,249.5400,24.4000
2016-07-16 05:00:00,242.2100,23.9000
2016-07-16 06:00:00,232.9100,24.4000
2016-07-16 07:00:00,517.2600,26.1000
2016-07-16 08:00:00,568.8500,27.8000
2016-07-16 09:00:00,565.8000,30.6000
2016-07-16 10:00:00,580.3500,31.1000
2016-07-16 11:00:00,582.7800,31.7000
2016-07-16 12:00:00,578.4700,32.2000
2016-07-16 13:00:00,590.9300,33.3000
2016-07-16 14:00:00,594.3600,33.3000
2016-07-16 15:00:00,599.3300,33.9000
2016-07-16 16:00:00,584.0200,33.3000
2016-07-16 17:00:00,536.7400,25.0000
2016-07-16 18:00:00,498.1200,23.9000
2016-07-16 19:00:00,255.7600,23.9000
2016-07-16 20:00:00,237.9700,23.9000
2016-07-16 21:00:00,248.6700,23.3000
2016-07-16 22:00:00,254.0300,22.8000
2016-07-16 23:00:00,252.2200,23.3000
2016-07-17 00:00:00,252.1800,22.2000
2016-07-17 01:00:00,251.2900,22.2000
2016-07-17 02:00:00,241.5400,21.7000
2016-07-17 03:00:00,235.4500,21.7000
2016-07-17 04:00:00,233.6000,21.7000
2016-07-17 05:00:00,233.7900,21.7000
2016-07-17 06:00:00,222.0100,21.7000
2016-07-17 07:00:00,224.8700,22.8000
2016-07-17 08:00:00,241.5900,24.4000
2016-07-17 09:00:00,249.8300,26.1000
2016-07-17 10:00:00,486.7800,28.9000
2016-07-17 11:00:00,495.1700,30.0000
2016-07-17 12:00:00,489.0600,31.1000
2016-07-17 13:00:00,488.6400,31.7000
2016-07-17 14:00:00,472.3300,32.8000
2016-07-17 15:00:00,477.7600,32.2000
2016-07-17 16:00:00,490.8500,32.8000
2016-07-17 17:00:00,479.8000,32.8000
2016-07-17 18:00:00,473.9600,31.7000
2016-07-17 19:00:00,475.8900,30.6000
2016-07-17 20:00:00,469.3400,28.9000
2016-07-17 21:00:00,346.0200,28.3000
2016-07-17 22:00:00,271.5900,27.8000
2016-07-17 23:00:00,271.8900,27.8000
2016-07-18 00:00:00,273.9600,26.7000
2016-07-18 01:00:00,272.9900,27.2000
2016-07-18 02:00:00,272.1100,26.1000
2016-07-18 03:00:00,540.4900,25.6000
2016-07-18 04:00:00,539.9700,25.0000
2016-07-18 05:00:00,523.0500,25.0000
2016-07-18 06:00:00,513.0000,25.6000
2016-07-18 07:00:00,529.9200,26.7000
2016-07-18 08:00:00,551.4000,27.8000
2016-07-18 09:00:00,591.3800,28.9000
2016-07-18 10:00:00,602.0300,30.6000
2016-07-18 11:00:00,595.5700,32.2000
2016-07-18 12:00:00,604.9000,33.3000
2016-07-18 13:00:00,608.8900,33.9000
2016-07-18 14:00:00,626.6100,34.4000
2016-07-18 15:00:00,618.0400,34.4000
2016-07-18 16:00:00,521.1100,22.8000
2016-07-18 17:00:00,477.2000,23.9000
2016-07-18 18:00:00,512.7100,25.6000
2016-07-18 19:00:00,532.4600,26.7000
2016-07-18 20:00:00,528.1100,25.0000
2016-07-18 21:00:00,313.8700,25.0000
2016-07-18 22:00:00,271.7600,25.0000
2016-07-18 23:00:00,265.2300,24.4000
2016-07-19 00:00:00,249.9200,23.9000
2016-07-19 01:00:00,247.9100,23.3000
2016-07-19 02:00:00,247.6500,22.8000
2016-07-19 03:00:00,489.3600,22.8000
2016-07-19 04:00:00,496.4400,22.8000
2016-07-19 05:00:00,473.4100,22.8000
2016-07-19 06:00:00,474.0600,24.4000
2016-07-19 07:00:00,510.3100,26.7000
2016-07-19 08:00:00,557.3000,27.8000
2016-07-19 09:00:00,584.1500,29.4000
2016-07-19 10:00:00,589.2200,29.4000
2016-07-19 11:00:00,585.0900,30.0000
2016-07-19 12:00:00,583.8600,30.6000
2016-07-19 13:00:00,591.1100,31.7000
2016-07-19 14:00:00,595.0700,31.1000
2016-07-19 15:00:00,583.0700,30.6000
2016-07-19 16:00:00,583.6400,31.7000
2016-07-19 17:00:00,570.6500,32.8000
2016-07-19 18:00:00,580.9400,30.6000
2016-07-19 19:00:00,563.7200,29.4000
2016-07-19 20:00:00,557.1900,28.3000
2016-07-19 21:00:00,382.2600,27.2000
2016-07-19 22:00:00,272.8300,26.1000
2016-07-19 23:00:00,235.4400,21.1000
2016-07-20 00:00:00,234.3400,22.2000
2016-07-20 01:00:00,240.3300,21.7000
2016-07-20 02:00:00,233.6500,21.7000
2016-07-20 03:00:00,474.6300,21.7000
2016-07-20 04:00:00,460.4300,21.1000
2016-07-20 05:00:00,467.7300,21.1000
2016-07-20 06:00:00,451.9100,21.7000
2016-07-20 07:00:00,469.1600,22.8000
2016-07-20 08:00:00,494.7500,24.4000
2016-07-20 09:00:00,528.4400,26.1000
2016-07-20 10:00:00,537.3500,27.8000
2016-07-20 11:00:00,561.2300,28.3000
2016-07-20 12:00:00,548.5900,28.9000
2016-07-20 13:00:00,544.1900,30.0000
2016-07-20 14:00:00,547.7900,30.6000
2016-07-20 15:00:00,556.8100,31.1000
2016-07-20 16:00:00,553.3900,29.4000
2016-07-20 17:00:00,544.3800,30.0000
2016-07-20 18:00:00,527.9700,29.4000
2016-07-20 19:00:00,520.7500,28.3000
2016-07-20 20:00:00,486.9300,26.7000
2016-07-20 21:00:00,310.9500,26.7000
2016-07-20 22:00:00,251.5100,26.1000
2016-07-20 23:00:00,239.9100,25.6000
2016-07-21 00:00:00,232.8300,24.4000
2016-07-21 01:00:00,237.3500,23.9000
2016-07-21 02:00:00,231.2900,23.3000
2016-07-21 03:00:00,482.8800,23.3000
2016-07-21 04:00:00,475.1400,22.2000
2016-07-21 05:00:00,462.7500,21.7000
2016-07-21 06:00:00,430.9700,23.3000
2016-07-21 07:00:00,471.2100,24.4000
2016-07-21 08:00:00,500.4600,25.6000
2016-07-21 09:00:00,517.6000,27.2000
2016-07-21 10:00:00,550.0300,28.3000
2016-07-21 11:00:00,547.2300,29.4000
2016-07-21 12:00:00,558.9000,30.6000
2016-07-21 13:00:00,551.7000,30.6000
2016-07-21 14:00:00,571.5700,30.6000
2016-07-21 15:00:00,571.4200,31.1000
2016-07-21 16:00:00,566.2600,31.7000
2016-07-21 17:00:00,560.9500,31.1000
2016-07-21 18:00:00,548.6300,30.6000
2016-07-21 19:00:00,527.4600,28.9000
2016-07-21 20:00:00,548.3900,27.8000
2016-07-21 21:00:00,372.9600,27.2000
2016-07-21 22:00:00,293.8500,26.7000
2016-07-21 23:00:00,286.2100,25.6000
2016-07-22 00:00:00,280.2700,25.6000
2016-07-22 01:00:00,275.6200,25.0000
2016-07-22 02:00:00,271.6800,24.4000
2016-07-22 03:00:00,521.7700,24.4000
2016-07-22 04:00:00,515.2400,23.9000
2016-07-22 05:00:00,500.2000,23.9000
2016-07-22 06:00:00,466.0700,23.9000
2016-07-22 07:00:00,497.5400,25.0000
2016-07-22 08:00:00,533.7800,26.1000
2016-07-22 09:00:00,538.3200,27.8000
2016-07-22 10:00:00,560.9000,29.4000
2016-07-22 11:00:00,564.3800,30.6000
2016-07-22 12:00:00,581.2100,32.8000
2016-07-22 13:00:00,611.9500,33.3000
2016-07-22 14:00:00,637.8900,33.9000
2016-07-22 15:00:00,633.2400,33.9000
2016-07-22 16:00:00,625.8300,33.9000
2016-07-22 17:00:00,615.7400,32.8000
2016-07-22 18:00:00,604.5800,32.2000
2016-07-22 19:00:00,608.4200,31.7000
2016-07-22 20:00:00,590.8500,30.6000
2016-07-22 21:00:00,403.8400,30.0000
2016-07-22 22:00:00,300.6000,29.4000
2016-07-22 23:00:00,296.1900,28.3000
2016-07-23 00:00:00,295.7500,28.3000
2016-07-23 01:00:00,293.5700,27.8000
2016-07-23 02:00:00,292.9800,27.2000
2016-07-23 03:00:00,289.9200,27.2000
2016-07-23 04:00:00,282.3000,26.7000
2016-07-23 05:00:00,277.6600,26.1000
2016-07-23 06:00:00,269.4200,27.2000
2016-07-23 07:00:00,565.1800,29.4000
2016-07-23 08:00:00,582.2000,30.6000
2016-07-23 09:00:00,582.3700,32.2000
2016-07-23 10:00:00,585.1400,33.3000
2016-07-23 11:00:00,601.9300,34.4000
2016-07-23 12:00:00,612.2600,35.0000
2016-07-23 13:00:00,630.1000,34.4000
2016-07-23 14:00:00,639.0200,35.6000
2016-07-23 15:00:00,640.8100,36.1000
2016-07-23 16:00:00,619.0800,36.7000
2016-07-23 17:00:00,616.4100,35.6000
2016-07-23 18:00:00,586.6700,35.6000
2016-07-23 19:00:00,259.8300,33.9000
2016-07-23 20:00:00,251.4100,33.3000
2016-07-23 21:00:00,259.3900,32.8000
2016-07-23 22:00:00,261.5100,31.1000
2016-07-23 23:00:00,260.3500,30.0000
2016-07-24 00:00:00,256.9800,28.9000
2016-07-24 01:00:00,256.5300,30.0000
2016-07-24 02:00:00,254.6100,28.3000
2016-07-24 03:00:00,253.0200,27.2000
2016-07-24 04:00:00,252.3400,27.2000
2016-07-24 05:00:00,248.7400,27.8000
2016-07-24 06:00:00,222.0800,27.2000
2016-07-24 07:00:00,237.5500,27.8000
2016-07-24 08:00:00,240.2700,29.4000
2016-07-24 09:00:00,233.7800,31.1000
2016-07-24 10:00:00,502.4200,32.8000
2016-07-24 11:00:00,506.7600,33.3000
2016-07-24 12:00:00,495.0900,33.9000
2016-07-24 13:00:00,488.3600,34.4000
2016-07-24 14:00:00,492.1900,35.0000
2016-07-24 15:00:00,495.1000,35.6000
2016-07-24 16:00:00,492.9400,35.6000
2016-07-24 17:00:00,497.6600,35.0000
2016-07-24 18:00:00,496.0100,33.9000
2016-07-24 19:00:00,480.8000,32.2000
2016-07-24 20:00:00,479.3600,31.7000
2016-07-24 21:00:00,321.2200,30.6000
2016-07-24 22:00:00,229.0000,30.0000
2016-07-24 23:00:00,251.9500,30.0000
2016-07-25 00:00:00,256.1100,29.4000
2016-07-25 01:00:00,257.1000,28.9000
2016-07-25 02:00:00,261.6200,28.9000
2016-07-25 03:00:00,569.9900,27.8000
2016-07-25 04:00:00,587.7600,27.8000
2016-07-25 05:00:00,567.7000,27.8000
2016-07-25 06:00:00,567.6700,28.3000
2016-07-25 07:00:00,583.3200,29.4000
2016-07-25 08:00:00,594.1100,31.1000
2016-07-25 09:00:00,591.6200,32.2000
2016-07-25 10:00:00,618.3200,33.3000
2016-07-25 11:00:00,660.6900,34.4000
2016-07-25 12:00:00,670.4600,35.0000
2016-07-25 13:00:00,672.7700,36.1000
2016-07-25 14:00:00,697.6400,36.7000
2016-07-25 15:00:00,683.7500,37.2000
2016-07-25 16:00:00,673.5100,35.6000
2016-07-25 17:00:00,618.6000,35.6000
2016-07-25 18:00:00,602.6200,34.4000
2016-07-25 19:00:00,597.3000,33.9000
2016-07-25 20:00:00,605.4100,31.7000
2016-07-25 21:00:00,340.2100,31.1000
2016-07-25 22:00:00,286.0400,31.1000
2016-07-25 23:00:00,287.9700,29.4000
2016-07-26 00:00:00,283.2100,27.8000
2016-07-26 01:00:00,281.2500,27.2000
2016-07-26 02:00:00,277.7800,26.7000
2016-07-26 03:00:00,579.7500,27.2000
2016-07-26 04:00:00,597.7800,26.7000
2016-07-26 05:00:00,578.8600,26.7000
2016-07-26 06:00:00,557.2000,27.2000
2016-07-26 07:00:00,584.4100,28.3000
2016-07-26 08:00:00,599.6400,30.6000
2016-07-26 09:00:00,609.4000,31.7000
2016-07-26 10:00:00,616.6000,32.8000
2016-07-26 11:00:00,627.1700,33.3000
2016-07-26 12:00:00,627.4300,33.9000
2016-07-26 13:00:00,636.0200,34.4000
2016-07-26 14:00:00,637.1300,35.6000
2016-07-26 15:00:00,620.0700,35.6000
2016-07-26 16:00:00,609.1900,33.9000
2016-07-26 17:00:00,596.4500,35.0000
2016-07-26 18:00:00,582.2700,33.3000
2016-07-26 19:00:00,570.7800,32.8000
2016-07-26 20:00:00,563.2700,32.2000
2016-07-26 21:00:00,369.0500,31.7000
2016-07-26 22:00:00,270.5600,29.4000
2016-07-26 23:00:00,268.9500,29.4000
2016-07-27 00:00:00,270.2500,28.9000
2016-07-27 01:00:00,272.1500,28.3000
2016-07-27 02:00:00,272.3600,27.8000
2016-07-27 03:00:00,572.3200,27.8000
2016-07-27 04:00:00,585.9500,27.8000
2016-07-27 05:00:00,571.4800,27.2000
2016-07-27 06:00:00,552.2600,27.2000
2016-07-27 07:00:00,557.4800,28.3000
2016-07-27 08:00:00,580.0600,29.4000
2016-07-27 09:00:00,574.7800,30.6000
2016-07-27 10:00:00,590.9900,32.2000
2016-07-27 11:00:00,591.1800,32.8000
2016-07-27 12:00:00,590.4700,33.9000
2016-07-27 13:00:00,583.6200,35.0000
2016-07-27 14:00:00,589.3300,35.0000
2016-07-27 15:00:00,597.1800,34.4000
2016-07-27 16:00:00,623.2800,33.9000
2016-07-27 17:00:00,594.7800,33.9000
2016-07-27 18:00:00,578.8400,33.3000
2016-07-27 19:00:00,582.2100,32.2000
2016-07-27 20:00:00,554.2700,31.1000
2016-07-27 21:00:00,379.0800,30.0000
2016-07-27 22:00:00,273.1900,29.4000
2016-07-27 23:00:00,273.6300,28.9000
2016-07-28 00:00:00,271.9200,28.3000
2016-07-28 01:00:00,269.7800,27.8000
2016-07-28 02:00:00,269.1300,27.8000
2016-07-28 03:00:00,559.1100,27.8000
2016-07-28 04:00:00,583.2500,27.8000
2016-07-28 05:00:00,570.0600,27.8000
2016-07-28 06:00:00,545.9500,28.3000
2016-07-28 07:00:00,565.3300,28.9000
2016-07-28 08:00:00,577.2500,30.0000
2016-07-28 09:00:00,597.1300,30.6000
2016-07-28 10:00:00,614.4200,31.1000
2016-07-28 11:00:00,624.6100,31.1000
2016-07-28 12:00:00,628.4900,32.2000
2016-07-28 13:00:00,633.3800,32.8000
2016-07-28 14:00:00,640.9400,34.4000
2016-07-28 15:00:00,647.7500,33.9000
2016-07-28 16:00:00,594.9000,29.4000
2016-07-28 17:00:00,555.6800,27.2000
2016-07-28 18:00:00,556.0400,26.7000
2016-07-28 19:00:00,548.4500,26.7000
2016-07-28 20:00:00,545.5300,25.6000
2016-07-28 21:00:00,338.9400,25.6000
2016-07-28 22:00:00,246.7300,25.6000
2016-07-28 23:00:00,233.6500,25.0000
2016-07-29 00:00:00,237.4400,25.0000
2016-07-29 01:00:00,242.3000,25.6000
2016-07-29 02:00:00,242.9300,25.6000
2016-07-29 03:00:00,503.5300,25.0000
2016-07-29 04:00:00,500.2900,23.9000
2016-07-29 05:00:00,496.5900,23.9000
2016-07-29 06:00:00,473.3900,23.9000
2016-07-29 07:00:00,461.6400,23.9000
2016-07-29 08:00:00,519.6000,25.0000
2016-07-29 09:00:00,538.2400,25.6000
2016-07-29 10:00:00,554.9400,26.7000
2016-07-29 11:00:00,559.2300,28.9000
2016-07-29 12:00:00,583.9100,30.0000
2016-07-29 13:00:00,567.9900,31.1000
2016-07-29 14:00:00,562.2300,31.7000
2016-07-29 15:00:00,576.1900,31.7000
2016-07-29 16:00:00,569.7400,32.2000
2016-07-29 17:00:00,588.6300,31.1000
2016-07-29 18:00:00,556.3600,30.6000
2016-07-29 19:00:00,549.6500,30.0000
2016-07-29 20:00:00,571.2700,28.9000
2016-07-29 21:00:00,369.3600,28.3000
2016-07-29 22:00:00,269.6600,27.8000
2016-07-29 23:00:00,263.8600,27.2000
2016-07-30 00:00:00,260.1900,27.2000
2016-07-30 01:00:00,257.9400,26.1000
2016-07-30 02:00:00,259.2600,26.1000
2016-07-30 03:00:00,256.1800,26.1000
2016-07-30 04:00:00,248.8500,25.6000
2016-07-30 05:00:00,253.1700,25.6000
2016-07-30 06:00:00,244.9600,26.1000
2016-07-30 07:00:00,535.4400,26.1000
2016-07-30 08:00:00,544.0100,27.2000
2016-07-30 09:00:00,557.6200,27.8000
2016-07-30 10:00:00,554.9300,29.4000
2016-07-30 11:00:00,560.3100,30.6000
2016-07-30 12:00:00,551.7800,28.3000
2016-07-30 13:00:00,561.1000,31.1000
2016-07-30 14:00:00,573.6800,31.1000
2016-07-30 15:00:00,571.4200,30.6000
2016-07-30 16:00:00,568.8200,30.6000
2016-07-30 17:00:00,560.5800,28.9000
2016-07-30 18:00:00,560.8900,28.3000
2016-07-30 19:00:00,277.0100,26.7000
2016-07-30 20:00:00,227.1500,23.9000
2016-07-30 21:00:00,224.0200,23.9000
2016-07-30 22:00:00,224.9300,23.9000
2016-07-30 23:00:00,227.8900,24.4000
2016-07-31 00:00:00,227.6600,24.4000
2016-07-31 01:00:00,223.4700,24.4000
2016-07-31 02:00:00,223.1700,24.4000
2016-07-31 03:00:00,224.4700,24.4000
2016-07-31 04:00:00,224.2500,23.9000
2016-07-31 05:00:00,221.6500,23.9000
2016-07-31 06:00:00,212.9600,24.4000
2016-07-31 07:00:00,217.1600,25.0000
2016-07-31 08:00:00,228.3900,26.7000
2016-07-31 09:00:00,238.3000,26.7000
2016-07-31 10:00:00,493.4500,28.9000
2016-07-31 11:00:00,524.7600,30.6000
2016-07-31 12:00:00,514.2200,32.2000
2016-07-31 13:00:00,515.4100,31.7000
2016-07-31 14:00:00,521.5200,31.7000
2016-07-31 15:00:00,509.1200,32.2000
2016-07-31 16:00:00,509.5300,32.8000
2016-07-31 17:00:00,470.4800,26.7000
2016-07-31 18:00:00,470.1700,27.8000
2016-07-31 19:00:00,473.4900,28.3000
2016-07-31 20:00:00,467.3600,27.8000
2016-07-31 21:00:00,337.6200,28.3000
2016-07-31 22:00:00,262.0900,27.2000
2016-07-31 23:00:00,256.2600,27.2000
2016-08-01 00:00:00,250.7300,26.1000
2016-08-01 01:00:00,251.3000,25.6000
2016-08-01 02:00:00,238.8700,25.0000
2016-08-01 03:00:00,491.5500,25.0000
2016-08-01 04:00:00,504.5900,25.0000
2016-08-01 05:00:00,493.0600,24.4000
2016-08-01 06:00:00,476.4800,25.0000
2016-08-01 07:00:00,496.1200,25.6000
2016-08-01 08:00:00,530.5300,27.8000
2016-08-01 09:00:00,564.3700,28.3000
2016-08-01 10:00:00,586.1500,30.0000
2016-08-01 11:00:00,609.6700,31.1000
2016-08-01 12:00:00,608.4000,31.1000
2016-08-01 13:00:00,612.7700,31.7000
2016-08-01 14:00:00,608.5900,32.2000
2016-08-01 15:00:00,593.4100,33.3000
2016-08-01 16:00:00,593.4700,32.8000
2016-08-01 17:00:00,588.6200,31.7000
2016-08-01 18:00:00,580.2700,31.1000
2016-08-01 19:00:00,551.3900,28.3000
2016-08-01 20:00:00,552.0200,27.8000
2016-08-01 21:00:00,311.6900,26.1000
2016-08-01 22:00:00,246.6300,25.0000
2016-08-01 23:00:00,233.3500,25.0000
2016-08-02 00:00:00,236.9600,25.0000
2016-08-02 01:00:00,221.9400,25.6000
2016-08-02 02:00:00,226.8200,24.4000
2016-08-02 03:00:00,502.6200,24.4000
2016-08-02 04:00:00,500.6400,23.9000
2016-08-02 05:00:00,505.6900,24.4000
2016-08-02 06:00:00,498.1700,24.4000
2016-08-02 07:00:00,485.5400,25.0000
2016-08-02 08:00:00,515.4800,26.7000
2016-08-02 09:00:00,485.1200,27.8000
2016-08-02 10:00:00,334.2800,28.9000
2016-08-02 11:00:00,349.7100,30.0000
2016-08-02 12:00:00,344.7600,31.7000
2016-08-02 13:00:00,343.1000,31.7000
2016-08-02 14:00:00,338.2600,32.8000
2016-08-02 15:00:00,342.4600,32.2000
2016-08-02 16:00:00,346.2900,31.7000
2016-08-02 17:00:00,340.3400,31.1000
2016-08-02 18:00:00,311.3800,30.0000
2016-08-02 19:00:00,302.6500,28.3000
2016-08-02 20:00:00,316.3000,27.2000
2016-08-02 21:00:00,236.3700,26.1000
2016-08-02 22:00:00,199.7200,25.0000
2016-08-02 23:00:00,181.7500,24.4000
2016-08-03 00:00:00,159.6000,23.9000
2016-08-03 01:00:00,156.7900,23.3000
2016-08-03 02:00:00,156.4200,22.8000
2016-08-03 03:00:00,255.3600,22.8000
2016-08-03 04:00:00,250.9200,22.8000
2016-08-03 05:00:00,307.7300,22.2000
2016-08-03 06:00:00,461.0700,22.2000
2016-08-03 07:00:00,516.8200,22.8000
2016-08-03 08:00:00,528.3700,23.9000
2016-08-03 09:00:00,545.9500,24.4000
2016-08-03 10:00:00,532.7400,26.1000
2016-08-03 11:00:00,347.9300,26.7000
2016-08-03 12:00:00,482.8600,27.2000
2016-08-03 13:00:00,411.2000,27.8000
2016-08-03 14:00:00,498.8300,27.8000
2016-08-03 15:00:00,517.3400,28.3000
2016-08-03 16:00:00,349.8000,27.2000
2016-08-03 17:00:00,343.4600,27.2000
2016-08-03 18:00:00,335.0300,26.7000
2016-08-03 19:00:00,344.0400,26.7000
2016-08-03 20:00:00,335.0100,25.6000
2016-08-03 21:00:00,275.7700,25.0000
2016-08-03 22:00:00,230.4300,24.4000
2016-08-03 23:00:00,223.0200,23.3000
2016-08-04 00:00:00,208.6100,22.8000
2016-08-04 01:00:00,189.7100,22.8000
2016-08-04 02:00:00,189.8800,22.2000
2016-08-04 03:00:00,303.8800,22.2000
2016-08-04 04:00:00,387.4700,21.7000
2016-08-04 05:00:00,394.0500,21.7000
2016-08-04 06:00:00,371.1500,21.7000
2016-08-04 07:00:00,378.8500,22.8000
2016-08-04 08:00:00,435.8100,25.0000
2016-08-04 09:00:00,449.0400,25.0000
2016-08-04 10:00:00,461.1500,26.7000
2016-08-04 11:00:00,479.3100,26.1000
2016-08-04 12:00:00,544.6900,28.3000
2016-08-04 13:00:00,532.7500,29.4000
2016-08-04 14:00:00,524.0900,29.4000
2016-08-04 15:00:00,512.4800,29.4000
2016-08-04 16:00:00,521.9800,29.4000
2016-08-04 17:00:00,518.6400,28.3000
2016-08-04 18:00:00,518.2500,27.8000
2016-08-04 19:00:00,490.0900,26.7000
2016-08-04 20:00:00,481.6600,26.1000
2016-08-04 21:00:00,306.9100,25.6000
2016-08-04 22:00:00,206.1400,25.0000
2016-08-04 23:00:00,201.5600,24.4000
2016-08-05 00:00:00,214.1600,23.3000
2016-08-05 01:00:00,214.9800,23.3000
2016-08-05 02:00:00,212.2900,23.3000
2016-08-05 03:00:00,460.6800,23.3000
2016-08-05 04:00:00,490.7100,23.3000
2016-08-05 05:00:00,495.2400,23.3000
2016-08-05 06:00:00,498.1800,23.3000
2016-08-05 07:00:00,489.7300,24.4000
2016-08-05 08:00:00,508.5100,24.4000
2016-08-05 09:00:00,513.3600,25.0000
2016-08-05 10:00:00,529.4000,26.7000
2016-08-05 11:00:00,528.1700,27.2000
2016-08-05 12:00:00,540.8600,27.8000
2016-08-05 13:00:00,540.0000,27.8000
2016-08-05 14:00:00,540.1100,26.7000
2016-08-05 15:00:00,560.9200,26.1000
2016-08-05 16:00:00,534.8900,26.7000
2016-08-05 17:00:00,524.1800,27.2000
2016-08-05 18:00:00,510.5300,26.7000
2016-08-05 19:00:00,511.8000,26.7000
2016-08-05 20:00:00,517.2300,26.1000
2016-08-05 21:00:00,345.5800,25.6000
2016-08-05 22:00:00,258.7800,25.6000
2016-08-05 23:00:00,256.8000,25.6000
2016-08-06 00:00:00,255.1700,25.6000
2016-08-06 01:00:00,255.6100,25.6000
2016-08-06 02:00:00,256.7500,25.6000
2016-08-06 03:00:00,254.6300,24.4000
2016-08-06 04:00:00,256.5000,24.4000
2016-08-06 05:00:00,254.1200,24.4000
2016-08-06 06:00:00,242.0300,24.4000
2016-08-06 07:00:00,504.0800,25.0000
2016-08-06 08:00:00,533.5500,26.1000
2016-08-06 09:00:00,544.5900,27.8000
2016-08-06 10:00:00,566.3300,30.0000
2016-08-06 11:00:00,569.7100,32.2000
2016-08-06 12:00:00,574.4700,32.8000
2016-08-06 13:00:00,572.6700,32.8000
2016-08-06 14:00:00,563.5500,29.4000
2016-08-06 15:00:00,562.5400,27.2000
2016-08-06 16:00:00,568.2800,27.8000
2016-08-06 17:00:00,575.2400,28.3000
2016-08-06 18:00:00,566.4700,28.3000
2016-08-06 19:00:00,267.0900,27.2000
2016-08-06 20:00:00,254.6700,26.7000
2016-08-06 21:00:00,257.7400,27.2000
2016-08-06 22:00:00,257.2500,26.7000
2016-08-06 23:00:00,247.7300,27.2000
2016-08-07 00:00:00,238.8200,26.7000
2016-08-07 01:00:00,227.9500,25.6000
2016-08-07 02:00:00,228.0000,25.0000
2016-08-07 03:00:00,207.6100,24.4000
2016-08-07 04:00:00,193.2500,23.9000
2016-08-07 05:00:00,199.3200,22.2000
2016-08-07 06:00:00,182.9200,22.2000
2016-08-07 07:00:00,181.8900,23.9000
2016-08-07 08:00:00,202.4800,26.1000
2016-08-07 09:00:00,219.7200,28.3000
2016-08-07 10:00:00,456.2100,28.9000
2016-08-07 11:00:00,461.7400,29.4000
2016-08-07 12:00:00,456.0900,31.1000
2016-08-07 13:00:00,439.8700,31.1000
2016-08-07 14:00:00,443.5300,32.8000
2016-08-07 15:00:00,446.0600,32.8000
2016-08-07 16:00:00,447.5900,32.2000
2016-08-07 17:00:00,453.5800,31.7000
2016-08-07 18:00:00,462.1800,31.1000
2016-08-07 19:00:00,433.1300,29.4000
2016-08-07 20:00:00,423.1900,28.3000
2016-08-07 21:00:00,277.8400,27.2000
2016-08-07 22:00:00,193.2400,26.7000
2016-08-07 23:00:00,193.3300,26.7000
2016-08-08 00:00:00,197.5600,24.4000
2016-08-08 01:00:00,194.1100,23.3000
2016-08-08 02:00:00,205.7100,23.3000
2016-08-08 03:00:00,468.2400,23.9000
2016-08-08 04:00:00,456.1900,22.8000
2016-08-08 05:00:00,434.5600,23.3000
2016-08-08 06:00:00,425.4500,22.8000
2016-08-08 07:00:00,463.7800,25.0000
2016-08-08 08:00:00,507.7500,26.7000
2016-08-08 09:00:00,552.8700,28.3000
2016-08-08 10:00:00,556.7900,29.4000
2016-08-08 11:00:00,552.8600,31.1000
2016-08-08 12:00:00,562.2400,31.7000
2016-08-08 13:00:00,541.0300,32.2000
2016-08-08 14:00:00,550.8000,28.3000
2016-08-08 15:00:00,557.4100,26.7000
2016-08-08 16:00:00,535.2100,26.1000
2016-08-08 17:00:00,525.0200,26.1000
2016-08-08 18:00:00,521.8400,25.6000
2016-08-08 19:00:00,510.9600,24.4000
2016-08-08 20:00:00,507.3200,23.9000
2016-08-08 21:00:00,242.9100,22.8000
2016-08-08 22:00:00,203.7400,22.8000
2016-08-08 23:00:00,197.5200,22.8000
2016-08-09 00:00:00,198.2500,21.7000
2016-08-09 01:00:00,196.8400,21.1000
2016-08-09 02:00:00,196.1800,20.6000
2016-08-09 03:00:00,451.8900,21.1000
2016-08-09 04:00:00,468.2400,21.1000
2016-08-09 05:00:00,458.9300,20.6000
2016-08-09 06:00:00,445.0500,21.7000
2016-08-09 07:00:00,453.6200,22.2000
2016-08-09 08:00:00,499.8400,23.3000
2016-08-09 09:00:00,520.5800,24.4000
2016-08-09 10:00:00,524.1000,24.4000
2016-08-09 11:00:00,553.0200,26.7000
2016-08-09 12:00:00,552.1000,26.1000
2016-08-09 13:00:00,564.8600,27.2000
2016-08-09 14:00:00,574.2700,26.7000
2016-08-09 15:00:00,558.9800,25.6000
2016-08-09 16:00:00,545.5100,26.1000
2016-08-09 17:00:00,531.2300,26.1000
2016-08-09 18:00:00,536.3700,26.1000
2016-08-09 19:00:00,537.7000,26.1000
2016-08-09 20:00:00,530.5800,25.6000
2016-08-09 21:00:00,356.7700,26.1000
2016-08-09 22:00:00,270.9100,26.1000
2016-08-09 23:00:00,268.7800,25.6000
2016-08-10 00:00:00,267.7100,25.6000
2016-08-10 01:00:00,267.1000,25.0000
2016-08-10 02:00:00,270.2300,25.6000
2016-08-10 03:00:00,512.6900,25.6000
2016-08-10 04:00:00,541.8200,25.6000
2016-08-10 05:00:00,535.5700,25.6000
2016-08-10 06:00:00,515.4900,25.6000
2016-08-10 07:00:00,513.7900,25.6000
2016-08-10 08:00:00,548.4600,27.2000
2016-08-10 09:00:00,593.3700,29.4000
2016-08-10 10:00:00,599.7900,30.0000
2016-08-10 11:00:00,620.4600,30.6000
2016-08-10 12:00:00,627.1500,33.3000
2016-08-10 13:00:00,613.8400,33.3000
2016-08-10 14:00:00,620.5100,34.4000
2016-08-10 15:00:00,621.7100,34.4000
2016-08-10 16:00:00,608.3800,33.9000
2016-08-10 17:00:00,607.6300,33.3000
2016-08-10 18:00:00,595.8200,32.2000
2016-08-10 19:00:00,578.6900,30.6000
2016-08-10 20:00:00,562.1600,30.0000
2016-08-10 21:00:00,383.5500,28.9000
2016-08-10 22:00:00,281.3000,28.3000
2016-08-10 23:00:00,275.5100,27.8000
2016-08-11 00:00:00,277.5400,27.2000
2016-08-11 01:00:00,275.1500,27.2000
2016-08-11 02:00:00,277.9200,27.2000
2016-08-11 03:00:00,562.6200,26.7000
2016-08-11 04:00:00,555.7500,26.1000
2016-08-11 05:00:00,552.0500,26.1000
2016-08-11 06:00:00,539.7900,26.1000
2016-08-11 07:00:00,553.6500,27.2000
2016-08-11 08:00:00,591.9400,28.9000
2016-08-11 09:00:00,594.8100,31.1000
2016-08-11 10:00:00,607.7800,32.8000
2016-08-11 11:00:00,622.1800,33.9000
2016-08-11 12:00:00,621.2800,35.0000
2016-08-11 13:00:00,638.7800,35.6000
2016-08-11 14:00:00,629.1100,36.1000
2016-08-11 15:00:00,644.2100,35.6000
2016-08-11 16:00:00,638.3300,35.0000
2016-08-11 17:00:00,620.5300,34.4000
2016-08-11 18:00:00,601.9300,33.3000
2016-08-11 19:00:00,573.1800,32.2000
2016-08-11 20:00:00,577.4200,31.1000
2016-08-11 21:00:00,381.8000,30.0000
2016-08-11 22:00:00,266.9300,28.9000
2016-08-11 23:00:00,264.9200,28.9000
2016-08-12 00:00:00,265.7200,28.3000
2016-08-12 01:00:00,264.1900,27.8000
2016-08-12 02:00:00,266.7400,27.2000
2016-08-12 03:00:00,560.9200,27.2000
2016-08-12 04:00:00,563.7300,27.2000
2016-08-12 05:00:00,553.6300,27.2000
2016-08-12 06:00:00,539.1700,27.2000
2016-08-12 07:00:00,547.9000,28.3000
2016-08-12 08:00:00,577.6500,30.0000
2016-08-12 09:00:00,599.4500,31.7000
2016-08-12 10:00:00,624.3200,33.3000
2016-08-12 11:00:00,637.7400,33.3000
2016-08-12 12:00:00,637.6500,35.0000
2016-08-12 13:00:00,664.0900,36.1000
2016-08-12 14:00:00,655.1700,35.6000
2016-08-12 15:00:00,684.4100,36.7000
2016-08-12 16:00:00,654.1500,36.1000
2016-08-12 17:00:00,662.2600,34.4000
2016-08-12 18:00:00,633.1700,34.4000
2016-08-12 19:00:00,624.6700,33.3000
2016-08-12 20:00:00,608.6400,31.7000
2016-08-12 21:00:00,391.5600,31.1000
2016-08-12 22:00:00,280.0300,30.0000
2016-08-12 23:00:00,278.6700,29.4000
2016-08-13 00:00:00,276.4000,29.4000
2016-08-13 01:00:00,275.1700,28.9000
2016-08-13 02:00:00,278.3600,28.3000
2016-08-13 03:00:00,274.7900,27.8000
2016-08-13 04:00:00,273.4300,27.8000
2016-08-13 05:00:00,279.9300,27.2000
2016-08-13 06:00:00,262.9400,27.8000
2016-08-13 07:00:00,559.6000,28.9000
2016-08-13 08:00:00,597.9900,30.0000
2016-08-13 09:00:00,603.5200,31.1000
2016-08-13 10:00:00,612.6900,32.8000
2016-08-13 11:00:00,633.6700,34.4000
2016-08-13 12:00:00,648.8300,35.0000
2016-08-13 13:00:00,657.2100,35.6000
2016-08-13 14:00:00,662.0000,36.7000
2016-08-13 15:00:00,675.0300,36.7000
2016-08-13 16:00:00,674.4400,37.8000
2016-08-13 17:00:00,663.7100,36.7000
2016-08-13 18:00:00,663.3500,35.6000
2016-08-13 19:00:00,289.1000,33.9000
2016-08-13 20:00:00,284.9400,33.3000
2016-08-13 21:00:00,281.6400,32.2000
2016-08-13 22:00:00,281.7900,31.7000
2016-08-13 23:00:00,281.9500,31.7000
2016-08-14 00:00:00,278.4900,31.1000
2016-08-14 01:00:00,277.9700,30.6000
2016-08-14 02:00:00,279.5500,30.0000
2016-08-14 03:00:00,278.1600,29.4000
2016-08-14 04:00:00,275.5500,28.3000
2016-08-14 05:00:00,276.5000,27.8000
2016-08-14 06:00:00,265.2900,27.8000
2016-08-14 07:00:00,264.0200,28.9000
2016-08-14 08:00:00,269.6900,30.6000
2016-08-14 09:00:00,268.9200,33.3000
2016-08-14 10:00:00,557.7800,35.0000
2016-08-14 11:00:00,580.3800,35.6000
2016-08-14 12:00:00,545.4900,36.7000
2016-08-14 13:00:00,546.7300,37.2000
2016-08-14 14:00:00,570.4300,37.8000
2016-08-14 15:00:00,571.4500,36.1000
2016-08-14 16:00:00,549.1600,36.1000
2016-08-14 17:00:00,559.2100,36.1000
2016-08-14 18:00:00,554.4900,35.0000
2016-08-14 19:00:00,546.8000,33.9000
2016-08-14 20:00:00,511.3800,30.0000
2016-08-14 21:00:00,341.1200,28.3000
2016-08-14 22:00:00,260.2900,27.2000
2016-08-14 23:00:00,264.4300,27.2000
2016-08-15 00:00:00,264.8800,26.7000
2016-08-15 01:00:00,257.8100,27.2000
2016-08-15 02:00:00,266.6800,26.1000
2016-08-15 03:00:00,566.8600,26.1000
2016-08-15 04:00:00,568.7800,26.1000
2016-08-15 05:00:00,557.7400,25.6000
2016-08-15 06:00:00,529.7900,25.6000
2016-08-15 07:00:00,555.7600,27.8000
2016-08-15 08:00:00,603.4400,28.9000
2016-08-15 09:00:00,618.1500,31.1000
2016-08-15 10:00:00,648.1900,31.1000
2016-08-15 11:00:00,675.1100,32.8000
2016-08-15 12:00:00,693.4100,33.3000
2016-08-15 13:00:00,674.0900,35.0000
2016-08-15 14:00:00,709.3700,35.6000
2016-08-15 15:00:00,722.1900,36.7000
2016-08-15 16:00:00,695.3300,34.4000
2016-08-15 17:00:00,643.7300,33.3000
2016-08-15 18:00:00,582.3300,27.2000
2016-08-15 19:00:00,548.4800,26.1000
2016-08-15 20:00:00,537.9700,22.8000
2016-08-15 21:00:00,291.1900,23.3000
2016-08-15 22:00:00,239.7900,24.4000
2016-08-15 23:00:00,241.8200,24.4000
2016-08-16 00:00:00,230.9300,24.4000
2016-08-16 01:00:00,228.9300,24.4000
2016-08-16 02:00:00,241.6600,23.9000
2016-08-16 03:00:00,527.7000,24.4000
2016-08-16 04:00:00,540.5400,24.4000
2016-08-16 05:00:00,536.0200,23.9000
2016-08-16 06:00:00,515.5500,23.9000
2016-08-16 07:00:00,533.4200,25.0000
2016-08-16 08:00:00,588.7600,26.1000
2016-08-16 09:00:00,625.9300,27.8000
2016-08-16 10:00:00,638.6800,28.3000
2016-08-16 11:00:00,661.2300,30.0000
2016-08-16 12:00:00,680.3200,32.2000
2016-08-16 13:00:00,695.3600,33.9000
2016-08-16 14:00:00,719.2200,35.0000
2016-08-16 15:00:00,698.2100,35.6000
2016-08-16 16:00:00,682.8600,35.6000
2016-08-16 17:00:00,654.0400,34.4000
2016-08-16 18:00:00,625.5500,33.3000
2016-08-16 19:00:00,601.1300,32.2000
2016-08-16 20:00:00,612.4400,31.7000
2016-08-16 21:00:00,413.6200,30.6000
2016-08-16 22:00:00,279.5200,30.6000
2016-08-16 23:00:00,280.0700,30.6000
2016-08-17 00:00:00,279.8300,30.0000
2016-08-17 01:00:00,278.5400,28.9000
2016-08-17 02:00:00,279.2300,28.3000
2016-08-17 03:00:00,566.6700,27.2000
2016-08-17 04:00:00,583.4400,26.7000
2016-08-17 05:00:00,556.9600,26.1000
2016-08-17 06:00:00,562.5700,26.7000
2016-08-17 07:00:00,591.1400,27.8000
2016-08-17 08:00:00,637.4100,30.6000
2016-08-17 09:00:00,676.7000,31.1000
2016-08-17 10:00:00,693.8700,31.7000
2016-08-17 11:00:00,691.4400,32.8000
2016-08-17 12:00:00,678.3900,31.7000
2016-08-17 13:00:00,678.3100,33.9000
2016-08-17 14:00:00,681.8200,33.9000
2016-08-17 15:00:00,684.7700,33.3000
2016-08-17 16:00:00,682.1300,33.9000
2016-08-17 17:00:00,644.5100,33.9000
2016-08-17 18:00:00,612.1700,32.2000
2016-08-17 19:00:00,576.0000,31.7000
2016-08-17 20:00:00,600.5100,30.6000
2016-08-17 21:00:00,369.0800,22.8000
2016-08-17 22:00:00,265.9500,23.3000
2016-08-17 23:00:00,264.3400,23.9000
2016-08-18 00:00:00,270.2700,23.9000
2016-08-18 01:00:00,271.0800,23.3000
2016-08-18 02:00:00,257.9600,23.9000
2016-08-18 03:00:00,550.6800,23.9000
2016-08-18 04:00:00,558.4400,23.9000
2016-08-18 05:00:00,551.7000,24.4000
2016-08-18 06:00:00,544.7500,24.4000
2016-08-18 07:00:00,581.1900,25.6000
2016-08-18 08:00:00,622.2100,25.6000
2016-08-18 09:00:00,636.8900,26.1000
2016-08-18 10:00:00,664.6800,28.3000
2016-08-18 11:00:00,655.8300,30.0000
2016-08-18 12:00:00,676.7200,30.6000
2016-08-18 13:00:00,663.8900,32.2000
2016-08-18 14:00:00,677.9600,32.8000
2016-08-18 15:00:00,662.5100,32.8000
2016-08-18 16:00:00,661.3300,31.7000
2016-08-18 17:00:00,644.5000,32.8000
2016-08-18 18:00:00,609.1000,31.1000
2016-08-18 19:00:00,589.9100,30.0000
2016-08-18 20:00:00,577.3000,28.9000
2016-08-18 21:00:00,386.2300,28.9000
2016-08-18 22:00:00,267.1800,28.3000
2016-08-18 23:00:00,252.8800,27.2000
2016-08-19 00:00:00,249.0900,26.7000
2016-08-19 01:00:00,252.6000,26.1000
2016-08-19 02:00:00,252.9200,26.1000
2016-08-19 03:00:00,512.3800,25.0000
2016-08-19 04:00:00,521.3600,24.4000
2016-08-19 05:00:00,499.9600,23.9000
2016-08-19 06:00:00,482.0600,24.4000
2016-08-19 07:00:00,526.4400,26.1000
2016-08-19 08:00:00,608.3500,27.2000
2016-08-19 09:00:00,641.6700,28.9000
2016-08-19 10:00:00,644.5600,30.0000
2016-08-19 11:00:00,655.0800,31.1000
2016-08-19 12:00:00,657.5000,31.7000
2016-08-19 13:00:00,666.2900,31.1000
2016-08-19 14:00:00,628.1600,32.2000
2016-08-19 15:00:00,687.6800,32.8000
2016-08-19 16:00:00,664.7400,32.2000
2016-08-19 17:00:00,611.2600,32.2000
2016-08-19 18:00:00,562.9000,30.6000
2016-08-19 19:00:00,562.6000,28.9000
2016-08-19 20:00:00,553.4800,28.9000
2016-08-19 21:00:00,362.1300,27.2000
2016-08-19 22:00:00,288.8900,26.7000
2016-08-19 23:00:00,289.4200,26.7000
2016-08-20 00:00:00,288.2300,25.6000
2016-08-20 01:00:00,285.1400,26.1000
2016-08-20 02:00:00,289.5100,25.6000
2016-08-20 03:00:00,275.3600,25.0000
2016-08-20 04:00:00,284.7600,24.4000
2016-08-20 05:00:00,275.1000,23.9000
2016-08-20 06:00:00,271.9600,23.9000
2016-08-20 07:00:00,550.5600,25.0000
2016-08-20 08:00:00,576.2400,26.7000
2016-08-20 09:00:00,600.6800,28.9000
2016-08-20 10:00:00,604.0000,30.6000
2016-08-20 11:00:00,615.9900,31.1000
2016-08-20 12:00:00,631.3900,31.7000
2016-08-20 13:00:00,618.3300,31.7000
2016-08-20 14:00:00,616.2400,32.8000
2016-08-20 15:00:00,615.4000,32.8000
2016-08-20 16:00:00,611.9100,32.2000
2016-08-20 17:00:00,608.8900,31.7000
2016-08-20 18:00:00,577.6800,30.6000
2016-08-20 19:00:00,278.5900,29.4000
2016-08-20 20:00:00,263.7200,28.3000
2016-08-20 21:00:00,275.3600,27.2000
2016-08-20 22:00:00,271.3100,26.7000
2016-08-20 23:00:00,269.7600,26.7000
2016-08-21 00:00:00,282.7400,25.6000
2016-08-21 01:00:00,278.5800,25.6000
2016-08-21 02:00:00,296.7900,25.0000
2016-08-21 03:00:00,304.0900,25.0000
2016-08-21 04:00:00,299.2200,25.0000
2016-08-21 05:00:00,291.2300,24.4000
2016-08-21 06:00:00,291.2600,24.4000
2016-08-21 07:00:00,303.0600,25.6000
2016-08-21 08:00:00,310.4500,26.1000
2016-08-21 09:00:00,310.5600,26.7000
2016-08-21 10:00:00,547.8200,27.8000
2016-08-21 11:00:00,579.3000,28.9000
2016-08-21 12:00:00,579.2800,32.2000
2016-08-21 13:00:00,593.2900,31.7000
2016-08-21 14:00:00,594.2300,31.1000
2016-08-21 15:00:00,546.8300,25.0000
2016-08-21 16:00:00,520.3000,25.0000
2016-08-21 17:00:00,543.5100,26.1000
2016-08-21 18:00:00,535.0600,25.6000
2016-08-21 19:00:00,520.9300,25.6000
2016-08-21 20:00:00,522.9600,25.6000
2016-08-21 21:00:00,381.5600,26.1000
2016-08-21 22:00:00,273.6100,25.0000
2016-08-21 23:00:00,246.0900,24.4000
2016-08-22 00:00:00,241.0400,23.3000
2016-08-22 01:00:00,244.2600,22.8000
2016-08-22 02:00:00,243.1300,22.2000
2016-08-22 03:00:00,485.0400,22.8000
2016-08-22 04:00:00,510.5300,22.8000
2016-08-22 05:00:00,488.8800,21.7000
2016-08-22 06:00:00,466.2000,21.1000
2016-08-22 07:00:00,531.7800,22.8000
2016-08-22 08:00:00,624.8700,23.9000
2016-08-22 09:00:00,660.5700,24.4000
2016-08-22 10:00:00,698.1800,26.1000
2016-08-22 11:00:00,707.1800,27.2000
2016-08-22 12:00:00,707.5000,27.2000
2016-08-22 13:00:00,686.3200,28.3000
2016-08-22 14:00:00,684.1200,29.4000
2016-08-22 15:00:00,678.3100,29.4000
2016-08-22 16:00:00,650.4300,29.4000
2016-08-22 17:00:00,617.7300,28.9000
2016-08-22 18:00:00,579.7500,27.8000
2016-08-22 19:00:00,546.9100,26.7000
2016-08-22 20:00:00,547.9300,25.6000
2016-08-22 21:00:00,306.2400,25.0000
2016-08-22 22:00:00,260.6800,23.9000
2016-08-22 23:00:00,254.2700,23.3000
2016-08-23 00:00:00,248.0300,22.8000
2016-08-23 01:00:00,218.3500,22.2000
2016-08-23 02:00:00,211.0100,21.7000
2016-08-23 03:00:00,456.6200,20.6000
2016-08-23 04:00:00,460.2500,20.6000
2016-08-23 05:00:00,435.3100,20.0000
2016-08-23 06:00:00,427.9500,19.4000
2016-08-23 07:00:00,480.3400,21.1000
2016-08-23 08:00:00,550.0700,23.3000
2016-08-23 09:00:00,603.1300,25.0000
2016-08-23 10:00:00,633.8500,26.1000
2016-08-23 11:00:00,622.3600,26.7000
2016-08-23 12:00:00,639.3500,27.8000
2016-08-23 13:00:00,612.0000,27.8000
2016-08-23 14:00:00,657.6400,28.3000
2016-08-23 15:00:00,633.0600,27.2000
2016-08-23 16:00:00,606.6100,28.3000
2016-08-23 17:00:00,572.9400,28.3000
2016-08-23 18:00:00,542.0800,27.2000
2016-08-23 19:00:00,530.2500,26.1000
2016-08-23 20:00:00,529.6800,24.4000
2016-08-23 21:00:00,346.0800,23.3000
2016-08-23 22:00:00,255.6400,23.3000
2016-08-23 23:00:00,245.0700,22.2000
2016-08-24 00:00:00,235.4500,22.2000
2016-08-24 01:00:00,226.0100,21.7000
2016-08-24 02:00:00,190.9100,21.1000
2016-08-24 03:00:00,425.0800,21.1000
2016-08-24 04:00:00,456.1900,20.0000
2016-08-24 05:00:00,433.7900,20.6000
2016-08-24 06:00:00,431.2100,20.0000
2016-08-24 07:00:00,485.0200,21.7000
2016-08-24 08:00:00,568.8100,23.3000
2016-08-24 09:00:00,632.7900,25.6000
2016-08-24 10:00:00,644.9800,26.7000
2016-08-24 11:00:00,661.1500,27.8000
2016-08-24 12:00:00,654.1100,28.3000
2016-08-24 13:00:00,680.8500,28.9000
2016-08-24 14:00:00,657.2000,29.4000
2016-08-24 15:00:00,663.0000,28.9000
2016-08-24 16:00:00,632.2600,30.0000
2016-08-24 17:00:00,608.7100,28.3000
2016-08-24 18:00:00,585.4600,28.3000
2016-08-24 19:00:00,563.7700,27.2000
2016-08-24 20:00:00,567.2900,25.6000
2016-08-24 21:00:00,344.5900,25.0000
2016-08-24 22:00:00,255.7900,24.4000
2016-08-24 23:00:00,253.3100,23.3000
2016-08-25 00:00:00,250.3300,23.3000
2016-08-25 01:00:00,243.7200,22.2000
2016-08-25 02:00:00,253.0900,22.2000
2016-08-25 03:00:00,487.8600,22.2000
2016-08-25 04:00:00,500.6100,22.2000
2016-08-25 05:00:00,497.2000,21.7000
2016-08-25 06:00:00,490.2600,21.7000
2016-08-25 07:00:00,522.9900,22.8000
2016-08-25 08:00:00,627.9900,24.4000
2016-08-25 09:00:00,696.3500,26.7000
2016-08-25 10:00:00,712.3600,27.8000
2016-08-25 11:00:00,712.9400,27.8000
2016-08-25 12:00:00,713.5000,28.9000
2016-08-25 13:00:00,732.5800,30.6000
2016-08-25 14:00:00,754.7900,30.0000
2016-08-25 15:00:00,742.1700,31.1000
2016-08-25 16:00:00,728.1500,30.6000
2016-08-25 17:00:00,695.0200,30.0000
2016-08-25 18:00:00,658.0300,30.0000
2016-08-25 19:00:00,643.1100,29.4000
2016-08-25 20:00:00,644.6900,28.3000
2016-08-25 21:00:00,430.5700,27.8000
2016-08-25 22:00:00,323.3700,27.8000
2016-08-25 23:00:00,319.3900,26.7000
2016-08-26 00:00:00,317.8700,26.7000
2016-08-26 01:00:00,312.6100,26.1000
2016-08-26 02:00:00,313.6600,26.1000
2016-08-26 03:00:00,587.7200,26.1000
2016-08-26 04:00:00,589.2900,25.6000
2016-08-26 05:00:00,596.9000,25.6000
2016-08-26 06:00:00,580.5600,25.0000
2016-08-26 07:00:00,611.3500,26.7000
2016-08-26 08:00:00,700.7800,30.0000
2016-08-26 09:00:00,763.3400,31.7000
2016-08-26 10:00:00,775.8800,32.8000
2016-08-26 11:00:00,780.5200,32.8000
2016-08-26 12:00:00,776.0000,33.3000
2016-08-26 13:00:00,768.9200,34.4000
2016-08-26 14:00:00,782.2500,33.9000
2016-08-26 15:00:00,786.0500,34.4000
2016-08-26 16:00:00,760.8600,34.4000
2016-08-26 17:00:00,734.4300,34.4000
2016-08-26 18:00:00,701.2100,33.3000
2016-08-26 19:00:00,645.4000,32.2000
2016-08-26 20:00:00,653.4300,31.7000
2016-08-26 21:00:00,435.0700,30.0000
2016-08-26 22:00:00,318.2500,28.9000
2016-08-26 23:00:00,312.0600,29.4000
2016-08-27 00:00:00,309.7600,27.8000
2016-08-27 01:00:00,303.0700,27.8000
2016-08-27 02:00:00,299.8900,27.2000
2016-08-27 03:00:00,299.9700,27.2000
2016-08-27 04:00:00,294.4400,26.7000
2016-08-27 05:00:00,272.4800,26.7000
2016-08-27 06:00:00,263.2600,26.1000
2016-08-27 07:00:00,557.3500,27.2000
2016-08-27 08:00:00,591.6100,27.8000
2016-08-27 09:00:00,581.6800,29.4000
2016-08-27 10:00:00,574.2800,30.6000
2016-08-27 11:00:00,577.3300,31.7000
2016-08-27 12:00:00,570.3100,31.7000
2016-08-27 13:00:00,584.8700,32.8000
2016-08-27 14:00:00,586.1200,32.8000
2016-08-27 15:00:00,592.3000,33.3000
2016-08-27 16:00:00,596.0700,32.8000
2016-08-27 17:00:00,597.7300,31.7000
2016-08-27 18:00:00,592.6600,31.1000
2016-08-27 19:00:00,285.5000,29.4000
2016-08-27 20:00:00,271.5800,28.3000
2016-08-27 21:00:00,274.0000,27.8000
2016-08-27 22:00:00,279.6300,27.2000
2016-08-27 23:00:00,280.2600,26.7000
2016-08-28 00:00:00,278.8600,25.6000
2016-08-28 01:00:00,268.1000,24.4000
2016-08-28 02:00:00,274.2100,23.9000
2016-08-28 03:00:00,287.2200,24.4000
2016-08-28 04:00:00,279.7300,23.9000
2016-08-28 05:00:00,284.6900,23.9000
2016-08-28 06:00:00,267.4200,23.9000
2016-08-28 07:00:00,269.6700,23.9000
2016-08-28 08:00:00,283.3500,25.0000
2016-08-28 09:00:00,282.9000,26.7000
2016-08-28 10:00:00,510.1900,27.8000
2016-08-28 11:00:00,527.0000,30.0000
2016-08-28 12:00:00,517.5500,30.6000
2016-08-28 13:00:00,510.1800,31.1000
2016-08-28 14:00:00,497.3500,32.2000
2016-08-28 15:00:00,502.6300,31.7000
2016-08-28 16:00:00,487.1800,31.1000
2016-08-28 17:00:00,491.7900,30.6000
2016-08-28 18:00:00,490.4600,29.4000
2016-08-28 19:00:00,477.4500,28.3000
2016-08-28 20:00:00,477.1900,27.8000
2016-08-28 21:00:00,344.8200,26.7000
2016-08-28 22:00:00,263.8700,26.1000
2016-08-28 23:00:00,269.1400,25.0000
2016-08-29 00:00:00,261.3900,25.0000
2016-08-29 01:00:00,278.3500,24.4000
2016-08-29 02:00:00,263.4500,23.3000
2016-08-29 03:00:00,536.2600,23.3000
2016-08-29 04:00:00,547.7700,22.8000
2016-08-29 05:00:00,539.6000,22.2000
2016-08-29 06:00:00,510.1600,22.8000
2016-08-29 07:00:00,585.1900,24.4000
2016-08-29 08:00:00,682.1700,26.1000
2016-08-29 09:00:00,730.8500,27.8000
2016-08-29 10:00:00,738.1000,28.9000
2016-08-29 11:00:00,730.7200,30.6000
2016-08-29 12:00:00,721.9600,30.6000
2016-08-29 13:00:00,720.8200,31.7000
2016-08-29 14:00:00,740.1000,32.2000
2016-08-29 15:00:00,720.2400,33.9000
2016-08-29 16:00:00,697.7700,33.9000
2016-08-29 17:00:00,694.4400,32.8000
2016-08-29 18:00:00,663.8800,32.2000
2016-08-29 19:00:00,625.2900,31.1000
2016-08-29 20:00:00,615.7600,30.6000
2016-08-29 21:00:00,369.9000,28.9000
2016-08-29 22:00:00,310.7800,28.3000
2016-08-29 23:00:00,287.8200,27.8000
2016-08-30 00:00:00,297.6100,27.2000
2016-08-30 01:00:00,277.2400,26.7000
2016-08-30 02:00:00,272.9200,26.1000
2016-08-30 03:00:00,538.7900,25.6000
2016-08-30 04:00:00,533.5300,25.0000
2016-08-30 05:00:00,516.4400,24.4000
2016-08-30 06:00:00,501.7400,23.9000
2016-08-30 07:00:00,544.8600,24.4000
2016-08-30 08:00:00,623.8000,25.6000
2016-08-30 09:00:00,688.0100,26.7000
2016-08-30 10:00:00,704.9800,28.3000
2016-08-30 11:00:00,699.1500,30.0000
2016-08-30 12:00:00,701.8200,31.1000
2016-08-30 13:00:00,713.9100,31.7000
2016-08-30 14:00:00,719.8700,31.7000
2016-08-30 15:00:00,705.0400,31.7000
2016-08-30 16:00:00,679.7600,32.2000
2016-08-30 17:00:00,656.0500,30.6000
2016-08-30 18:00:00,630.0300,29.4000
2016-08-30 19:00:00,581.6600,27.8000
2016-08-30 20:00:00,563.3400,27.8000
2016-08-30 21:00:00,360.7900,26.7000
2016-08-30 22:00:00,264.3800,26.1000
2016-08-30 23:00:00,255.5800,25.6000
2016-08-31 00:00:00,271.8700,25.6000
2016-08-31 01:00:00,275.9000,23.3000
2016-08-31 02:00:00,277.0100,24.4000
2016-08-31 03:00:00,546.0100,23.9000
2016-08-31 04:00:00,540.7200,23.3000
2016-08-31 05:00:00,550.4100,23.3000
2016-08-31 06:00:00,532.8700,23.3000
2016-08-31 07:00:00,585.5000,24.4000
2016-08-31 08:00:00,662.7800,25.6000
2016-08-31 09:00:00,712.4700,27.2000
2016-08-31 10:00:00,733.9500,28.9000
2016-08-31 11:00:00,737.0700,30.6000
2016-08-31 12:00:00,704.2600,31.7000
2016-08-31 13:00:00,701.1000,30.6000
2016-08-31 14:00:00,719.2500,30.6000
2016-08-31 15:00:00,718.9600,32.8000
2016-08-31 16:00:00,682.5300,31.7000
2016-08-31 17:00:00,669.8100,31.7000
2016-08-31 18:00:00,633.2200,30.6000
2016-08-31 19:00:00,606.9200,30.0000
2016-08-31 20:00:00,594.0500,28.9000
2016-08-31 21:00:00,415.7100,27.8000
2016-08-31 22:00:00,305.5900,27.2000
2016-08-31 23:00:00,299.5400,26.7000
2016-09-01 00:00:00,292.3300,26.7000
2016-09-01 01:00:00,277.5600,26.1000
2016-09-01 02:00:00,285.3400,25.0000
2016-09-01 03:00:00,555.6300,24.4000
2016-09-01 04:00:00,550.6700,24.4000
2016-09-01 05:00:00,549.4400,24.4000
2016-09-01 06:00:00,539.9200,24.4000
2016-09-01 07:00:00,587.8200,23.3000
2016-09-01 08:00:00,687.2200,23.9000
2016-09-01 09:00:00,671.9700,22.2000
2016-09-01 10:00:00,709.7200,23.3000
2016-09-01 11:00:00,700.9900,25.6000
2016-09-01 12:00:00,689.6500,25.6000
2016-09-01 13:00:00,685.0000,26.1000
2016-09-01 14:00:00,698.7900,26.1000
2016-09-01 15:00:00,690.0800,26.7000
2016-09-01 16:00:00,682.1100,28.3000
2016-09-01 17:00:00,640.2500,27.8000
2016-09-01 18:00:00,619.5500,26.7000
2016-09-01 19:00:00,591.1500,25.6000
2016-09-01 20:00:00,556.6000,25.0000
2016-09-01 21:00:00,388.9000,24.4000
2016-09-01 22:00:00,278.1300,23.9000
2016-09-01 23:00:00,250.4100,23.9000
2016-09-02 00:00:00,247.8000,24.4000
2016-09-02 01:00:00,242.2300,23.3000
2016-09-02 02:00:00,239.1900,21.7000
2016-09-02 03:00:00,465.6200,20.6000
2016-09-02 04:00:00,436.9900,20.6000
2016-09-02 05:00:00,424.2200,20.0000
2016-09-02 06:00:00,430.5700,19.4000
2016-09-02 07:00:00,472.2100,20.0000
2016-09-02 08:00:00,520.2600,21.7000
2016-09-02 09:00:00,594.1200,23.3000
2016-09-02 10:00:00,628.6800,25.0000
2016-09-02 11:00:00,617.9800,25.6000
2016-09-02 12:00:00,624.7000,26.7000
2016-09-02 13:00:00,626.9600,26.7000
2016-09-02 14:00:00,624.6200,26.7000
2016-09-02 15:00:00,609.7200,26.7000
2016-09-02 16:00:00,579.9700,26.7000
2016-09-02 17:00:00,551.5400,26.1000
2016-09-02 18:00:00,527.6300,25.6000
2016-09-02 19:00:00,499.7200,24.4000
2016-09-02 20:00:00,503.6100,23.9000
2016-09-02 21:00:00,311.4400,23.9000
2016-09-02 22:00:00,222.0000,23.9000
2016-09-02 23:00:00,193.6100,22.8000
2016-09-03 00:00:00,195.5700,22.2000
2016-09-03 01:00:00,195.8600,22.2000
2016-09-03 02:00:00,183.3200,22.2000
2016-09-03 03:00:00,183.2600,21.7000
2016-09-03 04:00:00,191.8700,21.7000
2016-09-03 05:00:00,200.9600,21.1000
2016-09-03 06:00:00,194.7000,21.1000
2016-09-03 07:00:00,407.4000,21.7000
2016-09-03 08:00:00,429.8600,22.2000
2016-09-03 09:00:00,421.1500,23.9000
2016-09-03 10:00:00,455.7200,24.4000
2016-09-03 11:00:00,439.8300,24.4000
2016-09-03 12:00:00,447.3200,25.6000
2016-09-03 13:00:00,486.8000,25.6000
2016-09-03 14:00:00,478.9800,26.1000
2016-09-03 15:00:00,470.3300,27.8000
2016-09-03 16:00:00,460.6700,26.7000
2016-09-03 17:00:00,464.7500,26.7000
2016-09-03 18:00:00,468.3300,25.6000
2016-09-03 19:00:00,229.8800,24.4000
2016-09-03 20:00:00,220.2100,23.9000
2016-09-03 21:00:00,218.2900,23.3000
2016-09-03 22:00:00,211.7400,23.3000
2016-09-03 23:00:00,187.0000,22.8000
2016-09-04 00:00:00,181.2900,22.2000
2016-09-04 01:00:00,178.0700,22.2000
2016-09-04 02:00:00,179.6000,21.7000
2016-09-04 03:00:00,180.5500,21.7000
2016-09-04 04:00:00,175.2000,21.7000
2016-09-04 05:00:00,183.2100,20.6000
2016-09-04 06:00:00,174.9400,20.6000
2016-09-04 07:00:00,168.5400,21.1000
2016-09-04 08:00:00,177.2400,22.2000
2016-09-04 09:00:00,191.3100,23.9000
2016-09-04 10:00:00,423.5200,24.4000
2016-09-04 11:00:00,434.6900,26.1000
2016-09-04 12:00:00,427.6200,25.6000
2016-09-04 13:00:00,414.1600,27.2000
2016-09-04 14:00:00,424.9400,27.8000
2016-09-04 15:00:00,425.8500,28.3000
2016-09-04 16:00:00,420.8000,27.8000
2016-09-04 17:00:00,407.7000,26.7000
2016-09-04 18:00:00,413.9400,25.0000
2016-09-04 19:00:00,427.5900,23.9000
2016-09-04 20:00:00,404.6400,23.3000
2016-09-04 21:00:00,281.3700,22.8000
2016-09-04 22:00:00,194.0800,22.8000
2016-09-04 23:00:00,177.1200,21.7000
2016-09-05 00:00:00,174.5700,20.6000
2016-09-05 01:00:00,174.1500,20.0000
2016-09-05 02:00:00,174.3500,19.4000
2016-09-05 03:00:00,398.1500,19.4000
2016-09-05 04:00:00,419.3600,18.3000
2016-09-05 05:00:00,409.0000,18.3000
2016-09-05 06:00:00,390.4200,18.3000
2016-09-05 07:00:00,392.7500,19.4000
2016-09-05 08:00:00,403.7300,22.2000
2016-09-05 09:00:00,464.6300,25.6000
2016-09-05 10:00:00,476.7300,27.2000
2016-09-05 11:00:00,487.5200,28.3000
2016-09-05 12:00:00,494.2800,28.9000
2016-09-05 13:00:00,504.0200,30.0000
2016-09-05 14:00:00,503.9500,30.0000
2016-09-05 15:00:00,506.1100,30.0000
2016-09-05 16:00:00,495.9500,30.6000
2016-09-05 17:00:00,510.5500,30.0000
2016-09-05 18:00:00,502.6500,28.9000
2016-09-05 19:00:00,471.4900,28.3000
2016-09-05 20:00:00,485.7400,26.1000
2016-09-05 21:00:00,255.3900,25.6000
2016-09-05 22:00:00,228.8600,25.6000
2016-09-05 23:00:00,220.5800,25.0000
2016-09-06 00:00:00,217.6200,23.9000
2016-09-06 01:00:00,184.5500,24.4000
2016-09-06 02:00:00,177.0700,23.3000
2016-09-06 03:00:00,430.0000,23.3000
2016-09-06 04:00:00,433.4200,22.2000
2016-09-06 05:00:00,418.0500,22.2000
2016-09-06 06:00:00,418.2900,21.7000
2016-09-06 07:00:00,462.0000,23.9000
2016-09-06 08:00:00,570.4000,25.6000
2016-09-06 09:00:00,647.1100,27.8000
2016-09-06 10:00:00,661.9900,28.9000
2016-09-06 11:00:00,690.7100,30.0000
2016-09-06 12:00:00,668.8900,31.1000
2016-09-06 13:00:00,658.1800,32.2000
2016-09-06 14:00:00,682.1400,33.9000
2016-09-06 15:00:00,684.1500,33.9000
2016-09-06 16:00:00,650.6200,33.9000
2016-09-06 17:00:00,641.0400,33.3000
2016-09-06 18:00:00,600.2700,31.7000
2016-09-06 19:00:00,565.1700,30.0000
2016-09-06 20:00:00,559.5000,29.4000
2016-09-06 21:00:00,361.5200,29.4000
2016-09-06 22:00:00,258.9200,27.8000
2016-09-06 23:00:00,242.9300,26.1000
2016-09-07 00:00:00,236.3400,25.6000
2016-09-07 01:00:00,237.3600,25.0000
2016-09-07 02:00:00,235.3200,24.4000
2016-09-07 03:00:00,499.4000,23.3000
2016-09-07 04:00:00,509.1900,23.3000
2016-09-07 05:00:00,517.2800,22.8000
2016-09-07 06:00:00,506.8300,24.4000
2016-09-07 07:00:00,540.6300,25.0000
2016-09-07 08:00:00,626.0300,27.2000
2016-09-07 09:00:00,657.0800,28.3000
2016-09-07 10:00:00,655.5200,29.4000
2016-09-07 11:00:00,671.6200,32.2000
2016-09-07 12:00:00,683.3900,32.8000
2016-09-07 13:00:00,708.2000,33.3000
2016-09-07 14:00:00,724.2700,34.4000
2016-09-07 15:00:00,727.4700,33.9000
2016-09-07 16:00:00,680.3900,33.9000
2016-09-07 17:00:00,618.1800,26.7000
2016-09-07 18:00:00,585.2100,26.1000
2016-09-07 19:00:00,548.3500,26.1000
2016-09-07 20:00:00,545.2300,25.0000
2016-09-07 21:00:00,360.4500,25.0000
2016-09-07 22:00:00,269.8700,25.0000
2016-09-07 23:00:00,266.8000,24.4000
2016-09-08 00:00:00,267.9100,25.0000
2016-09-08 01:00:00,265.2400,24.4000
2016-09-08 02:00:00,265.8100,24.4000
2016-09-08 03:00:00,512.7900,24.4000
2016-09-08 04:00:00,532.7200,24.4000
2016-09-08 05:00:00,532.7800,23.9000
2016-09-08 06:00:00,518.4700,23.9000
2016-09-08 07:00:00,575.9600,25.0000
2016-09-08 08:00:00,659.5200,26.1000
2016-09-08 09:00:00,718.6700,27.8000
2016-09-08 10:00:00,742.0400,33.3000
2016-09-08 11:00:00,755.6200,33.9000
2016-09-08 12:00:00,748.0000,34.4000
2016-09-08 13:00:00,752.4900,35.6000
2016-09-08 14:00:00,768.5600,35.6000
2016-09-08 15:00:00,758.1800,35.6000
2016-09-08 16:00:00,728.6300,35.6000
2016-09-08 17:00:00,694.3700,34.4000
2016-09-08 18:00:00,658.9100,32.8000
2016-09-08 19:00:00,618.2400,31.1000
2016-09-08 20:00:00,613.4100,29.4000
2016-09-08 21:00:00,404.9000,28.9000
2016-09-08 22:00:00,287.8400,28.3000
2016-09-08 23:00:00,283.2200,28.3000
2016-09-09 00:00:00,283.0600,27.8000
2016-09-09 01:00:00,280.9700,27.2000
2016-09-09 02:00:00,279.5300,27.2000
2016-09-09 03:00:00,522.7700,26.7000
2016-09-09 04:00:00,569.4600,26.7000
2016-09-09 05:00:00,550.0200,26.1000
2016-09-09 06:00:00,560.9900,26.1000
2016-09-09 07:00:00,579.7900,26.7000
2016-09-09 08:00:00,680.4400,27.2000
2016-09-09 09:00:00,746.3100,30.0000
2016-09-09 10:00:00,747.7300,33.9000
2016-09-09 11:00:00,731.0800,35.0000
2016-09-09 12:00:00,745.0100,33.9000
2016-09-09 13:00:00,741.8800,35.0000
2016-09-09 14:00:00,789.7900,33.9000
2016-09-09 15:00:00,760.8000,34.4000
2016-09-09 16:00:00,720.3700,33.3000
2016-09-09 17:00:00,685.8400,33.3000
2016-09-09 18:00:00,645.9500,31.1000
2016-09-09 19:00:00,641.5100,30.0000
2016-09-09 20:00:00,628.6200,30.0000
2016-09-09 21:00:00,411.2900,28.3000
2016-09-09 22:00:00,287.2700,28.3000
2016-09-09 23:00:00,291.1500,27.8000
2016-09-10 00:00:00,284.3600,28.3000
2016-09-10 01:00:00,286.5000,27.2000
2016-09-10 02:00:00,283.4600,26.7000
2016-09-10 03:00:00,278.7700,26.1000
2016-09-10 04:00:00,279.6100,25.6000
2016-09-10 05:00:00,277.1400,25.0000
2016-09-10 06:00:00,272.7100,25.0000
2016-09-10 07:00:00,546.9600,26.1000
2016-09-10 08:00:00,571.1700,27.2000
2016-09-10 09:00:00,585.3300,28.3000
2016-09-10 10:00:00,599.5400,31.1000
2016-09-10 11:00:00,615.7900,32.8000
2016-09-10 12:00:00,627.0100,32.8000
2016-09-10 13:00:00,620.7500,33.9000
2016-09-10 14:00:00,613.5400,34.4000
2016-09-10 15:00:00,623.5000,34.4000
2016-09-10 16:00:00,617.7100,33.9000
2016-09-10 17:00:00,634.6900,32.2000
2016-09-10 18:00:00,609.9200,30.6000
2016-09-10 19:00:00,305.4400,29.4000
2016-09-10 20:00:00,295.0300,28.9000
2016-09-10 21:00:00,289.0600,28.3000
2016-09-10 22:00:00,287.3500,27.8000
2016-09-10 23:00:00,283.3000,27.2000
2016-09-11 00:00:00,283.7100,27.2000
2016-09-11 01:00:00,284.5000,27.2000
2016-09-11 02:00:00,285.1000,27.2000
2016-09-11 03:00:00,283.2600,27.2000
2016-09-11 04:00:00,279.6300,26.7000
2016-09-11 05:00:00,279.7200,26.1000
2016-09-11 06:00:00,274.7100,26.1000
2016-09-11 07:00:00,261.5800,27.2000
2016-09-11 08:00:00,250.6600,26.7000
2016-09-11 09:00:00,243.8800,28.3000
2016-09-11 10:00:00,475.8400,26.7000
2016-09-11 11:00:00,485.7800,28.9000
2016-09-11 12:00:00,455.0900,29.4000
2016-09-11 13:00:00,458.8100,30.0000
2016-09-11 14:00:00,458.0900,29.4000
2016-09-11 15:00:00,466.7500,29.4000
2016-09-11 16:00:00,451.8200,28.9000
2016-09-11 17:00:00,447.1400,28.9000
2016-09-11 18:00:00,431.3100,27.2000
2016-09-11 19:00:00,430.1300,25.6000
2016-09-11 20:00:00,424.7100,25.6000
2016-09-11 21:00:00,278.3500,24.4000
2016-09-11 22:00:00,222.4300,23.3000
2016-09-11 23:00:00,196.6300,23.3000
2016-09-12 00:00:00,189.6300,21.1000
2016-09-12 01:00:00,185.1900,21.1000
2016-09-12 02:00:00,188.7500,21.7000
2016-09-12 03:00:00,399.3600,21.1000
2016-09-12 04:00:00,414.1900,20.0000
2016-09-12 05:00:00,385.8300,20.0000
2016-09-12 06:00:00,386.0800,19.4000
2016-09-12 07:00:00,444.8700,20.0000
2016-09-12 08:00:00,529.8400,21.7000
2016-09-12 09:00:00,608.8200,23.3000
2016-09-12 10:00:00,642.1700,25.0000
2016-09-12 11:00:00,666.0500,26.1000
2016-09-12 12:00:00,645.0400,27.2000
2016-09-12 13:00:00,637.5400,28.9000
2016-09-12 14:00:00,652.7600,29.4000
2016-09-12 15:00:00,631.1600,27.8000
2016-09-12 16:00:00,612.3200,28.3000
2016-09-12 17:00:00,584.4500,27.8000
2016-09-12 18:00:00,552.0800,26.7000
2016-09-12 19:00:00,529.8200,25.0000
2016-09-12 20:00:00,508.7800,24.4000
2016-09-12 21:00:00,272.9100,23.3000
2016-09-12 22:00:00,237.4100,22.8000
2016-09-12 23:00:00,236.1300,22.2000
2016-09-13 00:00:00,239.5300,22.2000
2016-09-13 01:00:00,205.0600,21.7000
2016-09-13 02:00:00,205.5000,21.7000
2016-09-13 03:00:00,451.2600,21.7000
2016-09-13 04:00:00,502.8600,21.1000
2016-09-13 05:00:00,488.9300,21.1000
2016-09-13 06:00:00,488.2900,21.1000
2016-09-13 07:00:00,541.9400,21.7000
2016-09-13 08:00:00,607.5300,23.9000
2016-09-13 09:00:00,669.0000,25.0000
2016-09-13 10:00:00,671.9400,26.7000
2016-09-13 11:00:00,666.7600,28.9000
2016-09-13 12:00:00,675.4800,30.0000
2016-09-13 13:00:00,669.6200,31.1000
2016-09-13 14:00:00,693.9100,31.1000
2016-09-13 15:00:00,680.3300,31.1000
2016-09-13 16:00:00,661.0300,30.6000
2016-09-13 17:00:00,638.0400,30.0000
2016-09-13 18:00:00,615.0700,28.9000
2016-09-13 19:00:00,576.4200,27.8000
2016-09-13 20:00:00,565.7400,25.6000
2016-09-13 21:00:00,380.8900,25.0000
2016-09-13 22:00:00,270.2300,24.4000
2016-09-13 23:00:00,251.8400,23.9000
2016-09-14 00:00:00,240.1200,23.3000
2016-09-14 01:00:00,235.5200,22.8000
2016-09-14 02:00:00,242.8900,22.2000
2016-09-14 03:00:00,488.6500,22.2000
2016-09-14 04:00:00,496.4800,21.1000
2016-09-14 05:00:00,490.4900,21.1000
2016-09-14 06:00:00,495.6800,21.1000
2016-09-14 07:00:00,536.7500,22.2000
2016-09-14 08:00:00,621.2000,25.0000
2016-09-14 09:00:00,690.4400,25.6000
2016-09-14 10:00:00,722.7000,27.8000
2016-09-14 11:00:00,690.6100,31.7000
2016-09-14 12:00:00,688.4400,33.3000
2016-09-14 13:00:00,684.0100,33.3000
2016-09-14 14:00:00,711.2300,34.4000
2016-09-14 15:00:00,703.1400,35.0000
2016-09-14 16:00:00,687.4000,34.4000
2016-09-14 17:00:00,665.5000,33.3000
2016-09-14 18:00:00,646.8300,31.7000
2016-09-14 19:00:00,618.6200,29.4000
2016-09-14 20:00:00,568.1700,27.2000
2016-09-14 21:00:00,358.2500,27.2000
2016-09-14 22:00:00,256.8000,26.1000
2016-09-14 23:00:00,242.8700,26.1000
2016-09-15 00:00:00,243.1200,25.0000
2016-09-15 01:00:00,233.7700,24.4000
2016-09-15 02:00:00,230.4600,23.9000
2016-09-15 03:00:00,472.8400,23.3000
2016-09-15 04:00:00,486.4200,22.8000
2016-09-15 05:00:00,439.1300,22.2000
2016-09-15 06:00:00,432.6100,21.7000
2016-09-15 07:00:00,465.8600,21.7000
2016-09-15 08:00:00,542.6700,21.7000
2016-09-15 09:00:00,590.7400,22.8000
2016-09-15 10:00:00,631.0100,23.3000
2016-09-15 11:00:00,619.4900,23.3000
2016-09-15 12:00:00,612.5900,23.3000
2016-09-15 13:00:00,620.9000,23.9000
2016-09-15 14:00:00,641.9100,23.9000
2016-09-15 15:00:00,621.9800,24.4000
2016-09-15 16:00:00,582.1100,23.9000
2016-09-15 17:00:00,572.2700,23.3000
2016-09-15 18:00:00,566.8600,22.8000
2016-09-15 19:00:00,545.6600,22.2000
2016-09-15 20:00:00,543.9400,22.8000
2016-09-15 21:00:00,329.9200,22.2000
2016-09-15 22:00:00,213.7400,21.1000
2016-09-15 23:00:00,195.2200,20.6000
2016-09-16 00:00:00,215.5100,19.4000
2016-09-16 01:00:00,213.5400,19.4000
2016-09-16 02:00:00,213.9600,19.4000
2016-09-16 03:00:00,425.0300,19.4000
2016-09-16 04:00:00,435.3900,19.4000
2016-09-16 05:00:00,428.7900,19.4000
2016-09-16 06:00:00,442.6100,19.4000
2016-09-16 07:00:00,469.5700,19.4000
2016-09-16 08:00:00,532.7100,20.0000
2016-09-16 09:00:00,560.6400,20.6000
2016-09-16 10:00:00,599.8000,22.2000
2016-09-16 11:00:00,616.3800,23.9000
2016-09-16 12:00:00,598.1200,24.4000
2016-09-16 13:00:00,595.1100,24.4000
2016-09-16 14:00:00,603.4100,25.0000
2016-09-16 15:00:00,589.1800,26.1000
2016-09-16 16:00:00,567.0900,25.6000
2016-09-16 17:00:00,544.4400,24.4000
2016-09-16 18:00:00,524.1500,23.3000
2016-09-16 19:00:00,504.4100,23.3000
2016-09-16 20:00:00,485.7800,23.3000
2016-09-16 21:00:00,321.8500,23.3000
2016-09-16 22:00:00,202.1800,22.2000
2016-09-16 23:00:00,198.9000,21.7000
2016-09-17 00:00:00,202.5600,21.1000
2016-09-17 01:00:00,216.5300,21.1000
2016-09-17 02:00:00,213.7200,20.6000
2016-09-17 03:00:00,215.1600,20.6000
2016-09-17 04:00:00,213.5100,20.6000
2016-09-17 05:00:00,212.7800,20.6000
2016-09-17 06:00:00,211.0900,20.6000
2016-09-17 07:00:00,450.2700,20.6000
2016-09-17 08:00:00,461.2000,21.1000
2016-09-17 09:00:00,469.1600,22.2000
2016-09-17 10:00:00,478.1100,23.3000
2016-09-17 11:00:00,501.5500,25.6000
2016-09-17 12:00:00,520.1600,26.1000
2016-09-17 13:00:00,526.9300,27.8000
2016-09-17 14:00:00,524.7500,27.8000
2016-09-17 15:00:00,520.6400,27.2000
2016-09-17 16:00:00,526.0400,27.8000
2016-09-17 17:00:00,524.5200,28.3000
2016-09-17 18:00:00,535.7000,26.7000
2016-09-17 19:00:00,286.5900,25.6000
2016-09-17 20:00:00,268.3000,24.4000
2016-09-17 21:00:00,263.0900,24.4000
2016-09-17 22:00:00,262.4100,23.9000
2016-09-17 23:00:00,256.8600,23.3000
2016-09-18 00:00:00,253.1300,23.3000
2016-09-18 01:00:00,243.4300,22.8000
2016-09-18 02:00:00,242.4000,22.2000
2016-09-18 03:00:00,234.5800,22.2000
2016-09-18 04:00:00,236.5400,22.2000
2016-09-18 05:00:00,236.9200,22.2000
2016-09-18 06:00:00,235.8200,22.2000
2016-09-18 07:00:00,234.7100,22.2000
2016-09-18 08:00:00,247.8400,23.9000
2016-09-18 09:00:00,266.5500,24.4000
2016-09-18 10:00:00,482.6600,26.1000
2016-09-18 11:00:00,495.5800,27.2000
2016-09-18 12:00:00,498.3600,28.9000
2016-09-18 13:00:00,477.5000,31.1000
2016-09-18 14:00:00,501.7200,30.6000
2016-09-18 15:00:00,493.3600,30.6000
2016-09-18 16:00:00,487.3300,30.0000
2016-09-18 17:00:00,486.6300,29.4000
2016-09-18 18:00:00,491.9900,28.9000
2016-09-18 19:00:00,489.5100,27.8000
2016-09-18 20:00:00,484.5400,27.2000
2016-09-18 21:00:00,352.5800,26.7000
2016-09-18 22:00:00,284.8600,26.1000
2016-09-18 23:00:00,281.7900,26.1000
2016-09-19 00:00:00,281.0300,25.6000
2016-09-19 01:00:00,282.4600,25.6000
2016-09-19 02:00:00,284.5400,25.6000
2016-09-19 03:00:00,540.7300,25.0000
2016-09-19 04:00:00,550.3200,25.0000
2016-09-19 05:00:00,544.4600,25.0000
2016-09-19 06:00:00,542.0100,25.6000
2016-09-19 07:00:00,567.2000,25.0000
2016-09-19 08:00:00,672.4400,25.0000
2016-09-19 09:00:00,698.8600,24.4000
2016-09-19 10:00:00,677.2100,22.8000
2016-09-19 11:00:00,629.1400,22.8000
2016-09-19 12:00:00,647.4800,22.8000
2016-09-19 13:00:00,621.9300,23.3000
2016-09-19 14:00:00,618.0100,23.3000
2016-09-19 15:00:00,648.5800,23.9000
2016-09-19 16:00:00,634.8800,23.9000
2016-09-19 17:00:00,595.4200,23.3000
2016-09-19 18:00:00,564.6900,23.3000
2016-09-19 19:00:00,527.4100,23.3000
2016-09-19 20:00:00,538.9000,22.8000
2016-09-19 21:00:00,290.8000,22.8000
2016-09-19 22:00:00,239.1000,22.8000
2016-09-19 23:00:00,237.3800,22.8000
2016-09-20 00:00:00,236.7500,22.8000
2016-09-20 01:00:00,237.1800,22.2000
2016-09-20 02:00:00,237.7900,22.2000
2016-09-20 03:00:00,457.2100,22.2000
2016-09-20 04:00:00,462.3700,21.7000
2016-09-20 05:00:00,486.1300,21.7000
2016-09-20 06:00:00,479.8700,21.7000
2016-09-20 07:00:00,528.3300,21.7000
2016-09-20 08:00:00,605.0400,22.2000
2016-09-20 09:00:00,594.9600,22.2000
2016-09-20 10:00:00,640.1500,23.9000
2016-09-20 11:00:00,653.6600,24.4000
2016-09-20 12:00:00,648.5900,25.0000
2016-09-20 13:00:00,648.7000,26.1000
2016-09-20 14:00:00,664.9600,26.1000
2016-09-20 15:00:00,657.8800,26.1000
2016-09-20 16:00:00,640.9200,26.1000
2016-09-20 17:00:00,607.4300,26.1000
2016-09-20 18:00:00,578.3700,25.6000
2016-09-20 19:00:00,538.7700,25.0000
2016-09-20 20:00:00,532.6200,24.4000
2016-09-20 21:00:00,357.7700,23.9000
2016-09-20 22:00:00,262.8400,24.4000
2016-09-20 23:00:00,257.2100,23.9000
2016-09-21 00:00:00,243.7600,23.9000
2016-09-21 01:00:00,235.6000,23.3000
2016-09-21 02:00:00,235.8100,23.3000
2016-09-21 03:00:00,460.3200,23.9000
2016-09-21 04:00:00,475.6100,23.3000
2016-09-21 05:00:00,489.9800,22.8000
2016-09-21 06:00:00,463.4500,22.8000
2016-09-21 07:00:00,527.2200,22.8000
2016-09-21 08:00:00,615.7100,23.3000
2016-09-21 09:00:00,639.8500,23.9000
2016-09-21 10:00:00,632.5700,25.0000
2016-09-21 11:00:00,649.8600,26.1000
2016-09-21 12:00:00,645.1300,27.2000
2016-09-21 13:00:00,632.5800,27.8000
2016-09-21 14:00:00,636.6100,27.8000
2016-09-21 15:00:00,659.3800,27.8000
2016-09-21 16:00:00,648.6500,27.2000
2016-09-21 17:00:00,631.0100,26.7000
2016-09-21 18:00:00,602.5300,26.7000
2016-09-21 19:00:00,596.7700,26.1000
2016-09-21 20:00:00,586.0300,25.6000
2016-09-21 21:00:00,402.6100,25.0000
2016-09-21 22:00:00,316.0300,25.0000
2016-09-21 23:00:00,306.0100,23.9000
2016-09-22 00:00:00,277.3800,22.8000
2016-09-22 01:00:00,262.7600,22.2000
2016-09-22 02:00:00,262.2400,22.2000
2016-09-22 03:00:00,451.2400,21.7000
2016-09-22 04:00:00,504.8900,21.1000
2016-09-22 05:00:00,486.7100,20.6000
2016-09-22 06:00:00,473.0100,20.6000
2016-09-22 07:00:00,510.4000,21.1000
2016-09-22 08:00:00,561.1600,22.2000
2016-09-22 09:00:00,642.7400,24.4000
2016-09-22 10:00:00,663.4300,26.1000
2016-09-22 11:00:00,678.0600,27.8000
2016-09-22 12:00:00,668.3900,28.9000
2016-09-22 13:00:00,671.7600,30.0000
2016-09-22 14:00:00,678.7200,30.0000
2016-09-22 15:00:00,670.7300,30.0000
2016-09-22 16:00:00,639.6900,29.4000
2016-09-22 17:00:00,606.6000,28.3000
2016-09-22 18:00:00,582.3100,27.2000
2016-09-22 19:00:00,528.6900,25.6000
2016-09-22 20:00:00,515.6500,25.6000
2016-09-22 21:00:00,340.6400,23.9000
2016-09-22 22:00:00,258.2600,23.3000
2016-09-22 23:00:00,255.0800,22.8000
2016-09-23 00:00:00,247.9100,22.2000
2016-09-23 01:00:00,218.7100,21.1000
2016-09-23 02:00:00,197.2600,20.0000
2016-09-23 03:00:00,423.6300,20.0000
2016-09-23 04:00:00,490.8000,20.0000
2016-09-23 05:00:00,470.8400,19.4000
2016-09-23 06:00:00,468.5600,19.4000
2016-09-23 07:00:00,502.6900,20.6000
2016-09-23 08:00:00,570.3500,22.2000
2016-09-23 09:00:00,678.6700,23.3000
2016-09-23 10:00:00,717.3900,25.6000
2016-09-23 11:00:00,682.9400,27.2000
2016-09-23 12:00:00,677.9700,28.9000
2016-09-23 13:00:00,677.0500,29.4000
2016-09-23 14:00:00,684.9100,30.6000
2016-09-23 15:00:00,671.1000,31.1000
2016-09-23 16:00:00,643.9600,30.6000
2016-09-23 17:00:00,615.2400,29.4000
2016-09-23 18:00:00,578.8400,28.3000
2016-09-23 19:00:00,558.8300,27.8000
2016-09-23 20:00:00,548.7700,25.6000
2016-09-23 21:00:00,364.2600,25.0000
2016-09-23 22:00:00,280.2000,23.9000
2016-09-23 23:00:00,270.9900,23.9000
2016-09-24 00:00:00,264.0700,23.3000
2016-09-24 01:00:00,263.2600,22.8000
2016-09-24 02:00:00,264.8100,21.7000
2016-09-24 03:00:00,260.6400,21.7000
2016-09-24 04:00:00,238.6500,22.2000
2016-09-24 05:00:00,238.9600,21.1000
2016-09-24 06:00:00,240.4100,22.8000
2016-09-24 07:00:00,455.5100,22.8000
2016-09-24 08:00:00,514.0200,23.3000
2016-09-24 09:00:00,531.9700,24.4000
2016-09-24 10:00:00,520.8200,24.4000
2016-09-24 11:00:00,521.0300,23.3000
2016-09-24 12:00:00,518.7300,22.8000
2016-09-24 13:00:00,507.3200,22.2000
2016-09-24 14:00:00,496.5300,22.2000
2016-09-24 15:00:00,482.7100,22.8000
2016-09-24 16:00:00,480.4600,23.3000
2016-09-24 17:00:00,467.4400,22.8000
2016-09-24 18:00:00,472.9200,21.7000
2016-09-24 19:00:00,234.6200,20.6000
2016-09-24 20:00:00,207.2300,20.0000
2016-09-24 21:00:00,206.8900,19.4000
2016-09-24 22:00:00,217.5200,18.9000
2016-09-24 23:00:00,218.7400,18.9000
2016-09-25 00:00:00,221.0100,18.3000
2016-09-25 01:00:00,218.9100,17.8000
2016-09-25 02:00:00,217.9000,17.2000
2016-09-25 03:00:00,207.9600,17.2000
2016-09-25 04:00:00,180.7200,16.1000
2016-09-25 05:00:00,171.3100,15.6000
2016-09-25 06:00:00,173.1100,15.0000
2016-09-25 07:00:00,161.9600,15.6000
2016-09-25 08:00:00,164.4100,16.7000
2016-09-25 09:00:00,168.3900,17.8000
2016-09-25 10:00:00,329.5000,20.0000
2016-09-25 11:00:00,383.0900,20.6000
2016-09-25 12:00:00,395.0000,22.2000
2016-09-25 13:00:00,409.2700,22.8000
2016-09-25 14:00:00,407.0500,23.3000
2016-09-25 15:00:00,417.4400,23.3000
2016-09-25 16:00:00,415.5200,23.3000
2016-09-25 17:00:00,421.3900,22.2000
2016-09-25 18:00:00,391.6800,20.6000
2016-09-25 19:00:00,360.6700,19.4000
2016-09-25 20:00:00,357.8600,18.9000
2016-09-25 21:00:00,220.5300,18.9000
2016-09-25 22:00:00,176.1300,17.8000
2016-09-25 23:00:00,177.6300,18.9000
2016-09-26 00:00:00,178.3000,18.3000
2016-09-26 01:00:00,178.7700,18.3000
2016-09-26 02:00:00,176.6200,18.3000
2016-09-26 03:00:00,328.3700,18.3000
2016-09-26 04:00:00,352.5100,18.3000
2016-09-26 05:00:00,364.6900,18.9000
2016-09-26 06:00:00,398.7300,18.9000
2016-09-26 07:00:00,444.3200,19.4000
2016-09-26 08:00:00,498.8800,20.0000
2016-09-26 09:00:00,524.7800,20.0000
2016-09-26 10:00:00,539.9500,20.6000
2016-09-26 11:00:00,555.6100,21.1000
2016-09-26 12:00:00,541.2800,20.6000
2016-09-26 13:00:00,569.2900,21.1000
2016-09-26 14:00:00,560.4400,21.1000
2016-09-26 15:00:00,589.1600,21.1000
2016-09-26 16:00:00,564.8500,21.1000
2016-09-26 17:00:00,507.1200,21.1000
2016-09-26 18:00:00,462.7900,21.1000
2016-09-26 19:00:00,459.7400,21.1000
2016-09-26 20:00:00,437.9900,21.1000
2016-09-26 21:00:00,270.9700,19.4000
2016-09-26 22:00:00,237.4100,18.9000
2016-09-26 23:00:00,239.2600,18.9000
2016-09-27 00:00:00,231.3700,19.4000
2016-09-27 01:00:00,234.0400,19.4000
2016-09-27 02:00:00,232.4200,19.4000
2016-09-27 03:00:00,423.1900,19.4000
2016-09-27 04:00:00,470.0300,19.4000
2016-09-27 05:00:00,463.7000,19.4000
2016-09-27 06:00:00,461.8800,20.0000
2016-09-27 07:00:00,520.6800,19.4000
2016-09-27 08:00:00,533.2100,18.9000
2016-09-27 09:00:00,530.6700,18.9000
2016-09-27 10:00:00,518.8600,19.4000
2016-09-27 11:00:00,525.8700,21.1000
2016-09-27 12:00:00,550.8000,22.2000
2016-09-27 13:00:00,556.1000,23.3000
2016-09-27 14:00:00,571.3600,24.4000
2016-09-27 15:00:00,555.0800,24.4000
2016-09-27 16:00:00,551.7500,24.4000
2016-09-27 17:00:00,525.2400,23.9000
2016-09-27 18:00:00,493.5800,21.7000
2016-09-27 19:00:00,448.3700,21.1000
2016-09-27 20:00:00,403.0000,20.0000
2016-09-27 21:00:00,285.0400,18.9000
2016-09-27 22:00:00,214.8100,18.9000
2016-09-27 23:00:00,212.3900,18.9000
2016-09-28 00:00:00,223.7300,18.9000
2016-09-28 01:00:00,235.5000,18.3000
2016-09-28 02:00:00,236.0300,18.3000
2016-09-28 03:00:00,396.7700,18.3000
2016-09-28 04:00:00,448.0400,18.3000
2016-09-28 05:00:00,450.3900,18.9000
2016-09-28 06:00:00,456.6300,18.9000
2016-09-28 07:00:00,510.2600,18.9000
2016-09-28 08:00:00,591.4600,18.9000
2016-09-28 09:00:00,596.4000,18.9000
2016-09-28 10:00:00,585.7000,18.9000
2016-09-28 11:00:00,597.2600,20.0000
2016-09-28 12:00:00,624.2600,20.6000
2016-09-28 13:00:00,620.6900,20.0000
2016-09-28 14:00:00,616.3500,20.6000
2016-09-28 15:00:00,582.2900,20.6000
2016-09-28 16:00:00,554.8800,21.1000
2016-09-28 17:00:00,537.1600,21.1000
2016-09-28 18:00:00,514.7400,21.1000
2016-09-28 19:00:00,488.6100,21.7000
2016-09-28 20:00:00,487.7000,21.7000
2016-09-28 21:00:00,309.2000,21.1000
2016-09-28 22:00:00,236.4500,21.1000
2016-09-28 23:00:00,235.7400,21.1000
2016-09-29 00:00:00,235.5300,21.1000
2016-09-29 01:00:00,235.1400,20.6000
2016-09-29 02:00:00,234.0700,20.6000
2016-09-29 03:00:00,337.6000,20.0000
2016-09-29 04:00:00,346.1600,20.0000
2016-09-29 05:00:00,340.0800,20.0000
2016-09-29 06:00:00,361.8400,20.0000
2016-09-29 07:00:00,446.4900,20.6000
2016-09-29 08:00:00,562.3800,21.1000
2016-09-29 09:00:00,571.6000,21.1000
2016-09-29 10:00:00,586.3900,21.1000
2016-09-29 11:00:00,602.2400,21.1000
2016-09-29 12:00:00,581.5100,21.1000
2016-09-29 13:00:00,584.7300,21.1000
2016-09-29 14:00:00,605.6600,21.1000
2016-09-29 15:00:00,586.9900,20.6000
2016-09-29 16:00:00,541.9600,20.6000
2016-09-29 17:00:00,510.8600,20.0000
2016-09-29 18:00:00,476.4200,20.0000
2016-09-29 19:00:00,436.4800,19.4000
2016-09-29 20:00:00,425.4100,18.9000
2016-09-29 21:00:00,304.7700,18.9000
2016-09-29 22:00:00,287.7400,18.9000
2016-09-29 23:00:00,286.8000,18.3000
2016-09-30 00:00:00,280.0600,18.3000
2016-09-30 01:00:00,283.6300,17.8000
2016-09-30 02:00:00,270.5100,17.8000
2016-09-30 03:00:00,371.8300,17.8000
2016-09-30 04:00:00,383.8300,17.8000
2016-09-30 05:00:00,388.6300,16.7000
2016-09-30 06:00:00,386.6700,16.7000
2016-09-30 07:00:00,410.0100,16.7000
2016-09-30 08:00:00,432.7500,16.7000
2016-09-30 09:00:00,431.5000,17.2000
2016-09-30 10:00:00,451.1800,17.8000
2016-09-30 11:00:00,464.6600,17.8000
2016-09-30 12:00:00,463.2500,18.3000
2016-09-30 13:00:00,461.9700,18.3000
2016-09-30 14:00:00,470.2800,18.3000
2016-09-30 15:00:00,499.2300,18.3000
2016-09-30 16:00:00,457.7000,18.3000
2016-09-30 17:00:00,437.8400,18.3000
2016-09-30 18:00:00,428.2000,18.9000
2016-09-30 19:00:00,396.8400,18.9000
2016-09-30 20:00:00,403.5900,18.3000
2016-09-30 21:00:00,307.8800,18.3000
2016-09-30 22:00:00,287.8400,18.3000
2016-09-30 23:00:00,287.6600,18.3000
2016-10-01 00:00:00,282.9200,17.8000
2016-10-01 01:00:00,291.6000,17.8000
2016-10-01 02:00:00,271.0300,17.8000
2016-10-01 03:00:00,272.2700,17.8000
2016-10-01 04:00:00,269.0500,17.8000
2016-10-01 05:00:00,282.0900,17.8000
2016-10-01 06:00:00,265.6600,17.8000
2016-10-01 07:00:00,350.9000,17.8000
2016-10-01 08:00:00,371.8400,17.8000
2016-10-01 09:00:00,378.8400,17.8000
2016-10-01 10:00:00,379.7900,18.3000
2016-10-01 11:00:00,379.1400,18.9000
2016-10-01 12:00:00,384.6700,18.9000
2016-10-01 13:00:00,383.5300,19.4000
2016-10-01 14:00:00,387.0600,18.9000
2016-10-01 15:00:00,398.1000,18.9000
2016-10-01 16:00:00,395.8300,18.9000
2016-10-01 17:00:00,389.6400,18.9000
2016-10-01 18:00:00,389.9500,18.9000
2016-10-01 19:00:00,283.4400,18.9000
2016-10-01 20:00:00,265.1800,18.3000
2016-10-01 21:00:00,258.0100,18.3000
2016-10-01 22:00:00,260.6700,18.3000
2016-10-01 23:00:00,262.0200,18.3000
2016-10-02 00:00:00,264.8200,18.3000
2016-10-02 01:00:00,250.4600,18.3000
2016-10-02 02:00:00,257.6600,18.3000
2016-10-02 03:00:00,255.5900,18.3000
2016-10-02 04:00:00,257.4600,18.3000
2016-10-02 05:00:00,255.5700,18.3000
2016-10-02 06:00:00,251.2300,18.3000
2016-10-02 07:00:00,246.3800,18.3000
2016-10-02 08:00:00,240.0200,18.9000
2016-10-02 09:00:00,248.1800,19.4000
2016-10-02 10:00:00,333.3300,20.6000
2016-10-02 11:00:00,348.1900,21.1000
2016-10-02 12:00:00,353.1700,22.2000
2016-10-02 13:00:00,356.7300,22.8000
2016-10-02 14:00:00,372.3000,23.9000
2016-10-02 15:00:00,390.2800,23.9000
2016-10-02 16:00:00,389.7700,23.9000
2016-10-02 17:00:00,383.0600,22.8000
2016-10-02 18:00:00,360.8200,22.2000
2016-10-02 19:00:00,354.6600,21.1000
2016-10-02 20:00:00,355.9200,20.6000
2016-10-02 21:00:00,280.6200,20.0000
2016-10-02 22:00:00,263.7700,20.6000
2016-10-02 23:00:00,254.0100,20.0000
2016-10-03 00:00:00,258.3200,20.0000
2016-10-03 01:00:00,258.2000,20.0000
2016-10-03 02:00:00,261.6300,19.4000
2016-10-03 03:00:00,352.1000,19.4000
2016-10-03 04:00:00,392.1000,18.9000
2016-10-03 05:00:00,377.3400,17.8000
2016-10-03 06:00:00,404.7300,17.8000
2016-10-03 07:00:00,446.9600,18.9000
2016-10-03 08:00:00,542.7200,20.0000
2016-10-03 09:00:00,576.0100,21.7000
2016-10-03 10:00:00,570.2800,22.8000
2016-10-03 11:00:00,572.0100,23.9000
2016-10-03 12:00:00,574.3200,24.4000
2016-10-03 13:00:00,573.5700,24.4000
2016-10-03 14:00:00,560.5400,23.9000
2016-10-03 15:00:00,547.7800,25.0000
2016-10-03 16:00:00,522.0900,24.4000
2016-10-03 17:00:00,506.9700,23.9000
2016-10-03 18:00:00,461.0100,21.7000
2016-10-03 19:00:00,417.4700,21.1000
2016-10-03 20:00:00,402.5100,20.0000
2016-10-03 21:00:00,262.7900,18.9000
2016-10-03 22:00:00,225.2600,18.9000
2016-10-03 23:00:00,219.9700,17.8000
2016-10-04 00:00:00,221.2600,17.2000
2016-10-04 01:00:00,238.8600,17.2000
2016-10-04 02:00:00,243.8400,16.1000
2016-10-04 03:00:00,347.2400,16.1000
2016-10-04 04:00:00,364.1600,15.0000
2016-10-04 05:00:00,357.4900,15.0000
2016-10-04 06:00:00,415.2100,15.0000
2016-10-04 07:00:00,426.3000,15.6000
2016-10-04 08:00:00,496.7800,17.8000
2016-10-04 09:00:00,511.0200,18.9000
2016-10-04 10:00:00,536.0700,19.4000
2016-10-04 11:00:00,541.3700,21.1000
2016-10-04 12:00:00,549.1600,22.2000
2016-10-04 13:00:00,577.4200,22.8000
2016-10-04 14:00:00,577.2500,22.2000
2016-10-04 15:00:00,546.9800,21.7000
2016-10-04 16:00:00,521.7600,22.2000
2016-10-04 17:00:00,477.5300,21.1000
2016-10-04 18:00:00,441.9700,20.0000
2016-10-04 19:00:00,424.4500,18.9000
2016-10-04 20:00:00,380.3100,18.3000
2016-10-04 21:00:00,259.4500,17.8000
2016-10-04 22:00:00,203.9100,17.2000
2016-10-04 23:00:00,200.2600,17.2000
2016-10-05 00:00:00,200.0500,16.7000
2016-10-05 01:00:00,199.7300,16.1000
2016-10-05 02:00:00,179.5000,15.6000
2016-10-05 03:00:00,318.9700,15.6000
2016-10-05 04:00:00,332.6000,15.0000
2016-10-05 05:00:00,321.9400,14.4000
2016-10-05 06:00:00,333.0100,15.0000
2016-10-05 07:00:00,400.5700,15.6000
2016-10-05 08:00:00,488.3200,16.7000
2016-10-05 09:00:00,481.1900,17.8000
2016-10-05 10:00:00,494.8400,17.8000
2016-10-05 11:00:00,498.3400,20.6000
2016-10-05 12:00:00,504.1900,20.6000
2016-10-05 13:00:00,522.7200,20.0000
2016-10-05 14:00:00,568.5000,22.2000
2016-10-05 15:00:00,535.0900,21.1000
2016-10-05 16:00:00,531.5000,20.6000
2016-10-05 17:00:00,468.6800,20.0000
2016-10-05 18:00:00,433.5500,18.9000
2016-10-05 19:00:00,405.7000,18.9000
2016-10-05 20:00:00,386.5500,18.9000
2016-10-05 21:00:00,238.1000,18.9000
2016-10-05 22:00:00,176.1400,17.8000
2016-10-05 23:00:00,174.6400,17.2000
2016-10-06 00:00:00,171.6100,16.1000
2016-10-06 01:00:00,170.7500,16.1000
2016-10-06 02:00:00,172.1700,16.1000
2016-10-06 03:00:00,316.5900,16.1000
2016-10-06 04:00:00,357.8100,16.1000
2016-10-06 05:00:00,362.0900,16.1000
2016-10-06 06:00:00,405.1200,16.1000
2016-10-06 07:00:00,454.2000,16.1000
2016-10-06 08:00:00,543.9400,16.7000
2016-10-06 09:00:00,544.2500,17.8000
2016-10-06 10:00:00,534.5600,17.8000
2016-10-06 11:00:00,539.3700,18.3000
2016-10-06 12:00:00,555.4100,19.4000
2016-10-06 13:00:00,526.1000,20.6000
2016-10-06 14:00:00,569.1300,20.6000
2016-10-06 15:00:00,551.8200,20.6000
2016-10-06 16:00:00,497.3100,20.6000
2016-10-06 17:00:00,487.2300,21.1000
2016-10-06 18:00:00,427.7100,20.0000
2016-10-06 19:00:00,452.3900,19.4000
2016-10-06 20:00:00,434.9500,18.9000
2016-10-06 21:00:00,277.8700,18.9000
2016-10-06 22:00:00,211.1500,18.3000
2016-10-06 23:00:00,210.4700,18.9000
2016-10-07 00:00:00,208.0900,18.3000
2016-10-07 01:00:00,209.1200,18.3000
2016-10-07 02:00:00,210.2900,17.2000
2016-10-07 03:00:00,376.2700,16.7000
2016-10-07 04:00:00,400.7200,16.7000
2016-10-07 05:00:00,409.9500,16.7000
2016-10-07 06:00:00,445.8100,16.7000
2016-10-07 07:00:00,499.5200,17.2000
2016-10-07 08:00:00,549.0900,17.8000
2016-10-07 09:00:00,532.2000,17.8000
2016-10-07 10:00:00,528.2300,18.3000
2016-10-07 11:00:00,545.0900,19.4000
2016-10-07 12:00:00,516.2500,20.0000
2016-10-07 13:00:00,542.7300,21.1000
2016-10-07 14:00:00,552.2000,21.7000
2016-10-07 15:00:00,557.8400,22.2000
2016-10-07 16:00:00,521.2300,22.8000
2016-10-07 17:00:00,479.7900,22.2000
2016-10-07 18:00:00,477.7000,21.7000
2016-10-07 19:00:00,453.4700,21.1000
2016-10-07 20:00:00,435.7200,20.6000
2016-10-07 21:00:00,289.0100,20.0000
2016-10-07 22:00:00,215.8600,19.4000
2016-10-07 23:00:00,213.8700,18.9000
2016-10-08 00:00:00,210.2200,18.9000
2016-10-08 01:00:00,212.9400,18.9000
2016-10-08 02:00:00,214.6700,18.9000
2016-10-08 03:00:00,211.2000,18.9000
2016-10-08 04:00:00,217.0200,18.9000
2016-10-08 05:00:00,207.0000,18.3000
2016-10-08 06:00:00,215.0800,18.9000
2016-10-08 07:00:00,391.4500,18.3000
2016-10-08 08:00:00,403.9900,18.9000
2016-10-08 09:00:00,437.2400,18.9000
2016-10-08 10:00:00,438.1700,18.9000
2016-10-08 11:00:00,439.7000,19.4000
2016-10-08 12:00:00,434.6700,19.4000
2016-10-08 13:00:00,439.4800,19.4000
2016-10-08 14:00:00,426.8000,19.4000
2016-10-08 15:00:00,426.7300,19.4000
2016-10-08 16:00:00,426.3500,19.4000
2016-10-08 17:00:00,426.2300,18.9000
2016-10-08 18:00:00,434.6900,18.9000
2016-10-08 19:00:00,235.2400,18.9000
2016-10-08 20:00:00,219.9400,18.9000
2016-10-08 21:00:00,220.4000,18.9000
2016-10-08 22:00:00,212.8300,19.4000
2016-10-08 23:00:00,212.9000,19.4000
2016-10-09 00:00:00,210.9200,18.9000
2016-10-09 01:00:00,205.2300,18.3000
2016-10-09 02:00:00,199.9400,17.2000
2016-10-09 03:00:00,201.2900,15.6000
2016-10-09 04:00:00,197.7200,14.4000
2016-10-09 05:00:00,188.7900,14.4000
2016-10-09 06:00:00,175.7100,13.9000
2016-10-09 07:00:00,166.3900,13.9000
2016-10-09 08:00:00,161.5900,13.9000
2016-10-09 09:00:00,162.2100,13.9000
2016-10-09 10:00:00,286.2700,14.4000
2016-10-09 11:00:00,291.7400,16.7000
2016-10-09 12:00:00,287.4400,18.3000
2016-10-09 13:00:00,289.2300,19.4000
2016-10-09 14:00:00,305.8100,20.0000
2016-10-09 15:00:00,332.3100,20.6000
2016-10-09 16:00:00,342.3800,19.4000
2016-10-09 17:00:00,331.8200,18.3000
2016-10-09 18:00:00,314.5500,17.2000
2016-10-09 19:00:00,326.8100,16.1000
2016-10-09 20:00:00,326.1700,15.0000
2016-10-09 21:00:00,220.2800,14.4000
2016-10-09 22:00:00,175.1200,13.9000
2016-10-09 23:00:00,173.8700,13.9000
2016-10-10 00:00:00,171.7200,12.8000
2016-10-10 01:00:00,170.1800,11.7000
2016-10-10 02:00:00,160.0800,12.2000
2016-10-10 03:00:00,287.2700,10.6000
2016-10-10 04:00:00,300.4400,11.1000
2016-10-10 05:00:00,300.0500,10.6000
2016-10-10 06:00:00,302.2400,10.0000
2016-10-10 07:00:00,294.0900,10.0000
2016-10-10 08:00:00,285.1800,11.7000
2016-10-10 09:00:00,294.7700,12.8000
2016-10-10 10:00:00,322.6300,13.9000
2016-10-10 11:00:00,321.0900,15.6000
2016-10-10 12:00:00,325.2300,16.7000
2016-10-10 13:00:00,337.2900,17.8000
2016-10-10 14:00:00,342.6000,18.3000
2016-10-10 15:00:00,362.3600,18.9000
2016-10-10 16:00:00,374.4000,18.9000
2016-10-10 17:00:00,366.7300,17.8000
2016-10-10 18:00:00,328.5300,15.6000
2016-10-10 19:00:00,329.2500,15.0000
2016-10-10 20:00:00,319.8500,14.4000
2016-10-10 21:00:00,175.9500,13.3000
2016-10-10 22:00:00,158.2600,11.7000
2016-10-10 23:00:00,159.6300,11.7000
2016-10-11 00:00:00,160.0400,11.1000
2016-10-11 01:00:00,159.6400,10.0000
2016-10-11 02:00:00,159.1900,10.0000
2016-10-11 03:00:00,269.1100,9.4000
2016-10-11 04:00:00,274.0400,8.9000
2016-10-11 05:00:00,289.8300,7.8000
2016-10-11 06:00:00,322.6300,7.8000
2016-10-11 07:00:00,379.5000,9.4000
2016-10-11 08:00:00,407.2900,11.7000
2016-10-11 09:00:00,437.0800,12.8000
2016-10-11 10:00:00,461.3600,14.4000
2016-10-11 11:00:00,465.2900,16.1000
2016-10-11 12:00:00,472.5800,17.2000
2016-10-11 13:00:00,462.3500,18.9000
2016-10-11 14:00:00,461.7800,20.0000
2016-10-11 15:00:00,471.1300,19.4000
2016-10-11 16:00:00,451.8800,18.9000
2016-10-11 17:00:00,422.4100,17.8000
2016-10-11 18:00:00,430.3600,16.7000
2016-10-11 19:00:00,433.7900,15.6000
2016-10-11 20:00:00,410.3400,15.0000
2016-10-11 21:00:00,274.6000,14.4000
2016-10-11 22:00:00,218.2000,12.8000
2016-10-11 23:00:00,218.0800,13.3000
2016-10-12 00:00:00,212.7100,12.2000
2016-10-12 01:00:00,193.4500,12.8000
2016-10-12 02:00:00,197.6300,11.7000
2016-10-12 03:00:00,333.2300,11.1000
2016-10-12 04:00:00,305.1300,10.6000
2016-10-12 05:00:00,301.0800,10.6000
2016-10-12 06:00:00,314.5200,10.6000
2016-10-12 07:00:00,349.2000,11.1000
2016-10-12 08:00:00,439.0500,12.8000
2016-10-12 09:00:00,492.1400,14.4000
2016-10-12 10:00:00,496.8200,16.7000
2016-10-12 11:00:00,509.1900,17.8000
2016-10-12 12:00:00,496.1300,18.9000
2016-10-12 13:00:00,490.8500,19.4000
2016-10-12 14:00:00,494.1200,20.0000
2016-10-12 15:00:00,512.8300,20.6000
2016-10-12 16:00:00,485.4600,21.1000
2016-10-12 17:00:00,468.3100,19.4000
2016-10-12 18:00:00,459.5200,17.8000
2016-10-12 19:00:00,438.2800,17.2000
2016-10-12 20:00:00,411.9500,16.7000
2016-10-12 21:00:00,289.5700,15.6000
2016-10-12 22:00:00,229.8100,15.0000
2016-10-12 23:00:00,228.0700,14.4000
2016-10-13 00:00:00,229.9500,13.9000
2016-10-13 01:00:00,219.4900,13.9000
2016-10-13 02:00:00,212.3700,13.3000
2016-10-13 03:00:00,348.5400,12.2000
2016-10-13 04:00:00,344.9400,12.2000
2016-10-13 05:00:00,350.4100,12.8000
2016-10-13 06:00:00,359.4500,12.8000
2016-10-13 07:00:00,405.8500,12.8000
2016-10-13 08:00:00,507.1300,13.9000
2016-10-13 09:00:00,546.8500,15.0000
2016-10-13 10:00:00,529.5500,17.8000
2016-10-13 11:00:00,517.9000,18.9000
2016-10-13 12:00:00,514.7700,18.9000
2016-10-13 13:00:00,543.7000,20.6000
2016-10-13 14:00:00,559.7800,21.1000
2016-10-13 15:00:00,552.8100,22.2000
2016-10-13 16:00:00,521.1900,22.2000
2016-10-13 17:00:00,497.6500,21.1000
2016-10-13 18:00:00,457.6600,19.4000
2016-10-13 19:00:00,445.7000,18.9000
2016-10-13 20:00:00,413.3900,17.2000
2016-10-13 21:00:00,265.1800,16.7000
2016-10-13 22:00:00,174.8400,15.6000
2016-10-13 23:00:00,174.0800,13.9000
2016-10-14 00:00:00,208.3200,13.3000
2016-10-14 01:00:00,194.4100,12.8000
2016-10-14 02:00:00,183.9300,11.7000
2016-10-14 03:00:00,306.9200,10.6000
2016-10-14 04:00:00,312.7700,10.0000
2016-10-14 05:00:00,319.3600,9.4000
2016-10-14 06:00:00,326.2200,10.0000
2016-10-14 07:00:00,367.3900,10.0000
2016-10-14 08:00:00,416.4200,11.7000
2016-10-14 09:00:00,492.3000,13.9000
2016-10-14 10:00:00,485.0700,15.0000
2016-10-14 11:00:00,482.3900,16.1000
2016-10-14 12:00:00,489.9000,17.2000
2016-10-14 13:00:00,485.4200,18.3000
2016-10-14 14:00:00,476.3200,18.3000
2016-10-14 15:00:00,474.9700,18.3000
2016-10-14 16:00:00,452.9300,18.3000
2016-10-14 17:00:00,428.9500,17.8000
2016-10-14 18:00:00,411.0300,16.1000
2016-10-14 19:00:00,380.7900,15.6000
2016-10-14 20:00:00,366.9900,13.9000
2016-10-14 21:00:00,243.0900,14.4000
2016-10-14 22:00:00,172.3600,13.3000
2016-10-14 23:00:00,199.1000,13.3000
2016-10-15 00:00:00,188.2500,13.3000
2016-10-15 01:00:00,209.6700,12.8000
2016-10-15 02:00:00,200.8800,11.7000
2016-10-15 03:00:00,196.8100,12.2000
2016-10-15 04:00:00,191.8600,11.7000
2016-10-15 05:00:00,169.5800,10.6000
2016-10-15 06:00:00,170.3100,10.0000
2016-10-15 07:00:00,306.0000,10.6000
2016-10-15 08:00:00,337.1700,11.7000
2016-10-15 09:00:00,379.7200,13.9000
2016-10-15 10:00:00,377.4400,16.1000
2016-10-15 11:00:00,367.6200,17.2000
2016-10-15 12:00:00,352.4500,18.9000
2016-10-15 13:00:00,363.6300,18.9000
2016-10-15 14:00:00,366.8500,20.0000
2016-10-15 15:00:00,377.6000,20.0000
2016-10-15 16:00:00,387.0200,20.0000
2016-10-15 17:00:00,368.5300,18.3000
2016-10-15 18:00:00,355.4100,16.7000
2016-10-15 19:00:00,196.1100,15.6000
2016-10-15 20:00:00,180.1300,14.4000
2016-10-15 21:00:00,201.6000,13.9000
2016-10-15 22:00:00,183.9600,13.9000
2016-10-15 23:00:00,173.9600,13.3000
2016-10-16 00:00:00,174.2300,12.8000
2016-10-16 01:00:00,175.5700,12.8000
2016-10-16 02:00:00,180.0500,12.2000
2016-10-16 03:00:00,205.6800,12.8000
2016-10-16 04:00:00,213.2700,12.2000
2016-10-16 05:00:00,215.6500,12.2000
2016-10-16 06:00:00,197.8400,12.2000
2016-10-16 07:00:00,167.2500,12.8000
2016-10-16 08:00:00,163.4800,13.9000
2016-10-16 09:00:00,157.0200,15.6000
2016-10-16 10:00:00,338.0900,16.7000
2016-10-16 11:00:00,393.2300,20.0000
2016-10-16 12:00:00,387.7800,20.6000
2016-10-16 13:00:00,388.9200,21.7000
2016-10-16 14:00:00,397.4100,22.2000
2016-10-16 15:00:00,376.1100,22.8000
2016-10-16 16:00:00,367.8200,22.2000
2016-10-16 17:00:00,385.5700,21.1000
2016-10-16 18:00:00,377.0000,19.4000
2016-10-16 19:00:00,378.9400,19.4000
2016-10-16 20:00:00,384.3800,18.3000
2016-10-16 21:00:00,286.8500,18.3000
2016-10-16 22:00:00,215.1700,18.3000
2016-10-16 23:00:00,217.5200,17.2000
2016-10-17 00:00:00,224.8100,17.2000
2016-10-17 01:00:00,222.6200,16.7000
2016-10-17 02:00:00,225.1400,17.2000
2016-10-17 03:00:00,392.9000,16.7000
2016-10-17 04:00:00,433.3400,16.1000
2016-10-17 05:00:00,422.6000,15.6000
2016-10-17 06:00:00,446.5100,15.6000
2016-10-17 07:00:00,517.3900,16.1000
2016-10-17 08:00:00,572.1700,17.2000
2016-10-17 09:00:00,589.3500,17.8000
2016-10-17 10:00:00,593.8000,20.6000
2016-10-17 11:00:00,628.4300,23.3000
2016-10-17 12:00:00,590.5400,25.0000
2016-10-17 13:00:00,588.8600,27.2000
2016-10-17 14:00:00,601.0200,26.1000
2016-10-17 15:00:00,585.5600,26.7000
2016-10-17 16:00:00,585.8500,25.6000
2016-10-17 17:00:00,549.1700,26.1000
2016-10-17 18:00:00,513.3400,22.8000
2016-10-17 19:00:00,493.8500,21.7000
2016-10-17 20:00:00,459.7900,20.0000
2016-10-17 21:00:00,246.6300,20.6000
2016-10-17 22:00:00,200.4500,19.4000
2016-10-17 23:00:00,190.8300,19.4000
2016-10-18 00:00:00,202.5100,18.9000
2016-10-18 01:00:00,202.0600,18.3000
2016-10-18 02:00:00,204.7200,18.3000
2016-10-18 03:00:00,403.5300,17.8000
2016-10-18 04:00:00,462.1300,17.8000
2016-10-18 05:00:00,427.6500,17.2000
2016-10-18 06:00:00,448.4200,17.2000
2016-10-18 07:00:00,496.9600,17.2000
2016-10-18 08:00:00,572.0700,18.9000
2016-10-18 09:00:00,546.1800,20.0000
2016-10-18 10:00:00,589.7000,21.1000
2016-10-18 11:00:00,604.4700,22.8000
2016-10-18 12:00:00,619.4400,24.4000
2016-10-18 13:00:00,609.5500,26.1000
2016-10-18 14:00:00,616.9900,26.7000
2016-10-18 15:00:00,618.9000,27.2000
2016-10-18 16:00:00,593.8700,27.8000
2016-10-18 17:00:00,571.8000,25.0000
2016-10-18 18:00:00,557.6500,23.3000
2016-10-18 19:00:00,530.3400,23.9000
2016-10-18 20:00:00,512.5400,22.2000
2016-10-18 21:00:00,300.3100,21.7000
2016-10-18 22:00:00,211.3300,21.1000
2016-10-18 23:00:00,206.7400,21.1000
2016-10-19 00:00:00,205.1100,20.6000
2016-10-19 01:00:00,211.0100,20.0000
2016-10-19 02:00:00,211.1700,20.0000
2016-10-19 03:00:00,443.5800,19.4000
2016-10-19 04:00:00,460.5100,18.9000
2016-10-19 05:00:00,451.7700,18.3000
2016-10-19 06:00:00,483.5700,19.4000
2016-10-19 07:00:00,508.0200,19.4000
2016-10-19 08:00:00,605.6600,20.0000
2016-10-19 09:00:00,616.7600,22.2000
2016-10-19 10:00:00,608.6400,23.3000
2016-10-19 11:00:00,639.7100,24.4000
2016-10-19 12:00:00,621.6500,28.9000
2016-10-19 13:00:00,645.1100,30.6000
2016-10-19 14:00:00,625.5900,30.0000
2016-10-19 15:00:00,603.4100,28.9000
2016-10-19 16:00:00,606.2000,30.0000
2016-10-19 17:00:00,577.5700,28.9000
2016-10-19 18:00:00,550.6500,26.1000
2016-10-19 19:00:00,529.5900,24.4000
2016-10-19 20:00:00,523.4400,24.4000
2016-10-19 21:00:00,306.3200,23.3000
2016-10-19 22:00:00,215.9300,22.2000
2016-10-19 23:00:00,213.8600,22.8000
2016-10-20 00:00:00,208.7700,22.2000
2016-10-20 01:00:00,212.6900,22.2000
2016-10-20 02:00:00,213.7500,22.2000
2016-10-20 03:00:00,468.0800,22.2000
2016-10-20 04:00:00,483.1300,21.1000
2016-10-20 05:00:00,449.9100,20.6000
2016-10-20 06:00:00,454.9500,20.0000
2016-10-20 07:00:00,496.2200,20.0000
2016-10-20 08:00:00,568.1500,20.6000
2016-10-20 09:00:00,586.5100,21.7000
2016-10-20 10:00:00,583.0100,23.9000
2016-10-20 11:00:00,609.4800,25.6000
2016-10-20 12:00:00,615.8400,27.2000
2016-10-20 13:00:00,621.0800,28.3000
2016-10-20 14:00:00,633.9300,28.3000
2016-10-20 15:00:00,625.9400,27.8000
2016-10-20 16:00:00,609.6300,28.3000
2016-10-20 17:00:00,578.6900,26.1000
2016-10-20 18:00:00,560.9000,25.0000
2016-10-20 19:00:00,531.8800,23.9000
2016-10-20 20:00:00,509.7200,23.3000
2016-10-20 21:00:00,320.2200,22.8000
2016-10-20 22:00:00,240.4300,22.2000
2016-10-20 23:00:00,237.9400,21.7000
2016-10-21 00:00:00,245.9800,21.1000
2016-10-21 01:00:00,246.0100,21.1000
2016-10-21 02:00:00,238.3400,20.6000
2016-10-21 03:00:00,455.3300,20.6000
2016-10-21 04:00:00,486.9000,20.0000
2016-10-21 05:00:00,487.2400,20.0000
2016-10-21 06:00:00,497.8500,19.4000
2016-10-21 07:00:00,542.8800,19.4000
2016-10-21 08:00:00,578.0400,20.6000
2016-10-21 09:00:00,617.4900,21.7000
2016-10-21 10:00:00,614.4500,22.8000
2016-10-21 11:00:00,610.9800,24.4000
2016-10-21 12:00:00,595.4700,26.1000
2016-10-21 13:00:00,592.4800,26.1000
2016-10-21 14:00:00,595.6000,17.2000
2016-10-21 15:00:00,589.1400,17.8000
2016-10-21 16:00:00,564.6000,18.3000
2016-10-21 17:00:00,524.0500,18.3000
2016-10-21 18:00:00,486.2100,18.3000
2016-10-21 19:00:00,460.8800,16.7000
2016-10-21 20:00:00,451.9000,15.6000
2016-10-21 21:00:00,277.0100,15.6000
2016-10-21 22:00:00,187.3200,15.6000
2016-10-21 23:00:00,174.0900,15.6000
2016-10-22 00:00:00,170.3800,14.4000
2016-10-22 01:00:00,170.2900,13.9000
2016-10-22 02:00:00,167.9800,13.3000
2016-10-22 03:00:00,165.4600,12.8000
2016-10-22 04:00:00,164.4700,12.8000
2016-10-22 05:00:00,163.2200,12.8000
2016-10-22 06:00:00,170.4900,12.2000
2016-10-22 07:00:00,316.0300,12.8000
2016-10-22 08:00:00,309.8300,12.2000
2016-10-22 09:00:00,311.3000,11.7000
2016-10-22 10:00:00,318.1100,12.8000
2016-10-22 11:00:00,345.1600,13.9000
2016-10-22 12:00:00,357.4100,15.0000
2016-10-22 13:00:00,342.8600,16.1000
2016-10-22 14:00:00,345.6000,15.0000
2016-10-22 15:00:00,346.9000,14.4000
2016-10-22 16:00:00,347.8500,14.4000
2016-10-22 17:00:00,309.9400,13.3000
2016-10-22 18:00:00,309.3600,12.8000
2016-10-22 19:00:00,176.1100,11.7000
2016-10-22 20:00:00,165.8900,11.7000
2016-10-22 21:00:00,165.1300,11.1000
2016-10-22 22:00:00,165.0100,11.1000
2016-10-22 23:00:00,165.2600,10.6000
2016-10-23 00:00:00,166.1900,10.6000
2016-10-23 01:00:00,168.3300,10.6000
2016-10-23 02:00:00,168.7200,10.0000
2016-10-23 03:00:00,166.1600,9.4000
2016-10-23 04:00:00,167.2800,8.9000
2016-10-23 05:00:00,167.6000,7.8000
2016-10-23 06:00:00,169.2900,8.3000
2016-10-23 07:00:00,161.3300,7.8000
2016-10-23 08:00:00,154.2100,11.1000
2016-10-23 09:00:00,154.1900,12.8000
2016-10-23 10:00:00,319.7400,14.4000
2016-10-23 11:00:00,335.1100,16.7000
2016-10-23 12:00:00,329.0200,17.8000
2016-10-23 13:00:00,323.0500,18.9000
2016-10-23 14:00:00,329.7200,20.0000
2016-10-23 15:00:00,344.4400,20.0000
2016-10-23 16:00:00,344.3200,20.0000
2016-10-23 17:00:00,341.9400,18.9000
2016-10-23 18:00:00,344.5400,17.2000
2016-10-23 19:00:00,342.8500,15.6000
2016-10-23 20:00:00,337.4500,14.4000
2016-10-23 21:00:00,233.0700,15.0000
2016-10-23 22:00:00,173.5800,13.9000
2016-10-23 23:00:00,172.5300,13.3000
2016-10-24 00:00:00,173.6000,14.4000
2016-10-24 01:00:00,171.9700,13.9000
2016-10-24 02:00:00,160.9300,13.9000
2016-10-24 03:00:00,303.0600,13.3000
2016-10-24 04:00:00,356.0700,12.8000
2016-10-24 05:00:00,355.9700,12.2000
2016-10-24 06:00:00,389.9400,12.2000
2016-10-24 07:00:00,446.5100,13.3000
2016-10-24 08:00:00,504.6300,15.0000
2016-10-24 09:00:00,513.0500,18.3000
2016-10-24 10:00:00,546.1300,18.3000
2016-10-24 11:00:00,546.1900,20.6000
2016-10-24 12:00:00,530.5700,21.1000
2016-10-24 13:00:00,506.7100,21.1000
2016-10-24 14:00:00,529.1100,21.1000
2016-10-24 15:00:00,514.9400,21.1000
2016-10-24 16:00:00,499.5000,20.6000
2016-10-24 17:00:00,458.4200,18.9000
2016-10-24 18:00:00,428.4000,17.2000
2016-10-24 19:00:00,413.7700,16.1000
2016-10-24 20:00:00,384.2000,15.0000
2016-10-24 21:00:00,239.7800,13.9000
2016-10-24 22:00:00,177.6200,12.8000
2016-10-24 23:00:00,168.7200,11.7000
2016-10-25 00:00:00,168.5400,10.6000
2016-10-25 01:00:00,168.3400,10.0000
2016-10-25 02:00:00,166.4200,10.0000
2016-10-25 03:00:00,301.1300,10.0000
2016-10-25 04:00:00,328.8300,9.4000
2016-10-25 05:00:00,318.6000,9.4000
2016-10-25 06:00:00,338.8200,8.9000
2016-10-25 07:00:00,390.3500,8.9000
2016-10-25 08:00:00,432.6200,10.6000
2016-10-25 09:00:00,469.2300,12.8000
2016-10-25 10:00:00,509.6000,14.4000
2016-10-25 11:00:00,480.9200,16.1000
2016-10-25 12:00:00,497.3000,16.7000
2016-10-25 13:00:00,482.0600,16.7000
2016-10-25 14:00:00,492.9700,17.2000
2016-10-25 15:00:00,472.5300,17.8000
2016-10-25 16:00:00,443.7100,16.7000
2016-10-25 17:00:00,407.3800,15.6000
2016-10-25 18:00:00,377.3500,13.9000
2016-10-25 19:00:00,366.0400,12.8000
2016-10-25 20:00:00,336.8300,11.7000
2016-10-25 21:00:00,233.1500,11.1000
2016-10-25 22:00:00,177.6300,10.0000
2016-10-25 23:00:00,178.1900,10.6000
2016-10-26 00:00:00,178.7200,9.4000
2016-10-26 01:00:00,179.0000,9.4000
2016-10-26 02:00:00,181.8500,6.7000
2016-10-26 03:00:00,331.4400,7.8000
2016-10-26 04:00:00,342.6900,5.6000
2016-10-26 05:00:00,348.5400,6.7000
2016-10-26 06:00:00,354.0800,6.1000
2016-10-26 07:00:00,419.5700,7.2000
2016-10-26 08:00:00,467.7100,8.9000
2016-10-26 09:00:00,428.7200,9.4000
2016-10-26 10:00:00,452.9600,11.1000
2016-10-26 11:00:00,450.8100,11.7000
2016-10-26 12:00:00,449.5600,12.8000
2016-10-26 13:00:00,504.1100,13.9000
2016-10-26 14:00:00,506.8800,13.9000
2016-10-26 15:00:00,510.4100,13.9000
2016-10-26 16:00:00,464.5000,13.9000
2016-10-26 17:00:00,439.3900,13.3000
2016-10-26 18:00:00,430.3600,12.8000
2016-10-26 19:00:00,379.1000,11.7000
2016-10-26 20:00:00,341.3300,11.1000
2016-10-26 21:00:00,243.0500,11.7000
2016-10-26 22:00:00,171.2900,11.1000
2016-10-26 23:00:00,171.7700,10.6000
2016-10-27 00:00:00,174.0300,11.1000
2016-10-27 01:00:00,172.5100,11.7000
2016-10-27 02:00:00,173.2500,11.1000
2016-10-27 03:00:00,298.1700,10.6000
2016-10-27 04:00:00,327.1000,10.6000
2016-10-27 05:00:00,324.3100,10.6000
2016-10-27 06:00:00,356.6000,10.6000
2016-10-27 07:00:00,389.6800,10.6000
2016-10-27 08:00:00,448.5500,11.7000
2016-10-27 09:00:00,422.5700,12.2000
2016-10-27 10:00:00,471.3900,13.3000
2016-10-27 11:00:00,457.5700,15.6000
2016-10-27 12:00:00,462.1900,16.1000
2016-10-27 13:00:00,459.5600,15.6000
2016-10-27 14:00:00,474.7100,15.6000
2016-10-27 15:00:00,518.4800,16.7000
2016-10-27 16:00:00,503.7900,17.2000
2016-10-27 17:00:00,467.0500,16.7000
2016-10-27 18:00:00,472.6600,16.7000
2016-10-27 19:00:00,462.9600,16.7000
2016-10-27 20:00:00,433.7300,17.2000
2016-10-27 21:00:00,297.5000,16.1000
2016-10-27 22:00:00,213.4700,15.6000
2016-10-27 23:00:00,193.9100,16.1000
2016-10-28 00:00:00,168.4800,14.4000
2016-10-28 01:00:00,167.4400,13.3000
2016-10-28 02:00:00,162.0200,12.2000
2016-10-28 03:00:00,291.9100,11.7000
2016-10-28 04:00:00,312.0400,11.1000
2016-10-28 05:00:00,332.3900,11.1000
2016-10-28 06:00:00,337.7600,11.7000
2016-10-28 07:00:00,349.2000,11.1000
2016-10-28 08:00:00,372.5800,12.2000
2016-10-28 09:00:00,399.2400,13.9000
2016-10-28 10:00:00,412.4900,13.9000
2016-10-28 11:00:00,407.5000,15.0000
2016-10-28 12:00:00,402.8800,15.6000
2016-10-28 13:00:00,409.4300,16.1000
2016-10-28 14:00:00,420.0400,17.2000
2016-10-28 15:00:00,407.0400,17.2000
2016-10-28 16:00:00,402.8600,16.7000
2016-10-28 17:00:00,398.5600,15.6000
2016-10-28 18:00:00,366.3700,14.4000
2016-10-28 19:00:00,335.2300,14.4000
2016-10-28 20:00:00,313.0500,12.2000
2016-10-28 21:00:00,227.8700,12.2000
2016-10-28 22:00:00,171.9100,10.0000
2016-10-28 23:00:00,171.2200,10.0000
2016-10-29 00:00:00,170.8800,8.9000
2016-10-29 01:00:00,168.6300,10.0000
2016-10-29 02:00:00,173.8800,7.8000
2016-10-29 03:00:00,164.0900,7.8000
2016-10-29 04:00:00,159.9800,8.3000
2016-10-29 05:00:00,169.9700,7.2000
2016-10-29 06:00:00,192.7700,7.8000
2016-10-29 07:00:00,302.8700,7.8000
2016-10-29 08:00:00,305.3900,9.4000
2016-10-29 09:00:00,323.1200,11.7000
2016-10-29 10:00:00,354.9900,15.6000
2016-10-29 11:00:00,357.9900,17.8000
2016-10-29 12:00:00,359.9400,20.0000
2016-10-29 13:00:00,370.9400,21.7000
2016-10-29 14:00:00,379.0600,23.9000
2016-10-29 15:00:00,390.5900,23.9000
2016-10-29 16:00:00,390.7200,23.9000
2016-10-29 17:00:00,390.8500,22.2000
2016-10-29 18:00:00,392.7600,19.4000
2016-10-29 19:00:00,196.6000,18.9000
2016-10-29 20:00:00,179.8300,17.8000
2016-10-29 21:00:00,168.7100,17.8000
2016-10-29 22:00:00,176.6000,17.2000
2016-10-29 23:00:00,177.9500,16.7000
2016-10-30 00:00:00,179.1500,16.1000
2016-10-30 01:00:00,178.6000,16.1000
2016-10-30 02:00:00,178.0600,15.6000
2016-10-30 03:00:00,174.2200,16.1000
2016-10-30 04:00:00,176.6600,16.1000
2016-10-30 05:00:00,177.2000,15.0000
2016-10-30 06:00:00,174.4700,15.0000
2016-10-30 07:00:00,170.7400,15.6000
2016-10-30 08:00:00,165.5700,16.1000
2016-10-30 09:00:00,165.6300,16.7000
2016-10-30 10:00:00,324.6600,17.8000
2016-10-30 11:00:00,348.9400,20.0000
2016-10-30 12:00:00,354.3100,22.2000
2016-10-30 13:00:00,358.4300,24.4000
2016-10-30 14:00:00,370.0300,25.6000
2016-10-30 15:00:00,371.1300,23.9000
2016-10-30 16:00:00,366.4500,26.1000
2016-10-30 17:00:00,385.8400,25.0000
2016-10-30 18:00:00,381.3000,20.6000
2016-10-30 19:00:00,385.0500,20.0000
2016-10-30 20:00:00,380.8700,20.6000
2016-10-30 21:00:00,270.5000,19.4000
2016-10-30 22:00:00,209.0800,18.9000
2016-10-30 23:00:00,203.4000,18.3000
2016-10-31 00:00:00,171.9700,17.2000
2016-10-31 01:00:00,161.0500,16.1000
2016-10-31 02:00:00,158.8700,15.0000
2016-10-31 03:00:00,314.0200,13.9000
2016-10-31 04:00:00,326.8600,12.8000
2016-10-31 05:00:00,322.0900,12.2000
2016-10-31 06:00:00,331.5500,11.1000
2016-10-31 07:00:00,369.8900,11.1000
2016-10-31 08:00:00,429.9500,11.7000
2016-10-31 09:00:00,459.7200,12.8000
2016-10-31 10:00:00,459.4200,13.3000
2016-10-31 11:00:00,488.0600,14.4000
2016-10-31 12:00:00,481.5000,15.0000
2016-10-31 13:00:00,464.9900,15.6000
2016-10-31 14:00:00,485.4600,15.6000
2016-10-31 15:00:00,458.6600,15.6000
2016-10-31 16:00:00,423.6800,14.4000
2016-10-31 17:00:00,368.6200,13.9000
2016-10-31 18:00:00,367.7100,12.8000
2016-10-31 19:00:00,347.9500,11.7000
2016-10-31 20:00:00,318.6400,11.1000
2016-10-31 21:00:00,195.9600,10.6000
2016-10-31 22:00:00,173.5700,10.6000
2016-10-31 23:00:00,174.7500,10.0000
2016-11-01 00:00:00,172.9700,10.6000
2016-11-01 01:00:00,174.4800,9.4000
2016-11-01 02:00:00,175.3000,8.9000
2016-11-01 03:00:00,286.4400,8.9000
2016-11-01 04:00:00,304.1000,9.4000
2016-11-01 05:00:00,291.3300,9.4000
2016-11-01 06:00:00,312.9700,10.0000
2016-11-01 07:00:00,368.5500,10.6000
2016-11-01 08:00:00,438.0000,11.1000
2016-11-01 09:00:00,428.4700,11.7000
2016-11-01 10:00:00,448.7500,12.8000
2016-11-01 11:00:00,449.1900,13.9000
2016-11-01 12:00:00,435.9000,15.0000
2016-11-01 13:00:00,437.2900,15.0000
2016-11-01 14:00:00,466.5500,15.6000
2016-11-01 15:00:00,473.9700,16.1000
2016-11-01 16:00:00,479.3600,16.1000
2016-11-01 17:00:00,442.0000,15.6000
2016-11-01 18:00:00,400.5300,15.6000
2016-11-01 19:00:00,396.5600,15.0000
2016-11-01 20:00:00,371.8900,14.4000
2016-11-01 21:00:00,222.8300,13.9000
2016-11-01 22:00:00,169.5400,13.9000
2016-11-01 23:00:00,173.1000,13.3000
2016-11-02 00:00:00,173.9600,13.3000
2016-11-02 01:00:00,176.7000,13.3000
2016-11-02 02:00:00,179.8100,12.2000
2016-11-02 03:00:00,289.3100,13.3000
2016-11-02 04:00:00,303.8100,12.2000
2016-11-02 05:00:00,315.4800,12.2000
2016-11-02 06:00:00,334.8800,12.8000
2016-11-02 07:00:00,402.3400,13.3000
2016-11-02 08:00:00,478.8200,13.9000
2016-11-02 09:00:00,511.6400,15.0000
2016-11-02 10:00:00,526.9500,15.6000
2016-11-02 11:00:00,502.0800,17.2000
2016-11-02 12:00:00,510.0000,18.9000
2016-11-02 13:00:00,535.0700,20.6000
2016-11-02 14:00:00,545.9800,21.7000
2016-11-02 15:00:00,547.3500,22.8000
2016-11-02 16:00:00,551.5200,21.7000
2016-11-02 17:00:00,508.4500,20.0000
2016-11-02 18:00:00,500.9600,18.9000
2016-11-02 19:00:00,485.5500,18.9000
2016-11-02 20:00:00,444.3200,17.2000
2016-11-02 21:00:00,307.2500,16.7000
2016-11-02 22:00:00,223.7100,16.7000
2016-11-02 23:00:00,227.6600,16.1000
2016-11-03 00:00:00,230.9000,15.0000
2016-11-03 01:00:00,232.3100,15.6000
2016-11-03 02:00:00,232.1600,15.6000
2016-11-03 03:00:00,392.3800,15.0000
2016-11-03 04:00:00,436.9000,15.0000
2016-11-03 05:00:00,434.0200,15.6000
2016-11-03 06:00:00,459.7200,15.0000
2016-11-03 07:00:00,516.3400,15.6000
2016-11-03 08:00:00,541.5200,15.6000
2016-11-03 09:00:00,575.8300,17.2000
2016-11-03 10:00:00,572.5200,20.6000
2016-11-03 11:00:00,584.1400,22.8000
2016-11-03 12:00:00,563.5900,27.2000
2016-11-03 13:00:00,574.2900,27.8000
2016-11-03 14:00:00,549.5400,26.1000
2016-11-03 15:00:00,561.5000,26.1000
2016-11-03 16:00:00,551.6300,25.6000
2016-11-03 17:00:00,517.9800,23.9000
2016-11-03 18:00:00,512.6500,23.3000
2016-11-03 19:00:00,493.7900,22.8000
2016-11-03 20:00:00,438.9900,22.2000
2016-11-03 21:00:00,288.8200,20.6000
2016-11-03 22:00:00,200.1300,18.9000
2016-11-03 23:00:00,186.5800,18.9000
2016-11-04 00:00:00,186.3700,18.3000
2016-11-04 01:00:00,184.8200,17.2000
2016-11-04 02:00:00,167.8300,16.7000
2016-11-04 03:00:00,342.4900,15.6000
2016-11-04 04:00:00,367.0600,15.0000
2016-11-04 05:00:00,336.7100,14.4000
2016-11-04 06:00:00,350.8000,13.9000
2016-11-04 07:00:00,342.8200,13.3000
2016-11-04 08:00:00,366.2500,13.9000
2016-11-04 09:00:00,409.4700,14.4000
2016-11-04 10:00:00,415.7300,15.6000
2016-11-04 11:00:00,436.9500,16.7000
2016-11-04 12:00:00,455.0700,16.7000
2016-11-04 13:00:00,457.5400,17.2000
2016-11-04 14:00:00,464.1300,17.8000
2016-11-04 15:00:00,464.7300,17.8000
2016-11-04 16:00:00,459.4200,17.2000
2016-11-04 17:00:00,474.0500,16.1000
2016-11-04 18:00:00,420.5400,15.0000
2016-11-04 19:00:00,367.1500,13.9000
2016-11-04 20:00:00,314.8700,12.8000
2016-11-04 21:00:00,214.9500,11.7000
2016-11-04 22:00:00,173.2600,12.2000
2016-11-04 23:00:00,187.7700,11.1000
2016-11-05 00:00:00,179.5000,10.0000
2016-11-05 01:00:00,172.2400,8.3000
2016-11-05 02:00:00,173.5700,8.9000
2016-11-05 03:00:00,179.6300,8.3000
2016-11-05 04:00:00,181.9000,8.3000
2016-11-05 05:00:00,176.8300,8.3000
2016-11-05 06:00:00,173.0100,8.3000
2016-11-05 07:00:00,333.3600,8.3000
2016-11-05 08:00:00,327.2900,10.0000
2016-11-05 09:00:00,337.3800,12.2000
2016-11-05 10:00:00,356.4300,13.9000
2016-11-05 11:00:00,348.4400,15.6000
2016-11-05 12:00:00,354.2100,18.3000
2016-11-05 13:00:00,350.9500,19.4000
2016-11-05 14:00:00,347.3700,20.0000
2016-11-05 15:00:00,352.1400,20.6000
2016-11-05 16:00:00,357.2000,19.4000
2016-11-05 17:00:00,360.6000,18.3000
2016-11-05 18:00:00,370.6200,16.7000
2016-11-05 19:00:00,182.6900,13.9000
2016-11-05 20:00:00,159.3500,12.8000
2016-11-05 21:00:00,158.3500,12.2000
2016-11-05 22:00:00,158.9400,12.8000
2016-11-05 23:00:00,158.2400,11.7000
2016-11-06 00:00:00,,10.0000
2016-11-06 01:00:00,160.4000,11.7000
2016-11-06 02:00:00,162.7800,11.7000
2016-11-06 03:00:00,161.4400,11.1000
2016-11-06 04:00:00,161.4100,13.3000
2016-11-06 05:00:00,167.0700,12.2000
2016-11-06 06:00:00,173.2300,10.6000
2016-11-06 07:00:00,168.6200,11.1000
2016-11-06 08:00:00,162.9100,13.9000
2016-11-06 09:00:00,152.0100,16.1000
2016-11-06 10:00:00,161.3400,17.2000
2016-11-06 11:00:00,330.1900,19.4000
2016-11-06 12:00:00,342.7900,20.0000
2016-11-06 13:00:00,342.9300,20.0000
2016-11-06 14:00:00,334.2100,20.0000
2016-11-06 15:00:00,327.6900,20.6000
2016-11-06 16:00:00,337.7300,20.6000
2016-11-06 17:00:00,327.5600,18.3000
2016-11-06 18:00:00,329.7600,15.6000
2016-11-06 19:00:00,321.0500,15.6000
2016-11-06 20:00:00,326.4800,13.3000
2016-11-06 21:00:00,325.5200,13.3000
2016-11-06 22:00:00,237.7400,13.3000
2016-11-06 23:00:00,173.0900,12.2000
2016-11-07 00:00:00,160.9400,11.1000
2016-11-07 01:00:00,163.5800,10.6000
2016-11-07 02:00:00,176.0500,9.4000
2016-11-07 03:00:00,185.3200,8.9000
2016-11-07 04:00:00,342.4900,8.3000
2016-11-07 05:00:00,334.3400,8.3000
2016-11-07 06:00:00,341.2000,7.8000
2016-11-07 07:00:00,361.1500,7.2000
2016-11-07 08:00:00,381.5100,8.3000
2016-11-07 09:00:00,422.9900,9.4000
2016-11-07 10:00:00,456.0600,11.1000
2016-11-07 11:00:00,458.1900,12.2000
2016-11-07 12:00:00,451.3800,13.3000
2016-11-07 13:00:00,436.7200,13.3000
2016-11-07 14:00:00,410.1500,14.4000
2016-11-07 15:00:00,439.2100,15.0000
2016-11-07 16:00:00,477.0900,15.6000
2016-11-07 17:00:00,443.6600,15.0000
2016-11-07 18:00:00,411.4500,13.9000
2016-11-07 19:00:00,371.6500,11.7000
2016-11-07 20:00:00,366.2100,10.6000
2016-11-07 21:00:00,341.3500,10.0000
2016-11-07 22:00:00,213.5200,8.3000
2016-11-07 23:00:00,189.8400,7.8000
2016-11-08 00:00:00,190.2700,7.2000
2016-11-08 01:00:00,189.4100,6.7000
2016-11-08 02:00:00,193.2800,6.1000
2016-11-08 03:00:00,191.1400,5.6000
2016-11-08 04:00:00,347.0200,5.6000
2016-11-08 05:00:00,341.5900,6.1000
2016-11-08 06:00:00,348.2400,5.6000
2016-11-08 07:00:00,347.9800,5.0000
2016-11-08 08:00:00,397.3600,6.7000
2016-11-08 09:00:00,425.4300,9.4000
2016-11-08 10:00:00,455.2500,11.7000
2016-11-08 11:00:00,483.7000,15.0000
2016-11-08 12:00:00,461.8300,17.2000
2016-11-08 13:00:00,464.7400,19.4000
2016-11-08 14:00:00,503.5300,19.4000
2016-11-08 15:00:00,497.7800,18.9000
2016-11-08 16:00:00,479.6800,17.2000
2016-11-08 17:00:00,452.3500,16.7000
2016-11-08 18:00:00,444.3400,15.0000
2016-11-08 19:00:00,435.7700,15.0000
2016-11-08 20:00:00,407.6300,14.4000
2016-11-08 21:00:00,390.3500,13.9000
2016-11-08 22:00:00,245.6000,13.9000
2016-11-08 23:00:00,177.0500,13.3000
2016-11-09 00:00:00,172.2000,13.9000
2016-11-09 01:00:00,173.3400,12.8000
2016-11-09 02:00:00,170.9900,12.8000
2016-11-09 03:00:00,169.3800,12.8000
2016-11-09 04:00:00,328.2000,13.3000
2016-11-09 05:00:00,342.9400,13.3000
2016-11-09 06:00:00,342.2100,12.2000
2016-11-09 07:00:00,343.4100,12.8000
2016-11-09 08:00:00,384.3200,13.3000
2016-11-09 09:00:00,460.5100,13.3000
2016-11-09 10:00:00,478.9300,13.9000
2016-11-09 11:00:00,512.5200,16.1000
2016-11-09 12:00:00,503.9500,16.7000
2016-11-09 13:00:00,512.9800,18.3000
2016-11-09 14:00:00,483.5200,17.2000
2016-11-09 15:00:00,486.7400,15.6000
2016-11-09 16:00:00,485.2000,13.9000
2016-11-09 17:00:00,437.0900,13.3000
2016-11-09 18:00:00,426.7200,13.3000
2016-11-09 19:00:00,396.2200,13.3000
2016-11-09 20:00:00,361.8400,13.9000
2016-11-09 21:00:00,330.8000,13.3000
2016-11-09 22:00:00,238.0000,11.7000
2016-11-09 23:00:00,179.0500,11.1000
2016-11-10 00:00:00,179.5100,10.6000
2016-11-10 01:00:00,179.4900,10.6000
2016-11-10 02:00:00,182.9500,9.4000
2016-11-10 03:00:00,180.1000,8.3000
2016-11-10 04:00:00,340.6500,7.2000
2016-11-10 05:00:00,338.4300,7.2000
2016-11-10 06:00:00,335.1900,7.2000
2016-11-10 07:00:00,352.8800,7.2000
2016-11-10 08:00:00,384.2900,8.3000
2016-11-10 09:00:00,432.0800,10.0000
2016-11-10 10:00:00,444.6800,11.7000
2016-11-10 11:00:00,458.9500,13.3000
2016-11-10 12:00:00,428.5500,14.4000
2016-11-10 13:00:00,426.1700,15.0000
2016-11-10 14:00:00,441.8500,16.1000
2016-11-10 15:00:00,455.1500,16.1000
2016-11-10 16:00:00,445.6000,16.7000
2016-11-10 17:00:00,439.2400,15.6000
2016-11-10 18:00:00,472.9200,15.0000
2016-11-10 19:00:00,441.1400,13.3000
2016-11-10 20:00:00,380.6200,11.7000
2016-11-10 21:00:00,370.3200,11.7000
2016-11-10 22:00:00,242.5900,10.6000
2016-11-10 23:00:00,175.4400,10.0000
2016-11-11 00:00:00,181.8900,8.9000
2016-11-11 01:00:00,180.7600,7.8000
2016-11-11 02:00:00,179.0600,7.8000
2016-11-11 03:00:00,179.1900,10.0000
2016-11-11 04:00:00,325.4000,8.3000
2016-11-11 05:00:00,340.8500,8.3000
2016-11-11 06:00:00,350.6000,9.4000
2016-11-11 07:00:00,352.0400,13.3000
2016-11-11 08:00:00,342.9900,13.9000
2016-11-11 09:00:00,363.9800,15.0000
2016-11-11 10:00:00,371.6300,16.1000
2016-11-11 11:00:00,369.5900,16.7000
2016-11-11 12:00:00,355.6300,18.9000
2016-11-11 13:00:00,369.7300,17.2000
2016-11-11 14:00:00,367.2200,18.3000
2016-11-11 15:00:00,362.3800,17.8000
2016-11-11 16:00:00,351.6900,17.2000
2016-11-11 17:00:00,371.5500,16.7000
2016-11-11 18:00:00,379.1700,15.6000
2016-11-11 19:00:00,373.1500,15.6000
2016-11-11 20:00:00,343.3200,13.9000
2016-11-11 21:00:00,333.4400,12.2000
2016-11-11 22:00:00,247.2900,10.6000
2016-11-11 23:00:00,180.8000,10.0000
2016-11-12 00:00:00,181.1300,8.9000
2016-11-12 01:00:00,181.5400,8.3000
2016-11-12 02:00:00,185.9900,7.2000
2016-11-12 03:00:00,183.6100,6.1000
2016-11-12 04:00:00,183.6000,5.0000
2016-11-12 05:00:00,185.0300,4.4000
2016-11-12 06:00:00,186.2700,3.9000
2016-11-12 07:00:00,184.1000,3.3000
2016-11-12 08:00:00,352.9900,5.0000
2016-11-12 09:00:00,338.2000,6.1000
2016-11-12 10:00:00,334.4300,7.2000
2016-11-12 11:00:00,336.1300,8.3000
2016-11-12 12:00:00,340.5000,9.4000
2016-11-12 13:00:00,339.7700,10.0000
2016-11-12 14:00:00,330.9900,10.6000
2016-11-12 15:00:00,332.2700,11.7000
2016-11-12 16:00:00,320.1000,11.1000
2016-11-12 17:00:00,315.3100,9.4000
2016-11-12 18:00:00,319.4500,9.4000
2016-11-12 19:00:00,339.7300,8.3000
2016-11-12 20:00:00,200.7700,6.7000
2016-11-12 21:00:00,184.4300,5.6000
2016-11-12 22:00:00,183.4000,4.4000
2016-11-12 23:00:00,184.3000,4.4000
2016-11-13 00:00:00,183.2100,3.3000
2016-11-13 01:00:00,183.9900,3.3000
2016-11-13 02:00:00,185.5800,3.3000
2016-11-13 03:00:00,187.0600,3.3000
2016-11-13 04:00:00,198.1800,3.3000
2016-11-13 05:00:00,190.9200,1.7000
2016-11-13 06:00:00,187.8500,1.7000
2016-11-13 07:00:00,185.2800,1.1000
2016-11-13 08:00:00,175.6300,2.8000
2016-11-13 09:00:00,172.4300,6.1000
2016-11-13 10:00:00,174.6900,8.3000
2016-11-13 11:00:00,327.3000,10.6000
2016-11-13 12:00:00,355.5400,12.8000
2016-11-13 13:00:00,363.5300,15.0000
2016-11-13 14:00:00,350.2000,16.1000
2016-11-13 15:00:00,358.9800,16.7000
2016-11-13 16:00:00,355.7700,15.6000
2016-11-13 17:00:00,353.9600,13.9000
2016-11-13 18:00:00,351.6800,13.3000
2016-11-13 19:00:00,340.7300,10.6000
2016-11-13 20:00:00,339.3400,10.0000
2016-11-13 21:00:00,325.7600,8.9000
2016-11-13 22:00:00,232.9800,7.2000
2016-11-13 23:00:00,172.2900,7.2000
2016-11-14 00:00:00,170.5500,6.7000
2016-11-14 01:00:00,182.1300,5.6000
2016-11-14 02:00:00,183.6500,6.7000
2016-11-14 03:00:00,185.7700,6.1000
2016-11-14 04:00:00,342.6700,4.4000
2016-11-14 05:00:00,356.4200,3.9000
2016-11-14 06:00:00,348.9000,2.8000
2016-11-14 07:00:00,353.1400,2.8000
2016-11-14 08:00:00,412.5300,5.0000
2016-11-14 09:00:00,465.5400,7.8000
2016-11-14 10:00:00,486.6300,8.9000
2016-11-14 11:00:00,496.8500,10.6000
2016-11-14 12:00:00,515.0200,11.7000
2016-11-14 13:00:00,540.7900,12.8000
2016-11-14 14:00:00,510.6900,12.8000
2016-11-14 15:00:00,530.6600,12.8000
2016-11-14 16:00:00,534.6000,12.2000
2016-11-14 17:00:00,522.9500,11.7000
2016-11-14 18:00:00,512.8100,11.7000
2016-11-14 19:00:00,449.3100,11.7000
2016-11-14 20:00:00,410.4600,12.2000
2016-11-14 21:00:00,374.3700,11.7000
2016-11-14 22:00:00,217.1200,11.7000
2016-11-14 23:00:00,183.1700,10.6000
2016-11-15 00:00:00,181.6300,10.6000
2016-11-15 01:00:00,178.4300,9.4000
2016-11-15 02:00:00,182.6100,10.0000
2016-11-15 03:00:00,182.7400,9.4000
2016-11-15 04:00:00,339.1700,9.4000
2016-11-15 05:00:00,341.1500,9.4000
2016-11-15 06:00:00,340.7000,10.0000
2016-11-15 07:00:00,351.3800,9.4000
2016-11-15 08:00:00,389.4700,10.6000
2016-11-15 09:00:00,454.4700,11.7000
2016-11-15 10:00:00,458.7800,13.3000
2016-11-15 11:00:00,510.0500,15.0000
2016-11-15 12:00:00,525.8200,16.7000
2016-11-15 13:00:00,530.6500,17.2000
2016-11-15 14:00:00,525.4600,18.3000
2016-11-15 15:00:00,523.6100,17.2000
2016-11-15 16:00:00,495.5300,16.7000
2016-11-15 17:00:00,480.5100,15.6000
2016-11-15 18:00:00,474.2200,14.4000
2016-11-15 19:00:00,480.7200,12.8000
2016-11-15 20:00:00,465.7800,11.7000
2016-11-15 21:00:00,434.8500,10.0000
2016-11-15 22:00:00,284.4100,11.1000
2016-11-15 23:00:00,194.2800,11.1000
2016-11-16 00:00:00,191.5600,10.0000
2016-11-16 01:00:00,193.4300,8.9000
2016-11-16 02:00:00,193.7500,7.8000
2016-11-16 03:00:00,186.8700,6.7000
2016-11-16 04:00:00,329.9700,7.2000
2016-11-16 05:00:00,351.7500,5.6000
2016-11-16 06:00:00,342.5400,5.6000
2016-11-16 07:00:00,355.2800,5.6000
2016-11-16 08:00:00,406.1000,7.8000
2016-11-16 09:00:00,469.3900,10.0000
2016-11-16 10:00:00,473.1000,10.6000
2016-11-16 11:00:00,512.7600,13.3000
2016-11-16 12:00:00,503.3200,16.7000
2016-11-16 13:00:00,508.7800,18.9000
2016-11-16 14:00:00,496.2200,17.8000
2016-11-16 15:00:00,520.2700,19.4000
2016-11-16 16:00:00,493.2800,16.7000
2016-11-16 17:00:00,480.2500,15.0000
2016-11-16 18:00:00,469.6200,15.6000
2016-11-16 19:00:00,405.8700,12.8000
2016-11-16 20:00:00,399.9100,13.9000
2016-11-16 21:00:00,386.9000,12.2000
2016-11-16 22:00:00,267.2300,12.8000
2016-11-16 23:00:00,183.3800,10.0000
2016-11-17 00:00:00,176.4700,10.0000
2016-11-17 01:00:00,178.7000,9.4000
2016-11-17 02:00:00,179.7500,8.9000
2016-11-17 03:00:00,177.7700,7.8000
2016-11-17 04:00:00,319.5100,8.9000
2016-11-17 05:00:00,318.6600,7.2000
2016-11-17 06:00:00,323.4100,9.4000
2016-11-17 07:00:00,322.0500,6.7000
2016-11-17 08:00:00,377.5700,10.0000
2016-11-17 09:00:00,437.4600,11.1000
2016-11-17 10:00:00,487.7300,12.8000
2016-11-17 11:00:00,505.6200,14.4000
2016-11-17 12:00:00,518.0500,15.6000
2016-11-17 13:00:00,511.7300,16.1000
2016-11-17 14:00:00,465.1900,17.2000
2016-11-17 15:00:00,484.7400,16.7000
2016-11-17 16:00:00,480.0100,16.1000
2016-11-17 17:00:00,465.9400,15.0000
2016-11-17 18:00:00,473.6700,15.0000
2016-11-17 19:00:00,447.8700,13.3000
2016-11-17 20:00:00,430.9200,12.2000
2016-11-17 21:00:00,403.8900,10.6000
2016-11-17 22:00:00,266.7800,10.0000
2016-11-17 23:00:00,173.7000,10.0000
2016-11-18 00:00:00,174.5000,8.3000
2016-11-18 01:00:00,176.9600,7.8000
2016-11-18 02:00:00,177.7200,7.2000
2016-11-18 03:00:00,173.9400,7.2000
2016-11-18 04:00:00,301.0900,7.2000
2016-11-18 05:00:00,316.8500,6.7000
2016-11-18 06:00:00,322.1700,6.1000
2016-11-18 07:00:00,316.7400,6.1000
2016-11-18 08:00:00,348.9500,8.3000
2016-11-18 09:00:00,406.5600,9.4000
2016-11-18 10:00:00,457.1500,12.2000
2016-11-18 11:00:00,499.1300,14.4000
2016-11-18 12:00:00,459.8700,16.7000
2016-11-18 13:00:00,481.0300,19.4000
2016-11-18 14:00:00,495.8700,20.0000
2016-11-18 15:00:00,505.9500,20.6000
2016-11-18 16:00:00,514.9400,20.6000
2016-11-18 17:00:00,487.9300,18.9000
2016-11-18 18:00:00,439.0200,16.1000
2016-11-18 19:00:00,430.1300,13.9000
2016-11-18 20:00:00,410.2100,13.3000
2016-11-18 21:00:00,392.0300,12.8000
2016-11-18 22:00:00,250.3800,11.7000
2016-11-18 23:00:00,179.0600,11.7000
2016-11-19 00:00:00,178.2500,10.6000
2016-11-19 01:00:00,166.4000,10.6000
2016-11-19 02:00:00,161.1400,8.9000
2016-11-19 03:00:00,161.9200,10.0000
2016-11-19 04:00:00,161.3700,8.9000
2016-11-19 05:00:00,161.5300,8.3000
2016-11-19 06:00:00,184.7200,7.8000
2016-11-19 07:00:00,190.4300,7.8000
2016-11-19 08:00:00,309.6500,9.4000
2016-11-19 09:00:00,337.0600,10.6000
2016-11-19 10:00:00,390.5800,13.3000
2016-11-19 11:00:00,401.8600,17.2000
2016-11-19 12:00:00,391.9800,18.3000
2016-11-19 13:00:00,395.1500,21.1000
2016-11-19 14:00:00,380.9200,22.2000
2016-11-19 15:00:00,371.6000,20.6000
2016-11-19 16:00:00,324.3400,11.1000
2016-11-19 17:00:00,320.0600,7.8000
2016-11-19 18:00:00,331.6500,6.7000
2016-11-19 19:00:00,323.2900,7.2000
2016-11-19 20:00:00,203.8000,7.2000
2016-11-19 21:00:00,192.5700,7.2000
2016-11-19 22:00:00,193.2700,6.1000
2016-11-19 23:00:00,194.9900,6.1000
2016-11-20 00:00:00,193.6900,5.6000
2016-11-20 01:00:00,195.4000,5.0000
2016-11-20 02:00:00,199.7400,4.4000
2016-11-20 03:00:00,195.6500,5.0000
2016-11-20 04:00:00,196.1500,3.9000
2016-11-20 05:00:00,188.4200,3.9000
2016-11-20 06:00:00,189.4200,4.4000
2016-11-20 07:00:00,187.8300,4.4000
2016-11-20 08:00:00,191.0200,5.0000
2016-11-20 09:00:00,187.4700,5.0000
2016-11-20 10:00:00,188.3200,6.7000
2016-11-20 11:00:00,317.7500,6.7000
2016-11-20 12:00:00,315.5100,7.8000
2016-11-20 13:00:00,304.7000,7.8000
2016-11-20 14:00:00,305.4900,7.8000
2016-11-20 15:00:00,307.8200,7.2000
2016-11-20 16:00:00,312.3500,6.1000
2016-11-20 17:00:00,324.1300,5.6000
2016-11-20 18:00:00,330.3000,4.4000
2016-11-20 19:00:00,344.3300,3.9000
2016-11-20 20:00:00,342.5200,3.9000
2016-11-20 21:00:00,338.1100,3.9000
2016-11-20 22:00:00,262.7300,3.3000
2016-11-20 23:00:00,202.7900,3.3000
2016-11-21 00:00:00,203.7500,2.8000
2016-11-21 01:00:00,204.1700,2.8000
2016-11-21 02:00:00,206.9400,2.8000
2016-11-21 03:00:00,207.6200,2.2000
2016-11-21 04:00:00,367.5800,2.2000
2016-11-21 05:00:00,420.9100,2.2000
2016-11-21 06:00:00,413.4000,2.2000
2016-11-21 07:00:00,414.8700,2.2000
2016-11-21 08:00:00,453.4500,2.8000
2016-11-21 09:00:00,488.3000,3.3000
2016-11-21 10:00:00,480.0300,4.4000
2016-11-21 11:00:00,471.0700,5.6000
2016-11-21 12:00:00,455.8100,6.7000
2016-11-21 13:00:00,435.9200,7.8000
2016-11-21 14:00:00,425.5500,7.8000
2016-11-21 15:00:00,426.6800,7.2000
2016-11-21 16:00:00,421.6500,7.2000
2016-11-21 17:00:00,421.0500,6.1000
2016-11-21 18:00:00,424.6400,5.0000
2016-11-21 19:00:00,406.8300,4.4000
2016-11-21 20:00:00,403.9000,3.9000
2016-11-21 21:00:00,377.6000,3.3000
2016-11-21 22:00:00,226.2800,2.8000
2016-11-21 23:00:00,193.1500,2.8000
2016-11-22 00:00:00,204.2700,2.8000
2016-11-22 01:00:00,195.3500,2.8000
2016-11-22 02:00:00,195.8000,2.2000
2016-11-22 03:00:00,204.6100,1.7000
2016-11-22 04:00:00,380.8100,1.7000
2016-11-22 05:00:00,404.2500,1.7000
2016-11-22 06:00:00,391.0800,1.7000
2016-11-22 07:00:00,404.0300,2.2000
2016-11-22 08:00:00,444.7800,2.8000
2016-11-22 09:00:00,484.0100,4.4000
2016-11-22 10:00:00,452.5300,6.1000
2016-11-22 11:00:00,446.0200,6.7000
2016-11-22 12:00:00,435.8600,8.3000
2016-11-22 13:00:00,439.4300,8.3000
2016-11-22 14:00:00,434.7000,9.4000
2016-11-22 15:00:00,432.0200,9.4000
2016-11-22 16:00:00,403.0100,10.0000
2016-11-22 17:00:00,405.9700,8.9000
2016-11-22 18:00:00,406.1000,8.3000
2016-11-22 19:00:00,388.0800,6.7000
2016-11-22 20:00:00,365.3400,5.6000
2016-11-22 21:00:00,346.2700,5.6000
2016-11-22 22:00:00,269.5800,5.0000
2016-11-22 23:00:00,187.8700,3.9000
2016-11-23 00:00:00,192.4200,3.9000
2016-11-23 01:00:00,193.2700,3.3000
2016-11-23 02:00:00,194.0800,2.2000
2016-11-23 03:00:00,193.0600,1.7000
2016-11-23 04:00:00,362.8300,1.7000
2016-11-23 05:00:00,373.1000,2.2000
2016-11-23 06:00:00,372.5000,2.2000
2016-11-23 07:00:00,385.8300,1.7000
2016-11-23 08:00:00,420.1600,3.3000
2016-11-23 09:00:00,440.8600,4.4000
2016-11-23 10:00:00,428.9300,6.7000
2016-11-23 11:00:00,444.7100,7.8000
2016-11-23 12:00:00,448.0700,8.3000
2016-11-23 13:00:00,453.3100,9.4000
2016-11-23 14:00:00,439.5200,10.6000
2016-11-23 15:00:00,403.0100,10.0000
2016-11-23 16:00:00,379.0900,10.0000
2016-11-23 17:00:00,356.2700,10.0000
2016-11-23 18:00:00,344.0300,10.0000
2016-11-23 19:00:00,329.7000,8.9000
2016-11-23 20:00:00,329.6400,8.9000
2016-11-23 21:00:00,314.4000,8.3000
2016-11-23 22:00:00,250.3900,8.3000
2016-11-23 23:00:00,191.9300,7.8000
2016-11-24 00:00:00,181.9000,7.2000
2016-11-24 01:00:00,183.7800,7.2000
2016-11-24 02:00:00,184.6600,6.7000
2016-11-24 03:00:00,175.3400,6.7000
2016-11-24 04:00:00,314.8800,6.7000
2016-11-24 05:00:00,325.0100,7.2000
2016-11-24 06:00:00,330.9300,7.2000
2016-11-24 07:00:00,327.1500,7.2000
2016-11-24 08:00:00,319.5100,7.8000
2016-11-24 09:00:00,310.5200,8.3000
2016-11-24 10:00:00,320.1800,8.9000
2016-11-24 11:00:00,317.0800,10.6000
2016-11-24 12:00:00,322.8400,11.7000
2016-11-24 13:00:00,355.7600,12.8000
2016-11-24 14:00:00,334.8400,13.9000
2016-11-24 15:00:00,342.0200,13.3000
2016-11-24 16:00:00,351.8400,13.9000
2016-11-24 17:00:00,347.7400,13.3000
2016-11-24 18:00:00,360.7000,12.8000
2016-11-24 19:00:00,353.3300,11.1000
2016-11-24 20:00:00,347.2300,10.0000
2016-11-24 21:00:00,340.0800,10.0000
2016-11-24 22:00:00,252.1000,8.3000
2016-11-24 23:00:00,180.5300,7.8000
2016-11-25 00:00:00,166.9000,7.8000
2016-11-25 01:00:00,167.7100,7.8000
2016-11-25 02:00:00,170.6500,7.2000
2016-11-25 03:00:00,168.6200,6.7000
2016-11-25 04:00:00,305.0200,7.2000
2016-11-25 05:00:00,323.5900,7.8000
2016-11-25 06:00:00,328.9600,7.8000
2016-11-25 07:00:00,327.2700,8.3000
2016-11-25 08:00:00,314.9800,8.3000
2016-11-25 09:00:00,317.8300,8.9000
2016-11-25 10:00:00,325.1200,10.0000
2016-11-25 11:00:00,335.4700,11.1000
2016-11-25 12:00:00,313.5800,12.8000
2016-11-25 13:00:00,335.4900,13.3000
2016-11-25 14:00:00,339.0400,13.3000
2016-11-25 15:00:00,362.3200,13.9000
2016-11-25 16:00:00,340.9800,13.9000
2016-11-25 17:00:00,342.1800,12.2000
2016-11-25 18:00:00,349.5800,11.1000
2016-11-25 19:00:00,329.0700,11.7000
2016-11-25 20:00:00,308.7200,10.6000
2016-11-25 21:00:00,324.1100,9.4000
2016-11-25 22:00:00,238.2700,9.4000
2016-11-25 23:00:00,176.5500,10.0000
2016-11-26 00:00:00,176.7300,10.0000
2016-11-26 01:00:00,177.8000,10.0000
2016-11-26 02:00:00,179.3700,9.4000
2016-11-26 03:00:00,180.3100,9.4000
2016-11-26 04:00:00,180.1000,7.8000
2016-11-26 05:00:00,179.0000,7.8000
2016-11-26 06:00:00,178.5300,6.7000
2016-11-26 07:00:00,179.4400,5.6000
2016-11-26 08:00:00,321.3100,7.2000
2016-11-26 09:00:00,322.9600,8.3000
2016-11-26 10:00:00,319.0400,9.4000
2016-11-26 11:00:00,324.4400,10.0000
2016-11-26 12:00:00,325.6400,10.0000
2016-11-26 13:00:00,323.2400,10.6000
2016-11-26 14:00:00,316.0900,10.0000
2016-11-26 15:00:00,332.6300,10.0000
2016-11-26 16:00:00,310.1100,10.0000
2016-11-26 17:00:00,313.0900,9.4000
2016-11-26 18:00:00,337.5700,8.3000
2016-11-26 19:00:00,340.6500,7.8000
2016-11-26 20:00:00,198.4900,7.2000
2016-11-26 21:00:00,183.4000,6.7000
2016-11-26 22:00:00,185.2400,6.1000
2016-11-26 23:00:00,187.0600,6.1000
2016-11-27 00:00:00,186.8700,6.7000
2016-11-27 01:00:00,192.6100,5.6000
2016-11-27 02:00:00,195.0900,4.4000
2016-11-27 03:00:00,194.2000,5.0000
2016-11-27 04:00:00,193.6300,4.4000
2016-11-27 05:00:00,195.9300,5.0000
2016-11-27 06:00:00,195.1900,4.4000
2016-11-27 07:00:00,197.0600,4.4000
2016-11-27 08:00:00,186.4600,6.1000
2016-11-27 09:00:00,182.2000,7.8000
2016-11-27 10:00:00,180.5800,8.9000
2016-11-27 11:00:00,317.6600,10.0000
2016-11-27 12:00:00,315.8100,10.0000
2016-11-27 13:00:00,314.3400,11.1000
2016-11-27 14:00:00,312.5600,11.7000
2016-11-27 15:00:00,324.7800,11.7000
2016-11-27 16:00:00,311.2000,11.1000
2016-11-27 17:00:00,283.3700,10.0000
2016-11-27 18:00:00,269.1200,8.3000
2016-11-27 19:00:00,269.4100,8.3000
2016-11-27 20:00:00,270.2900,7.2000
2016-11-27 21:00:00,268.5800,6.7000
2016-11-27 22:00:00,220.6400,4.4000
2016-11-27 23:00:00,189.8100,5.0000
2016-11-28 00:00:00,190.2500,4.4000
2016-11-28 01:00:00,189.2500,3.9000
2016-11-28 02:00:00,189.8000,3.3000
2016-11-28 03:00:00,189.9900,3.3000
2016-11-28 04:00:00,308.6200,2.2000
2016-11-28 05:00:00,298.2700,2.2000
2016-11-28 06:00:00,346.4000,3.3000
2016-11-28 07:00:00,358.9500,3.3000
2016-11-28 08:00:00,399.2000,3.3000
2016-11-28 09:00:00,441.5100,5.6000
2016-11-28 10:00:00,414.4400,6.7000
2016-11-28 11:00:00,419.9700,8.3000
2016-11-28 12:00:00,411.0000,9.4000
2016-11-28 13:00:00,395.2000,10.0000
2016-11-28 14:00:00,411.6200,11.7000
2016-11-28 15:00:00,400.2500,11.1000
2016-11-28 16:00:00,404.4800,11.1000
2016-11-28 17:00:00,376.8800,10.0000
2016-11-28 18:00:00,342.3700,9.4000
2016-11-28 19:00:00,333.7300,9.4000
2016-11-28 20:00:00,301.4900,10.0000
2016-11-28 21:00:00,283.9600,9.4000
2016-11-28 22:00:00,196.0700,9.4000
2016-11-28 23:00:00,180.0300,9.4000
2016-11-29 00:00:00,172.6300,9.4000
2016-11-29 01:00:00,176.8300,9.4000
2016-11-29 02:00:00,185.9400,10.0000
2016-11-29 03:00:00,208.5500,10.0000
2016-11-29 04:00:00,291.0100,9.4000
2016-11-29 05:00:00,297.5300,8.9000
2016-11-29 06:00:00,311.2500,8.9000
2016-11-29 07:00:00,368.8100,11.1000
2016-11-29 08:00:00,430.8600,14.4000
2016-11-29 09:00:00,466.5800,13.9000
2016-11-29 10:00:00,492.3300,13.9000
2016-11-29 11:00:00,464.9800,14.4000
2016-11-29 12:00:00,483.6300,14.4000
2016-11-29 13:00:00,521.2300,17.2000
2016-11-29 14:00:00,446.1100,13.9000
2016-11-29 15:00:00,471.8200,14.4000
2016-11-29 16:00:00,458.5800,15.0000
2016-11-29 17:00:00,440.7900,14.4000
2016-11-29 18:00:00,449.3800,14.4000
2016-11-29 19:00:00,446.3300,13.9000
2016-11-29 20:00:00,428.4600,14.4000
2016-11-29 21:00:00,411.3900,13.3000
2016-11-29 22:00:00,259.3500,12.8000
2016-11-29 23:00:00,183.7100,12.2000
2016-11-30 00:00:00,176.5000,13.3000
2016-11-30 01:00:00,175.1500,13.9000
2016-11-30 02:00:00,174.4600,13.9000
2016-11-30 03:00:00,177.7300,12.8000
2016-11-30 04:00:00,345.2700,13.3000
2016-11-30 05:00:00,369.1700,13.9000
2016-11-30 06:00:00,376.7700,13.9000
2016-11-30 07:00:00,406.3700,13.9000
2016-11-30 08:00:00,445.8600,15.0000
2016-11-30 09:00:00,532.5000,15.6000
2016-11-30 10:00:00,543.1400,16.7000
2016-11-30 11:00:00,532.7600,17.2000
2016-11-30 12:00:00,562.0200,17.8000
2016-11-30 13:00:00,548.8600,20.0000
2016-11-30 14:00:00,542.3300,19.4000
2016-11-30 15:00:00,534.3300,19.4000
2016-11-30 16:00:00,547.2400,18.9000
2016-11-30 17:00:00,525.0500,17.8000
2016-11-30 18:00:00,495.1500,18.3000
2016-11-30 19:00:00,453.9600,16.7000
2016-11-30 20:00:00,419.5100,15.6000
2016-11-30 21:00:00,407.9400,15.0000
2016-11-30 22:00:00,264.0000,15.6000
2016-11-30 23:00:00,189.8500,16.1000
2016-12-01 00:00:00,195.9600,16.7000
2016-12-01 01:00:00,199.3300,16.7000
2016-12-01 02:00:00,206.0700,14.4000
2016-12-01 03:00:00,199.0700,14.4000
2016-12-01 04:00:00,338.9900,13.3000
2016-12-01 05:00:00,343.5600,12.8000
2016-12-01 06:00:00,343.7500,12.2000
2016-12-01 07:00:00,352.0300,11.7000
2016-12-01 08:00:00,398.2500,11.7000
2016-12-01 09:00:00,449.5200,11.7000
2016-12-01 10:00:00,469.0500,12.2000
2016-12-01 11:00:00,482.9900,12.8000
2016-12-01 12:00:00,458.0600,13.3000
2016-12-01 13:00:00,442.7500,14.4000
2016-12-01 14:00:00,431.4800,15.0000
2016-12-01 15:00:00,425.8100,14.4000
2016-12-01 16:00:00,424.4800,12.8000
2016-12-01 17:00:00,382.7100,10.6000
2016-12-01 18:00:00,377.8600,10.0000
2016-12-01 19:00:00,378.1900,9.4000
2016-12-01 20:00:00,360.7200,8.9000
2016-12-01 21:00:00,355.4900,8.3000
2016-12-01 22:00:00,260.3600,8.3000
2016-12-01 23:00:00,213.7100,8.9000
2016-12-02 00:00:00,213.3100,8.9000
2016-12-02 01:00:00,212.8800,8.9000
2016-12-02 02:00:00,215.4800,8.3000
2016-12-02 03:00:00,216.3000,8.3000
2016-12-02 04:00:00,386.4500,7.2000
2016-12-02 05:00:00,361.7300,6.7000
2016-12-02 06:00:00,360.4700,7.2000
2016-12-02 07:00:00,361.2300,7.2000
2016-12-02 08:00:00,358.2200,7.8000
2016-12-02 09:00:00,380.2900,9.4000
2016-12-02 10:00:00,379.3000,9.4000
2016-12-02 11:00:00,363.6900,10.6000
2016-12-02 12:00:00,387.1900,10.6000
2016-12-02 13:00:00,382.7500,12.2000
2016-12-02 14:00:00,366.9100,12.2000
2016-12-02 15:00:00,370.9600,11.1000
2016-12-02 16:00:00,368.9800,10.0000
2016-12-02 17:00:00,362.5600,8.9000
2016-12-02 18:00:00,389.7500,7.8000
2016-12-02 19:00:00,349.2600,7.8000
2016-12-02 20:00:00,313.4200,7.8000
2016-12-02 21:00:00,304.7700,7.2000
2016-12-02 22:00:00,234.8000,7.2000
2016-12-02 23:00:00,213.7100,7.2000
2016-12-03 00:00:00,195.2800,7.2000
2016-12-03 01:00:00,198.6000,
2016-12-03 02:00:00,206.5900,7.2000
2016-12-03 03:00:00,196.6500,7.2000
2016-12-03 04:00:00,188.6100,7.2000
2016-12-03 05:00:00,189.8100,7.2000
2016-12-03 06:00:00,199.4100,6.7000
2016-12-03 07:00:00,201.9700,6.1000
2016-12-03 08:00:00,333.2700,6.1000
2016-12-03 09:00:00,309.7900,7.2000
2016-12-03 10:00:00,316.9800,8.3000
2016-12-03 11:00:00,320.5800,9.4000
2016-12-03 12:00:00,344.3700,10.0000
2016-12-03 13:00:00,339.5400,10.0000
2016-12-03 14:00:00,342.1800,10.0000
2016-12-03 15:00:00,334.2100,9.4000
2016-12-03 16:00:00,339.2400,8.9000
2016-12-03 17:00:00,339.0200,7.8000
2016-12-03 18:00:00,330.5100,7.2000
2016-12-03 19:00:00,308.8800,6.7000
2016-12-03 20:00:00,209.8500,6.7000
2016-12-03 21:00:00,193.7100,6.1000
2016-12-03 22:00:00,208.4800,6.1000
2016-12-03 23:00:00,191.6900,5.6000
2016-12-04 00:00:00,209.5600,5.6000
2016-12-04 01:00:00,191.7000,5.0000
2016-12-04 02:00:00,209.2500,4.4000
2016-12-04 03:00:00,190.9000,4.4000
2016-12-04 04:00:00,191.4800,4.4000
2016-12-04 05:00:00,188.7700,4.4000
2016-12-04 06:00:00,188.3100,3.9000
2016-12-04 07:00:00,190.7700,3.3000
2016-12-04 08:00:00,191.4100,4.4000
2016-12-04 09:00:00,190.1900,5.0000
2016-12-04 10:00:00,186.8500,5.6000
2016-12-04 11:00:00,302.3600,7.2000
2016-12-04 12:00:00,290.7800,7.2000
2016-12-04 13:00:00,277.0700,7.8000
2016-12-04 14:00:00,271.5200,8.3000
2016-12-04 15:00:00,268.0900,8.3000
2016-12-04 16:00:00,271.7000,7.8000
2016-12-04 17:00:00,271.3500,7.2000
2016-12-04 18:00:00,278.7000,7.2000
2016-12-04 19:00:00,290.7400,7.2000
2016-12-04 20:00:00,283.6600,7.2000
2016-12-04 21:00:00,277.5400,6.7000
2016-12-04 22:00:00,220.2000,6.1000
2016-12-04 23:00:00,183.3200,5.6000
2016-12-05 00:00:00,187.2600,5.0000
2016-12-05 01:00:00,187.3800,4.4000
2016-12-05 02:00:00,189.3700,4.4000
2016-12-05 03:00:00,188.8000,5.0000
2016-12-05 04:00:00,325.3900,5.0000
2016-12-05 05:00:00,310.2000,5.0000
2016-12-05 06:00:00,312.4200,5.6000
2016-12-05 07:00:00,359.1300,5.6000
2016-12-05 08:00:00,407.1100,6.1000
2016-12-05 09:00:00,463.8300,6.7000
2016-12-05 10:00:00,447.4900,7.8000
2016-12-05 11:00:00,450.4900,8.3000
2016-12-05 12:00:00,479.9300,11.7000
2016-12-05 13:00:00,476.5800,12.8000
2016-12-05 14:00:00,448.3400,13.3000
2016-12-05 15:00:00,456.3500,13.3000
2016-12-05 16:00:00,439.3400,12.8000
2016-12-05 17:00:00,409.0300,10.6000
2016-12-05 18:00:00,404.2200,10.6000
2016-12-05 19:00:00,381.2200,10.0000
2016-12-05 20:00:00,351.6000,10.0000
2016-12-05 21:00:00,340.2400,8.9000
2016-12-05 22:00:00,240.5600,8.3000
2016-12-05 23:00:00,203.9400,7.8000
2016-12-06 00:00:00,202.3300,7.8000
2016-12-06 01:00:00,197.3700,7.2000
2016-12-06 02:00:00,201.9400,7.2000
2016-12-06 03:00:00,204.5200,6.7000
2016-12-06 04:00:00,332.2900,6.7000
2016-12-06 05:00:00,334.6500,6.1000
2016-12-06 06:00:00,334.0300,6.7000
2016-12-06 07:00:00,323.8600,6.7000
2016-12-06 08:00:00,365.4900,6.7000
2016-12-06 09:00:00,424.3800,6.7000
2016-12-06 10:00:00,429.5900,6.7000
2016-12-06 11:00:00,433.9600,6.1000
2016-12-06 12:00:00,409.3200,6.1000
2016-12-06 13:00:00,418.7400,5.6000
2016-12-06 14:00:00,407.8400,5.6000
2016-12-06 15:00:00,400.3100,5.6000
2016-12-06 16:00:00,405.2600,5.6000
2016-12-06 17:00:00,392.0300,6.1000
2016-12-06 18:00:00,372.1900,6.1000
2016-12-06 19:00:00,360.0600,6.7000
2016-12-06 20:00:00,333.1400,7.2000
2016-12-06 21:00:00,313.4600,7.2000
2016-12-06 22:00:00,240.5700,7.8000
2016-12-06 23:00:00,196.3000,7.8000
2016-12-07 00:00:00,185.5700,7.8000
2016-12-07 01:00:00,183.6700,7.2000
2016-12-07 02:00:00,196.3700,6.1000
2016-12-07 03:00:00,184.2600,6.1000
2016-12-07 04:00:00,304.0100,6.1000
2016-12-07 05:00:00,304.6000,6.1000
2016-12-07 06:00:00,303.9500,6.7000
2016-12-07 07:00:00,320.5200,7.2000
2016-12-07 08:00:00,373.1000,6.7000
2016-12-07 09:00:00,439.7400,7.2000
2016-12-07 10:00:00,434.7700,8.3000
2016-12-07 11:00:00,424.1800,9.4000
2016-12-07 12:00:00,421.9600,10.0000
2016-12-07 13:00:00,404.5700,10.6000
2016-12-07 14:00:00,406.3200,10.6000
2016-12-07 15:00:00,368.7600,10.6000
2016-12-07 16:00:00,393.0800,10.0000
2016-12-07 17:00:00,375.8100,8.9000
2016-12-07 18:00:00,358.4400,8.9000
2016-12-07 19:00:00,334.7800,7.8000
2016-12-07 20:00:00,320.2700,6.1000
2016-12-07 21:00:00,305.2500,6.1000
2016-12-07 22:00:00,233.1200,5.0000
2016-12-07 23:00:00,213.2500,5.0000
2016-12-08 00:00:00,192.7200,4.4000
2016-12-08 01:00:00,198.9000,3.3000
2016-12-08 02:00:00,203.0200,2.8000
2016-12-08 03:00:00,197.3600,3.3000
2016-12-08 04:00:00,328.4200,3.9000
2016-12-08 05:00:00,312.7400,3.9000
2016-12-08 06:00:00,311.1300,5.0000
2016-12-08 07:00:00,339.9700,5.6000
2016-12-08 08:00:00,366.3600,6.1000
2016-12-08 09:00:00,434.4500,7.2000
2016-12-08 10:00:00,424.2200,7.8000
2016-12-08 11:00:00,415.9800,8.3000
2016-12-08 12:00:00,423.5200,8.3000
2016-12-08 13:00:00,406.1200,8.9000
2016-12-08 14:00:00,407.6700,8.3000
2016-12-08 15:00:00,408.2900,8.9000
2016-12-08 16:00:00,423.5000,8.9000
2016-12-08 17:00:00,392.7800,7.2000
2016-12-08 18:00:00,380.9200,6.7000
2016-12-08 19:00:00,364.5800,5.6000
2016-12-08 20:00:00,356.9600,4.4000
2016-12-08 21:00:00,349.7400,3.3000
2016-12-08 22:00:00,254.1000,2.2000
2016-12-08 23:00:00,193.9800,1.7000
2016-12-09 00:00:00,192.9700,1.1000
2016-12-09 01:00:00,196.1900,0.6000
2016-12-09 02:00:00,195.8900,0.6000
2016-12-09 03:00:00,194.1900,0.0000
2016-12-09 04:00:00,329.7100,-0.6000
2016-12-09 05:00:00,368.0000,-0.6000
2016-12-09 06:00:00,371.4500,-0.6000
2016-12-09 07:00:00,380.4500,-0.6000
2016-12-09 08:00:00,412.6000,-0.6000
2016-12-09 09:00:00,487.5300,0.6000
2016-12-09 10:00:00,465.2400,1.7000
2016-12-09 11:00:00,438.0100,2.8000
2016-12-09 12:00:00,464.7200,3.9000
2016-12-09 13:00:00,439.6600,3.9000
2016-12-09 14:00:00,434.8500,4.4000
2016-12-09 15:00:00,434.5200,3.9000
2016-12-09 16:00:00,436.3000,3.3000
2016-12-09 17:00:00,425.2700,2.2000
2016-12-09 18:00:00,423.9600,1.7000
2016-12-09 19:00:00,411.4000,1.1000
2016-12-09 20:00:00,397.9300,0.6000
2016-12-09 21:00:00,376.0800,0.0000
2016-12-09 22:00:00,283.8500,0.0000
2016-12-09 23:00:00,217.5200,0.0000
2016-12-10 00:00:00,219.5500,-0.6000
2016-12-10 01:00:00,220.2700,0.0000
2016-12-10 02:00:00,219.9200,0.0000
2016-12-10 03:00:00,218.4200,0.0000
2016-12-10 04:00:00,218.8500,-0.6000
2016-12-10 05:00:00,220.0800,-0.6000
2016-12-10 06:00:00,220.1200,-1.1000
2016-12-10 07:00:00,221.3000,-0.6000
2016-12-10 08:00:00,377.8100,-0.6000
2016-12-10 09:00:00,391.1000,0.6000
2016-12-10 10:00:00,366.1900,1.7000
2016-12-10 11:00:00,356.0800,2.2000
2016-12-10 12:00:00,348.6700,2.8000
2016-12-10 13:00:00,350.2500,3.3000
2016-12-10 14:00:00,335.5800,3.3000
2016-12-10 15:00:00,343.6900,2.8000
2016-12-10 16:00:00,336.8300,2.2000
2016-12-10 17:00:00,350.9300,0.6000
2016-12-10 18:00:00,364.2000,0.6000
2016-12-10 19:00:00,369.9400,0.0000
2016-12-10 20:00:00,232.5900,0.0000
2016-12-10 21:00:00,218.0600,-0.6000
2016-12-10 22:00:00,217.7000,-1.1000
2016-12-10 23:00:00,218.7400,-1.1000
2016-12-11 00:00:00,218.6900,-1.7000
2016-12-11 01:00:00,221.6500,-1.1000
2016-12-11 02:00:00,221.9000,-1.7000
2016-12-11 03:00:00,221.5000,-1.1000
2016-12-11 04:00:00,220.7500,-1.1000
2016-12-11 05:00:00,217.9000,-0.6000
2016-12-11 06:00:00,216.6800,-0.6000
2016-12-11 07:00:00,219.1300,-0.6000
2016-12-11 08:00:00,211.5000,-0.6000
2016-12-11 09:00:00,209.9700,0.0000
2016-12-11 10:00:00,211.9400,0.6000
2016-12-11 11:00:00,353.9500,1.7000
2016-12-11 12:00:00,361.5600,2.8000
2016-12-11 13:00:00,342.6300,3.3000
2016-12-11 14:00:00,322.2500,4.4000
2016-12-11 15:00:00,327.6000,4.4000
2016-12-11 16:00:00,328.3500,4.4000
2016-12-11 17:00:00,322.4000,3.9000
2016-12-11 18:00:00,332.7700,3.9000
2016-12-11 19:00:00,334.4700,3.3000
2016-12-11 20:00:00,329.6000,3.3000
2016-12-11 21:00:00,325.5700,3.3000
2016-12-11 22:00:00,275.2800,4.4000
2016-12-11 23:00:00,212.7600,5.0000
2016-12-12 00:00:00,215.9800,6.1000
2016-12-12 01:00:00,216.7900,6.7000
2016-12-12 02:00:00,214.7900,5.0000
2016-12-12 03:00:00,214.1700,5.0000
2016-12-12 04:00:00,363.9200,5.6000
2016-12-12 05:00:00,350.2700,5.6000
2016-12-12 06:00:00,357.9900,5.6000
2016-12-12 07:00:00,376.0800,6.7000
2016-12-12 08:00:00,404.4300,7.2000
2016-12-12 09:00:00,478.9200,7.8000
2016-12-12 10:00:00,452.5200,8.3000
2016-12-12 11:00:00,456.4500,8.9000
2016-12-12 12:00:00,444.8300,8.9000
2016-12-12 13:00:00,433.8600,9.4000
2016-12-12 14:00:00,414.4100,10.6000
2016-12-12 15:00:00,401.7300,12.2000
2016-12-12 16:00:00,406.5200,12.2000
2016-12-12 17:00:00,383.3400,11.1000
2016-12-12 18:00:00,364.7400,9.4000
2016-12-12 19:00:00,353.1000,8.3000
2016-12-12 20:00:00,330.2900,8.9000
2016-12-12 21:00:00,315.9500,8.9000
2016-12-12 22:00:00,227.1900,8.9000
2016-12-12 23:00:00,212.7900,8.3000
2016-12-13 00:00:00,206.6100,7.8000
2016-12-13 01:00:00,210.8400,6.1000
2016-12-13 02:00:00,210.1500,6.1000
2016-12-13 03:00:00,209.9800,4.4000
2016-12-13 04:00:00,335.8800,4.4000
2016-12-13 05:00:00,326.8000,5.0000
2016-12-13 06:00:00,330.2900,5.0000
2016-12-13 07:00:00,355.0700,4.4000
2016-12-13 08:00:00,406.6500,4.4000
2016-12-13 09:00:00,463.8200,5.0000
2016-12-13 10:00:00,458.9800,5.6000
2016-12-13 11:00:00,435.3300,6.7000
2016-12-13 12:00:00,432.0400,6.7000
2016-12-13 13:00:00,408.3200,7.8000
2016-12-13 14:00:00,409.1900,7.8000
2016-12-13 15:00:00,410.7700,7.8000
2016-12-13 16:00:00,411.0500,7.2000
2016-12-13 17:00:00,398.6500,6.7000
2016-12-13 18:00:00,392.3600,6.7000
2016-12-13 19:00:00,375.0900,6.1000
2016-12-13 20:00:00,363.0100,6.1000
2016-12-13 21:00:00,342.4200,5.6000
2016-12-13 22:00:00,254.9900,5.0000
2016-12-13 23:00:00,209.8700,5.6000
2016-12-14 00:00:00,211.5500,5.6000
2016-12-14 01:00:00,213.9900,5.0000
2016-12-14 02:00:00,213.7000,4.4000
2016-12-14 03:00:00,214.0400,3.9000
2016-12-14 04:00:00,335.3300,3.9000
2016-12-14 05:00:00,336.7100,4.4000
2016-12-14 06:00:00,336.1800,3.3000
2016-12-14 07:00:00,367.1700,2.8000
2016-12-14 08:00:00,411.0600,3.3000
2016-12-14 09:00:00,454.0700,4.4000
2016-12-14 10:00:00,437.6000,5.6000
2016-12-14 11:00:00,431.1300,6.7000
2016-12-14 12:00:00,424.6300,8.3000
2016-12-14 13:00:00,422.6600,8.3000
2016-12-14 14:00:00,424.6900,8.3000
2016-12-14 15:00:00,416.7000,7.8000
2016-12-14 16:00:00,414.2100,7.8000
2016-12-14 17:00:00,413.6000,6.7000
2016-12-14 18:00:00,398.2800,6.7000
2016-12-14 19:00:00,385.3500,6.7000
2016-12-14 20:00:00,365.1800,5.6000
2016-12-14 21:00:00,353.7500,5.6000
2016-12-14 22:00:00,269.9500,5.6000
2016-12-14 23:00:00,211.4200,5.0000
2016-12-15 00:00:00,211.6800,5.0000
2016-12-15 01:00:00,218.9100,3.9000
2016-12-15 02:00:00,217.5000,3.9000
2016-12-15 03:00:00,217.6400,3.3000
2016-12-15 04:00:00,348.4100,2.8000
2016-12-15 05:00:00,359.3700,1.7000
2016-12-15 06:00:00,364.0100,0.0000
2016-12-15 07:00:00,388.0800,-1.7000
2016-12-15 08:00:00,428.0500,-2.2000
2016-12-15 09:00:00,470.5400,-3.3000
2016-12-15 10:00:00,479.1400,-3.9000
2016-12-15 11:00:00,497.3400,-3.3000
2016-12-15 12:00:00,527.5100,-3.3000
2016-12-15 13:00:00,528.0400,-3.3000
2016-12-15 14:00:00,495.1400,-3.3000
2016-12-15 15:00:00,515.2700,-3.9000
2016-12-15 16:00:00,511.9200,-5.0000
2016-12-15 17:00:00,498.0700,-5.6000
2016-12-15 18:00:00,504.7200,-6.1000
2016-12-15 19:00:00,497.5300,-6.7000
2016-12-15 20:00:00,464.1200,-6.7000
2016-12-15 21:00:00,467.1700,-7.2000
2016-12-15 22:00:00,345.4200,-7.2000
2016-12-15 23:00:00,261.3000,-7.2000
2016-12-16 00:00:00,267.7400,-7.8000
2016-12-16 01:00:00,264.4400,-7.8000
2016-12-16 02:00:00,263.6200,-7.8000
2016-12-16 03:00:00,257.9400,-7.8000
2016-12-16 04:00:00,445.6000,-8.3000
2016-12-16 05:00:00,469.4700,-7.8000
2016-12-16 06:00:00,467.0800,-7.8000
2016-12-16 07:00:00,479.4700,-7.2000
2016-12-16 08:00:00,528.9200,-7.2000
2016-12-16 09:00:00,565.6300,-6.1000
2016-12-16 10:00:00,541.7800,-5.0000
2016-12-16 11:00:00,553.6400,-4.4000
2016-12-16 12:00:00,565.6100,-3.9000
2016-12-16 13:00:00,563.9500,-3.3000
2016-12-16 14:00:00,544.1400,-3.3000
2016-12-16 15:00:00,543.8100,-2.8000
2016-12-16 16:00:00,524.6600,-2.8000
2016-12-16 17:00:00,523.2800,-2.8000
2016-12-16 18:00:00,510.5900,-2.8000
2016-12-16 19:00:00,480.6300,-2.8000
2016-12-16 20:00:00,475.0300,-2.2000
2016-12-16 21:00:00,451.1100,-2.2000
2016-12-16 22:00:00,345.8800,-2.2000
2016-12-16 23:00:00,273.8400,-1.7000
2016-12-17 00:00:00,277.4700,-1.1000
2016-12-17 01:00:00,274.8800,-1.1000
2016-12-17 02:00:00,273.8100,-1.1000
2016-12-17 03:00:00,272.3600,-0.6000
2016-12-17 04:00:00,272.1900,-1.1000
2016-12-17 05:00:00,274.7300,-2.2000
2016-12-17 06:00:00,274.6600,-2.2000
2016-12-17 07:00:00,277.4700,-2.2000
2016-12-17 08:00:00,442.1400,-1.7000
2016-12-17 09:00:00,406.3800,-1.1000
2016-12-17 10:00:00,407.3900,-0.6000
2016-12-17 11:00:00,398.3800,0.0000
2016-12-17 12:00:00,385.9400,0.6000
2016-12-17 13:00:00,393.3400,1.1000
2016-12-17 14:00:00,384.6900,2.2000
2016-12-17 15:00:00,388.0100,4.4000
2016-12-17 16:00:00,382.6200,6.1000
2016-12-17 17:00:00,371.0400,5.6000
2016-12-17 18:00:00,374.5600,4.4000
2016-12-17 19:00:00,370.8400,3.9000
2016-12-17 20:00:00,263.1600,2.8000
2016-12-17 21:00:00,258.0100,2.8000
2016-12-17 22:00:00,256.1800,2.8000
2016-12-17 23:00:00,249.6500,6.1000
2016-12-18 00:00:00,249.2900,8.9000
2016-12-18 01:00:00,251.8100,10.0000
2016-12-18 02:00:00,276.4700,12.2000
2016-12-18 03:00:00,247.0400,12.2000
2016-12-18 04:00:00,240.2800,13.3000
2016-12-18 05:00:00,241.2400,12.8000
2016-12-18 06:00:00,240.6800,10.6000
2016-12-18 07:00:00,241.0900,15.6000
2016-12-18 08:00:00,231.4500,16.1000
2016-12-18 09:00:00,230.2500,13.3000
2016-12-18 10:00:00,229.6500,12.8000
2016-12-18 11:00:00,353.8600,13.9000
2016-12-18 12:00:00,363.1100,14.4000
2016-12-18 13:00:00,354.4300,18.3000
2016-12-18 14:00:00,340.0900,9.4000
2016-12-18 15:00:00,323.2000,7.2000
2016-12-18 16:00:00,329.7100,6.7000
2016-12-18 17:00:00,331.9800,6.1000
2016-12-18 18:00:00,344.0900,5.0000
2016-12-18 19:00:00,347.5600,4.4000
2016-12-18 20:00:00,338.0400,3.9000
2016-12-18 21:00:00,347.1100,3.9000
2016-12-18 22:00:00,298.7500,3.3000
2016-12-18 23:00:00,256.2400,2.8000
2016-12-19 00:00:00,258.4400,2.2000
2016-12-19 01:00:00,255.5800,1.7000
2016-12-19 02:00:00,256.1000,1.7000
2016-12-19 03:00:00,257.4600,1.1000
2016-12-19 04:00:00,385.8900,0.6000
2016-12-19 05:00:00,394.7200,0.0000
2016-12-19 06:00:00,388.2100,0.0000
2016-12-19 07:00:00,419.5700,0.0000
2016-12-19 08:00:00,451.6000,-0.6000
2016-12-19 09:00:00,507.9100,0.0000
2016-12-19 10:00:00,509.7600,0.0000
2016-12-19 11:00:00,496.4800,1.7000
2016-12-19 12:00:00,483.7300,2.8000
2016-12-19 13:00:00,484.3000,2.8000
2016-12-19 14:00:00,480.0400,2.8000
2016-12-19 15:00:00,468.6200,2.8000
2016-12-19 16:00:00,454.8600,2.2000
2016-12-19 17:00:00,457.4700,1.1000
2016-12-19 18:00:00,449.9000,1.1000
2016-12-19 19:00:00,438.4700,1.1000
2016-12-19 20:00:00,405.8100,0.0000
2016-12-19 21:00:00,400.6800,-0.6000
2016-12-19 22:00:00,278.1600,-0.6000
2016-12-19 23:00:00,255.6400,-0.6000
2016-12-20 00:00:00,252.9700,-0.6000
2016-12-20 01:00:00,254.1300,-1.1000
2016-12-20 02:00:00,256.5700,-1.1000
2016-12-20 03:00:00,254.3700,-1.7000
2016-12-20 04:00:00,405.9700,-2.2000
2016-12-20 05:00:00,410.2200,-2.8000
2016-12-20 06:00:00,432.5200,-2.8000
2016-12-20 07:00:00,429.1800,-2.8000
2016-12-20 08:00:00,461.6900,-2.8000
2016-12-20 09:00:00,534.7600,-2.2000
2016-12-20 10:00:00,516.5900,-0.6000
2016-12-20 11:00:00,515.3000,0.6000
2016-12-20 12:00:00,513.6200,1.1000
2016-12-20 13:00:00,543.5000,1.7000
2016-12-20 14:00:00,520.5400,2.2000
2016-12-20 15:00:00,517.8800,2.8000
2016-12-20 16:00:00,539.6600,2.8000
2016-12-20 17:00:00,492.2400,1.7000
2016-12-20 18:00:00,495.7100,1.1000
2016-12-20 19:00:00,496.9500,1.1000
2016-12-20 20:00:00,479.4400,0.0000
2016-12-20 21:00:00,454.0300,-0.6000
2016-12-20 22:00:00,365.2100,0.0000
2016-12-20 23:00:00,266.1700,-1.1000
2016-12-21 00:00:00,268.3600,-1.1000
2016-12-21 01:00:00,272.6100,-1.7000
2016-12-21 02:00:00,274.7200,-1.1000
2016-12-21 03:00:00,274.9500,-1.7000
2016-12-21 04:00:00,448.1700,-1.1000
2016-12-21 05:00:00,466.9700,-2.8000
2016-12-21 06:00:00,477.9800,-1.7000
2016-12-21 07:00:00,487.3900,3.9000
2016-12-21 08:00:00,504.1300,4.4000
2016-12-21 09:00:00,566.6000,2.2000
2016-12-21 10:00:00,524.9600,5.0000
2016-12-21 11:00:00,513.3300,7.8000
2016-12-21 12:00:00,510.6400,6.7000
2016-12-21 13:00:00,500.9500,6.7000
2016-12-21 14:00:00,491.8400,7.8000
2016-12-21 15:00:00,478.4100,8.9000
2016-12-21 16:00:00,474.7700,8.3000
2016-12-21 17:00:00,461.9300,7.8000
2016-12-21 18:00:00,488.5700,7.2000
2016-12-21 19:00:00,447.5200,4.4000
2016-12-21 20:00:00,421.8000,5.0000
2016-12-21 21:00:00,422.2800,2.8000
2016-12-21 22:00:00,338.1000,3.3000
2016-12-21 23:00:00,277.5000,2.2000
2016-12-22 00:00:00,266.1100,2.2000
2016-12-22 01:00:00,263.2400,2.8000
2016-12-22 02:00:00,266.5000,5.0000
2016-12-22 03:00:00,265.9000,5.0000
2016-12-22 04:00:00,423.4100,5.0000
2016-12-22 05:00:00,420.6200,5.0000
2016-12-22 06:00:00,420.7000,5.0000
2016-12-22 07:00:00,426.0900,4.4000
2016-12-22 08:00:00,417.3500,5.6000
2016-12-22 09:00:00,401.8600,6.7000
2016-12-22 10:00:00,395.3400,6.7000
2016-12-22 11:00:00,402.0000,8.3000
2016-12-22 12:00:00,410.7900,10.0000
2016-12-22 13:00:00,462.8200,13.9000
2016-12-22 14:00:00,474.9700,14.4000
2016-12-22 15:00:00,458.3700,14.4000
2016-12-22 16:00:00,411.0700,12.8000
2016-12-22 17:00:00,385.1800,8.3000
2016-12-22 18:00:00,402.1800,7.2000
2016-12-22 19:00:00,411.4800,7.2000
2016-12-22 20:00:00,414.6900,7.2000
2016-12-22 21:00:00,409.2400,6.1000
2016-12-22 22:00:00,332.8200,5.0000
2016-12-22 23:00:00,261.8100,4.4000
2016-12-23 00:00:00,260.3800,4.4000
2016-12-23 01:00:00,263.5100,3.9000
2016-12-23 02:00:00,263.8900,2.2000
2016-12-23 03:00:00,262.3900,2.8000
2016-12-23 04:00:00,436.4100,0.6000
2016-12-23 05:00:00,441.4900,0.0000
2016-12-23 06:00:00,446.0300,0.6000
2016-12-23 07:00:00,449.2800,0.0000
2016-12-23 08:00:00,429.8900,0.0000
2016-12-23 09:00:00,421.4200,2.2000
2016-12-23 10:00:00,410.6500,4.4000
2016-12-23 11:00:00,399.6600,5.6000
2016-12-23 12:00:00,396.5300,7.8000
2016-12-23 13:00:00,403.6800,7.8000
2016-12-23 14:00:00,401.1300,7.2000
2016-12-23 15:00:00,389.8000,7.8000
2016-12-23 16:00:00,380.7100,6.7000
2016-12-23 17:00:00,380.2600,5.6000
2016-12-23 18:00:00,393.2500,4.4000
2016-12-23 19:00:00,398.8600,4.4000
2016-12-23 20:00:00,398.7600,5.0000
2016-12-23 21:00:00,400.8300,5.0000
2016-12-23 22:00:00,327.1600,5.0000
2016-12-23 23:00:00,265.0500,5.6000
2016-12-24 00:00:00,256.7400,5.6000
2016-12-24 01:00:00,259.8200,5.6000
2016-12-24 02:00:00,259.0300,5.6000
2016-12-24 03:00:00,261.1500,5.6000
2016-12-24 04:00:00,256.2800,5.0000
2016-12-24 05:00:00,259.6500,4.4000
2016-12-24 06:00:00,255.8900,4.4000
2016-12-24 07:00:00,258.6200,4.4000
2016-12-24 08:00:00,445.2600,4.4000
2016-12-24 09:00:00,445.1800,5.0000
2016-12-24 10:00:00,390.7400,6.1000
2016-12-24 11:00:00,418.6000,6.7000
2016-12-24 12:00:00,410.6000,7.2000
2016-12-24 13:00:00,405.6800,7.8000
2016-12-24 14:00:00,392.3900,7.8000
2016-12-24 15:00:00,399.5200,8.3000
2016-12-24 16:00:00,390.4300,8.3000
2016-12-24 17:00:00,393.9600,8.3000
2016-12-24 18:00:00,398.6600,8.3000
2016-12-24 19:00:00,405.8900,7.8000
2016-12-24 20:00:00,300.0900,5.6000
2016-12-24 21:00:00,280.2500,2.8000
2016-12-24 22:00:00,273.1200,3.9000
2016-12-24 23:00:00,282.7500,3.9000
2016-12-25 00:00:00,256.0400,2.2000
2016-12-25 01:00:00,255.4200,5.0000
2016-12-25 02:00:00,254.8600,6.7000
2016-12-25 03:00:00,254.0000,5.0000
2016-12-25 04:00:00,254.7600,3.9000
2016-12-25 05:00:00,253.7500,1.7000
2016-12-25 06:00:00,254.5100,2.8000
2016-12-25 07:00:00,259.3300,2.2000
2016-12-25 08:00:00,250.1300,3.3000
2016-12-25 09:00:00,243.8200,4.4000
2016-12-25 10:00:00,241.9800,6.7000
2016-12-25 11:00:00,375.6100,7.2000
2016-12-25 12:00:00,369.0100,8.9000
2016-12-25 13:00:00,360.8800,10.0000
2016-12-25 14:00:00,371.2200,10.0000
2016-12-25 15:00:00,364.8100,10.0000
2016-12-25 16:00:00,361.5200,9.4000
2016-12-25 17:00:00,357.6900,7.8000
2016-12-25 18:00:00,342.8500,7.2000
2016-12-25 19:00:00,364.3800,5.6000
2016-12-25 20:00:00,369.1000,6.1000
2016-12-25 21:00:00,371.3600,4.4000
2016-12-25 22:00:00,317.1200,3.9000
2016-12-25 23:00:00,259.3700,3.9000
2016-12-26 00:00:00,256.3000,2.8000
2016-12-26 01:00:00,257.2800,3.9000
2016-12-26 02:00:00,255.6200,3.9000
2016-12-26 03:00:00,254.8800,4.4000
2016-12-26 04:00:00,414.0300,4.4000
2016-12-26 05:00:00,409.9000,4.4000
2016-12-26 06:00:00,400.2900,4.4000
2016-12-26 07:00:00,402.8700,5.0000
2016-12-26 08:00:00,394.8800,5.0000
2016-12-26 09:00:00,386.4800,5.0000
2016-12-26 10:00:00,396.0700,5.6000
2016-12-26 11:00:00,383.0100,5.6000
2016-12-26 12:00:00,380.0700,6.7000
2016-12-26 13:00:00,380.2600,7.2000
2016-12-26 14:00:00,374.5000,6.7000
2016-12-26 15:00:00,377.2600,7.2000
2016-12-26 16:00:00,369.9800,7.8000
2016-12-26 17:00:00,378.3600,7.8000
2016-12-26 18:00:00,390.3000,7.2000
2016-12-26 19:00:00,388.2400,7.2000
2016-12-26 20:00:00,381.0200,7.2000
2016-12-26 21:00:00,377.6900,7.2000
2016-12-26 22:00:00,283.1500,7.2000
2016-12-26 23:00:00,256.1800,8.9000
2016-12-27 00:00:00,247.8100,8.9000
2016-12-27 01:00:00,248.0500,11.1000
2016-12-27 02:00:00,248.7400,11.7000
2016-12-27 03:00:00,273.0000,12.2000
2016-12-27 04:00:00,443.1600,13.9000
2016-12-27 05:00:00,494.7800,13.9000
2016-12-27 06:00:00,496.4700,13.3000
2016-12-27 07:00:00,472.9900,13.3000
2016-12-27 08:00:00,439.4300,13.3000
2016-12-27 09:00:00,451.5600,14.4000
2016-12-27 10:00:00,457.2600,15.0000
2016-12-27 11:00:00,457.9000,15.6000
2016-12-27 12:00:00,458.3400,16.7000
2016-12-27 13:00:00,455.5500,18.3000
2016-12-27 14:00:00,451.8400,19.4000
2016-12-27 15:00:00,450.4900,18.9000
2016-12-27 16:00:00,451.3300,15.0000
2016-12-27 17:00:00,444.4800,16.1000
2016-12-27 18:00:00,422.6800,16.1000
2016-12-27 19:00:00,436.8800,13.9000
2016-12-27 20:00:00,444.0400,13.9000
2016-12-27 21:00:00,422.0500,13.3000
2016-12-27 22:00:00,320.1600,12.2000
2016-12-27 23:00:00,263.1500,11.7000
2016-12-28 00:00:00,251.6000,10.6000
2016-12-28 01:00:00,254.5100,10.0000
2016-12-28 02:00:00,256.6000,8.9000
2016-12-28 03:00:00,257.5400,8.3000
2016-12-28 04:00:00,424.9700,7.8000
2016-12-28 05:00:00,400.1300,7.2000
2016-12-28 06:00:00,414.7800,6.1000
2016-12-28 07:00:00,429.3400,4.4000
2016-12-28 08:00:00,407.6200,4.4000
2016-12-28 09:00:00,402.0900,6.7000
2016-12-28 10:00:00,397.6200,7.2000
2016-12-28 11:00:00,405.4500,8.3000
2016-12-28 12:00:00,417.4800,8.9000
2016-12-28 13:00:00,406.3200,10.0000
2016-12-28 14:00:00,424.3200,10.6000
2016-12-28 15:00:00,399.1500,10.6000
2016-12-28 16:00:00,417.7400,10.6000
2016-12-28 17:00:00,380.8900,7.2000
2016-12-28 18:00:00,386.7000,6.7000
2016-12-28 19:00:00,404.5800,6.7000
2016-12-28 20:00:00,394.0000,5.0000
2016-12-28 21:00:00,389.5900,4.4000
2016-12-28 22:00:00,326.1700,4.4000
2016-12-28 23:00:00,256.2600,3.9000
2016-12-29 00:00:00,254.0700,2.8000
2016-12-29 01:00:00,259.0300,3.3000
2016-12-29 02:00:00,258.4700,3.9000
2016-12-29 03:00:00,257.2200,4.4000
2016-12-29 04:00:00,422.8100,3.9000
2016-12-29 05:00:00,403.4000,3.9000
2016-12-29 06:00:00,414.2900,3.9000
2016-12-29 07:00:00,429.7900,4.4000
2016-12-29 08:00:00,418.1600,5.0000
2016-12-29 09:00:00,408.5500,6.1000
2016-12-29 10:00:00,427.3200,6.1000
2016-12-29 11:00:00,430.4700,6.7000
2016-12-29 12:00:00,418.8400,7.2000
2016-12-29 13:00:00,402.9200,7.8000
2016-12-29 14:00:00,429.9000,7.8000
2016-12-29 15:00:00,400.9200,8.9000
2016-12-29 16:00:00,400.3800,7.8000
2016-12-29 17:00:00,390.4800,9.4000
2016-12-29 18:00:00,398.2100,8.3000
2016-12-29 19:00:00,400.4800,7.2000
2016-12-29 20:00:00,396.9900,6.1000
2016-12-29 21:00:00,397.3200,5.0000
2016-12-29 22:00:00,325.4100,4.4000
2016-12-29 23:00:00,254.7900,2.2000
2016-12-30 00:00:00,258.2800,2.8000
2016-12-30 01:00:00,261.0400,5.0000
2016-12-30 02:00:00,259.3900,4.4000
2016-12-30 03:00:00,257.8800,3.9000
2016-12-30 04:00:00,452.3100,2.8000
2016-12-30 05:00:00,454.1500,3.3000
2016-12-30 06:00:00,473.9100,3.3000
2016-12-30 07:00:00,477.7800,2.8000
2016-12-30 08:00:00,447.8900,2.8000
2016-12-30 09:00:00,434.7900,3.9000
2016-12-30 10:00:00,412.2800,5.0000
2016-12-30 11:00:00,418.4800,5.6000
2016-12-30 12:00:00,420.9900,5.6000
2016-12-30 13:00:00,408.2600,5.6000
2016-12-30 14:00:00,409.4600,6.1000
2016-12-30 15:00:00,411.3900,5.0000
2016-12-30 16:00:00,401.2700,3.9000
2016-12-30 17:00:00,441.5400,3.3000
2016-12-30 18:00:00,422.3100,2.8000
2016-12-30 19:00:00,442.8600,2.8000
2016-12-30 20:00:00,429.0600,2.2000
2016-12-30 21:00:00,432.9600,1.7000
2016-12-30 22:00:00,348.1300,1.7000
2016-12-30 23:00:00,269.4700,0.6000
2016-12-31 00:00:00,266.7400,0.6000
2016-12-31 01:00:00,268.3000,0.0000
2016-12-31 02:00:00,269.0100,-0.6000
2016-12-31 03:00:00,266.6600,-1.7000
2016-12-31 04:00:00,266.3400,-1.7000
2016-12-31 05:00:00,265.7400,-1.1000
2016-12-31 06:00:00,265.3300,-0.6000
2016-12-31 07:00:00,265.7000,-1.1000
2016-12-31 08:00:00,440.7900,-0.6000
2016-12-31 09:00:00,439.4400,1.7000
2016-12-31 10:00:00,435.1500,2.8000
2016-12-31 11:00:00,408.1200,4.4000
2016-12-31 12:00:00,324.3900,6.1000
2016-12-31 13:00:00,81.7100,7.8000
2016-12-31 14:00:00,436.7000,9.4000
2016-12-31 15:00:00,406.1400,8.9000
2016-12-31 16:00:00,413.3800,8.9000
2016-12-31 17:00:00,407.2900,8.9000
2016-12-31 18:00:00,413.5100,8.9000
2016-12-31 19:00:00,402.9500,8.9000
2016-12-31 20:00:00,366.7900,8.3000
2016-12-31 21:00:00,333.1000,8.9000
2016-12-31 22:00:00,325.8300,8.3000
2016-12-31 23:00:00,327.6900,7.8000
2017-01-01 00:00:00,330.4600,7.2000
2017-01-01 01:00:00,330.3500,7.8000
2017-01-01 02:00:00,323.8300,6.7000
2017-01-01 03:00:00,343.2200,6.1000
2017-01-01 04:00:00,336.3200,5.0000
2017-01-01 05:00:00,325.6300,4.4000
2017-01-01 06:00:00,329.6600,4.4000
2017-01-01 07:00:00,353.4100,3.9000
2017-01-01 08:00:00,357.0700,4.4000
2017-01-01 09:00:00,346.9400,6.7000
2017-01-01 10:00:00,343.2000,7.2000
2017-01-01 11:00:00,352.4500,9.4000
2017-01-01 12:00:00,365.0400,11.7000
2017-01-01 13:00:00,394.8600,12.2000
2017-01-01 14:00:00,412.4700,12.8000
2017-01-01 15:00:00,406.3700,12.8000
2017-01-01 16:00:00,396.6100,11.7000
2017-01-01 17:00:00,362.2500,10.0000
2017-01-01 18:00:00,377.1200,8.3000
2017-01-01 19:00:00,353.3400,7.8000
2017-01-01 20:00:00,368.9500,8.3000
2017-01-01 21:00:00,385.9100,7.8000
2017-01-01 22:00:00,351.0700,6.1000
2017-01-01 23:00:00,328.1700,7.8000
2017-01-02 00:00:00,332.3900,8.3000
2017-01-02 01:00:00,335.2600,7.8000
2017-01-02 02:00:00,333.5300,6.7000
2017-01-02 03:00:00,331.1500,5.6000
2017-01-02 04:00:00,392.4200,5.6000
2017-01-02 05:00:00,393.1300,5.0000
2017-01-02 06:00:00,390.7700,5.0000
2017-01-02 07:00:00,387.0600,5.0000
2017-01-02 08:00:00,388.3500,5.0000
2017-01-02 09:00:00,399.5200,5.6000
2017-01-02 10:00:00,386.0200,6.1000
2017-01-02 11:00:00,395.3900,6.7000
2017-01-02 12:00:00,386.9600,7.2000
2017-01-02 13:00:00,407.5800,6.7000
2017-01-02 14:00:00,386.6200,6.7000
2017-01-02 15:00:00,389.2700,6.7000
2017-01-02 16:00:00,388.4700,6.7000
2017-01-02 17:00:00,387.0900,6.7000
2017-01-02 18:00:00,399.1800,6.7000
2017-01-02 19:00:00,402.8300,6.7000
2017-01-02 20:00:00,405.7500,6.7000
2017-01-02 21:00:00,445.4100,6.7000
2017-01-02 22:00:00,374.7100,6.7000
2017-01-02 23:00:00,338.4700,6.7000
2017-01-03 00:00:00,335.4200,6.1000
2017-01-03 01:00:00,351.9300,6.1000
2017-01-03 02:00:00,377.4700,6.1000
2017-01-03 03:00:00,373.3800,6.1000
2017-01-03 04:00:00,390.1700,6.1000
2017-01-03 05:00:00,407.4000,6.1000
2017-01-03 06:00:00,433.6500,6.1000
2017-01-03 07:00:00,393.8100,6.1000
2017-01-03 08:00:00,445.4300,6.1000
2017-01-03 09:00:00,520.5600,6.1000
2017-01-03 10:00:00,492.9900,6.1000
2017-01-03 11:00:00,507.7100,7.2000
2017-01-03 12:00:00,519.3100,7.2000
2017-01-03 13:00:00,515.4000,7.2000
2017-01-03 14:00:00,513.6800,7.8000
2017-01-03 15:00:00,541.0900,7.2000
2017-01-03 16:00:00,512.0600,7.2000
2017-01-03 17:00:00,490.0900,7.8000
2017-01-03 18:00:00,449.4900,7.8000
2017-01-03 19:00:00,431.4700,7.8000
2017-01-03 20:00:00,413.1400,7.8000
2017-01-03 21:00:00,399.1500,7.2000
2017-01-03 22:00:00,331.3700,7.2000
2017-01-03 23:00:00,281.8400,7.8000
2017-01-04 00:00:00,270.8000,7.8000
2017-01-04 01:00:00,272.2000,7.2000
2017-01-04 02:00:00,275.0300,7.8000
2017-01-04 03:00:00,277.2300,8.3000
2017-01-04 04:00:00,429.8700,8.3000
2017-01-04 05:00:00,419.9000,8.3000
2017-01-04 06:00:00,402.6800,7.8000
2017-01-04 07:00:00,416.7600,7.2000
2017-01-04 08:00:00,443.5000,7.2000
2017-01-04 09:00:00,525.5400,8.3000
2017-01-04 10:00:00,527.7800,8.9000
2017-01-04 11:00:00,519.3300,9.4000
2017-01-04 12:00:00,488.4300,12.2000
2017-01-04 13:00:00,511.7400,13.3000
2017-01-04 14:00:00,543.4600,13.9000
2017-01-04 15:00:00,501.1900,12.8000
2017-01-04 16:00:00,469.3000,11.7000
2017-01-04 17:00:00,442.7100,10.0000
2017-01-04 18:00:00,441.5700,8.9000
2017-01-04 19:00:00,424.0700,7.2000
2017-01-04 20:00:00,412.0300,6.1000
2017-01-04 21:00:00,404.2400,4.4000
2017-01-04 22:00:00,331.2900,4.4000
2017-01-04 23:00:00,261.2800,3.3000
2017-01-05 00:00:00,262.8800,2.2000
2017-01-05 01:00:00,265.8500,1.1000
2017-01-05 02:00:00,267.8900,0.6000
2017-01-05 03:00:00,266.1600,0.0000
2017-01-05 04:00:00,428.4200,0.0000
2017-01-05 05:00:00,432.6300,-1.1000
2017-01-05 06:00:00,428.5300,0.0000
2017-01-05 07:00:00,445.2200,0.0000
2017-01-05 08:00:00,483.9800,0.0000
2017-01-05 09:00:00,530.7200,0.0000
2017-01-05 10:00:00,513.1300,0.6000
2017-01-05 11:00:00,525.9800,1.1000
2017-01-05 12:00:00,525.7400,1.7000
2017-01-05 13:00:00,518.5000,2.2000
2017-01-05 14:00:00,502.2300,2.2000
2017-01-05 15:00:00,503.1900,1.1000
2017-01-05 16:00:00,486.8000,1.1000
2017-01-05 17:00:00,476.0400,1.7000
2017-01-05 18:00:00,466.2700,2.2000
2017-01-05 19:00:00,455.7500,2.2000
2017-01-05 20:00:00,446.8000,2.2000
2017-01-05 21:00:00,432.9900,2.2000
2017-01-05 22:00:00,321.6700,2.2000
2017-01-05 23:00:00,247.6600,2.2000
2017-01-06 00:00:00,246.7900,2.2000
2017-01-06 01:00:00,249.8500,1.7000
2017-01-06 02:00:00,249.2700,1.1000
2017-01-06 03:00:00,251.4700,0.6000
2017-01-06 04:00:00,423.0100,0.6000
2017-01-06 05:00:00,426.8400,0.6000
2017-01-06 06:00:00,450.7300,0.0000
2017-01-06 07:00:00,463.2500,0.0000
2017-01-06 08:00:00,486.7400,0.0000
2017-01-06 09:00:00,558.6900,0.0000
2017-01-06 10:00:00,521.0000,0.0000
2017-01-06 11:00:00,523.4400,0.6000
2017-01-06 12:00:00,511.1200,0.0000
2017-01-06 13:00:00,502.5900,1.1000
2017-01-06 14:00:00,484.9400,0.0000
2017-01-06 15:00:00,506.0000,-0.6000
2017-01-06 16:00:00,520.3700,-1.1000
2017-01-06 17:00:00,499.6500,-1.1000
2017-01-06 18:00:00,499.9700,-1.1000
2017-01-06 19:00:00,491.9600,-1.7000
2017-01-06 20:00:00,464.3300,-1.7000
2017-01-06 21:00:00,455.9300,-2.2000
2017-01-06 22:00:00,345.6400,-2.2000
2017-01-06 23:00:00,260.8900,-2.2000
2017-01-07 00:00:00,257.5400,-2.2000
2017-01-07 01:00:00,254.4100,-2.8000
2017-01-07 02:00:00,255.2800,-2.8000
2017-01-07 03:00:00,254.3500,-3.3000
2017-01-07 04:00:00,255.8700,-3.9000
2017-01-07 05:00:00,256.1900,-4.4000
2017-01-07 06:00:00,257.4600,-4.4000
2017-01-07 07:00:00,255.0400,-4.4000
2017-01-07 08:00:00,456.3500,-4.4000
2017-01-07 09:00:00,469.1400,-4.4000
2017-01-07 10:00:00,504.7100,-5.0000
2017-01-07 11:00:00,462.4300,-4.4000
2017-01-07 12:00:00,456.6400,-5.0000
2017-01-07 13:00:00,450.3300,-5.6000
2017-01-07 14:00:00,464.8700,-5.6000
2017-01-07 15:00:00,458.9500,-4.4000
2017-01-07 16:00:00,458.8000,-3.9000
2017-01-07 17:00:00,456.9500,-4.4000
2017-01-07 18:00:00,475.9300,-5.0000
2017-01-07 19:00:00,481.1800,-5.0000
2017-01-07 20:00:00,282.5100,-5.6000
2017-01-07 21:00:00,258.7400,-6.1000
2017-01-07 22:00:00,259.7600,-6.7000
2017-01-07 23:00:00,257.7800,-6.7000
2017-01-08 00:00:00,259.7100,-6.7000
2017-01-08 01:00:00,260.4500,-7.2000
2017-01-08 02:00:00,259.9700,-7.8000
2017-01-08 03:00:00,263.8000,-7.8000
2017-01-08 04:00:00,263.4000,-8.3000
2017-01-08 05:00:00,265.0500,-8.9000
2017-01-08 06:00:00,265.4900,-8.9000
2017-01-08 07:00:00,263.9700,-9.4000
2017-01-08 08:00:00,259.6600,-9.4000
2017-01-08 09:00:00,249.9200,-7.8000
2017-01-08 10:00:00,249.0700,-6.7000
2017-01-08 11:00:00,429.8000,-5.6000
2017-01-08 12:00:00,478.3200,-5.0000
2017-01-08 13:00:00,454.1900,-4.4000
2017-01-08 14:00:00,439.2900,-3.9000
2017-01-08 15:00:00,425.0800,-4.4000
2017-01-08 16:00:00,442.3000,-5.0000
2017-01-08 17:00:00,437.8900,-5.6000
2017-01-08 18:00:00,475.7900,-6.1000
2017-01-08 19:00:00,442.8800,-6.1000
2017-01-08 20:00:00,500.0000,-6.1000
2017-01-08 21:00:00,475.3300,-6.7000
2017-01-08 22:00:00,371.1500,-6.7000
2017-01-08 23:00:00,261.0000,-7.2000
2017-01-09 00:00:00,260.8300,-7.8000
2017-01-09 01:00:00,262.4700,-8.3000
2017-01-09 02:00:00,262.4300,-8.3000
2017-01-09 03:00:00,262.5000,-8.3000
2017-01-09 04:00:00,488.3300,-8.3000
2017-01-09 05:00:00,528.1900,-8.3000
2017-01-09 06:00:00,505.5400,-7.8000
2017-01-09 07:00:00,523.4900,-7.8000
2017-01-09 08:00:00,557.3100,-7.2000
2017-01-09 09:00:00,681.6700,-6.7000
2017-01-09 10:00:00,641.1300,-6.1000
2017-01-09 11:00:00,627.3300,-5.0000
2017-01-09 12:00:00,606.7400,-4.4000
2017-01-09 13:00:00,579.3300,-3.9000
2017-01-09 14:00:00,573.2000,-2.2000
2017-01-09 15:00:00,568.6400,-2.2000
2017-01-09 16:00:00,552.8900,-3.3000
2017-01-09 17:00:00,548.3600,-4.4000
2017-01-09 18:00:00,578.7800,-4.4000
2017-01-09 19:00:00,540.5900,-5.0000
2017-01-09 20:00:00,532.5800,-5.0000
2017-01-09 21:00:00,520.2900,-5.0000
2017-01-09 22:00:00,314.8600,-4.4000
2017-01-09 23:00:00,275.0000,-5.0000
2017-01-10 00:00:00,274.1900,-5.0000
2017-01-10 01:00:00,273.4000,-4.4000
2017-01-10 02:00:00,274.4700,-5.0000
2017-01-10 03:00:00,274.2100,-5.0000
2017-01-10 04:00:00,490.5300,-5.0000
2017-01-10 05:00:00,487.3100,-4.4000
2017-01-10 06:00:00,513.5700,-4.4000
2017-01-10 07:00:00,510.8500,-4.4000
2017-01-10 08:00:00,564.9000,-3.9000
2017-01-10 09:00:00,635.6500,-3.3000
2017-01-10 10:00:00,599.1500,-1.7000
2017-01-10 11:00:00,590.0100,-1.1000
2017-01-10 12:00:00,576.8800,0.0000
2017-01-10 13:00:00,570.0700,1.1000
2017-01-10 14:00:00,540.1100,2.2000
2017-01-10 15:00:00,535.7800,2.2000
2017-01-10 16:00:00,550.8800,2.2000
2017-01-10 17:00:00,532.7900,2.2000
2017-01-10 18:00:00,526.5600,2.2000
2017-01-10 19:00:00,502.5800,2.2000
2017-01-10 20:00:00,493.0700,2.2000
2017-01-10 21:00:00,469.8300,3.3000
2017-01-10 22:00:00,357.7600,3.9000
2017-01-10 23:00:00,258.7500,5.0000
2017-01-11 00:00:00,259.1900,5.0000
2017-01-11 01:00:00,259.6900,4.4000
2017-01-11 02:00:00,259.3500,4.4000
2017-01-11 03:00:00,256.6900,4.4000
2017-01-11 04:00:00,424.5600,5.0000
2017-01-11 05:00:00,425.2900,5.6000
2017-01-11 06:00:00,425.6900,3.9000
2017-01-11 07:00:00,456.6900,3.9000
2017-01-11 08:00:00,483.9200,3.3000
2017-01-11 09:00:00,523.2300,5.0000
2017-01-11 10:00:00,502.1400,7.2000
2017-01-11 11:00:00,492.2400,8.9000
2017-01-11 12:00:00,488.8600,10.0000
2017-01-11 13:00:00,478.5000,11.1000
2017-01-11 14:00:00,489.7600,13.3000
2017-01-11 15:00:00,505.6000,12.8000
2017-01-11 16:00:00,523.2200,10.0000
2017-01-11 17:00:00,489.0400,10.0000
2017-01-11 18:00:00,495.9900,8.3000
2017-01-11 19:00:00,449.0400,10.0000
2017-01-11 20:00:00,423.6300,7.2000
2017-01-11 21:00:00,410.6900,6.7000
2017-01-11 22:00:00,325.9100,8.3000
2017-01-11 23:00:00,251.8500,10.0000
2017-01-12 00:00:00,241.3400,10.6000
2017-01-12 01:00:00,242.6100,10.6000
2017-01-12 02:00:00,243.5100,10.6000
2017-01-12 03:00:00,243.1200,11.1000
2017-01-12 04:00:00,380.1500,11.7000
2017-01-12 05:00:00,392.5200,11.1000
2017-01-12 06:00:00,393.6000,12.2000
2017-01-12 07:00:00,410.5400,12.8000
2017-01-12 08:00:00,468.0500,13.3000
2017-01-12 09:00:00,520.6800,13.9000
2017-01-12 10:00:00,534.9400,15.0000
2017-01-12 11:00:00,500.9400,17.8000
2017-01-12 12:00:00,511.4500,18.3000
2017-01-12 13:00:00,515.5000,20.0000
2017-01-12 14:00:00,547.4400,21.7000
2017-01-12 15:00:00,586.2800,22.2000
2017-01-12 16:00:00,575.8400,21.7000
2017-01-12 17:00:00,565.6900,20.6000
2017-01-12 18:00:00,554.2800,20.0000
2017-01-12 19:00:00,507.7000,19.4000
2017-01-12 20:00:00,467.4100,18.9000
2017-01-12 21:00:00,454.2800,18.9000
2017-01-12 22:00:00,333.0200,17.8000
2017-01-12 23:00:00,284.8600,17.2000
2017-01-13 00:00:00,256.6400,
2017-01-13 01:00:00,257.5500,17.8000
2017-01-13 02:00:00,258.5600,15.0000
2017-01-13 03:00:00,258.4700,15.0000
2017-01-13 04:00:00,425.2300,12.8000
2017-01-13 05:00:00,450.6900,13.9000
2017-01-13 06:00:00,431.4400,15.0000
2017-01-13 07:00:00,432.1500,14.4000
2017-01-13 08:00:00,431.3900,12.2000
2017-01-13 09:00:00,493.3900,11.1000
2017-01-13 10:00:00,502.2900,10.6000
2017-01-13 11:00:00,486.8700,11.1000
2017-01-13 12:00:00,477.2800,11.7000
2017-01-13 13:00:00,471.2700,11.1000
2017-01-13 14:00:00,485.2800,11.7000
2017-01-13 15:00:00,484.9800,11.7000
2017-01-13 16:00:00,468.4000,12.2000
2017-01-13 17:00:00,444.2800,10.0000
2017-01-13 18:00:00,419.8000,9.4000
2017-01-13 19:00:00,404.3400,8.3000
2017-01-13 20:00:00,401.2800,7.8000
2017-01-13 21:00:00,396.2500,7.2000
2017-01-13 22:00:00,308.9600,6.7000
2017-01-13 23:00:00,243.8200,6.7000
2017-01-14 00:00:00,240.7000,6.1000
2017-01-14 01:00:00,242.1100,5.0000
2017-01-14 02:00:00,243.2700,5.6000
2017-01-14 03:00:00,245.7800,5.0000
2017-01-14 04:00:00,246.9700,3.3000
2017-01-14 05:00:00,246.9200,3.3000
2017-01-14 06:00:00,248.1900,3.3000
2017-01-14 07:00:00,250.5900,2.8000
2017-01-14 08:00:00,413.5200,2.2000
2017-01-14 09:00:00,406.6800,2.2000
2017-01-14 10:00:00,403.3300,1.7000
2017-01-14 11:00:00,401.0500,1.1000
2017-01-14 12:00:00,398.7600,1.1000
2017-01-14 13:00:00,406.2700,1.1000
2017-01-14 14:00:00,403.8300,1.7000
2017-01-14 15:00:00,402.6200,1.7000
2017-01-14 16:00:00,403.9400,1.7000
2017-01-14 17:00:00,408.1200,2.2000
2017-01-14 18:00:00,414.3500,1.7000
2017-01-14 19:00:00,425.2200,1.7000
2017-01-14 20:00:00,272.6600,1.7000
2017-01-14 21:00:00,254.5400,2.2000
2017-01-14 22:00:00,255.0100,2.2000
2017-01-14 23:00:00,252.8500,2.2000
2017-01-15 00:00:00,251.2500,2.2000
2017-01-15 01:00:00,252.7500,2.8000
2017-01-15 02:00:00,250.6800,2.8000
2017-01-15 03:00:00,253.1700,2.8000
2017-01-15 04:00:00,252.8700,2.8000
2017-01-15 05:00:00,256.5400,3.3000
2017-01-15 06:00:00,256.0800,2.8000
2017-01-15 07:00:00,253.7000,2.8000
2017-01-15 08:00:00,247.4200,3.3000
2017-01-15 09:00:00,243.5000,4.4000
2017-01-15 10:00:00,237.6200,6.1000
2017-01-15 11:00:00,372.3900,7.2000
2017-01-15 12:00:00,372.5900,8.3000
2017-01-15 13:00:00,370.0100,8.3000
2017-01-15 14:00:00,368.7700,8.9000
2017-01-15 15:00:00,366.9900,8.9000
2017-01-15 16:00:00,364.0900,8.3000
2017-01-15 17:00:00,360.8500,7.8000
2017-01-15 18:00:00,365.7100,6.7000
2017-01-15 19:00:00,375.2300,6.1000
2017-01-15 20:00:00,377.3400,5.6000
2017-01-15 21:00:00,387.5300,5.0000
2017-01-15 22:00:00,313.5000,5.0000
2017-01-15 23:00:00,243.6000,4.4000
2017-01-16 00:00:00,240.5100,4.4000
2017-01-16 01:00:00,242.2700,5.0000
2017-01-16 02:00:00,243.6200,4.4000
2017-01-16 03:00:00,247.9200,3.9000
2017-01-16 04:00:00,403.1800,3.9000
2017-01-16 05:00:00,430.3600,3.9000
2017-01-16 06:00:00,413.9000,3.3000
2017-01-16 07:00:00,414.1600,3.3000
2017-01-16 08:00:00,417.4800,3.3000
2017-01-16 09:00:00,410.3000,3.9000
2017-01-16 10:00:00,402.7500,4.4000
2017-01-16 11:00:00,387.8500,5.6000
2017-01-16 12:00:00,390.7700,5.6000
2017-01-16 13:00:00,383.8500,6.1000
2017-01-16 14:00:00,389.4300,6.7000
2017-01-16 15:00:00,376.7100,7.2000
2017-01-16 16:00:00,378.9100,7.8000
2017-01-16 17:00:00,386.8800,7.2000
2017-01-16 18:00:00,395.0200,6.7000
2017-01-16 19:00:00,389.6600,6.1000
2017-01-16 20:00:00,390.1800,6.1000
2017-01-16 21:00:00,395.8400,6.1000
2017-01-16 22:00:00,283.6700,6.1000
2017-01-16 23:00:00,246.6100,5.6000
2017-01-17 00:00:00,245.3600,5.0000
2017-01-17 01:00:00,244.4200,5.0000
2017-01-17 02:00:00,246.6300,5.0000
2017-01-17 03:00:00,246.9900,5.0000
2017-01-17 04:00:00,402.0500,5.0000
2017-01-17 05:00:00,407.7000,5.0000
2017-01-17 06:00:00,399.2600,5.0000
2017-01-17 07:00:00,430.4100,5.6000
2017-01-17 08:00:00,476.4700,5.6000
2017-01-17 09:00:00,510.0300,6.1000
2017-01-17 10:00:00,482.5800,6.1000
2017-01-17 11:00:00,475.5700,6.7000
2017-01-17 12:00:00,480.8400,8.3000
2017-01-17 13:00:00,472.4200,8.3000
2017-01-17 14:00:00,460.0700,8.3000
2017-01-17 15:00:00,471.1300,7.8000
2017-01-17 16:00:00,495.4800,8.9000
2017-01-17 17:00:00,460.0400,9.4000
2017-01-17 18:00:00,433.4400,10.0000
2017-01-17 19:00:00,414.7000,10.6000
2017-01-17 20:00:00,399.6500,9.4000
2017-01-17 21:00:00,382.5800,10.0000
2017-01-17 22:00:00,295.1200,10.6000
2017-01-17 23:00:00,232.7700,8.3000
2017-01-18 00:00:00,232.7200,7.8000
2017-01-18 01:00:00,234.1300,7.2000
2017-01-18 02:00:00,235.7800,7.8000
2017-01-18 03:00:00,236.1000,7.8000
2017-01-18 04:00:00,372.3800,8.3000
2017-01-18 05:00:00,382.0700,8.3000
2017-01-18 06:00:00,383.1200,8.3000
2017-01-18 07:00:00,403.5800,7.8000
2017-01-18 08:00:00,435.5400,7.8000
2017-01-18 09:00:00,504.3200,11.1000
2017-01-18 10:00:00,517.8100,11.7000
2017-01-18 11:00:00,537.5800,13.9000
2017-01-18 12:00:00,543.9900,15.0000
2017-01-18 13:00:00,534.6300,15.6000
2017-01-18 14:00:00,518.3500,14.4000
2017-01-18 15:00:00,528.8000,15.0000
2017-01-18 16:00:00,519.1800,13.9000
2017-01-18 17:00:00,463.6400,13.3000
2017-01-18 18:00:00,429.6100,11.1000
2017-01-18 19:00:00,405.0800,10.0000
2017-01-18 20:00:00,387.6800,9.4000
2017-01-18 21:00:00,379.2500,9.4000
2017-01-18 22:00:00,300.2100,8.9000
2017-01-18 23:00:00,244.5600,8.9000
2017-01-19 00:00:00,234.6300,8.9000
2017-01-19 01:00:00,235.9200,8.3000
2017-01-19 02:00:00,237.0300,8.3000
2017-01-19 03:00:00,238.8900,7.8000
2017-01-19 04:00:00,384.6700,7.2000
2017-01-19 05:00:00,384.3900,6.1000
2017-01-19 06:00:00,376.4200,6.1000
2017-01-19 07:00:00,383.9700,7.8000
2017-01-19 08:00:00,391.3900,7.8000
2017-01-19 09:00:00,413.7000,8.9000
2017-01-19 10:00:00,407.5300,9.4000
2017-01-19 11:00:00,416.4300,10.0000
2017-01-19 12:00:00,410.2600,10.0000
2017-01-19 13:00:00,419.6700,11.1000
2017-01-19 14:00:00,417.5100,11.1000
2017-01-19 15:00:00,414.5600,11.1000
2017-01-19 16:00:00,413.5400,11.1000
2017-01-19 17:00:00,414.8700,9.4000
2017-01-19 18:00:00,406.3800,9.4000
2017-01-19 19:00:00,380.3400,8.3000
2017-01-19 20:00:00,365.4500,6.7000
2017-01-19 21:00:00,362.2400,5.6000
2017-01-19 22:00:00,306.5400,6.0000
2017-01-19 23:00:00,255.2300,5.0000
2017-01-20 00:00:00,255.6300,4.4000
2017-01-20 01:00:00,255.0100,4.4000
2017-01-20 02:00:00,254.4300,4.4000
2017-01-20 03:00:00,255.9300,5.0000
2017-01-20 04:00:00,397.1000,4.4000
2017-01-20 05:00:00,406.5800,4.4000
2017-01-20 06:00:00,399.1600,4.4000
2017-01-20 07:00:00,402.5200,5.0000
2017-01-20 08:00:00,391.2000,5.6000
2017-01-20 09:00:00,385.8900,6.1000
2017-01-20 10:00:00,381.6800,6.7000
2017-01-20 11:00:00,374.2200,7.8000
2017-01-20 12:00:00,369.6700,8.9000
2017-01-20 13:00:00,367.6900,9.4000
2017-01-20 14:00:00,350.4000,8.3000
2017-01-20 15:00:00,352.5200,8.9000
2017-01-20 16:00:00,346.8600,8.9000
2017-01-20 17:00:00,352.5800,8.9000
2017-01-20 18:00:00,361.6600,8.9000
2017-01-20 19:00:00,358.9700,8.9000
2017-01-20 20:00:00,369.1500,8.3000
2017-01-20 21:00:00,362.3800,8.9000
2017-01-20 22:00:00,310.3300,8.3000
2017-01-20 23:00:00,254.2400,8.3000
2017-01-21 00:00:00,251.7800,8.3000
2017-01-21 01:00:00,251.4700,8.3000
2017-01-21 02:00:00,250.6200,8.3000
2017-01-21 03:00:00,253.8300,8.9000
2017-01-21 04:00:00,251.5600,8.9000
2017-01-21 05:00:00,250.3900,8.9000
2017-01-21 06:00:00,248.6200,8.9000
2017-01-21 07:00:00,247.4000,8.9000
2017-01-21 08:00:00,379.1100,8.9000
2017-01-21 09:00:00,373.1500,8.9000
2017-01-21 10:00:00,353.0300,8.9000
2017-01-21 11:00:00,353.4500,9.4000
2017-01-21 12:00:00,348.8600,9.4000
2017-01-21 13:00:00,346.9500,9.4000
2017-01-21 14:00:00,352.2800,10.0000
2017-01-21 15:00:00,357.8500,9.4000
2017-01-21 16:00:00,364.0000,9.4000
2017-01-21 17:00:00,357.4100,10.0000
2017-01-21 18:00:00,367.7400,10.0000
2017-01-21 19:00:00,363.8900,9.4000
2017-01-21 20:00:00,262.7300,9.4000
2017-01-21 21:00:00,248.5600,9.4000
2017-01-21 22:00:00,239.3500,8.9000
2017-01-21 23:00:00,251.7400,8.9000
2017-01-22 00:00:00,252.9600,8.9000
2017-01-22 01:00:00,254.0600,8.3000
2017-01-22 02:00:00,253.7100,8.3000
2017-01-22 03:00:00,261.2500,8.3000
2017-01-22 04:00:00,252.8900,8.3000
2017-01-22 05:00:00,252.5400,8.3000
2017-01-22 06:00:00,249.5100,8.3000
2017-01-22 07:00:00,248.5500,8.3000
2017-01-22 08:00:00,245.3500,8.9000
2017-01-22 09:00:00,239.4900,8.9000
2017-01-22 10:00:00,238.3400,10.0000
2017-01-22 11:00:00,351.7400,10.0000
2017-01-22 12:00:00,348.4400,10.0000
2017-01-22 13:00:00,349.6700,10.0000
2017-01-22 14:00:00,344.6000,10.0000
2017-01-22 15:00:00,347.1400,10.6000
2017-01-22 16:00:00,359.7900,10.6000
2017-01-22 17:00:00,352.9800,9.4000
2017-01-22 18:00:00,359.8600,10.0000
2017-01-22 19:00:00,357.3200,10.0000
2017-01-22 20:00:00,354.1600,10.0000
2017-01-22 21:00:00,360.4700,10.0000
2017-01-22 22:00:00,302.4600,10.0000
2017-01-22 23:00:00,250.5700,10.0000
2017-01-23 00:00:00,250.7100,10.0000
2017-01-23 01:00:00,252.2800,10.0000
2017-01-23 02:00:00,249.5900,10.0000
2017-01-23 03:00:00,250.8400,9.4000
2017-01-23 04:00:00,379.3400,8.9000
2017-01-23 05:00:00,392.1300,8.3000
2017-01-23 06:00:00,386.9100,8.3000
2017-01-23 07:00:00,406.8700,8.3000
2017-01-23 08:00:00,434.8900,8.3000
2017-01-23 09:00:00,491.6800,8.3000
2017-01-23 10:00:00,487.6400,7.8000
2017-01-23 11:00:00,486.2400,7.2000
2017-01-23 12:00:00,479.1100,6.7000
2017-01-23 13:00:00,485.0900,6.1000
2017-01-23 14:00:00,487.5900,6.1000
2017-01-23 15:00:00,484.2400,5.6000
2017-01-23 16:00:00,479.2200,5.6000
2017-01-23 17:00:00,460.7900,5.6000
2017-01-23 18:00:00,431.1600,5.0000
2017-01-23 19:00:00,438.0400,5.0000
2017-01-23 20:00:00,424.2200,5.0000
2017-01-23 21:00:00,410.4100,5.0000
2017-01-23 22:00:00,281.9700,4.4000
2017-01-23 23:00:00,254.0300,4.4000
2017-01-24 00:00:00,254.0000,3.9000
2017-01-24 01:00:00,255.2300,3.9000
2017-01-24 02:00:00,257.1900,3.3000
2017-01-24 03:00:00,258.5600,3.9000
2017-01-24 04:00:00,412.9400,3.9000
2017-01-24 05:00:00,410.1900,3.9000
2017-01-24 06:00:00,412.2700,3.9000
2017-01-24 07:00:00,436.7000,3.9000
2017-01-24 08:00:00,465.9600,3.9000
2017-01-24 09:00:00,522.7900,5.0000
2017-01-24 10:00:00,483.7400,6.1000
2017-01-24 11:00:00,477.8400,7.8000
2017-01-24 12:00:00,486.3500,8.3000
2017-01-24 13:00:00,478.0100,8.9000
2017-01-24 14:00:00,478.8400,8.9000
2017-01-24 15:00:00,483.9000,8.3000
2017-01-24 16:00:00,488.4500,8.9000
2017-01-24 17:00:00,470.3000,9.4000
2017-01-24 18:00:00,428.0300,8.9000
2017-01-24 19:00:00,433.9200,8.9000
2017-01-24 20:00:00,401.0300,8.9000
2017-01-24 21:00:00,395.7700,8.9000
2017-01-24 22:00:00,329.6700,8.9000
2017-01-24 23:00:00,266.9900,8.3000
2017-01-25 00:00:00,259.6300,8.9000
2017-01-25 01:00:00,260.3500,8.3000
2017-01-25 02:00:00,259.3100,8.9000
2017-01-25 03:00:00,261.6300,8.9000
2017-01-25 04:00:00,392.8100,7.8000
2017-01-25 05:00:00,399.8300,8.3000
2017-01-25 06:00:00,395.5500,7.2000
2017-01-25 07:00:00,416.8100,7.8000
2017-01-25 08:00:00,450.9700,8.3000
2017-01-25 09:00:00,513.7200,9.4000
2017-01-25 10:00:00,504.5000,10.6000
2017-01-25 11:00:00,510.2600,11.1000
2017-01-25 12:00:00,522.9300,12.2000
2017-01-25 13:00:00,507.9200,13.3000
2017-01-25 14:00:00,502.4900,14.4000
2017-01-25 15:00:00,503.1400,15.6000
2017-01-25 16:00:00,516.6500,14.4000
2017-01-25 17:00:00,510.9200,13.9000
2017-01-25 18:00:00,514.8000,12.8000
2017-01-25 19:00:00,485.7800,13.3000
2017-01-25 20:00:00,438.6000,11.1000
2017-01-25 21:00:00,397.0200,10.0000
2017-01-25 22:00:00,308.5500,9.4000
2017-01-25 23:00:00,240.3500,9.4000
2017-01-26 00:00:00,239.6700,9.4000
2017-01-26 01:00:00,242.2400,10.0000
2017-01-26 02:00:00,242.9000,8.3000
2017-01-26 03:00:00,243.1800,8.9000
2017-01-26 04:00:00,381.5100,9.4000
2017-01-26 05:00:00,389.3300,10.0000
2017-01-26 06:00:00,385.0400,11.1000
2017-01-26 07:00:00,399.0500,11.1000
2017-01-26 08:00:00,420.3000,11.1000
2017-01-26 09:00:00,501.2800,11.7000
2017-01-26 10:00:00,534.9100,10.6000
2017-01-26 11:00:00,556.6900,15.0000
2017-01-26 12:00:00,513.6500,15.6000
2017-01-26 13:00:00,510.5300,14.4000
2017-01-26 14:00:00,492.7000,15.0000
2017-01-26 15:00:00,473.6300,12.2000
2017-01-26 16:00:00,465.6700,11.1000
2017-01-26 17:00:00,443.5700,9.4000
2017-01-26 18:00:00,442.2500,8.9000
2017-01-26 19:00:00,430.4000,8.9000
2017-01-26 20:00:00,415.7900,8.3000
2017-01-26 21:00:00,398.7400,8.3000
2017-01-26 22:00:00,322.6600,7.8000
2017-01-26 23:00:00,263.2700,7.2000
2017-01-27 00:00:00,250.1900,6.7000
2017-01-27 01:00:00,252.3600,6.1000
2017-01-27 02:00:00,254.0000,6.1000
2017-01-27 03:00:00,252.2500,6.7000
2017-01-27 04:00:00,395.5200,6.7000
2017-01-27 05:00:00,394.8800,6.1000
2017-01-27 06:00:00,401.4800,5.6000
2017-01-27 07:00:00,415.9600,5.0000
2017-01-27 08:00:00,450.0300,4.4000
2017-01-27 09:00:00,510.9900,5.0000
2017-01-27 10:00:00,502.5500,6.1000
2017-01-27 11:00:00,494.9100,6.7000
2017-01-27 12:00:00,472.4800,6.1000
2017-01-27 13:00:00,452.9800,6.1000
2017-01-27 14:00:00,471.8700,5.6000
2017-01-27 15:00:00,495.9200,5.6000
2017-01-27 16:00:00,477.8300,5.6000
2017-01-27 17:00:00,467.4200,5.0000
2017-01-27 18:00:00,437.1000,4.4000
2017-01-27 19:00:00,435.4400,3.9000
2017-01-27 20:00:00,425.8600,4.4000
2017-01-27 21:00:00,423.9400,3.3000
2017-01-27 22:00:00,339.7200,3.9000
2017-01-27 23:00:00,261.6700,3.9000
2017-01-28 00:00:00,265.1300,3.3000
2017-01-28 01:00:00,264.3100,3.3000
2017-01-28 02:00:00,265.6500,2.8000
2017-01-28 03:00:00,265.9000,1.7000
2017-01-28 04:00:00,264.1400,0.6000
2017-01-28 05:00:00,262.9900,1.1000
2017-01-28 06:00:00,263.1300,1.7000
2017-01-28 07:00:00,263.9400,1.1000
2017-01-28 08:00:00,420.3900,1.7000
2017-01-28 09:00:00,426.5100,1.7000
2017-01-28 10:00:00,400.8300,2.8000
2017-01-28 11:00:00,401.9900,3.9000
2017-01-28 12:00:00,396.1500,5.6000
2017-01-28 13:00:00,367.7200,7.8000
2017-01-28 14:00:00,365.7100,8.3000
2017-01-28 15:00:00,362.7800,9.4000
2017-01-28 16:00:00,368.3500,9.4000
2017-01-28 17:00:00,366.0300,8.3000
2017-01-28 18:00:00,373.7400,7.8000
2017-01-28 19:00:00,381.0300,5.6000
2017-01-28 20:00:00,277.5000,6.7000
2017-01-28 21:00:00,256.3500,4.4000
2017-01-28 22:00:00,264.2100,4.4000
2017-01-28 23:00:00,263.2400,3.3000
2017-01-29 00:00:00,260.4300,2.8000
2017-01-29 01:00:00,261.3600,2.2000
2017-01-29 02:00:00,261.4000,2.2000
2017-01-29 03:00:00,262.7700,2.2000
2017-01-29 04:00:00,262.4600,1.7000
2017-01-29 05:00:00,262.2100,2.8000
2017-01-29 06:00:00,262.2900,1.7000
2017-01-29 07:00:00,261.6400,2.8000
2017-01-29 08:00:00,255.6900,3.9000
2017-01-29 09:00:00,254.1000,4.4000
2017-01-29 10:00:00,249.8400,5.6000
2017-01-29 11:00:00,372.4300,7.2000
2017-01-29 12:00:00,373.0500,6.7000
2017-01-29 13:00:00,359.7000,7.8000
2017-01-29 14:00:00,364.7300,7.2000
2017-01-29 15:00:00,362.3700,7.8000
2017-01-29 16:00:00,355.5200,7.2000
2017-01-29 17:00:00,360.4200,7.2000
2017-01-29 18:00:00,370.1100,6.7000
2017-01-29 19:00:00,382.9700,5.6000
2017-01-29 20:00:00,389.9600,4.4000
2017-01-29 21:00:00,390.8100,3.9000
2017-01-29 22:00:00,330.1700,3.9000
2017-01-29 23:00:00,260.6100,3.9000
2017-01-30 00:00:00,262.1700,3.9000
2017-01-30 01:00:00,261.8500,3.3000
2017-01-30 02:00:00,263.3200,3.3000
2017-01-30 03:00:00,264.9000,2.2000
2017-01-30 04:00:00,420.0000,0.0000
2017-01-30 05:00:00,432.4500,0.0000
2017-01-30 06:00:00,436.9500,0.0000
2017-01-30 07:00:00,435.4700,0.6000
2017-01-30 08:00:00,468.5000,0.6000
2017-01-30 09:00:00,531.4800,1.1000
2017-01-30 10:00:00,522.9700,1.1000
2017-01-30 11:00:00,521.6600,1.1000
2017-01-30 12:00:00,513.0800,2.2000
2017-01-30 13:00:00,513.6200,3.3000
2017-01-30 14:00:00,503.0000,3.3000
2017-01-30 15:00:00,508.9400,1.7000
2017-01-30 16:00:00,499.1600,2.2000
2017-01-30 17:00:00,486.8100,2.8000
2017-01-30 18:00:00,485.3300,1.7000
2017-01-30 19:00:00,471.6200,1.1000
2017-01-30 20:00:00,465.8200,1.1000
2017-01-30 21:00:00,458.1000,1.1000
2017-01-30 22:00:00,313.9100,0.0000
2017-01-30 23:00:00,276.5600,0.0000
2017-01-31 00:00:00,272.7300,0.0000
2017-01-31 01:00:00,272.8600,-1.1000
2017-01-31 02:00:00,273.3600,-1.1000
2017-01-31 03:00:00,273.5500,-0.6000
2017-01-31 04:00:00,443.8400,0.0000
2017-01-31 05:00:00,458.2500,0.0000
2017-01-31 06:00:00,453.4700,0.6000
2017-01-31 07:00:00,455.4900,1.1000
2017-01-31 08:00:00,518.2600,1.1000
2017-01-31 09:00:00,580.5000,2.8000
2017-01-31 10:00:00,553.2100,4.4000
2017-01-31 11:00:00,528.4100,5.0000
2017-01-31 12:00:00,508.4700,6.7000
2017-01-31 13:00:00,505.1400,9.4000
2017-01-31 14:00:00,488.2100,9.4000
2017-01-31 15:00:00,489.4500,12.8000
2017-01-31 16:00:00,492.5500,13.3000
2017-01-31 17:00:00,500.9300,12.8000
2017-01-31 18:00:00,475.2300,11.7000
2017-01-31 19:00:00,461.4900,12.2000
2017-01-31 20:00:00,444.5600,11.1000
2017-01-31 21:00:00,412.6900,8.3000
2017-01-31 22:00:00,331.6300,7.8000
2017-01-31 23:00:00,264.3000,5.0000
2017-02-01 00:00:00,255.2900,6.1000
2017-02-01 01:00:00,259.4400,3.3000
2017-02-01 02:00:00,256.8100,2.8000
2017-02-01 03:00:00,261.6100,1.7000
2017-02-01 04:00:00,419.1700,1.1000
2017-02-01 05:00:00,416.1000,3.3000
2017-02-01 06:00:00,410.9000,2.2000
2017-02-01 07:00:00,423.6400,3.3000
2017-02-01 08:00:00,451.8200,3.3000
2017-02-01 09:00:00,527.2000,5.0000
2017-02-01 10:00:00,518.1000,5.0000
2017-02-01 11:00:00,525.1000,5.6000
2017-02-01 12:00:00,517.3900,6.1000
2017-02-01 13:00:00,509.3000,6.7000
2017-02-01 14:00:00,510.2200,7.2000
2017-02-01 15:00:00,513.8900,8.3000
2017-02-01 16:00:00,500.3100,9.4000
2017-02-01 17:00:00,476.7100,10.0000
2017-02-01 18:00:00,457.8700,10.6000
2017-02-01 19:00:00,435.8400,10.0000
2017-02-01 20:00:00,410.3800,10.0000
2017-02-01 21:00:00,399.7500,8.9000
2017-02-01 22:00:00,319.1100,7.8000
2017-02-01 23:00:00,260.1200,7.8000
2017-02-02 00:00:00,248.8700,7.2000
2017-02-02 01:00:00,248.2200,6.7000
2017-02-02 02:00:00,258.4800,6.7000
2017-02-02 03:00:00,261.1800,6.1000
2017-02-02 04:00:00,397.6300,6.1000
2017-02-02 05:00:00,411.5400,6.7000
2017-02-02 06:00:00,417.5100,6.1000
2017-02-02 07:00:00,422.0900,5.0000
2017-02-02 08:00:00,451.6900,5.0000
2017-02-02 09:00:00,512.4500,7.2000
2017-02-02 10:00:00,508.7300,7.2000
2017-02-02 11:00:00,500.6700,7.8000
2017-02-02 12:00:00,472.9800,8.3000
2017-02-02 13:00:00,473.5600,8.3000
2017-02-02 14:00:00,474.9500,8.9000
2017-02-02 15:00:00,480.6100,9.4000
2017-02-02 16:00:00,469.8700,9.4000
2017-02-02 17:00:00,466.8400,8.3000
2017-02-02 18:00:00,443.3200,7.2000
2017-02-02 19:00:00,434.1000,5.6000
2017-02-02 20:00:00,452.5900,5.0000
2017-02-02 21:00:00,443.2600,4.4000
2017-02-02 22:00:00,359.4800,3.3000
2017-02-02 23:00:00,270.2200,2.8000
2017-02-03 00:00:00,269.9500,2.8000
2017-02-03 01:00:00,267.4400,2.2000
2017-02-03 02:00:00,267.8100,2.2000
2017-02-03 03:00:00,268.0500,2.2000
2017-02-03 04:00:00,426.1400,1.7000
2017-02-03 05:00:00,439.7400,1.1000
2017-02-03 06:00:00,438.2000,1.1000
2017-02-03 07:00:00,457.6800,1.1000
2017-02-03 08:00:00,493.9600,1.1000
2017-02-03 09:00:00,564.7600,1.7000
2017-02-03 10:00:00,539.0700,2.8000
2017-02-03 11:00:00,541.9900,2.2000
2017-02-03 12:00:00,525.7900,3.3000
2017-02-03 13:00:00,511.0500,3.3000
2017-02-03 14:00:00,502.0700,3.9000
2017-02-03 15:00:00,510.9200,3.9000
2017-02-03 16:00:00,504.3200,3.3000
2017-02-03 17:00:00,491.1500,2.8000
2017-02-03 18:00:00,472.8100,2.2000
2017-02-03 19:00:00,471.8300,2.2000
2017-02-03 20:00:00,452.0900,2.2000
2017-02-03 21:00:00,443.7100,0.6000
2017-02-03 22:00:00,361.7600,0.0000
2017-02-03 23:00:00,271.5300,0.0000
2017-02-04 00:00:00,269.0800,-0.6000
2017-02-04 01:00:00,268.5900,-1.7000
2017-02-04 02:00:00,270.7200,-2.2000
2017-02-04 03:00:00,268.4100,-2.2000
2017-02-04 04:00:00,269.5600,-2.8000
2017-02-04 05:00:00,268.3200,-3.3000
2017-02-04 06:00:00,268.4600,-3.9000
2017-02-04 07:00:00,267.7200,-3.9000
2017-02-04 08:00:00,466.6000,-2.8000
2017-02-04 09:00:00,465.7000,-1.7000
2017-02-04 10:00:00,453.8800,-0.6000
2017-02-04 11:00:00,436.2600,0.6000
2017-02-04 12:00:00,435.2000,2.2000
2017-02-04 13:00:00,414.9300,2.8000
2017-02-04 14:00:00,413.8100,3.9000
2017-02-04 15:00:00,410.1900,4.4000
2017-02-04 16:00:00,404.4600,4.4000
2017-02-04 17:00:00,414.5800,3.9000
2017-02-04 18:00:00,419.4700,2.8000
2017-02-04 19:00:00,433.5000,2.2000
2017-02-04 20:00:00,289.4500,1.7000
2017-02-04 21:00:00,269.3400,1.1000
2017-02-04 22:00:00,269.9400,0.6000
2017-02-04 23:00:00,270.9300,1.1000
2017-02-05 00:00:00,269.1800,1.1000
2017-02-05 01:00:00,269.8700,1.1000
2017-02-05 02:00:00,269.4900,1.1000
2017-02-05 03:00:00,270.6900,0.6000
2017-02-05 04:00:00,268.4200,0.0000
2017-02-05 05:00:00,269.2200,1.1000
2017-02-05 06:00:00,269.6400,1.7000
2017-02-05 07:00:00,268.6700,2.2000
2017-02-05 08:00:00,263.9800,2.2000
2017-02-05 09:00:00,258.6400,2.8000
2017-02-05 10:00:00,257.8400,4.4000
2017-02-05 11:00:00,423.6400,6.1000
2017-02-05 12:00:00,398.7200,6.7000
2017-02-05 13:00:00,383.9000,9.4000
2017-02-05 14:00:00,375.5800,10.0000
2017-02-05 15:00:00,385.7100,11.1000
2017-02-05 16:00:00,382.0600,12.2000
2017-02-05 17:00:00,375.2900,11.7000
2017-02-05 18:00:00,376.2500,10.6000
2017-02-05 19:00:00,379.5900,10.6000
2017-02-05 20:00:00,373.3400,6.7000
2017-02-05 21:00:00,377.8500,5.6000
2017-02-05 22:00:00,322.8400,5.0000
2017-02-05 23:00:00,263.1500,4.4000
2017-02-06 00:00:00,253.3000,3.3000
2017-02-06 01:00:00,252.5600,4.4000
2017-02-06 02:00:00,257.9400,3.3000
2017-02-06 03:00:00,260.9200,1.7000
2017-02-06 04:00:00,410.0800,2.2000
2017-02-06 05:00:00,406.2000,0.6000
2017-02-06 06:00:00,404.1800,1.7000
2017-02-06 07:00:00,429.4700,1.7000
2017-02-06 08:00:00,441.4600,1.7000
2017-02-06 09:00:00,501.7100,4.4000
2017-02-06 10:00:00,498.8500,7.2000
2017-02-06 11:00:00,526.8100,10.0000
2017-02-06 12:00:00,539.1700,11.7000
2017-02-06 13:00:00,539.7200,13.3000
2017-02-06 14:00:00,529.3900,14.4000
2017-02-06 15:00:00,534.6400,14.4000
2017-02-06 16:00:00,534.7200,15.0000
2017-02-06 17:00:00,502.4400,13.9000
2017-02-06 18:00:00,479.3000,11.7000
2017-02-06 19:00:00,469.5800,11.7000
2017-02-06 20:00:00,420.8500,10.0000
2017-02-06 21:00:00,402.1500,8.9000
2017-02-06 22:00:00,273.2000,9.4000
2017-02-06 23:00:00,245.8500,8.3000
2017-02-07 00:00:00,247.4800,9.4000
2017-02-07 01:00:00,252.4200,10.0000
2017-02-07 02:00:00,252.0000,10.0000
2017-02-07 03:00:00,251.3100,10.6000
2017-02-07 04:00:00,391.5500,10.6000
2017-02-07 05:00:00,405.9700,10.0000
2017-02-07 06:00:00,398.1500,9.4000
2017-02-07 07:00:00,411.0300,10.6000
2017-02-07 08:00:00,453.5800,11.7000
2017-02-07 09:00:00,531.3900,11.1000
2017-02-07 10:00:00,555.6800,13.3000
2017-02-07 11:00:00,563.7700,15.0000
2017-02-07 12:00:00,552.8600,17.2000
2017-02-07 13:00:00,571.8900,18.9000
2017-02-07 14:00:00,574.4400,18.3000
2017-02-07 15:00:00,587.4400,21.7000
2017-02-07 16:00:00,600.7300,21.7000
2017-02-07 17:00:00,586.6300,21.7000
2017-02-07 18:00:00,534.6900,17.8000
2017-02-07 19:00:00,512.6200,17.2000
2017-02-07 20:00:00,485.7800,16.1000
2017-02-07 21:00:00,461.0700,16.7000
2017-02-07 22:00:00,328.9200,16.1000
2017-02-07 23:00:00,259.9700,15.6000
2017-02-08 00:00:00,258.7900,17.8000
2017-02-08 01:00:00,258.9700,17.2000
2017-02-08 02:00:00,259.2900,17.8000
2017-02-08 03:00:00,261.0400,17.2000
2017-02-08 04:00:00,428.0700,15.6000
2017-02-08 05:00:00,468.1500,13.3000
2017-02-08 06:00:00,467.0800,13.9000
2017-02-08 07:00:00,472.0200,11.1000
2017-02-08 08:00:00,493.2900,12.8000
2017-02-08 09:00:00,600.3000,15.0000
2017-02-08 10:00:00,577.8800,18.9000
2017-02-08 11:00:00,581.9900,19.4000
2017-02-08 12:00:00,588.6800,22.8000
2017-02-08 13:00:00,581.0300,22.2000
2017-02-08 14:00:00,571.9300,22.2000
2017-02-08 15:00:00,574.8800,21.1000
2017-02-08 16:00:00,561.3500,20.0000
2017-02-08 17:00:00,536.4900,17.8000
2017-02-08 18:00:00,513.2800,15.6000
2017-02-08 19:00:00,471.8200,15.0000
2017-02-08 20:00:00,462.2100,13.9000
2017-02-08 21:00:00,469.7400,13.3000
2017-02-08 22:00:00,333.1900,12.2000
2017-02-08 23:00:00,243.9500,11.7000
2017-02-09 00:00:00,240.6100,11.7000
2017-02-09 01:00:00,241.1300,10.6000
2017-02-09 02:00:00,243.1300,10.6000
2017-02-09 03:00:00,244.6200,10.0000
2017-02-09 04:00:00,370.5200,8.9000
2017-02-09 05:00:00,369.0400,6.7000
2017-02-09 06:00:00,379.5100,3.9000
2017-02-09 07:00:00,398.4000,2.8000
2017-02-09 08:00:00,453.0200,2.8000
2017-02-09 09:00:00,518.9500,2.8000
2017-02-09 10:00:00,517.2700,2.8000
2017-02-09 11:00:00,503.9600,2.2000
2017-02-09 12:00:00,503.5600,1.7000
2017-02-09 13:00:00,519.9900,1.7000
2017-02-09 14:00:00,480.9800,2.2000
2017-02-09 15:00:00,479.9200,1.7000
2017-02-09 16:00:00,488.9100,1.7000
2017-02-09 17:00:00,469.1700,0.0000
2017-02-09 18:00:00,484.9100,-0.6000
2017-02-09 19:00:00,482.5900,-1.1000
2017-02-09 20:00:00,472.7700,-1.7000
2017-02-09 21:00:00,472.9700,-2.2000
2017-02-09 22:00:00,370.1100,-2.2000
2017-02-09 23:00:00,276.0700,-2.8000
2017-02-10 00:00:00,270.2400,-3.3000
2017-02-10 01:00:00,268.0100,-3.9000
2017-02-10 02:00:00,270.6200,-4.4000
2017-02-10 03:00:00,271.4000,-4.4000
2017-02-10 04:00:00,466.9800,-4.4000
2017-02-10 05:00:00,471.8500,-4.4000
2017-02-10 06:00:00,471.1500,-4.4000
2017-02-10 07:00:00,490.7100,-4.4000
2017-02-10 08:00:00,536.5100,-3.9000
2017-02-10 09:00:00,602.6000,-2.8000
2017-02-10 10:00:00,585.8400,-1.1000
2017-02-10 11:00:00,555.3800,0.0000
2017-02-10 12:00:00,552.4200,1.7000
2017-02-10 13:00:00,548.1300,2.8000
2017-02-10 14:00:00,515.0100,3.3000
2017-02-10 15:00:00,512.4600,3.3000
2017-02-10 16:00:00,519.5400,2.8000
2017-02-10 17:00:00,501.1900,2.8000
2017-02-10 18:00:00,469.3500,2.8000
2017-02-10 19:00:00,465.9900,2.2000
2017-02-10 20:00:00,446.6200,2.8000
2017-02-10 21:00:00,452.1900,2.8000
2017-02-10 22:00:00,341.7500,2.8000
2017-02-10 23:00:00,266.4800,3.3000
2017-02-11 00:00:00,263.4700,3.3000
2017-02-11 01:00:00,265.3000,3.3000
2017-02-11 02:00:00,265.5500,2.8000
2017-02-11 03:00:00,265.6000,2.2000
2017-02-11 04:00:00,265.7300,1.7000
2017-02-11 05:00:00,264.6900,2.8000
2017-02-11 06:00:00,262.7700,4.4000
2017-02-11 07:00:00,262.3900,3.9000
2017-02-11 08:00:00,420.1300,5.0000
2017-02-11 09:00:00,407.1600,7.2000
2017-02-11 10:00:00,380.9800,8.9000
2017-02-11 11:00:00,390.3700,9.4000
2017-02-11 12:00:00,405.7700,10.6000
2017-02-11 13:00:00,405.9000,10.0000
2017-02-11 14:00:00,415.1000,9.4000
2017-02-11 15:00:00,397.9800,10.0000
2017-02-11 16:00:00,391.0100,11.1000
2017-02-11 17:00:00,391.9800,10.0000
2017-02-11 18:00:00,387.8900,10.0000
2017-02-11 19:00:00,392.0900,9.4000
2017-02-11 20:00:00,272.4100,9.4000
2017-02-11 21:00:00,246.8600,8.9000
2017-02-11 22:00:00,245.4400,7.8000
2017-02-11 23:00:00,242.0500,8.9000
2017-02-12 00:00:00,245.2300,8.9000
2017-02-12 01:00:00,244.7600,7.2000
2017-02-12 02:00:00,245.6300,8.9000
2017-02-12 03:00:00,247.1900,8.3000
2017-02-12 04:00:00,246.4600,9.4000
2017-02-12 05:00:00,249.3400,8.3000
2017-02-12 06:00:00,244.8100,8.3000
2017-02-12 07:00:00,250.3600,8.9000
2017-02-12 08:00:00,239.2800,8.9000
2017-02-12 09:00:00,242.2300,8.3000
2017-02-12 10:00:00,237.1300,8.9000
2017-02-12 11:00:00,368.3000,8.9000
2017-02-12 12:00:00,352.8300,9.4000
2017-02-12 13:00:00,352.8800,10.6000
2017-02-12 14:00:00,345.7500,10.0000
2017-02-12 15:00:00,354.3500,11.1000
2017-02-12 16:00:00,348.6700,10.6000
2017-02-12 17:00:00,354.6000,10.6000
2017-02-12 18:00:00,353.2600,9.4000
2017-02-12 19:00:00,363.4600,9.4000
2017-02-12 20:00:00,356.5600,8.9000
2017-02-12 21:00:00,354.7600,9.4000
2017-02-12 22:00:00,308.2700,11.7000
2017-02-12 23:00:00,253.2700,12.8000
2017-02-13 00:00:00,248.6600,8.3000
2017-02-13 01:00:00,249.2500,7.8000
2017-02-13 02:00:00,260.6900,6.7000
2017-02-13 03:00:00,261.6500,6.1000
2017-02-13 04:00:00,423.5700,5.6000
2017-02-13 05:00:00,420.6900,3.9000
2017-02-13 06:00:00,425.3300,3.3000
2017-02-13 07:00:00,444.9200,3.3000
2017-02-13 08:00:00,477.7100,4.4000
2017-02-13 09:00:00,539.8500,5.0000
2017-02-13 10:00:00,532.9600,5.0000
2017-02-13 11:00:00,537.0200,5.6000
2017-02-13 12:00:00,510.8000,6.7000
2017-02-13 13:00:00,498.7500,7.2000
2017-02-13 14:00:00,479.9900,7.8000
2017-02-13 15:00:00,493.2700,7.8000
2017-02-13 16:00:00,480.2900,7.8000
2017-02-13 17:00:00,465.6800,7.2000
2017-02-13 18:00:00,448.8300,6.1000
2017-02-13 19:00:00,439.1400,5.6000
2017-02-13 20:00:00,433.7300,3.9000
2017-02-13 21:00:00,439.5200,2.2000
2017-02-13 22:00:00,311.0900,2.2000
2017-02-13 23:00:00,282.0000,2.2000
2017-02-14 00:00:00,280.8400,2.2000
2017-02-14 01:00:00,281.5200,1.1000
2017-02-14 02:00:00,282.7300,1.1000
2017-02-14 03:00:00,282.2500,0.6000
2017-02-14 04:00:00,435.2200,0.0000
2017-02-14 05:00:00,442.4700,0.0000
2017-02-14 06:00:00,439.0500,0.6000
2017-02-14 07:00:00,434.6600,1.1000
2017-02-14 08:00:00,502.9000,1.7000
2017-02-14 09:00:00,548.2100,2.8000
2017-02-14 10:00:00,527.9900,3.9000
2017-02-14 11:00:00,518.9500,5.6000
2017-02-14 12:00:00,521.1200,5.6000
2017-02-14 13:00:00,513.3600,5.6000
2017-02-14 14:00:00,508.0800,5.6000
2017-02-14 15:00:00,490.8800,6.7000
2017-02-14 16:00:00,481.4900,7.2000
2017-02-14 17:00:00,454.7300,7.2000
2017-02-14 18:00:00,416.2600,7.2000
2017-02-14 19:00:00,415.0300,6.7000
2017-02-14 20:00:00,410.0000,6.7000
2017-02-14 21:00:00,420.6100,6.1000
2017-02-14 22:00:00,353.1100,5.0000
2017-02-14 23:00:00,276.2600,5.0000
2017-02-15 00:00:00,262.0900,4.4000
2017-02-15 01:00:00,262.7100,4.4000
2017-02-15 02:00:00,262.7100,3.3000
2017-02-15 03:00:00,262.8500,3.9000
2017-02-15 04:00:00,406.8500,3.3000
2017-02-15 05:00:00,409.9600,3.9000
2017-02-15 06:00:00,406.0700,4.4000
2017-02-15 07:00:00,414.5400,5.0000
2017-02-15 08:00:00,436.6600,5.6000
2017-02-15 09:00:00,499.0200,6.1000
2017-02-15 10:00:00,490.2600,6.7000
2017-02-15 11:00:00,494.1800,7.2000
2017-02-15 12:00:00,486.3300,9.4000
2017-02-15 13:00:00,489.9400,10.6000
2017-02-15 14:00:00,469.4200,10.6000
2017-02-15 15:00:00,463.6000,9.4000
2017-02-15 16:00:00,469.0900,7.2000
2017-02-15 17:00:00,446.8900,6.7000
2017-02-15 18:00:00,422.8600,6.1000
2017-02-15 19:00:00,431.5300,5.0000
2017-02-15 20:00:00,441.7900,4.4000
2017-02-15 21:00:00,429.4500,3.9000
2017-02-15 22:00:00,340.1600,3.3000
2017-02-15 23:00:00,269.7500,3.3000
2017-02-16 00:00:00,267.2900,3.3000
2017-02-16 01:00:00,268.5300,2.8000
2017-02-16 02:00:00,268.2100,2.2000
2017-02-16 03:00:00,268.3900,1.7000
2017-02-16 04:00:00,421.0900,1.1000
2017-02-16 05:00:00,438.1500,1.1000
2017-02-16 06:00:00,441.4200,1.1000
2017-02-16 07:00:00,455.4400,0.6000
2017-02-16 08:00:00,491.0000,1.1000
2017-02-16 09:00:00,565.0900,1.1000
2017-02-16 10:00:00,542.2700,3.3000
2017-02-16 11:00:00,527.7900,2.8000
2017-02-16 12:00:00,518.1200,3.9000
2017-02-16 13:00:00,531.2700,3.9000
2017-02-16 14:00:00,514.5500,4.4000
2017-02-16 15:00:00,508.1000,3.9000
2017-02-16 16:00:00,497.9300,3.9000
2017-02-16 17:00:00,469.3300,3.9000
2017-02-16 18:00:00,455.8100,2.8000
2017-02-16 19:00:00,450.7700,2.2000
2017-02-16 20:00:00,451.6800,1.7000
2017-02-16 21:00:00,445.8100,1.1000
2017-02-16 22:00:00,352.6300,0.6000
2017-02-16 23:00:00,273.4600,0.6000
2017-02-17 00:00:00,272.0000,0.0000
2017-02-17 01:00:00,272.2300,-1.1000
2017-02-17 02:00:00,271.8400,-0.6000
2017-02-17 03:00:00,271.6900,-1.1000
2017-02-17 04:00:00,459.5400,-1.1000
2017-02-17 05:00:00,477.1700,-0.6000
2017-02-17 06:00:00,472.9700,-1.7000
2017-02-17 07:00:00,475.4500,-1.1000
2017-02-17 08:00:00,456.1900,1.1000
2017-02-17 09:00:00,512.2400,1.1000
2017-02-17 10:00:00,507.3200,2.2000
2017-02-17 11:00:00,528.8500,2.8000
2017-02-17 12:00:00,497.6000,4.4000
2017-02-17 13:00:00,479.8200,6.7000
2017-02-17 14:00:00,464.3900,7.8000
2017-02-17 15:00:00,483.4900,9.4000
2017-02-17 16:00:00,484.3500,10.0000
2017-02-17 17:00:00,454.5100,10.0000
2017-02-17 18:00:00,421.8000,9.4000
2017-02-17 19:00:00,412.1800,7.2000
2017-02-17 20:00:00,393.9700,7.2000
2017-02-17 21:00:00,382.2000,6.1000
2017-02-17 22:00:00,319.5100,4.4000
2017-02-17 23:00:00,258.7100,3.9000
2017-02-18 00:00:00,256.5400,3.3000
2017-02-18 01:00:00,256.8100,3.3000
2017-02-18 02:00:00,255.3600,2.8000
2017-02-18 03:00:00,255.6500,2.2000
2017-02-18 04:00:00,254.9300,2.2000
2017-02-18 05:00:00,254.6300,1.7000
2017-02-18 06:00:00,255.3600,0.6000
2017-02-18 07:00:00,256.9900,1.1000
2017-02-18 08:00:00,405.5700,2.8000
2017-02-18 09:00:00,390.8100,4.4000
2017-02-18 10:00:00,377.4800,6.7000
2017-02-18 11:00:00,428.7900,8.9000
2017-02-18 12:00:00,439.7200,13.3000
2017-02-18 13:00:00,429.3500,13.9000
2017-02-18 14:00:00,431.1900,18.3000
2017-02-18 15:00:00,459.1600,17.2000
2017-02-18 16:00:00,441.3700,17.2000
2017-02-18 17:00:00,421.7300,16.7000
2017-02-18 18:00:00,426.5400,13.9000
2017-02-18 19:00:00,429.0800,13.9000
2017-02-18 20:00:00,307.9300,14.4000
2017-02-18 21:00:00,254.6500,13.9000
2017-02-18 22:00:00,254.8500,14.4000
2017-02-18 23:00:00,252.7400,15.0000
2017-02-19 00:00:00,243.4900,12.8000
2017-02-19 01:00:00,242.5500,12.8000
2017-02-19 02:00:00,236.9500,13.3000
2017-02-19 03:00:00,239.3400,13.3000
2017-02-19 04:00:00,243.3600,10.0000
2017-02-19 05:00:00,239.6100,11.7000
2017-02-19 06:00:00,240.2400,15.0000
2017-02-19 07:00:00,236.4900,13.3000
2017-02-19 08:00:00,229.1300,15.6000
2017-02-19 09:00:00,226.7500,16.1000
2017-02-19 10:00:00,227.6700,16.1000
2017-02-19 11:00:00,387.5000,18.3000
2017-02-19 12:00:00,425.6400,20.0000
2017-02-19 13:00:00,419.0900,20.0000
2017-02-19 14:00:00,429.5400,21.1000
2017-02-19 15:00:00,437.4800,21.7000
2017-02-19 16:00:00,440.2300,21.7000
2017-02-19 17:00:00,437.0400,21.1000
2017-02-19 18:00:00,422.5800,19.4000
2017-02-19 19:00:00,427.5200,17.8000
2017-02-19 20:00:00,391.1300,17.2000
2017-02-19 21:00:00,403.0600,16.1000
2017-02-19 22:00:00,294.7700,15.0000
2017-02-19 23:00:00,239.4800,14.4000
2017-02-20 00:00:00,237.9600,12.8000
2017-02-20 01:00:00,237.4300,11.1000
2017-02-20 02:00:00,238.7000,9.4000
2017-02-20 03:00:00,238.5900,10.0000
2017-02-20 04:00:00,385.6300,8.3000
2017-02-20 05:00:00,385.7700,8.3000
2017-02-20 06:00:00,376.9600,6.7000
2017-02-20 07:00:00,379.5400,7.2000
2017-02-20 08:00:00,369.9400,11.1000
2017-02-20 09:00:00,415.5400,13.9000
2017-02-20 10:00:00,421.0800,15.6000
2017-02-20 11:00:00,413.5600,17.2000
2017-02-20 12:00:00,418.3700,17.8000
2017-02-20 13:00:00,425.3300,18.3000
2017-02-20 14:00:00,430.5100,19.4000
2017-02-20 15:00:00,425.0900,19.4000
2017-02-20 16:00:00,432.3100,20.0000
2017-02-20 17:00:00,451.8400,18.3000
2017-02-20 18:00:00,416.5800,15.0000
2017-02-20 19:00:00,418.7700,13.9000
2017-02-20 20:00:00,387.7000,12.8000
2017-02-20 21:00:00,362.6900,11.7000
2017-02-20 22:00:00,257.7600,10.0000
2017-02-20 23:00:00,236.9700,10.0000
2017-02-21 00:00:00,236.1800,9.4000
2017-02-21 01:00:00,239.0900,10.0000
2017-02-21 02:00:00,241.9000,8.9000
2017-02-21 03:00:00,241.3300,7.8000
2017-02-21 04:00:00,382.6200,7.2000
2017-02-21 05:00:00,372.6300,6.1000
2017-02-21 06:00:00,389.2500,5.6000
2017-02-21 07:00:00,401.7700,5.0000
2017-02-21 08:00:00,440.5100,5.6000
2017-02-21 09:00:00,487.4600,6.7000
2017-02-21 10:00:00,458.0900,8.3000
2017-02-21 11:00:00,484.3400,10.0000
2017-02-21 12:00:00,483.4000,11.7000
2017-02-21 13:00:00,482.8900,12.8000
2017-02-21 14:00:00,495.3400,13.3000
2017-02-21 15:00:00,505.0200,13.9000
2017-02-21 16:00:00,482.5800,12.8000
2017-02-21 17:00:00,440.0600,12.8000
2017-02-21 18:00:00,426.2100,11.7000
2017-02-21 19:00:00,428.2600,10.6000
2017-02-21 20:00:00,395.9500,9.4000
2017-02-21 21:00:00,367.2300,8.9000
2017-02-21 22:00:00,291.6800,8.9000
2017-02-21 23:00:00,241.0300,8.9000
2017-02-22 00:00:00,243.5300,8.9000
2017-02-22 01:00:00,245.2100,8.3000
2017-02-22 02:00:00,244.1000,8.3000
2017-02-22 03:00:00,247.5200,7.8000
2017-02-22 04:00:00,364.8900,7.8000
2017-02-22 05:00:00,364.4000,7.8000
2017-02-22 06:00:00,356.3500,8.3000
2017-02-22 07:00:00,371.9800,8.3000
2017-02-22 08:00:00,421.3300,8.3000
2017-02-22 09:00:00,478.8300,9.4000
2017-02-22 10:00:00,485.5400,10.0000
2017-02-22 11:00:00,501.0800,11.1000
2017-02-22 12:00:00,558.6300,12.8000
2017-02-22 13:00:00,545.7900,13.9000
2017-02-22 14:00:00,542.3400,15.0000
2017-02-22 15:00:00,530.9400,15.6000
2017-02-22 16:00:00,534.5000,16.1000
2017-02-22 17:00:00,513.3900,15.0000
2017-02-22 18:00:00,508.6500,13.3000
2017-02-22 19:00:00,478.6900,13.9000
2017-02-22 20:00:00,470.7500,12.2000
2017-02-22 21:00:00,448.1900,11.7000
2017-02-22 22:00:00,314.9200,11.7000
2017-02-22 23:00:00,242.4300,12.2000
2017-02-23 00:00:00,252.1300,12.2000
2017-02-23 01:00:00,253.6100,12.2000
2017-02-23 02:00:00,252.7700,12.8000
2017-02-23 03:00:00,253.9800,12.2000
2017-02-23 04:00:00,395.6100,12.2000
2017-02-23 05:00:00,416.1800,12.2000
2017-02-23 06:00:00,414.5300,12.2000
2017-02-23 07:00:00,426.5600,12.2000
2017-02-23 08:00:00,455.0100,12.8000
2017-02-23 09:00:00,565.9700,15.0000
2017-02-23 10:00:00,551.1800,16.1000
2017-02-23 11:00:00,575.1400,17.8000
2017-02-23 12:00:00,607.7400,18.3000
2017-02-23 13:00:00,598.8400,20.0000
2017-02-23 14:00:00,610.6700,22.8000
2017-02-23 15:00:00,616.3500,22.2000
2017-02-23 16:00:00,611.7300,22.8000
2017-02-23 17:00:00,569.7600,22.8000
2017-02-23 18:00:00,538.4700,19.4000
2017-02-23 19:00:00,502.8500,18.3000
2017-02-23 20:00:00,471.3800,17.2000
2017-02-23 21:00:00,446.4700,17.2000
2017-02-23 22:00:00,325.8200,16.7000
2017-02-23 23:00:00,248.0900,15.6000
2017-02-24 00:00:00,245.7400,15.6000
2017-02-24 01:00:00,229.9200,16.1000
2017-02-24 02:00:00,244.0400,14.4000
2017-02-24 03:00:00,237.2900,13.3000
2017-02-24 04:00:00,387.3600,13.9000
2017-02-24 05:00:00,407.6700,14.4000
2017-02-24 06:00:00,414.6400,12.2000
2017-02-24 07:00:00,407.1600,12.2000
2017-02-24 08:00:00,438.5200,13.9000
2017-02-24 09:00:00,522.6800,15.6000
2017-02-24 10:00:00,581.2400,17.8000
2017-02-24 11:00:00,608.7900,20.6000
2017-02-24 12:00:00,618.1800,23.3000
2017-02-24 13:00:00,629.6400,24.4000
2017-02-24 14:00:00,619.4000,23.3000
2017-02-24 15:00:00,630.6300,22.2000
2017-02-24 16:00:00,614.6500,22.8000
2017-02-24 17:00:00,582.5300,20.6000
2017-02-24 18:00:00,521.9200,19.4000
2017-02-24 19:00:00,503.3900,20.0000
2017-02-24 20:00:00,465.3300,17.8000
2017-02-24 21:00:00,436.8800,16.7000
2017-02-24 22:00:00,314.0400,16.1000
2017-02-24 23:00:00,247.2900,16.1000
2017-02-25 00:00:00,251.8300,16.7000
2017-02-25 01:00:00,251.7400,16.1000
2017-02-25 02:00:00,252.1800,15.0000
2017-02-25 03:00:00,266.3100,15.0000
2017-02-25 04:00:00,269.6300,16.1000
2017-02-25 05:00:00,258.3000,14.4000
2017-02-25 06:00:00,257.7600,14.4000
2017-02-25 07:00:00,256.0300,15.0000
2017-02-25 08:00:00,410.3000,16.7000
2017-02-25 09:00:00,443.1500,17.2000
2017-02-25 10:00:00,449.3100,18.9000
2017-02-25 11:00:00,446.8400,21.7000
2017-02-25 12:00:00,486.0500,23.9000
2017-02-25 13:00:00,496.5400,21.1000
2017-02-25 14:00:00,502.8300,22.8000
2017-02-25 15:00:00,496.0800,20.6000
2017-02-25 16:00:00,382.8600,13.3000
2017-02-25 17:00:00,330.9900,13.9000
2017-02-25 18:00:00,327.7200,13.3000
2017-02-25 19:00:00,329.2900,12.8000
2017-02-25 20:00:00,252.4500,12.8000
2017-02-25 21:00:00,239.5800,11.1000
2017-02-25 22:00:00,224.0200,9.4000
2017-02-25 23:00:00,224.1900,7.8000
2017-02-26 00:00:00,224.1800,6.7000
2017-02-26 01:00:00,232.8300,6.7000
2017-02-26 02:00:00,236.9000,5.6000
2017-02-26 03:00:00,240.7100,4.4000
2017-02-26 04:00:00,241.2900,3.9000
2017-02-26 05:00:00,240.4400,2.8000
2017-02-26 06:00:00,241.0900,2.8000
2017-02-26 07:00:00,239.8100,2.2000
2017-02-26 08:00:00,233.5700,2.8000
2017-02-26 09:00:00,232.1600,3.3000
2017-02-26 10:00:00,232.8000,4.4000
2017-02-26 11:00:00,342.7800,6.1000
2017-02-26 12:00:00,340.3800,5.6000
2017-02-26 13:00:00,341.4200,7.2000
2017-02-26 14:00:00,342.9400,8.3000
2017-02-26 15:00:00,331.3600,8.9000
2017-02-26 16:00:00,318.2300,9.4000
2017-02-26 17:00:00,305.2400,9.4000
2017-02-26 18:00:00,306.0700,7.8000
2017-02-26 19:00:00,313.2100,7.2000
2017-02-26 20:00:00,327.5000,6.7000
2017-02-26 21:00:00,330.8300,6.7000
2017-02-26 22:00:00,287.1100,5.6000
2017-02-26 23:00:00,235.4700,5.6000
2017-02-27 00:00:00,235.1500,3.3000
2017-02-27 01:00:00,236.8000,3.9000
2017-02-27 02:00:00,235.0600,4.4000
2017-02-27 03:00:00,237.4900,3.9000
2017-02-27 04:00:00,376.4800,3.9000
2017-02-27 05:00:00,389.5800,3.3000
2017-02-27 06:00:00,391.3300,2.8000
2017-02-27 07:00:00,393.4700,3.9000
2017-02-27 08:00:00,447.2700,4.4000
2017-02-27 09:00:00,508.9400,5.6000
2017-02-27 10:00:00,479.5200,7.8000
2017-02-27 11:00:00,476.3000,8.9000
2017-02-27 12:00:00,455.4700,11.7000
2017-02-27 13:00:00,448.2400,11.1000
2017-02-27 14:00:00,443.1600,11.7000
2017-02-27 15:00:00,476.2000,12.2000
2017-02-27 16:00:00,459.4100,12.8000
2017-02-27 17:00:00,426.7700,12.2000
2017-02-27 18:00:00,418.6800,12.2000
2017-02-27 19:00:00,422.6400,11.7000
2017-02-27 20:00:00,384.7500,10.6000
2017-02-27 21:00:00,361.3900,10.6000
2017-02-27 22:00:00,251.9700,11.1000
2017-02-27 23:00:00,226.2300,10.0000
2017-02-28 00:00:00,216.4500,9.4000
2017-02-28 01:00:00,218.1100,10.6000
2017-02-28 02:00:00,219.0400,10.6000
2017-02-28 03:00:00,218.9100,10.0000
2017-02-28 04:00:00,376.4300,10.0000
2017-02-28 05:00:00,361.3800,9.4000
2017-02-28 06:00:00,369.2900,9.4000
2017-02-28 07:00:00,368.9100,8.3000
2017-02-28 08:00:00,391.1100,10.0000
2017-02-28 09:00:00,479.6900,11.7000
2017-02-28 10:00:00,507.6100,13.3000
2017-02-28 11:00:00,513.1000,16.1000
2017-02-28 12:00:00,514.3100,17.2000
2017-02-28 13:00:00,527.4600,17.8000
2017-02-28 14:00:00,529.3600,19.4000
2017-02-28 15:00:00,527.7200,18.3000
2017-02-28 16:00:00,535.0600,17.2000
2017-02-28 17:00:00,538.6100,18.3000
2017-02-28 18:00:00,507.5000,18.3000
2017-02-28 19:00:00,507.4500,15.0000
2017-02-28 20:00:00,466.8100,13.9000
2017-02-28 21:00:00,404.5000,13.9000
2017-02-28 22:00:00,300.6800,13.9000
2017-02-28 23:00:00,243.8000,14.4000
2017-03-01 00:00:00,227.9800,13.9000
2017-03-01 01:00:00,224.4400,13.9000
2017-03-01 02:00:00,226.1500,13.9000
2017-03-01 03:00:00,226.4300,13.9000
2017-03-01 04:00:00,397.1300,13.9000
2017-03-01 05:00:00,413.7000,13.9000
2017-03-01 06:00:00,426.8400,14.4000
2017-03-01 07:00:00,438.0700,15.6000
2017-03-01 08:00:00,502.2500,16.1000
2017-03-01 09:00:00,593.6000,16.7000
2017-03-01 10:00:00,577.8900,18.3000
2017-03-01 11:00:00,594.4000,20.6000
2017-03-01 12:00:00,609.0400,24.4000
2017-03-01 13:00:00,609.2100,25.0000
2017-03-01 14:00:00,592.2400,21.1000
2017-03-01 15:00:00,552.0500,22.2000
2017-03-01 16:00:00,544.3700,20.6000
2017-03-01 17:00:00,518.2500,20.6000
2017-03-01 18:00:00,493.0100,20.6000
2017-03-01 19:00:00,489.5900,19.4000
2017-03-01 20:00:00,477.3000,18.3000
2017-03-01 21:00:00,446.4000,17.8000
2017-03-01 22:00:00,305.7700,17.2000
2017-03-01 23:00:00,219.1700,17.2000
2017-03-02 00:00:00,231.4400,16.7000
2017-03-02 01:00:00,230.1600,16.7000
2017-03-02 02:00:00,214.7400,15.6000
2017-03-02 03:00:00,219.2500,12.2000
2017-03-02 04:00:00,347.0700,10.6000
2017-03-02 05:00:00,357.5300,10.0000
2017-03-02 06:00:00,363.9000,9.4000
2017-03-02 07:00:00,366.8400,8.3000
2017-03-02 08:00:00,428.8300,8.3000
2017-03-02 09:00:00,483.4200,8.9000
2017-03-02 10:00:00,482.6000,8.3000
2017-03-02 11:00:00,474.8100,8.3000
2017-03-02 12:00:00,447.5300,9.4000
2017-03-02 13:00:00,438.1400,10.0000
2017-03-02 14:00:00,452.3900,10.6000
2017-03-02 15:00:00,447.9400,10.0000
2017-03-02 16:00:00,440.1000,10.0000
2017-03-02 17:00:00,417.9100,10.0000
2017-03-02 18:00:00,404.5000,8.3000
2017-03-02 19:00:00,407.5500,7.8000
2017-03-02 20:00:00,396.6200,7.2000
2017-03-02 21:00:00,364.7600,6.7000
2017-03-02 22:00:00,306.1800,5.6000
2017-03-02 23:00:00,235.9700,5.0000
2017-03-03 00:00:00,235.8500,4.4000
2017-03-03 01:00:00,233.6600,3.9000
2017-03-03 02:00:00,234.9000,4.4000
2017-03-03 03:00:00,236.8400,4.4000
2017-03-03 04:00:00,388.1100,3.9000
2017-03-03 05:00:00,407.1700,1.1000
2017-03-03 06:00:00,397.2000,1.1000
2017-03-03 07:00:00,417.3100,1.7000
2017-03-03 08:00:00,388.9400,2.2000
2017-03-03 09:00:00,414.3200,3.9000
2017-03-03 10:00:00,410.9300,3.9000
2017-03-03 11:00:00,442.1300,4.4000
2017-03-03 12:00:00,459.0800,5.6000
2017-03-03 13:00:00,450.6200,5.6000
2017-03-03 14:00:00,453.4100,6.1000
2017-03-03 15:00:00,459.7400,6.1000
2017-03-03 16:00:00,458.9700,6.1000
2017-03-03 17:00:00,453.6500,4.4000
2017-03-03 18:00:00,463.4300,3.9000
2017-03-03 19:00:00,472.4600,3.3000
2017-03-03 20:00:00,436.3400,2.2000
2017-03-03 21:00:00,430.2900,1.7000
2017-03-03 22:00:00,316.9200,0.6000
2017-03-03 23:00:00,243.4600,0.0000
2017-03-04 00:00:00,240.9300,-0.6000
2017-03-04 01:00:00,243.1300,-1.1000
2017-03-04 02:00:00,244.6000,-1.1000
2017-03-04 03:00:00,245.8600,-2.2000
2017-03-04 04:00:00,244.0000,-2.2000
2017-03-04 05:00:00,245.2600,-2.2000
2017-03-04 06:00:00,245.9700,-2.8000
2017-03-04 07:00:00,242.6000,-3.3000
2017-03-04 08:00:00,412.8100,-0.6000
2017-03-04 09:00:00,434.1800,1.1000
2017-03-04 10:00:00,408.6500,2.2000
2017-03-04 11:00:00,402.5700,2.8000
2017-03-04 12:00:00,395.8000,3.9000
2017-03-04 13:00:00,386.4200,5.0000
2017-03-04 14:00:00,377.5400,5.6000
2017-03-04 15:00:00,373.9100,6.1000
2017-03-04 16:00:00,377.0200,6.1000
2017-03-04 17:00:00,393.5500,5.6000
2017-03-04 18:00:00,382.5100,4.4000
2017-03-04 19:00:00,423.4900,3.3000
2017-03-04 20:00:00,256.9800,2.2000
2017-03-04 21:00:00,238.9500,1.7000
2017-03-04 22:00:00,240.6700,1.1000
2017-03-04 23:00:00,242.3500,0.6000
2017-03-05 00:00:00,243.3400,0.0000
2017-03-05 01:00:00,244.3800,-0.6000
2017-03-05 02:00:00,244.8900,-1.1000
2017-03-05 03:00:00,245.9100,-2.2000
2017-03-05 04:00:00,244.6500,-3.3000
2017-03-05 05:00:00,246.2800,-4.4000
2017-03-05 06:00:00,246.6900,-4.4000
2017-03-05 07:00:00,241.2900,-5.0000
2017-03-05 08:00:00,237.5900,-4.4000
2017-03-05 09:00:00,236.0500,-3.3000
2017-03-05 10:00:00,233.9200,-2.2000
2017-03-05 11:00:00,395.4700,-1.1000
2017-03-05 12:00:00,401.3200,0.0000
2017-03-05 13:00:00,401.3900,1.7000
2017-03-05 14:00:00,387.3600,2.2000
2017-03-05 15:00:00,374.2500,3.3000
2017-03-05 16:00:00,359.4600,3.9000
2017-03-05 17:00:00,367.3700,3.9000
2017-03-05 18:00:00,358.5400,3.3000
2017-03-05 19:00:00,370.0400,2.8000
2017-03-05 20:00:00,393.0200,2.2000
2017-03-05 21:00:00,422.2100,3.3000
2017-03-05 22:00:00,328.6400,1.7000
2017-03-05 23:00:00,240.2400,0.6000
2017-03-06 00:00:00,240.4900,0.6000
2017-03-06 01:00:00,242.1300,1.1000
2017-03-06 02:00:00,241.0500,0.6000
2017-03-06 03:00:00,241.7300,0.6000
2017-03-06 04:00:00,403.3100,1.1000
2017-03-06 05:00:00,424.4900,1.1000
2017-03-06 06:00:00,417.5300,1.1000
2017-03-06 07:00:00,433.3700,1.7000
2017-03-06 08:00:00,478.4600,2.2000
2017-03-06 09:00:00,534.0200,3.3000
2017-03-06 10:00:00,469.4000,5.6000
2017-03-06 11:00:00,474.2800,7.2000
2017-03-06 12:00:00,475.0500,9.4000
2017-03-06 13:00:00,475.8600,11.1000
2017-03-06 14:00:00,456.6000,11.1000
2017-03-06 15:00:00,448.9500,11.7000
2017-03-06 16:00:00,437.9600,11.7000
2017-03-06 17:00:00,433.8700,11.7000
2017-03-06 18:00:00,430.3400,12.2000
2017-03-06 19:00:00,413.1300,10.0000
2017-03-06 20:00:00,398.4900,10.0000
2017-03-06 21:00:00,371.4400,9.4000
2017-03-06 22:00:00,264.3400,8.9000
2017-03-06 23:00:00,232.9300,8.9000
2017-03-07 00:00:00,226.8000,8.9000
2017-03-07 01:00:00,226.2300,8.3000
2017-03-07 02:00:00,226.8500,8.3000
2017-03-07 03:00:00,230.2400,8.9000
2017-03-07 04:00:00,377.4100,8.9000
2017-03-07 05:00:00,369.3700,8.9000
2017-03-07 06:00:00,377.8500,10.0000
2017-03-07 07:00:00,402.7900,11.7000
2017-03-07 08:00:00,430.2300,11.7000
2017-03-07 09:00:00,472.6300,12.2000
2017-03-07 10:00:00,474.0100,13.9000
2017-03-07 11:00:00,530.6400,18.3000
2017-03-07 12:00:00,513.1600,19.4000
2017-03-07 13:00:00,551.8800,20.6000
2017-03-07 14:00:00,541.6300,21.1000
2017-03-07 15:00:00,541.7000,20.6000
2017-03-07 16:00:00,540.5100,21.1000
2017-03-07 17:00:00,529.8100,20.0000
2017-03-07 18:00:00,501.4000,18.3000
2017-03-07 19:00:00,482.7700,17.2000
2017-03-07 20:00:00,467.0600,14.4000
2017-03-07 21:00:00,440.2500,13.9000
2017-03-07 22:00:00,309.7800,13.3000
2017-03-07 23:00:00,247.0900,12.8000
2017-03-08 00:00:00,232.6000,13.9000
2017-03-08 01:00:00,220.2200,16.1000
2017-03-08 02:00:00,214.8000,16.7000
2017-03-08 03:00:00,215.9900,17.2000
2017-03-08 04:00:00,384.1800,12.8000
2017-03-08 05:00:00,364.9900,10.0000
2017-03-08 06:00:00,368.8700,10.6000
2017-03-08 07:00:00,381.5700,10.6000
2017-03-08 08:00:00,414.2200,11.1000
2017-03-08 09:00:00,503.4700,12.8000
2017-03-08 10:00:00,517.7400,14.4000
2017-03-08 11:00:00,504.7200,15.0000
2017-03-08 12:00:00,513.7400,16.7000
2017-03-08 13:00:00,513.3300,17.8000
2017-03-08 14:00:00,496.7400,18.9000
2017-03-08 15:00:00,502.7900,18.9000
2017-03-08 16:00:00,503.5900,19.4000
2017-03-08 17:00:00,500.9200,19.4000
2017-03-08 18:00:00,503.3900,18.3000
2017-03-08 19:00:00,465.5700,16.1000
2017-03-08 20:00:00,432.0700,15.6000
2017-03-08 21:00:00,401.9600,15.6000
2017-03-08 22:00:00,274.0500,15.0000
2017-03-08 23:00:00,233.0700,14.4000
2017-03-09 00:00:00,233.7300,13.3000
2017-03-09 01:00:00,227.3600,12.2000
2017-03-09 02:00:00,225.6200,11.1000
2017-03-09 03:00:00,221.9200,10.0000
2017-03-09 04:00:00,364.2700,8.9000
2017-03-09 05:00:00,362.0500,9.4000
2017-03-09 06:00:00,361.3200,9.4000
2017-03-09 07:00:00,376.0800,10.0000
2017-03-09 08:00:00,427.7700,12.2000
2017-03-09 09:00:00,487.1500,15.6000
2017-03-09 10:00:00,503.0700,17.8000
2017-03-09 11:00:00,507.9100,19.4000
2017-03-09 12:00:00,524.9100,20.6000
2017-03-09 13:00:00,523.4000,21.7000
2017-03-09 14:00:00,533.6400,22.2000
2017-03-09 15:00:00,556.9800,23.3000
2017-03-09 16:00:00,563.4200,22.8000
2017-03-09 17:00:00,535.5100,21.7000
2017-03-09 18:00:00,476.9500,21.1000
2017-03-09 19:00:00,447.9000,17.8000
2017-03-09 20:00:00,426.4800,15.6000
2017-03-09 21:00:00,395.4400,15.0000
2017-03-09 22:00:00,277.4700,15.0000
2017-03-09 23:00:00,209.7700,14.4000
2017-03-10 00:00:00,213.1300,13.9000
2017-03-10 01:00:00,217.5500,12.8000
2017-03-10 02:00:00,216.8800,11.7000
2017-03-10 03:00:00,220.5800,11.1000
2017-03-10 04:00:00,334.4800,10.0000
2017-03-10 05:00:00,324.7400,9.4000
2017-03-10 06:00:00,333.7800,8.9000
2017-03-10 07:00:00,342.9600,8.9000
2017-03-10 08:00:00,385.1800,7.8000
2017-03-10 09:00:00,481.7500,7.8000
2017-03-10 10:00:00,499.3900,3.3000
2017-03-10 11:00:00,466.4700,2.8000
2017-03-10 12:00:00,452.2400,3.9000
2017-03-10 13:00:00,454.0600,5.0000
2017-03-10 14:00:00,434.8900,6.1000
2017-03-10 15:00:00,428.3700,6.1000
2017-03-10 16:00:00,429.5200,7.8000
2017-03-10 17:00:00,402.4500,5.6000
2017-03-10 18:00:00,414.0500,4.4000
2017-03-10 19:00:00,400.0300,4.4000
2017-03-10 20:00:00,388.6100,2.8000
2017-03-10 21:00:00,399.0500,1.7000
2017-03-10 22:00:00,315.7700,0.6000
2017-03-10 23:00:00,234.1400,0.0000
2017-03-11 00:00:00,235.2500,-0.6000
2017-03-11 01:00:00,238.0600,-0.6000
2017-03-11 02:00:00,238.9400,-1.7000
2017-03-11 03:00:00,242.6900,-1.7000
2017-03-11 04:00:00,244.6600,-2.2000
2017-03-11 05:00:00,244.3100,-2.2000
2017-03-11 06:00:00,245.1600,-2.8000
2017-03-11 07:00:00,239.7700,-3.3000
2017-03-11 08:00:00,406.1100,-2.2000
2017-03-11 09:00:00,427.8300,-0.6000
2017-03-11 10:00:00,420.4700,0.0000
2017-03-11 11:00:00,391.7200,1.1000
2017-03-11 12:00:00,393.4500,2.8000
2017-03-11 13:00:00,390.9200,2.8000
2017-03-11 14:00:00,397.5300,3.3000
2017-03-11 15:00:00,373.1100,3.9000
2017-03-11 16:00:00,374.0300,3.9000
2017-03-11 17:00:00,360.8500,3.3000
2017-03-11 18:00:00,367.0800,2.2000
2017-03-11 19:00:00,400.4500,1.1000
2017-03-11 20:00:00,257.2500,0.6000
2017-03-11 21:00:00,241.5400,0.0000
2017-03-11 22:00:00,242.1800,-0.6000
2017-03-11 23:00:00,243.4000,-1.1000
2017-03-12 00:00:00,246.8300,-1.1000
2017-03-12 01:00:00,244.6800,-1.1000
2017-03-12 02:00:00,,-1.7000
2017-03-12 03:00:00,246.0200,-1.7000
2017-03-12 04:00:00,245.1500,-2.2000
2017-03-12 05:00:00,245.4300,-2.2000
2017-03-12 06:00:00,245.7600,-2.8000
2017-03-12 07:00:00,247.4300,-2.8000
2017-03-12 08:00:00,244.4300,-2.2000
2017-03-12 09:00:00,243.1200,-1.1000
2017-03-12 10:00:00,377.3000,0.0000
2017-03-12 11:00:00,405.3900,1.7000
2017-03-12 12:00:00,393.5400,2.2000
2017-03-12 13:00:00,375.6900,3.9000
2017-03-12 14:00:00,370.1600,5.0000
2017-03-12 15:00:00,357.9600,5.0000
2017-03-12 16:00:00,351.2500,5.6000
2017-03-12 17:00:00,341.7600,5.0000
2017-03-12 18:00:00,347.4900,3.9000
2017-03-12 19:00:00,371.8600,2.8000
2017-03-12 20:00:00,393.9400,2.2000
2017-03-12 21:00:00,317.3900,1.7000
2017-03-12 22:00:00,248.2100,0.6000
2017-03-12 23:00:00,248.7200,0.0000
2017-03-13 00:00:00,243.2900,-0.6000
2017-03-13 01:00:00,252.5000,0.0000
2017-03-13 02:00:00,249.7800,-0.6000
2017-03-13 03:00:00,393.7600,-1.1000
2017-03-13 04:00:00,448.1700,-1.1000
2017-03-13 05:00:00,455.4100,-1.1000
2017-03-13 06:00:00,438.9900,-1.7000
2017-03-13 07:00:00,509.5500,-1.7000
2017-03-13 08:00:00,633.1900,-0.6000
2017-03-13 09:00:00,536.3400,0.6000
2017-03-13 10:00:00,514.1900,1.7000
2017-03-13 11:00:00,511.2900,2.8000
2017-03-13 12:00:00,509.0000,3.3000
2017-03-13 13:00:00,477.6900,5.0000
2017-03-13 14:00:00,478.5000,6.7000
2017-03-13 15:00:00,463.5600,7.8000
2017-03-13 16:00:00,440.1100,6.1000
2017-03-13 17:00:00,435.3600,5.0000
2017-03-13 18:00:00,413.4000,2.2000
2017-03-13 19:00:00,419.0100,1.7000
2017-03-13 20:00:00,415.8500,1.7000
2017-03-13 21:00:00,268.5300,1.1000
2017-03-13 22:00:00,240.2900,0.0000
2017-03-13 23:00:00,238.7300,-0.6000
2017-03-14 00:00:00,240.9400,-0.6000
2017-03-14 01:00:00,249.5100,-0.6000
2017-03-14 02:00:00,242.0100,0.0000
2017-03-14 03:00:00,385.0300,0.6000
2017-03-14 04:00:00,423.6800,0.6000
2017-03-14 05:00:00,408.9900,0.6000
2017-03-14 06:00:00,424.5100,0.0000
2017-03-14 07:00:00,424.9900,-0.6000
2017-03-14 08:00:00,426.8100,0.6000
2017-03-14 09:00:00,466.4100,1.1000
2017-03-14 10:00:00,489.3000,1.7000
2017-03-14 11:00:00,480.8500,2.8000
2017-03-14 12:00:00,468.4800,3.3000
2017-03-14 13:00:00,469.6300,2.2000
2017-03-14 14:00:00,464.7800,3.9000
2017-03-14 15:00:00,447.4400,3.9000
2017-03-14 16:00:00,446.7800,3.9000
2017-03-14 17:00:00,431.5300,3.3000
2017-03-14 18:00:00,426.8900,1.7000
2017-03-14 19:00:00,429.9800,0.6000
2017-03-14 20:00:00,440.8900,-0.6000
2017-03-14 21:00:00,335.7400,-1.1000
2017-03-14 22:00:00,248.8900,-1.7000
2017-03-14 23:00:00,250.5300,-2.8000
2017-03-15 00:00:00,251.6300,-3.3000
2017-03-15 01:00:00,252.8400,-3.9000
2017-03-15 02:00:00,269.5600,-4.4000
2017-03-15 03:00:00,421.0000,-5.0000
2017-03-15 04:00:00,455.8700,-5.6000
2017-03-15 05:00:00,446.9000,-5.6000
2017-03-15 06:00:00,446.8600,-5.6000
2017-03-15 07:00:00,467.2100,-4.4000
2017-03-15 08:00:00,496.5400,-3.9000
2017-03-15 09:00:00,545.9700,-3.3000
2017-03-15 10:00:00,574.5000,-2.8000
2017-03-15 11:00:00,531.2700,-2.2000
2017-03-15 12:00:00,537.8800,-1.1000
2017-03-15 13:00:00,520.0500,-1.1000
2017-03-15 14:00:00,508.6000,-1.1000
2017-03-15 15:00:00,521.7500,-1.1000
2017-03-15 16:00:00,515.4700,0.0000
2017-03-15 17:00:00,505.5000,0.0000
2017-03-15 18:00:00,487.8100,0.6000
2017-03-15 19:00:00,440.1900,0.0000
2017-03-15 20:00:00,447.1500,0.0000
2017-03-15 21:00:00,365.1900,-0.6000
2017-03-15 22:00:00,262.9700,-0.6000
2017-03-15 23:00:00,255.7000,-1.1000
2017-03-16 00:00:00,259.2800,-1.7000
2017-03-16 01:00:00,256.1800,-2.2000
2017-03-16 02:00:00,258.8400,-2.2000
2017-03-16 03:00:00,433.7700,-2.2000
2017-03-16 04:00:00,447.4400,-2.8000
2017-03-16 05:00:00,463.2200,-3.3000
2017-03-16 06:00:00,446.2700,-3.3000
2017-03-16 07:00:00,489.7000,-2.8000
2017-03-16 08:00:00,552.8200,-0.6000
2017-03-16 09:00:00,568.9100,0.6000
2017-03-16 10:00:00,544.2300,1.1000
2017-03-16 11:00:00,523.4900,2.2000
2017-03-16 12:00:00,502.8500,2.8000
2017-03-16 13:00:00,511.6300,2.8000
2017-03-16 14:00:00,490.8200,3.9000
2017-03-16 15:00:00,480.9400,5.0000
2017-03-16 16:00:00,468.7200,5.6000
2017-03-16 17:00:00,454.4000,5.0000
2017-03-16 18:00:00,434.6300,4.4000
2017-03-16 19:00:00,429.5100,3.9000
2017-03-16 20:00:00,431.8000,3.3000
2017-03-16 21:00:00,323.0500,3.3000
2017-03-16 22:00:00,238.1800,2.8000
2017-03-16 23:00:00,238.4400,2.2000
2017-03-17 00:00:00,247.3300,2.2000
2017-03-17 01:00:00,237.7300,1.1000
2017-03-17 02:00:00,250.7900,1.1000
2017-03-17 03:00:00,397.9000,1.1000
2017-03-17 04:00:00,422.7900,0.6000
2017-03-17 05:00:00,436.3000,-1.7000
2017-03-17 06:00:00,434.9500,0.0000
2017-03-17 07:00:00,498.5900,0.6000
2017-03-17 08:00:00,526.8200,2.2000
2017-03-17 09:00:00,516.4400,3.3000
2017-03-17 10:00:00,540.1300,5.0000
2017-03-17 11:00:00,540.4200,7.8000
2017-03-17 12:00:00,504.6000,7.8000
2017-03-17 13:00:00,464.3300,9.4000
2017-03-17 14:00:00,454.5400,9.4000
2017-03-17 15:00:00,451.1200,10.0000
2017-03-17 16:00:00,428.6500,8.9000
2017-03-17 17:00:00,419.1900,8.9000
2017-03-17 18:00:00,413.9600,8.3000
2017-03-17 19:00:00,407.2200,7.8000
2017-03-17 20:00:00,404.8500,6.1000
2017-03-17 21:00:00,323.0700,5.6000
2017-03-17 22:00:00,230.2500,5.0000
2017-03-17 23:00:00,240.9100,5.6000
2017-03-18 00:00:00,237.9000,4.4000
2017-03-18 01:00:00,232.4100,4.4000
2017-03-18 02:00:00,240.9300,4.4000
2017-03-18 03:00:00,239.1200,5.0000
2017-03-18 04:00:00,239.1800,5.0000
2017-03-18 05:00:00,234.3900,5.0000
2017-03-18 06:00:00,237.8900,5.0000
2017-03-18 07:00:00,382.6000,5.6000
2017-03-18 08:00:00,379.3500,5.6000
2017-03-18 09:00:00,382.8500,6.1000
2017-03-18 10:00:00,388.0700,7.8000
2017-03-18 11:00:00,378.1200,10.0000
2017-03-18 12:00:00,401.6300,11.7000
2017-03-18 13:00:00,437.0900,13.3000
2017-03-18 14:00:00,450.8200,14.4000
2017-03-18 15:00:00,459.5000,15.0000
2017-03-18 16:00:00,461.2200,12.2000
2017-03-18 17:00:00,486.0600,11.7000
2017-03-18 18:00:00,413.2400,10.6000
2017-03-18 19:00:00,290.8400,9.4000
2017-03-18 20:00:00,278.7500,8.3000
2017-03-18 21:00:00,258.9800,7.2000
2017-03-18 22:00:00,242.9600,6.7000
2017-03-18 23:00:00,241.9900,6.7000
2017-03-19 00:00:00,245.1700,6.1000
2017-03-19 01:00:00,238.3000,5.6000
2017-03-19 02:00:00,232.1000,4.4000
2017-03-19 03:00:00,225.4100,3.3000
2017-03-19 04:00:00,229.4000,2.8000
2017-03-19 05:00:00,228.3800,2.2000
2017-03-19 06:00:00,229.3800,2.2000
2017-03-19 07:00:00,227.8100,2.2000
2017-03-19 08:00:00,225.1400,2.8000
2017-03-19 09:00:00,216.6600,3.9000
2017-03-19 10:00:00,375.0900,4.4000
2017-03-19 11:00:00,367.7500,6.1000
2017-03-19 12:00:00,345.3100,7.8000
2017-03-19 13:00:00,341.8900,9.4000
2017-03-19 14:00:00,352.5700,10.6000
2017-03-19 15:00:00,346.7200,11.1000
2017-03-19 16:00:00,348.5000,12.2000
2017-03-19 17:00:00,339.4700,10.6000
2017-03-19 18:00:00,333.3800,10.0000
2017-03-19 19:00:00,339.8400,8.9000
2017-03-19 20:00:00,355.3800,7.2000
2017-03-19 21:00:00,297.0100,7.2000
2017-03-19 22:00:00,227.0100,7.2000
2017-03-19 23:00:00,217.9300,6.7000
2017-03-20 00:00:00,220.6500,6.1000
2017-03-20 01:00:00,235.0300,5.6000
2017-03-20 02:00:00,219.6700,5.0000
2017-03-20 03:00:00,377.4600,4.4000
2017-03-20 04:00:00,395.2500,3.9000
2017-03-20 05:00:00,388.9900,3.3000
2017-03-20 06:00:00,388.1500,3.3000
2017-03-20 07:00:00,447.2500,4.4000
2017-03-20 08:00:00,532.3100,6.1000
2017-03-20 09:00:00,526.8600,7.8000
2017-03-20 10:00:00,515.2300,9.4000
2017-03-20 11:00:00,516.1300,10.6000
2017-03-20 12:00:00,529.8600,11.7000
2017-03-20 13:00:00,477.4200,11.7000
2017-03-20 14:00:00,462.2200,11.7000
2017-03-20 15:00:00,467.4700,11.7000
2017-03-20 16:00:00,450.4900,11.1000
2017-03-20 17:00:00,427.4400,11.1000
2017-03-20 18:00:00,411.8300,10.6000
2017-03-20 19:00:00,392.5800,10.6000
2017-03-20 20:00:00,383.0900,10.6000
2017-03-20 21:00:00,244.9700,10.0000
2017-03-20 22:00:00,217.3200,10.0000
2017-03-20 23:00:00,215.9900,10.0000
2017-03-21 00:00:00,217.1100,10.0000
2017-03-21 01:00:00,216.0800,10.0000
2017-03-21 02:00:00,218.0400,10.0000
2017-03-21 03:00:00,380.4100,8.3000
2017-03-21 04:00:00,381.7000,8.3000
2017-03-21 05:00:00,374.0500,8.3000
2017-03-21 06:00:00,380.8200,7.8000
2017-03-21 07:00:00,421.6800,8.3000
2017-03-21 08:00:00,532.0200,8.3000
2017-03-21 09:00:00,483.8600,8.9000
2017-03-21 10:00:00,505.6100,9.4000
2017-03-21 11:00:00,504.7500,11.1000
2017-03-21 12:00:00,518.9600,12.8000
2017-03-21 13:00:00,529.9700,14.4000
2017-03-21 14:00:00,547.8200,15.6000
2017-03-21 15:00:00,542.6600,16.7000
2017-03-21 16:00:00,503.5800,17.2000
2017-03-21 17:00:00,495.1900,16.7000
2017-03-21 18:00:00,456.7300,15.6000
2017-03-21 19:00:00,432.3900,14.4000
2017-03-21 20:00:00,418.6700,15.0000
2017-03-21 21:00:00,292.3300,13.9000
2017-03-21 22:00:00,245.0400,13.9000
2017-03-21 23:00:00,219.5200,13.3000
2017-03-22 00:00:00,219.0000,13.9000
2017-03-22 01:00:00,218.0100,15.0000
2017-03-22 02:00:00,217.7800,14.4000
2017-03-22 03:00:00,386.4900,13.9000
2017-03-22 04:00:00,391.7700,13.3000
2017-03-22 05:00:00,374.5800,11.1000
2017-03-22 06:00:00,382.2500,7.8000
2017-03-22 07:00:00,420.8000,5.6000
2017-03-22 08:00:00,512.0300,5.6000
2017-03-22 09:00:00,481.2700,5.0000
2017-03-22 10:00:00,484.5000,6.7000
2017-03-22 11:00:00,479.4200,7.2000
2017-03-22 12:00:00,492.2900,7.8000
2017-03-22 13:00:00,461.6700,8.3000
2017-03-22 14:00:00,459.7400,9.4000
2017-03-22 15:00:00,450.6100,9.4000
2017-03-22 16:00:00,436.0900,8.9000
2017-03-22 17:00:00,412.8600,8.3000
2017-03-22 18:00:00,387.1700,7.2000
2017-03-22 19:00:00,378.5000,6.1000
2017-03-22 20:00:00,382.2100,5.6000
2017-03-22 21:00:00,296.7100,4.4000
2017-03-22 22:00:00,232.5700,3.9000
2017-03-22 23:00:00,232.0000,3.3000
2017-03-23 00:00:00,232.3100,2.8000
2017-03-23 01:00:00,233.6200,1.7000
2017-03-23 02:00:00,234.5100,1.1000
2017-03-23 03:00:00,400.1300,0.0000
2017-03-23 04:00:00,423.3900,0.0000
2017-03-23 05:00:00,419.5400,-1.1000
2017-03-23 06:00:00,421.9300,-1.1000
2017-03-23 07:00:00,460.9900,-1.1000
2017-03-23 08:00:00,517.1200,0.0000
2017-03-23 09:00:00,543.6600,1.1000
2017-03-23 10:00:00,523.2100,2.2000
2017-03-23 11:00:00,503.2700,3.9000
2017-03-23 12:00:00,470.3900,4.4000
2017-03-23 13:00:00,456.0200,5.6000
2017-03-23 14:00:00,465.6600,7.2000
2017-03-23 15:00:00,455.8400,8.3000
2017-03-23 16:00:00,431.5000,8.3000
2017-03-23 17:00:00,404.6100,8.3000
2017-03-23 18:00:00,384.0600,7.8000
2017-03-23 19:00:00,385.3200,7.2000
2017-03-23 20:00:00,397.2900,6.1000
2017-03-23 21:00:00,316.2900,5.6000
2017-03-23 22:00:00,252.3700,4.4000
2017-03-23 23:00:00,251.7700,3.3000
2017-03-24 00:00:00,247.1400,3.3000
2017-03-24 01:00:00,248.9600,3.3000
2017-03-24 02:00:00,249.2800,2.8000
2017-03-24 03:00:00,411.5800,2.8000
2017-03-24 04:00:00,420.9600,2.2000
2017-03-24 05:00:00,410.8400,2.8000
2017-03-24 06:00:00,401.7600,3.3000
2017-03-24 07:00:00,442.0200,3.3000
2017-03-24 08:00:00,519.7500,3.9000
2017-03-24 09:00:00,497.2000,5.0000
2017-03-24 10:00:00,501.6300,5.0000
2017-03-24 11:00:00,494.8000,5.6000
2017-03-24 12:00:00,461.4200,9.4000
2017-03-24 13:00:00,445.5600,11.7000
2017-03-24 14:00:00,458.6600,12.8000
2017-03-24 15:00:00,458.5300,14.4000
2017-03-24 16:00:00,441.9400,16.1000
2017-03-24 17:00:00,424.0600,16.7000
2017-03-24 18:00:00,404.2400,16.1000
2017-03-24 19:00:00,391.1800,14.4000
2017-03-24 20:00:00,429.1400,12.8000
2017-03-24 21:00:00,306.3100,13.3000
2017-03-24 22:00:00,233.3800,13.9000
2017-03-24 23:00:00,232.9700,13.9000
2017-03-25 00:00:00,230.5900,13.9000
2017-03-25 01:00:00,219.3200,13.3000
2017-03-25 02:00:00,214.0200,13.9000
2017-03-25 03:00:00,209.1900,13.3000
2017-03-25 04:00:00,209.1800,13.3000
2017-03-25 05:00:00,209.7400,13.3000
2017-03-25 06:00:00,207.5400,12.8000
2017-03-25 07:00:00,341.2700,13.3000
2017-03-25 08:00:00,406.3200,15.0000
2017-03-25 09:00:00,419.0800,16.7000
2017-03-25 10:00:00,395.8800,18.3000
2017-03-25 11:00:00,426.1800,19.4000
2017-03-25 12:00:00,440.8000,20.6000
2017-03-25 13:00:00,448.2000,22.8000
2017-03-25 14:00:00,448.4200,25.0000
2017-03-25 15:00:00,458.0200,25.6000
2017-03-25 16:00:00,439.9100,24.4000
2017-03-25 17:00:00,441.3500,25.0000
2017-03-25 18:00:00,438.3100,22.2000
2017-03-25 19:00:00,260.1600,22.2000
2017-03-25 20:00:00,241.6100,21.1000
2017-03-25 21:00:00,243.8400,19.4000
2017-03-25 22:00:00,231.4500,18.3000
2017-03-25 23:00:00,222.3400,15.6000
2017-03-26 00:00:00,218.0100,14.4000
2017-03-26 01:00:00,207.4900,12.8000
2017-03-26 02:00:00,211.7300,11.1000
2017-03-26 03:00:00,218.2300,10.6000
2017-03-26 04:00:00,217.2200,10.0000
2017-03-26 05:00:00,219.6700,10.0000
2017-03-26 06:00:00,217.9400,9.4000
2017-03-26 07:00:00,209.1200,8.9000
2017-03-26 08:00:00,209.9000,8.9000
2017-03-26 09:00:00,210.0200,8.9000
2017-03-26 10:00:00,324.1500,8.9000
2017-03-26 11:00:00,315.0800,8.9000
2017-03-26 12:00:00,309.6700,9.4000
2017-03-26 13:00:00,309.0000,9.4000
2017-03-26 14:00:00,306.8900,9.4000
2017-03-26 15:00:00,303.0400,10.0000
2017-03-26 16:00:00,304.6400,9.4000
2017-03-26 17:00:00,315.8400,9.4000
2017-03-26 18:00:00,310.4100,9.4000
2017-03-26 19:00:00,318.2800,8.9000
2017-03-26 20:00:00,326.4400,8.9000
2017-03-26 21:00:00,269.2700,8.9000
2017-03-26 22:00:00,217.7300,8.3000
2017-03-26 23:00:00,218.7400,8.3000
2017-03-27 00:00:00,219.1200,8.3000
2017-03-27 01:00:00,216.7200,8.3000
2017-03-27 02:00:00,218.7100,8.3000
2017-03-27 03:00:00,361.5100,8.3000
2017-03-27 04:00:00,346.1600,8.3000
2017-03-27 05:00:00,357.2500,8.3000
2017-03-27 06:00:00,353.1800,8.9000
2017-03-27 07:00:00,403.0600,8.9000
2017-03-27 08:00:00,448.0500,8.9000
2017-03-27 09:00:00,454.3600,9.4000
2017-03-27 10:00:00,472.8200,11.1000
2017-03-27 11:00:00,532.8400,13.3000
2017-03-27 12:00:00,515.2400,15.6000
2017-03-27 13:00:00,512.9400,17.8000
2017-03-27 14:00:00,532.8000,20.6000
2017-03-27 15:00:00,534.9600,22.8000
2017-03-27 16:00:00,532.2700,22.8000
2017-03-27 17:00:00,510.4900,22.8000
2017-03-27 18:00:00,467.8600,20.6000
2017-03-27 19:00:00,437.3400,20.0000
2017-03-27 20:00:00,416.2900,18.9000
2017-03-27 21:00:00,259.2500,18.9000
2017-03-27 22:00:00,233.7600,16.7000
2017-03-27 23:00:00,230.8900,16.7000
2017-03-28 00:00:00,230.1300,15.6000
2017-03-28 01:00:00,229.8100,13.9000
2017-03-28 02:00:00,233.0300,16.1000
2017-03-28 03:00:00,388.6400,16.7000
2017-03-28 04:00:00,427.0400,16.1000
2017-03-28 05:00:00,426.4200,16.1000
2017-03-28 06:00:00,438.0400,16.1000
2017-03-28 07:00:00,483.4700,17.2000
2017-03-28 08:00:00,570.1100,16.7000
2017-03-28 09:00:00,575.6600,18.3000
2017-03-28 10:00:00,620.5200,18.3000
2017-03-28 11:00:00,613.9400,20.0000
2017-03-28 12:00:00,590.4800,17.8000
2017-03-28 13:00:00,564.5200,21.1000
2017-03-28 14:00:00,566.7400,22.2000
2017-03-28 15:00:00,557.6600,21.1000
2017-03-28 16:00:00,541.5200,22.8000
2017-03-28 17:00:00,529.0100,22.2000
2017-03-28 18:00:00,488.5300,21.1000
2017-03-28 19:00:00,444.3700,20.6000
2017-03-28 20:00:00,442.7400,18.9000
2017-03-28 21:00:00,302.0000,17.8000
2017-03-28 22:00:00,225.3900,17.8000
2017-03-28 23:00:00,213.9700,17.2000
2017-03-29 00:00:00,212.1600,16.7000
2017-03-29 01:00:00,212.7500,16.7000
2017-03-29 02:00:00,214.5600,15.0000
2017-03-29 03:00:00,374.8400,15.0000
2017-03-29 04:00:00,413.1800,15.0000
2017-03-29 05:00:00,379.1500,14.4000
2017-03-29 06:00:00,359.4700,13.9000
2017-03-29 07:00:00,411.1200,13.3000
2017-03-29 08:00:00,482.8600,13.3000
2017-03-29 09:00:00,524.2600,13.3000
2017-03-29 10:00:00,525.8000,15.6000
2017-03-29 11:00:00,507.1900,16.1000
2017-03-29 12:00:00,511.8600,16.7000
2017-03-29 13:00:00,509.9100,17.8000
2017-03-29 14:00:00,498.0300,18.9000
2017-03-29 15:00:00,495.0800,18.9000
2017-03-29 16:00:00,490.0800,19.4000
2017-03-29 17:00:00,472.1700,18.9000
2017-03-29 18:00:00,436.1900,17.2000
2017-03-29 19:00:00,408.7200,16.1000
2017-03-29 20:00:00,392.3000,15.6000
2017-03-29 21:00:00,275.3200,13.9000
2017-03-29 22:00:00,202.3400,12.8000
2017-03-29 23:00:00,194.2900,12.2000
2017-03-30 00:00:00,199.3500,11.1000
2017-03-30 01:00:00,200.8400,10.6000
2017-03-30 02:00:00,200.2200,10.0000
2017-03-30 03:00:00,321.8700,9.4000
2017-03-30 04:00:00,325.7600,8.9000
2017-03-30 05:00:00,325.9700,8.9000
2017-03-30 06:00:00,330.6700,8.3000
2017-03-30 07:00:00,389.2900,8.3000
2017-03-30 08:00:00,431.8700,8.3000
2017-03-30 09:00:00,467.5300,8.9000
2017-03-30 10:00:00,445.4600,10.0000
2017-03-30 11:00:00,426.3200,10.0000
2017-03-30 12:00:00,423.4100,11.7000
2017-03-30 13:00:00,403.8900,12.2000
2017-03-30 14:00:00,407.3600,12.2000
2017-03-30 15:00:00,404.1900,12.2000
2017-03-30 16:00:00,381.5900,12.2000
2017-03-30 17:00:00,362.0400,12.2000
2017-03-30 18:00:00,348.7700,11.7000
2017-03-30 19:00:00,342.2200,11.1000
2017-03-30 20:00:00,323.7700,10.6000
2017-03-30 21:00:00,245.4700,10.0000
2017-03-30 22:00:00,190.2000,10.0000
2017-03-30 23:00:00,189.4600,9.4000
2017-03-31 00:00:00,191.7700,9.4000
2017-03-31 01:00:00,191.0400,9.4000
2017-03-31 02:00:00,191.5100,8.9000
2017-03-31 03:00:00,325.0500,8.9000
2017-03-31 04:00:00,338.2700,7.8000
2017-03-31 05:00:00,350.0800,7.2000
2017-03-31 06:00:00,343.6400,7.2000
2017-03-31 07:00:00,373.4300,7.2000
2017-03-31 08:00:00,402.1900,7.8000
2017-03-31 09:00:00,410.8600,8.3000
2017-03-31 10:00:00,393.2100,8.3000
2017-03-31 11:00:00,400.0900,8.3000
2017-03-31 12:00:00,382.9800,8.9000
2017-03-31 13:00:00,391.5900,9.4000
2017-03-31 14:00:00,380.7000,10.6000
2017-03-31 15:00:00,374.3200,10.6000
2017-03-31 16:00:00,356.7700,11.1000
2017-03-31 17:00:00,338.4200,11.1000
2017-03-31 18:00:00,331.5000,10.0000
2017-03-31 19:00:00,319.4100,9.4000
2017-03-31 20:00:00,318.2900,8.9000
2017-03-31 21:00:00,259.9300,8.9000
2017-03-31 22:00:00,193.3800,8.9000
2017-03-31 23:00:00,192.3500,8.3000
2017-04-01 00:00:00,193.3400,8.3000
2017-04-01 01:00:00,194.3300,8.3000
2017-04-01 02:00:00,194.9400,8.3000
2017-04-01 03:00:00,195.1100,8.3000
2017-04-01 04:00:00,194.5300,8.9000
2017-04-01 05:00:00,186.5300,8.9000
2017-04-01 06:00:00,183.1500,9.4000
2017-04-01 07:00:00,337.8000,9.4000
2017-04-01 08:00:00,344.9500,11.1000
2017-04-01 09:00:00,354.1600,12.8000
2017-04-01 10:00:00,337.8700,13.3000
2017-04-01 11:00:00,326.4200,13.9000
2017-04-01 12:00:00,356.3400,14.4000
2017-04-01 13:00:00,369.3700,15.6000
2017-04-01 14:00:00,357.7900,15.6000
2017-04-01 15:00:00,353.8700,15.6000
2017-04-01 16:00:00,352.8000,15.6000
2017-04-01 17:00:00,351.7700,13.9000
2017-04-01 18:00:00,313.4700,12.8000
2017-04-01 19:00:00,208.5000,11.7000
2017-04-01 20:00:00,192.2900,11.1000
2017-04-01 21:00:00,186.5300,10.6000
2017-04-01 22:00:00,186.5200,10.6000
2017-04-01 23:00:00,186.7700,10.0000
2017-04-02 00:00:00,189.1200,10.0000
2017-04-02 01:00:00,190.1900,10.0000
2017-04-02 02:00:00,197.6500,8.9000
2017-04-02 03:00:00,204.4900,8.3000
2017-04-02 04:00:00,205.5100,7.8000
2017-04-02 05:00:00,202.5600,7.2000
2017-04-02 06:00:00,202.0700,6.7000
2017-04-02 07:00:00,193.7200,7.8000
2017-04-02 08:00:00,192.7200,9.4000
2017-04-02 09:00:00,179.9400,11.1000
2017-04-02 10:00:00,352.5700,12.8000
2017-04-02 11:00:00,363.7500,15.0000
2017-04-02 12:00:00,355.9500,15.6000
2017-04-02 13:00:00,359.5200,16.7000
2017-04-02 14:00:00,368.0800,17.8000
2017-04-02 15:00:00,359.6000,18.3000
2017-04-02 16:00:00,359.4100,18.3000
2017-04-02 17:00:00,365.7400,18.3000
2017-04-02 18:00:00,368.5600,17.2000
2017-04-02 19:00:00,362.3100,16.1000
2017-04-02 20:00:00,360.1600,16.7000
2017-04-02 21:00:00,242.5000,12.8000
2017-04-02 22:00:00,185.5400,12.8000
2017-04-02 23:00:00,183.0900,12.2000
2017-04-03 00:00:00,183.4900,11.7000
2017-04-03 01:00:00,188.1600,11.7000
2017-04-03 02:00:00,187.1400,11.1000
2017-04-03 03:00:00,343.6500,10.0000
2017-04-03 04:00:00,334.0700,9.4000
2017-04-03 05:00:00,333.9500,9.4000
2017-04-03 06:00:00,351.6200,9.4000
2017-04-03 07:00:00,389.2800,10.6000
2017-04-03 08:00:00,416.7000,12.8000
2017-04-03 09:00:00,471.9300,14.4000
2017-04-03 10:00:00,492.9900,16.1000
2017-04-03 11:00:00,490.0800,17.2000
2017-04-03 12:00:00,489.9900,17.8000
2017-04-03 13:00:00,484.6600,18.9000
2017-04-03 14:00:00,481.1300,18.3000
2017-04-03 15:00:00,468.5200,18.9000
2017-04-03 16:00:00,464.1700,18.9000
2017-04-03 17:00:00,441.9800,18.3000
2017-04-03 18:00:00,434.4200,17.8000
2017-04-03 19:00:00,376.5600,16.1000
2017-04-03 20:00:00,355.1100,13.9000
2017-04-03 21:00:00,229.4400,14.4000
2017-04-03 22:00:00,201.6200,15.6000
2017-04-03 23:00:00,201.9500,15.6000
2017-04-04 00:00:00,199.6300,15.6000
2017-04-04 01:00:00,199.1700,16.1000
2017-04-04 02:00:00,201.5700,17.2000
2017-04-04 03:00:00,366.6900,16.7000
2017-04-04 04:00:00,394.4600,15.6000
2017-04-04 05:00:00,388.8600,17.2000
2017-04-04 06:00:00,392.4100,17.2000
2017-04-04 07:00:00,445.2600,17.8000
2017-04-04 08:00:00,506.5500,18.3000
2017-04-04 09:00:00,503.1100,19.4000
2017-04-04 10:00:00,521.4300,21.7000
2017-04-04 11:00:00,580.4900,23.9000
2017-04-04 12:00:00,580.5900,24.4000
2017-04-04 13:00:00,556.3300,24.4000
2017-04-04 14:00:00,578.1700,24.4000
2017-04-04 15:00:00,572.0600,25.6000
2017-04-04 16:00:00,555.7000,27.2000
2017-04-04 17:00:00,530.0500,26.7000
2017-04-04 18:00:00,506.0100,26.1000
2017-04-04 19:00:00,476.1200,23.9000
2017-04-04 20:00:00,417.0700,22.8000
2017-04-04 21:00:00,273.1000,21.7000
2017-04-04 22:00:00,204.9400,21.7000
2017-04-04 23:00:00,202.5500,20.6000
2017-04-05 00:00:00,203.4600,20.0000
2017-04-05 01:00:00,192.8500,17.8000
2017-04-05 02:00:00,205.2000,18.9000
2017-04-05 03:00:00,348.8000,17.8000
2017-04-05 04:00:00,370.5200,16.7000
2017-04-05 05:00:00,368.2300,16.7000
2017-04-05 06:00:00,339.5200,16.7000
2017-04-05 07:00:00,398.3700,17.2000
2017-04-05 08:00:00,457.7000,17.2000
2017-04-05 09:00:00,495.6300,18.3000
2017-04-05 10:00:00,515.5600,18.9000
2017-04-05 11:00:00,512.5500,20.6000
2017-04-05 12:00:00,509.6900,21.7000
2017-04-05 13:00:00,503.7200,21.7000
2017-04-05 14:00:00,520.8300,22.2000
2017-04-05 15:00:00,533.4800,22.8000
2017-04-05 16:00:00,504.3900,21.7000
2017-04-05 17:00:00,470.8200,20.6000
2017-04-05 18:00:00,427.8500,20.0000
2017-04-05 19:00:00,395.3800,19.4000
2017-04-05 20:00:00,378.3300,18.9000
2017-04-05 21:00:00,256.3800,16.7000
2017-04-05 22:00:00,186.1600,15.6000
2017-04-05 23:00:00,184.3100,15.0000
2017-04-06 00:00:00,184.0000,15.0000
2017-04-06 01:00:00,184.7500,14.4000
2017-04-06 02:00:00,185.0700,13.9000
2017-04-06 03:00:00,290.8200,13.9000
2017-04-06 04:00:00,282.3100,13.9000
2017-04-06 05:00:00,288.4300,13.3000
2017-04-06 06:00:00,280.4400,13.3000
2017-04-06 07:00:00,349.7700,14.4000
2017-04-06 08:00:00,449.0200,14.4000
2017-04-06 09:00:00,487.6500,14.4000
2017-04-06 10:00:00,503.7600,14.4000
2017-04-06 11:00:00,489.8800,14.4000
2017-04-06 12:00:00,438.1600,13.9000
2017-04-06 13:00:00,440.2700,12.8000
2017-04-06 14:00:00,393.5400,12.8000
2017-04-06 15:00:00,437.7100,13.9000
2017-04-06 16:00:00,393.5800,13.9000
2017-04-06 17:00:00,385.0500,15.0000
2017-04-06 18:00:00,370.3700,15.0000
2017-04-06 19:00:00,323.1300,13.9000
2017-04-06 20:00:00,325.1400,12.8000
2017-04-06 21:00:00,248.8800,13.3000
2017-04-06 22:00:00,191.8300,11.7000
2017-04-06 23:00:00,187.8500,11.1000
2017-04-07 00:00:00,186.0700,10.6000
2017-04-07 01:00:00,182.2500,10.6000
2017-04-07 02:00:00,188.2300,10.0000
2017-04-07 03:00:00,325.4700,10.0000
2017-04-07 04:00:00,345.7600,8.9000
2017-04-07 05:00:00,352.8400,8.3000
2017-04-07 06:00:00,373.1400,7.2000
2017-04-07 07:00:00,423.3100,6.7000
2017-04-07 08:00:00,481.2200,8.3000
2017-04-07 09:00:00,434.4800,8.9000
2017-04-07 10:00:00,443.1900,9.4000
2017-04-07 11:00:00,440.5800,9.4000
2017-04-07 12:00:00,411.1300,8.9000
2017-04-07 13:00:00,399.0100,10.0000
2017-04-07 14:00:00,398.6900,8.9000
2017-04-07 15:00:00,387.8700,8.9000
2017-04-07 16:00:00,381.9100,8.3000
2017-04-07 17:00:00,366.3200,8.3000
2017-04-07 18:00:00,338.1400,8.3000
2017-04-07 19:00:00,342.9500,7.8000
2017-04-07 20:00:00,353.8900,7.2000
2017-04-07 21:00:00,264.1300,6.7000
2017-04-07 22:00:00,197.9000,6.7000
2017-04-07 23:00:00,187.8300,6.1000
2017-04-08 00:00:00,194.8500,5.6000
2017-04-08 01:00:00,197.5200,5.6000
2017-04-08 02:00:00,200.8800,5.6000
2017-04-08 03:00:00,197.8400,4.4000
2017-04-08 04:00:00,199.1400,5.0000
2017-04-08 05:00:00,199.0900,4.4000
2017-04-08 06:00:00,196.9400,4.4000
2017-04-08 07:00:00,352.1000,6.1000
2017-04-08 08:00:00,361.4300,8.3000
2017-04-08 09:00:00,338.8300,10.0000
2017-04-08 10:00:00,350.6300,11.7000
2017-04-08 11:00:00,370.0700,12.8000
2017-04-08 12:00:00,386.3900,14.4000
2017-04-08 13:00:00,376.1800,16.1000
2017-04-08 14:00:00,376.8900,16.7000
2017-04-08 15:00:00,360.8700,17.2000
2017-04-08 16:00:00,368.4000,17.8000
2017-04-08 17:00:00,368.1400,17.2000
2017-04-08 18:00:00,350.7600,16.7000
2017-04-08 19:00:00,202.2400,15.6000
2017-04-08 20:00:00,177.6900,15.0000
2017-04-08 21:00:00,177.3500,13.9000
2017-04-08 22:00:00,177.6000,12.8000
2017-04-08 23:00:00,176.6800,9.4000
2017-04-09 00:00:00,176.4900,8.3000
2017-04-09 01:00:00,177.8900,8.3000
2017-04-09 02:00:00,178.4900,7.2000
2017-04-09 03:00:00,179.6000,8.3000
2017-04-09 04:00:00,179.2600,6.7000
2017-04-09 05:00:00,178.0000,7.2000
2017-04-09 06:00:00,175.2700,7.2000
2017-04-09 07:00:00,169.3600,8.9000
2017-04-09 08:00:00,167.2100,10.0000
2017-04-09 09:00:00,167.1300,12.8000
2017-04-09 10:00:00,315.5500,16.1000
2017-04-09 11:00:00,344.5700,17.8000
2017-04-09 12:00:00,351.2200,18.9000
2017-04-09 13:00:00,352.1000,20.0000
2017-04-09 14:00:00,373.3900,20.6000
2017-04-09 15:00:00,376.5900,21.1000
2017-04-09 16:00:00,398.1900,21.7000
2017-04-09 17:00:00,401.3100,20.0000
2017-04-09 18:00:00,398.1800,19.4000
2017-04-09 19:00:00,375.1900,17.2000
2017-04-09 20:00:00,362.3200,16.1000
2017-04-09 21:00:00,253.0800,15.0000
2017-04-09 22:00:00,179.1100,13.9000
2017-04-09 23:00:00,175.3000,13.9000
2017-04-10 00:00:00,177.7700,12.8000
2017-04-10 01:00:00,179.5200,12.2000
2017-04-10 02:00:00,178.4300,12.2000
2017-04-10 03:00:00,317.1000,11.7000
2017-04-10 04:00:00,319.7500,11.1000
2017-04-10 05:00:00,312.1600,10.6000
2017-04-10 06:00:00,306.6900,10.6000
2017-04-10 07:00:00,359.9200,12.2000
2017-04-10 08:00:00,451.5300,15.6000
2017-04-10 09:00:00,490.6800,18.3000
2017-04-10 10:00:00,515.9900,18.9000
2017-04-10 11:00:00,581.1800,23.3000
2017-04-10 12:00:00,609.0600,23.9000
2017-04-10 13:00:00,583.2900,25.0000
2017-04-10 14:00:00,577.6400,27.2000
2017-04-10 15:00:00,572.5700,27.8000
2017-04-10 16:00:00,574.4300,25.0000
2017-04-10 17:00:00,548.7700,26.7000
2017-04-10 18:00:00,501.5000,23.3000
2017-04-10 19:00:00,479.7300,22.8000
2017-04-10 20:00:00,457.4400,21.1000
2017-04-10 21:00:00,304.6400,20.0000
2017-04-10 22:00:00,267.8300,19.4000
2017-04-10 23:00:00,207.6000,19.4000
2017-04-11 00:00:00,206.4800,17.8000
2017-04-11 01:00:00,207.0700,17.2000
2017-04-11 02:00:00,207.1100,17.2000
2017-04-11 03:00:00,352.7100,16.7000
2017-04-11 04:00:00,370.7700,16.7000
2017-04-11 05:00:00,363.1400,16.1000
2017-04-11 06:00:00,347.8800,15.6000
2017-04-11 07:00:00,414.9300,16.1000
2017-04-11 08:00:00,471.1400,17.8000
2017-04-11 09:00:00,527.3300,21.1000
2017-04-11 10:00:00,599.3100,21.1000
2017-04-11 11:00:00,626.5100,23.3000
2017-04-11 12:00:00,623.7800,25.6000
2017-04-11 13:00:00,620.1100,26.7000
2017-04-11 14:00:00,620.6500,27.8000
2017-04-11 15:00:00,627.4700,28.9000
2017-04-11 16:00:00,606.6000,27.2000
2017-04-11 17:00:00,561.2700,26.7000
2017-04-11 18:00:00,534.7700,25.6000
2017-04-11 19:00:00,514.3800,23.9000
2017-04-11 20:00:00,484.9300,22.8000
2017-04-11 21:00:00,328.2500,21.1000
2017-04-11 22:00:00,250.3500,20.6000
2017-04-11 23:00:00,245.2000,20.6000
2017-04-12 00:00:00,243.8400,20.0000
2017-04-12 01:00:00,217.4300,21.7000
2017-04-12 02:00:00,207.2900,20.6000
2017-04-12 03:00:00,375.6800,20.0000
2017-04-12 04:00:00,374.3800,18.9000
2017-04-12 05:00:00,363.2200,18.3000
2017-04-12 06:00:00,369.9900,18.9000
2017-04-12 07:00:00,425.6100,19.4000
2017-04-12 08:00:00,537.9300,20.6000
2017-04-12 09:00:00,555.7200,21.1000
2017-04-12 10:00:00,542.9400,20.0000
2017-04-12 11:00:00,538.1300,21.1000
2017-04-12 12:00:00,578.6100,22.2000
2017-04-12 13:00:00,606.6200,24.4000
2017-04-12 14:00:00,628.6600,24.4000
2017-04-12 15:00:00,641.1500,25.6000
2017-04-12 16:00:00,601.8300,25.6000
2017-04-12 17:00:00,578.1800,25.6000
2017-04-12 18:00:00,551.7800,24.4000
2017-04-12 19:00:00,503.7400,22.8000
2017-04-12 20:00:00,449.8100,21.7000
2017-04-12 21:00:00,308.5800,20.6000
2017-04-12 22:00:00,219.2200,19.4000
2017-04-12 23:00:00,209.5700,16.7000
2017-04-13 00:00:00,218.9600,17.2000
2017-04-13 01:00:00,210.4600,16.1000
2017-04-13 02:00:00,205.1800,15.6000
2017-04-13 03:00:00,357.9600,14.4000
2017-04-13 04:00:00,358.3800,13.9000
2017-04-13 05:00:00,356.3800,13.3000
2017-04-13 06:00:00,352.2300,13.3000
2017-04-13 07:00:00,405.0500,15.0000
2017-04-13 08:00:00,475.1900,15.6000
2017-04-13 09:00:00,522.7100,16.7000
2017-04-13 10:00:00,507.7200,16.7000
2017-04-13 11:00:00,513.5500,17.2000
2017-04-13 12:00:00,503.6400,18.9000
2017-04-13 13:00:00,503.2700,20.0000
2017-04-13 14:00:00,538.6200,21.1000
2017-04-13 15:00:00,553.6200,21.1000
2017-04-13 16:00:00,526.9000,21.7000
2017-04-13 17:00:00,518.6500,21.1000
2017-04-13 18:00:00,444.4300,20.0000
2017-04-13 19:00:00,416.5400,17.8000
2017-04-13 20:00:00,398.1700,16.7000
2017-04-13 21:00:00,300.3100,16.1000
2017-04-13 22:00:00,221.2100,15.6000
2017-04-13 23:00:00,210.0000,15.0000
2017-04-14 00:00:00,200.0000,15.6000
2017-04-14 01:00:00,199.1600,14.4000
2017-04-14 02:00:00,198.7100,14.4000
2017-04-14 03:00:00,338.9100,13.3000
2017-04-14 04:00:00,348.3800,13.3000
2017-04-14 05:00:00,347.1200,13.3000
2017-04-14 06:00:00,332.3800,12.2000
2017-04-14 07:00:00,377.3100,12.8000
2017-04-14 08:00:00,470.2500,13.9000
2017-04-14 09:00:00,500.2700,15.0000
2017-04-14 10:00:00,509.8100,16.7000
2017-04-14 11:00:00,499.4400,18.3000
2017-04-14 12:00:00,499.2100,20.0000
2017-04-14 13:00:00,505.7700,20.6000
2017-04-14 14:00:00,525.8100,22.2000
2017-04-14 15:00:00,540.5900,22.2000
2017-04-14 16:00:00,524.9200,21.7000
2017-04-14 17:00:00,495.1300,20.6000
2017-04-14 18:00:00,458.2200,19.4000
2017-04-14 19:00:00,419.4900,17.8000
2017-04-14 20:00:00,402.8500,16.7000
2017-04-14 21:00:00,292.1700,16.7000
2017-04-14 22:00:00,214.1000,15.6000
2017-04-14 23:00:00,206.5800,14.4000
2017-04-15 00:00:00,192.7000,13.3000
2017-04-15 01:00:00,192.6600,12.8000
2017-04-15 02:00:00,193.2200,13.3000
2017-04-15 03:00:00,194.1400,13.3000
2017-04-15 04:00:00,193.3400,13.3000
2017-04-15 05:00:00,197.7500,13.3000
2017-04-15 06:00:00,197.1400,13.3000
2017-04-15 07:00:00,338.1600,13.9000
2017-04-15 08:00:00,352.3600,14.4000
2017-04-15 09:00:00,366.1500,15.0000
2017-04-15 10:00:00,367.6000,16.1000
2017-04-15 11:00:00,377.1300,17.2000
2017-04-15 12:00:00,385.6100,19.4000
2017-04-15 13:00:00,411.5000,21.1000
2017-04-15 14:00:00,447.6900,22.8000
2017-04-15 15:00:00,473.2500,23.3000
2017-04-15 16:00:00,465.5300,23.3000
2017-04-15 17:00:00,453.4100,24.4000
2017-04-15 18:00:00,454.9300,23.9000
2017-04-15 19:00:00,265.7100,23.3000
2017-04-15 20:00:00,245.2500,22.2000
2017-04-15 21:00:00,227.6600,21.7000
2017-04-15 22:00:00,237.2400,21.7000
2017-04-15 23:00:00,224.6700,20.0000
2017-04-16 00:00:00,231.0100,20.6000
2017-04-16 01:00:00,231.0200,20.0000
2017-04-16 02:00:00,228.0000,18.9000
2017-04-16 03:00:00,227.9400,18.9000
2017-04-16 04:00:00,225.6200,18.9000
2017-04-16 05:00:00,227.6600,19.4000
2017-04-16 06:00:00,217.3700,18.9000
2017-04-16 07:00:00,214.3100,20.0000
2017-04-16 08:00:00,218.8800,21.7000
2017-04-16 09:00:00,247.5800,23.3000
2017-04-16 10:00:00,434.8900,24.4000
2017-04-16 11:00:00,483.1100,29.4000
2017-04-16 12:00:00,491.8600,30.0000
2017-04-16 13:00:00,485.4300,30.6000
2017-04-16 14:00:00,490.5000,31.1000
2017-04-16 15:00:00,495.5500,30.6000
2017-04-16 16:00:00,490.1500,30.6000
2017-04-16 17:00:00,461.7200,27.8000
2017-04-16 18:00:00,466.9800,27.8000
2017-04-16 19:00:00,456.8200,27.2000
2017-04-16 20:00:00,451.7800,26.1000
2017-04-16 21:00:00,334.1900,25.0000
2017-04-16 22:00:00,237.4900,24.4000
2017-04-16 23:00:00,237.0800,23.3000
2017-04-17 00:00:00,233.4500,23.3000
2017-04-17 01:00:00,220.5200,21.7000
2017-04-17 02:00:00,222.8200,21.1000
2017-04-17 03:00:00,422.7400,20.0000
2017-04-17 04:00:00,442.1500,20.6000
2017-04-17 05:00:00,438.7300,20.0000
2017-04-17 06:00:00,435.5800,20.0000
2017-04-17 07:00:00,424.1300,20.6000
2017-04-17 08:00:00,411.8500,21.1000
2017-04-17 09:00:00,420.2500,22.8000
2017-04-17 10:00:00,433.3500,21.7000
2017-04-17 11:00:00,423.1800,17.8000
2017-04-17 12:00:00,425.9200,17.8000
2017-04-17 13:00:00,431.7700,18.3000
2017-04-17 14:00:00,430.6000,19.4000
2017-04-17 15:00:00,430.9300,19.4000
2017-04-17 16:00:00,431.0900,20.0000
2017-04-17 17:00:00,441.7100,21.1000
2017-04-17 18:00:00,459.7800,21.7000
2017-04-17 19:00:00,427.6100,20.6000
2017-04-17 20:00:00,417.3700,20.0000
2017-04-17 21:00:00,260.0300,17.2000
2017-04-17 22:00:00,214.2700,16.7000
2017-04-17 23:00:00,215.7500,17.2000
2017-04-18 00:00:00,207.3100,15.6000
2017-04-18 01:00:00,221.3200,16.1000
2017-04-18 02:00:00,211.6100,15.6000
2017-04-18 03:00:00,357.6700,15.6000
2017-04-18 04:00:00,368.2300,15.0000
2017-04-18 05:00:00,371.0600,13.9000
2017-04-18 06:00:00,365.6600,13.9000
2017-04-18 07:00:00,379.6300,15.0000
2017-04-18 08:00:00,394.0100,16.7000
2017-04-18 09:00:00,401.5000,17.8000
2017-04-18 10:00:00,412.5500,19.4000
2017-04-18 11:00:00,436.6700,20.0000
2017-04-18 12:00:00,459.4600,21.1000
2017-04-18 13:00:00,473.7800,22.2000
2017-04-18 14:00:00,449.5700,21.1000
2017-04-18 15:00:00,461.5200,21.7000
2017-04-18 16:00:00,459.1700,21.7000
2017-04-18 17:00:00,456.3900,21.1000
2017-04-18 18:00:00,424.0300,20.0000
2017-04-18 19:00:00,397.1900,18.3000
2017-04-18 20:00:00,393.4700,16.1000
2017-04-18 21:00:00,292.7700,14.4000
2017-04-18 22:00:00,217.6900,13.9000
2017-04-18 23:00:00,214.5900,13.3000
2017-04-19 00:00:00,196.6000,12.2000
2017-04-19 01:00:00,197.8300,11.7000
2017-04-19 02:00:00,198.7700,11.7000
2017-04-19 03:00:00,319.4100,11.7000
2017-04-19 04:00:00,304.9000,12.2000
2017-04-19 05:00:00,311.4000,11.7000
2017-04-19 06:00:00,314.8300,11.7000
2017-04-19 07:00:00,305.4900,11.7000
2017-04-19 08:00:00,335.4800,12.8000
2017-04-19 09:00:00,367.5800,13.9000
2017-04-19 10:00:00,368.0900,14.4000
2017-04-19 11:00:00,390.1600,15.6000
2017-04-19 12:00:00,391.6700,15.0000
2017-04-19 13:00:00,381.9900,16.1000
2017-04-19 14:00:00,389.3800,16.1000
2017-04-19 15:00:00,384.5600,16.7000
2017-04-19 16:00:00,387.7700,16.7000
2017-04-19 17:00:00,398.6400,16.7000
2017-04-19 18:00:00,377.4300,17.2000
2017-04-19 19:00:00,368.2600,16.7000
2017-04-19 20:00:00,375.6000,16.7000
2017-04-19 21:00:00,308.1000,16.7000
2017-04-19 22:00:00,221.5500,16.1000
2017-04-19 23:00:00,217.4000,16.1000
2017-04-20 00:00:00,216.0800,16.1000
2017-04-20 01:00:00,205.3900,16.1000
2017-04-20 02:00:00,196.2100,15.6000
2017-04-20 03:00:00,320.2900,15.0000
2017-04-20 04:00:00,342.7200,14.4000
2017-04-20 05:00:00,351.4200,14.4000
2017-04-20 06:00:00,356.2300,14.4000
2017-04-20 07:00:00,364.9800,15.0000
2017-04-20 08:00:00,377.3800,15.6000
2017-04-20 09:00:00,398.2400,16.7000
2017-04-20 10:00:00,435.5700,20.0000
2017-04-20 11:00:00,491.2300,20.6000
2017-04-20 12:00:00,537.0600,22.8000
2017-04-20 13:00:00,551.3600,24.4000
2017-04-20 14:00:00,553.4600,26.1000
2017-04-20 15:00:00,567.2900,27.2000
2017-04-20 16:00:00,571.5900,27.2000
2017-04-20 17:00:00,558.0100,25.6000
2017-04-20 18:00:00,525.2900,25.0000
2017-04-20 19:00:00,498.8100,24.4000
2017-04-20 20:00:00,448.0200,21.1000
2017-04-20 21:00:00,362.3100,20.0000
2017-04-20 22:00:00,266.0600,20.0000
2017-04-20 23:00:00,262.1800,19.4000
2017-04-21 00:00:00,261.4700,18.9000
2017-04-21 01:00:00,257.3100,18.3000
2017-04-21 02:00:00,252.0900,18.3000
2017-04-21 03:00:00,419.7000,18.3000
2017-04-21 04:00:00,431.4900,17.8000
2017-04-21 05:00:00,431.4000,18.3000
2017-04-21 06:00:00,411.4800,18.3000
2017-04-21 07:00:00,414.6700,18.3000
2017-04-21 08:00:00,411.6700,18.9000
2017-04-21 09:00:00,435.2000,20.0000
2017-04-21 10:00:00,475.4000,22.2000
2017-04-21 11:00:00,514.8800,22.8000
2017-04-21 12:00:00,525.4200,25.0000
2017-04-21 13:00:00,546.5700,23.9000
2017-04-21 14:00:00,570.9200,25.0000
2017-04-21 15:00:00,572.8200,27.2000
2017-04-21 16:00:00,573.3500,26.1000
2017-04-21 17:00:00,558.8700,22.8000
2017-04-21 18:00:00,540.7500,22.2000
2017-04-21 19:00:00,505.2700,22.2000
2017-04-21 20:00:00,515.2800,22.2000
2017-04-21 21:00:00,367.9200,21.7000
2017-04-21 22:00:00,275.9700,20.0000
2017-04-21 23:00:00,242.8100,18.3000
2017-04-22 00:00:00,242.2200,17.8000
2017-04-22 01:00:00,240.8300,17.8000
2017-04-22 02:00:00,240.3000,17.2000
2017-04-22 03:00:00,242.1800,16.7000
2017-04-22 04:00:00,236.7300,16.1000
2017-04-22 05:00:00,237.4900,16.1000
2017-04-22 06:00:00,238.4600,16.1000
2017-04-22 07:00:00,386.5100,16.1000
2017-04-22 08:00:00,400.7600,16.1000
2017-04-22 09:00:00,397.6300,16.1000
2017-04-22 10:00:00,364.8800,15.6000
2017-04-22 11:00:00,375.9100,15.0000
2017-04-22 12:00:00,362.2900,13.9000
2017-04-22 13:00:00,359.5500,13.3000
2017-04-22 14:00:00,349.5700,13.3000
2017-04-22 15:00:00,353.9800,13.3000
2017-04-22 16:00:00,352.1100,12.8000
2017-04-22 17:00:00,342.2400,12.2000
2017-04-22 18:00:00,329.0400,12.2000
2017-04-22 19:00:00,240.4000,12.2000
2017-04-22 20:00:00,233.1700,12.2000
2017-04-22 21:00:00,231.9700,11.7000
2017-04-22 22:00:00,204.5300,11.1000
2017-04-22 23:00:00,204.1700,11.1000
2017-04-23 00:00:00,206.1000,11.1000
2017-04-23 01:00:00,205.0100,10.6000
2017-04-23 02:00:00,205.1200,11.7000
2017-04-23 03:00:00,207.7400,11.1000
2017-04-23 04:00:00,205.7000,10.6000
2017-04-23 05:00:00,205.8900,10.0000
2017-04-23 06:00:00,199.1300,9.4000
2017-04-23 07:00:00,210.0000,9.4000
2017-04-23 08:00:00,216.7300,10.0000
2017-04-23 09:00:00,212.6600,11.1000
2017-04-23 10:00:00,321.5400,12.2000
2017-04-23 11:00:00,341.9100,12.8000
2017-04-23 12:00:00,346.4800,13.9000
2017-04-23 13:00:00,348.1300,15.0000
2017-04-23 14:00:00,360.7100,15.6000
2017-04-23 15:00:00,354.5600,16.1000
2017-04-23 16:00:00,359.7700,15.6000
2017-04-23 17:00:00,383.0900,15.0000
2017-04-23 18:00:00,373.7000,15.0000
2017-04-23 19:00:00,376.4100,14.4000
2017-04-23 20:00:00,356.0600,14.4000
2017-04-23 21:00:00,288.3000,14.4000
2017-04-23 22:00:00,224.5200,14.4000
2017-04-23 23:00:00,206.0300,13.9000
2017-04-24 00:00:00,205.2400,13.9000
2017-04-24 01:00:00,205.2900,13.3000
2017-04-24 02:00:00,204.3100,12.8000
2017-04-24 03:00:00,314.9500,12.8000
2017-04-24 04:00:00,314.8200,12.8000
2017-04-24 05:00:00,315.5400,12.2000
2017-04-24 06:00:00,313.9800,12.2000
2017-04-24 07:00:00,378.6100,12.2000
2017-04-24 08:00:00,491.6200,11.7000
2017-04-24 09:00:00,482.3100,11.7000
2017-04-24 10:00:00,475.5300,12.8000
2017-04-24 11:00:00,484.6000,13.3000
2017-04-24 12:00:00,477.1900,13.9000
2017-04-24 13:00:00,450.0600,12.8000
2017-04-24 14:00:00,438.6400,12.2000
2017-04-24 15:00:00,454.1900,12.2000
2017-04-24 16:00:00,443.1500,12.8000
2017-04-24 17:00:00,439.7900,13.3000
2017-04-24 18:00:00,414.2900,13.9000
2017-04-24 19:00:00,377.0800,13.3000
2017-04-24 20:00:00,350.8700,12.2000
2017-04-24 21:00:00,272.3500,12.8000
2017-04-24 22:00:00,215.0000,12.2000
2017-04-24 23:00:00,206.8300,12.2000
2017-04-25 00:00:00,205.4600,11.7000
2017-04-25 01:00:00,203.8900,11.7000
2017-04-25 02:00:00,204.5400,12.2000
2017-04-25 03:00:00,337.0700,12.8000
2017-04-25 04:00:00,318.0700,13.3000
2017-04-25 05:00:00,344.6200,13.3000
2017-04-25 06:00:00,355.4500,13.3000
2017-04-25 07:00:00,426.1400,13.3000
2017-04-25 08:00:00,480.8100,14.4000
2017-04-25 09:00:00,489.1200,14.4000
2017-04-25 10:00:00,490.5400,15.0000
2017-04-25 11:00:00,521.2700,15.0000
2017-04-25 12:00:00,517.5200,15.6000
2017-04-25 13:00:00,478.8600,15.0000
2017-04-25 14:00:00,489.4000,15.6000
2017-04-25 15:00:00,515.0500,15.6000
2017-04-25 16:00:00,497.3600,15.6000
2017-04-25 17:00:00,464.7100,16.1000
2017-04-25 18:00:00,444.0800,16.1000
2017-04-25 19:00:00,401.7500,15.0000
2017-04-25 20:00:00,381.2000,15.0000
2017-04-25 21:00:00,288.0200,15.0000
2017-04-25 22:00:00,219.6000,15.0000
2017-04-25 23:00:00,220.8400,15.0000
2017-04-26 00:00:00,220.5500,15.0000
2017-04-26 01:00:00,220.8700,15.0000
2017-04-26 02:00:00,221.2400,15.0000
2017-04-26 03:00:00,362.3800,15.0000
2017-04-26 04:00:00,369.6100,15.0000
2017-04-26 05:00:00,375.6200,14.4000
2017-04-26 06:00:00,375.2300,15.0000
2017-04-26 07:00:00,431.6900,15.0000
2017-04-26 08:00:00,496.2200,15.6000
2017-04-26 09:00:00,527.6300,15.6000
2017-04-26 10:00:00,557.3700,17.2000
2017-04-26 11:00:00,578.4100,18.9000
2017-04-26 12:00:00,569.1000,18.9000
2017-04-26 13:00:00,546.7600,20.0000
2017-04-26 14:00:00,546.0000,20.0000
2017-04-26 15:00:00,539.5700,20.6000
2017-04-26 16:00:00,528.7600,21.1000
2017-04-26 17:00:00,508.2900,21.7000
2017-04-26 18:00:00,466.4700,20.6000
2017-04-26 19:00:00,438.3800,19.4000
2017-04-26 20:00:00,434.8400,17.8000
2017-04-26 21:00:00,332.7900,17.2000
2017-04-26 22:00:00,245.0300,16.7000
2017-04-26 23:00:00,236.7100,16.1000
2017-04-27 00:00:00,236.5400,16.1000
2017-04-27 01:00:00,236.4700,16.1000
2017-04-27 02:00:00,236.6900,15.6000
2017-04-27 03:00:00,381.1600,15.6000
2017-04-27 04:00:00,386.3500,15.0000
2017-04-27 05:00:00,388.9100,15.0000
2017-04-27 06:00:00,367.9000,15.0000
2017-04-27 07:00:00,434.5100,16.1000
2017-04-27 08:00:00,551.7900,18.3000
2017-04-27 09:00:00,577.7700,20.0000
2017-04-27 10:00:00,643.5500,22.2000
2017-04-27 11:00:00,649.0400,23.9000
2017-04-27 12:00:00,626.5500,25.6000
2017-04-27 13:00:00,649.7000,27.2000
2017-04-27 14:00:00,653.5400,26.7000
2017-04-27 15:00:00,635.4200,27.2000
2017-04-27 16:00:00,643.0900,26.1000
2017-04-27 17:00:00,597.9600,25.6000
2017-04-27 18:00:00,564.4700,25.0000
2017-04-27 19:00:00,528.3800,26.1000
2017-04-27 20:00:00,504.0600,25.0000
2017-04-27 21:00:00,343.1900,25.0000
2017-04-27 22:00:00,267.3800,23.3000
2017-04-27 23:00:00,255.6400,22.8000
2017-04-28 00:00:00,253.8400,21.1000
2017-04-28 01:00:00,239.3600,20.0000
2017-04-28 02:00:00,245.2800,21.1000
2017-04-28 03:00:00,442.6500,19.4000
2017-04-28 04:00:00,445.1600,19.4000
2017-04-28 05:00:00,447.3800,18.9000
2017-04-28 06:00:00,450.4300,19.4000
2017-04-28 07:00:00,525.2500,20.0000
2017-04-28 08:00:00,595.6800,21.1000
2017-04-28 09:00:00,644.0800,24.4000
2017-04-28 10:00:00,647.0800,25.0000
2017-04-28 11:00:00,658.2700,26.1000
2017-04-28 12:00:00,663.9200,27.2000
2017-04-28 13:00:00,669.6500,27.8000
2017-04-28 14:00:00,664.4100,28.9000
2017-04-28 15:00:00,663.8500,28.3000
2017-04-28 16:00:00,632.4100,28.3000
2017-04-28 17:00:00,621.1900,27.2000
2017-04-28 18:00:00,602.7300,26.7000
2017-04-28 19:00:00,556.0300,25.6000
2017-04-28 20:00:00,533.5100,24.4000
2017-04-28 21:00:00,353.1500,23.3000
2017-04-28 22:00:00,283.3400,22.2000
2017-04-28 23:00:00,281.2600,22.2000
2017-04-29 00:00:00,287.5900,21.7000
2017-04-29 01:00:00,294.7300,21.1000
2017-04-29 02:00:00,297.6600,21.1000
2017-04-29 03:00:00,296.5200,23.3000
2017-04-29 04:00:00,292.0600,22.8000
2017-04-29 05:00:00,303.9700,21.7000
2017-04-29 06:00:00,282.9600,21.7000
2017-04-29 07:00:00,501.7000,22.8000
2017-04-29 08:00:00,557.1500,23.3000
2017-04-29 09:00:00,562.5900,26.1000
2017-04-29 10:00:00,521.5200,27.2000
2017-04-29 11:00:00,540.2600,27.8000
2017-04-29 12:00:00,575.8000,30.0000
2017-04-29 13:00:00,604.4100,31.1000
2017-04-29 14:00:00,611.1200,32.2000
2017-04-29 15:00:00,625.5500,31.7000
2017-04-29 16:00:00,613.4200,32.2000
2017-04-29 17:00:00,599.4000,32.2000
2017-04-29 18:00:00,586.2900,28.9000
2017-04-29 19:00:00,389.3600,27.2000
2017-04-29 20:00:00,319.4700,26.1000
2017-04-29 21:00:00,318.1000,25.6000
2017-04-29 22:00:00,305.6900,25.0000
2017-04-29 23:00:00,308.7700,25.0000
2017-04-30 00:00:00,309.6500,24.4000
2017-04-30 01:00:00,303.7700,23.9000
2017-04-30 02:00:00,300.3000,23.9000
2017-04-30 03:00:00,306.3300,22.8000
2017-04-30 04:00:00,303.0700,22.8000
2017-04-30 05:00:00,309.6200,22.8000
2017-04-30 06:00:00,294.5000,22.2000
2017-04-30 07:00:00,278.2900,22.2000
2017-04-30 08:00:00,276.3000,23.3000
2017-04-30 09:00:00,281.7900,23.9000
2017-04-30 10:00:00,492.8000,26.1000
2017-04-30 11:00:00,515.5800,28.3000
2017-04-30 12:00:00,532.3700,29.4000
2017-04-30 13:00:00,548.6600,28.9000
2017-04-30 14:00:00,530.8300,30.0000
2017-04-30 15:00:00,521.3100,28.9000
2017-04-30 16:00:00,522.6700,30.6000
2017-04-30 17:00:00,524.6400,29.4000
2017-04-30 18:00:00,496.0700,27.2000
2017-04-30 19:00:00,494.5700,26.1000
2017-04-30 20:00:00,495.5600,25.6000
2017-04-30 21:00:00,383.8100,25.6000
2017-04-30 22:00:00,272.8200,21.7000
2017-04-30 23:00:00,250.6300,20.0000
2017-05-01 00:00:00,245.7800,18.9000
2017-05-01 01:00:00,241.1000,18.9000
2017-05-01 02:00:00,244.0300,17.8000
2017-05-01 03:00:00,429.3400,17.8000
2017-05-01 04:00:00,421.8200,18.3000
2017-05-01 05:00:00,434.8800,18.9000
2017-05-01 06:00:00,467.3100,22.8000
2017-05-01 07:00:00,554.0800,22.8000
2017-05-01 08:00:00,712.8000,23.3000
2017-05-01 09:00:00,707.8100,24.4000
2017-05-01 10:00:00,709.5700,26.1000
2017-05-01 11:00:00,725.7000,25.6000
2017-05-01 12:00:00,702.4900,26.1000
2017-05-01 13:00:00,701.7100,28.3000
2017-05-01 14:00:00,704.7600,28.9000
2017-05-01 15:00:00,694.8400,27.8000
2017-05-01 16:00:00,657.4800,27.2000
2017-05-01 17:00:00,622.1800,27.2000
2017-05-01 18:00:00,605.1200,26.7000
2017-05-01 19:00:00,572.1500,26.7000
2017-05-01 20:00:00,562.9000,23.9000
2017-05-01 21:00:00,358.8500,24.4000
2017-05-01 22:00:00,296.2900,23.9000
2017-05-01 23:00:00,292.3500,24.4000
2017-05-02 00:00:00,289.1700,24.4000
2017-05-02 01:00:00,285.7000,23.9000
2017-05-02 02:00:00,286.4300,23.3000
2017-05-02 03:00:00,514.8200,22.2000
2017-05-02 04:00:00,538.2500,21.7000
2017-05-02 05:00:00,523.4400,20.6000
2017-05-02 06:00:00,455.1300,20.0000
2017-05-02 07:00:00,491.9700,20.6000
2017-05-02 08:00:00,622.5400,21.1000
2017-05-02 09:00:00,621.5300,22.8000
2017-05-02 10:00:00,636.9900,23.3000
2017-05-02 11:00:00,607.9100,23.9000
2017-05-02 12:00:00,611.3800,23.9000
2017-05-02 13:00:00,620.5200,23.9000
2017-05-02 14:00:00,623.2100,24.4000
2017-05-02 15:00:00,636.6300,25.0000
2017-05-02 16:00:00,609.8300,26.1000
2017-05-02 17:00:00,580.2500,25.6000
2017-05-02 18:00:00,538.9800,23.9000
2017-05-02 19:00:00,489.7800,22.8000
2017-05-02 20:00:00,462.2200,21.7000
2017-05-02 21:00:00,326.1900,20.6000
2017-05-02 22:00:00,250.4200,20.0000
2017-05-02 23:00:00,256.6800,18.3000
2017-05-03 00:00:00,245.3800,17.2000
2017-05-03 01:00:00,243.6000,17.8000
2017-05-03 02:00:00,242.6900,17.8000
2017-05-03 03:00:00,396.8100,18.3000
2017-05-03 04:00:00,388.5000,17.2000
2017-05-03 05:00:00,377.9900,16.1000
2017-05-03 06:00:00,371.9700,16.1000
2017-05-03 07:00:00,418.7800,16.7000
2017-05-03 08:00:00,513.8400,17.2000
2017-05-03 09:00:00,544.3700,17.2000
2017-05-03 10:00:00,530.3400,17.8000
2017-05-03 11:00:00,552.2000,17.2000
2017-05-03 12:00:00,520.2200,18.3000
2017-05-03 13:00:00,509.3100,18.3000
2017-05-03 14:00:00,520.6400,18.9000
2017-05-03 15:00:00,488.3700,18.9000
2017-05-03 16:00:00,487.8000,18.3000
2017-05-03 17:00:00,452.1800,18.3000
2017-05-03 18:00:00,463.5600,17.8000
2017-05-03 19:00:00,438.3200,16.7000
2017-05-03 20:00:00,413.7100,16.1000
2017-05-03 21:00:00,303.0200,15.0000
2017-05-03 22:00:00,215.1100,15.0000
2017-05-03 23:00:00,222.2400,14.4000
2017-05-04 00:00:00,221.6800,13.9000
2017-05-04 01:00:00,220.3300,13.3000
2017-05-04 02:00:00,218.3800,12.8000
2017-05-04 03:00:00,348.2200,12.8000
2017-05-04 04:00:00,359.0900,11.7000
2017-05-04 05:00:00,327.6600,12.8000
2017-05-04 06:00:00,322.1100,12.8000
2017-05-04 07:00:00,369.1000,13.9000
2017-05-04 08:00:00,478.2000,14.4000
2017-05-04 09:00:00,486.2100,15.6000
2017-05-04 10:00:00,509.3400,16.7000
2017-05-04 11:00:00,512.5200,17.8000
2017-05-04 12:00:00,501.4000,18.3000
2017-05-04 13:00:00,541.2200,18.9000
2017-05-04 14:00:00,545.2300,18.3000
2017-05-04 15:00:00,541.7300,18.9000
2017-05-04 16:00:00,518.2200,18.9000
2017-05-04 17:00:00,462.8500,18.3000
2017-05-04 18:00:00,432.2400,17.8000
2017-05-04 19:00:00,426.0700,17.8000
2017-05-04 20:00:00,394.3400,16.1000
2017-05-04 21:00:00,308.4600,14.4000
2017-05-04 22:00:00,228.5100,13.9000
2017-05-04 23:00:00,232.0200,13.3000
2017-05-05 00:00:00,228.4200,14.4000
2017-05-05 01:00:00,225.7100,15.0000
2017-05-05 02:00:00,226.3800,15.6000
2017-05-05 03:00:00,361.2200,16.1000
2017-05-05 04:00:00,379.6600,16.1000
2017-05-05 05:00:00,368.9900,16.7000
2017-05-05 06:00:00,377.4400,17.2000
2017-05-05 07:00:00,462.2600,18.3000
2017-05-05 08:00:00,603.7600,18.9000
2017-05-05 09:00:00,603.4900,19.4000
2017-05-05 10:00:00,628.4800,18.9000
2017-05-05 11:00:00,638.8700,19.4000
2017-05-05 12:00:00,651.2800,20.6000
2017-05-05 13:00:00,660.8000,21.1000
2017-05-05 14:00:00,683.7100,22.8000
2017-05-05 15:00:00,664.6800,23.3000
2017-05-05 16:00:00,619.8200,23.3000
2017-05-05 17:00:00,594.5700,22.8000
2017-05-05 18:00:00,563.5000,22.2000
2017-05-05 19:00:00,537.8400,21.7000
2017-05-05 20:00:00,531.2800,20.6000
2017-05-05 21:00:00,371.5600,20.0000
2017-05-05 22:00:00,274.9900,18.3000
2017-05-05 23:00:00,244.5600,18.9000
2017-05-06 00:00:00,248.4800,18.3000
2017-05-06 01:00:00,242.3000,17.2000
2017-05-06 02:00:00,227.2500,16.1000
2017-05-06 03:00:00,221.2200,15.0000
2017-05-06 04:00:00,228.4700,13.9000
2017-05-06 05:00:00,233.7300,13.9000
2017-05-06 06:00:00,218.1300,14.4000
2017-05-06 07:00:00,342.9900,14.4000
2017-05-06 08:00:00,381.8000,14.4000
2017-05-06 09:00:00,357.1800,14.4000
2017-05-06 10:00:00,361.4800,13.3000
2017-05-06 11:00:00,366.0200,14.4000
2017-05-06 12:00:00,340.2400,13.9000
2017-05-06 13:00:00,339.6700,13.3000
2017-05-06 14:00:00,314.3300,13.3000
2017-05-06 15:00:00,325.6100,13.3000
2017-05-06 16:00:00,328.2000,13.3000
2017-05-06 17:00:00,327.6200,13.3000
2017-05-06 18:00:00,322.9600,12.8000
2017-05-06 19:00:00,232.8800,12.8000
2017-05-06 20:00:00,230.4400,11.7000
2017-05-06 21:00:00,232.5200,11.1000
2017-05-06 22:00:00,209.1300,10.6000
2017-05-06 23:00:00,208.3800,10.0000
2017-05-07 00:00:00,206.9600,10.0000
2017-05-07 01:00:00,205.9800,10.6000
2017-05-07 02:00:00,208.0800,10.0000
2017-05-07 03:00:00,210.2800,8.9000
2017-05-07 04:00:00,208.0000,8.3000
2017-05-07 05:00:00,207.4200,7.8000
2017-05-07 06:00:00,198.6000,9.4000
2017-05-07 07:00:00,195.9000,11.1000
2017-05-07 08:00:00,209.0300,12.2000
2017-05-07 09:00:00,195.2500,12.8000
2017-05-07 10:00:00,338.0300,14.4000
2017-05-07 11:00:00,362.9600,15.0000
2017-05-07 12:00:00,352.8400,14.4000
2017-05-07 13:00:00,345.0900,16.7000
2017-05-07 14:00:00,360.4800,17.8000
2017-05-07 15:00:00,353.0600,16.7000
2017-05-07 16:00:00,362.2100,17.8000
2017-05-07 17:00:00,325.4300,15.6000
2017-05-07 18:00:00,332.5300,16.1000
2017-05-07 19:00:00,328.5400,15.0000
2017-05-07 20:00:00,329.4800,14.4000
2017-05-07 21:00:00,260.0700,13.9000
2017-05-07 22:00:00,202.4200,13.9000
2017-05-07 23:00:00,206.0800,13.3000
2017-05-08 00:00:00,205.6100,12.2000
2017-05-08 01:00:00,201.4300,11.7000
2017-05-08 02:00:00,201.7900,10.0000
2017-05-08 03:00:00,322.1300,9.4000
2017-05-08 04:00:00,319.0500,8.9000
2017-05-08 05:00:00,325.7400,8.3000
2017-05-08 06:00:00,320.6700,9.4000
2017-05-08 07:00:00,389.6300,11.1000
2017-05-08 08:00:00,432.4100,12.2000
2017-05-08 09:00:00,487.0800,13.3000
2017-05-08 10:00:00,501.7600,13.3000
2017-05-08 11:00:00,483.1400,15.6000
2017-05-08 12:00:00,459.9700,15.0000
2017-05-08 13:00:00,458.9700,15.6000
2017-05-08 14:00:00,472.5300,17.2000
2017-05-08 15:00:00,483.1700,17.8000
2017-05-08 16:00:00,450.0200,17.8000
2017-05-08 17:00:00,436.1100,17.2000
2017-05-08 18:00:00,410.9800,17.2000
2017-05-08 19:00:00,392.7900,16.7000
2017-05-08 20:00:00,364.4700,14.4000
2017-05-08 21:00:00,244.3900,13.9000
2017-05-08 22:00:00,212.2300,13.9000
2017-05-08 23:00:00,213.2900,12.2000
2017-05-09 00:00:00,214.1000,10.6000
2017-05-09 01:00:00,207.1800,10.6000
2017-05-09 02:00:00,208.9400,8.9000
2017-05-09 03:00:00,323.8600,8.3000
2017-05-09 04:00:00,330.1000,8.3000
2017-05-09 05:00:00,326.8900,8.3000
2017-05-09 06:00:00,328.5600,8.9000
2017-05-09 07:00:00,365.3900,10.6000
2017-05-09 08:00:00,440.2900,12.8000
2017-05-09 09:00:00,472.0800,13.9000
2017-05-09 10:00:00,504.3000,15.6000
2017-05-09 11:00:00,491.8200,16.1000
2017-05-09 12:00:00,489.6600,17.2000
2017-05-09 13:00:00,501.6600,17.8000
2017-05-09 14:00:00,503.9000,18.3000
2017-05-09 15:00:00,510.6100,18.9000
2017-05-09 16:00:00,485.2800,18.3000
2017-05-09 17:00:00,463.9600,18.9000
2017-05-09 18:00:00,440.0700,18.3000
2017-05-09 19:00:00,406.6300,16.1000
2017-05-09 20:00:00,399.0300,15.6000
2017-05-09 21:00:00,286.1200,13.3000
2017-05-09 22:00:00,212.1300,13.3000
2017-05-09 23:00:00,217.8600,12.8000
2017-05-10 00:00:00,218.9300,12.8000
2017-05-10 01:00:00,210.3500,11.1000
2017-05-10 02:00:00,215.4000,11.7000
2017-05-10 03:00:00,361.6900,10.6000
2017-05-10 04:00:00,338.4100,10.0000
2017-05-10 05:00:00,339.5200,10.6000
2017-05-10 06:00:00,341.5100,10.6000
2017-05-10 07:00:00,424.7900,12.2000
2017-05-10 08:00:00,497.6200,13.9000
2017-05-10 09:00:00,519.7900,16.1000
2017-05-10 10:00:00,549.2100,17.2000
2017-05-10 11:00:00,555.4400,19.4000
2017-05-10 12:00:00,585.8800,21.1000
2017-05-10 13:00:00,592.3200,23.9000
2017-05-10 14:00:00,593.9500,23.9000
2017-05-10 15:00:00,591.8700,23.9000
2017-05-10 16:00:00,564.1300,24.4000
2017-05-10 17:00:00,533.0300,23.9000
2017-05-10 18:00:00,480.0300,21.1000
2017-05-10 19:00:00,432.5200,19.4000
2017-05-10 20:00:00,431.1300,18.9000
2017-05-10 21:00:00,320.9900,18.3000
2017-05-10 22:00:00,228.3800,18.3000
2017-05-10 23:00:00,225.2300,17.8000
2017-05-11 00:00:00,230.3900,16.7000
2017-05-11 01:00:00,230.5700,17.2000
2017-05-11 02:00:00,235.5000,17.2000
2017-05-11 03:00:00,401.6600,16.1000
2017-05-11 04:00:00,410.6400,15.0000
2017-05-11 05:00:00,386.2500,14.4000
2017-05-11 06:00:00,369.7600,15.0000
2017-05-11 07:00:00,449.5500,14.4000
2017-05-11 08:00:00,513.5200,13.9000
2017-05-11 09:00:00,565.7100,13.9000
2017-05-11 10:00:00,549.2600,13.3000
2017-05-11 11:00:00,558.1600,13.3000
2017-05-11 12:00:00,519.9400,12.8000
2017-05-11 13:00:00,514.0700,12.8000
2017-05-11 14:00:00,505.5800,12.8000
2017-05-11 15:00:00,490.5900,12.8000
2017-05-11 16:00:00,454.1100,12.2000
2017-05-11 17:00:00,412.4600,12.2000
2017-05-11 18:00:00,388.3000,11.7000
2017-05-11 19:00:00,367.2800,11.1000
2017-05-11 20:00:00,352.4900,11.7000
2017-05-11 21:00:00,281.8600,11.7000
2017-05-11 22:00:00,232.9700,11.7000
2017-05-11 23:00:00,241.4300,11.7000
2017-05-12 00:00:00,241.6000,11.7000
2017-05-12 01:00:00,238.9300,11.7000
2017-05-12 02:00:00,225.3200,11.7000
2017-05-12 03:00:00,338.4500,11.7000
2017-05-12 04:00:00,318.8800,11.7000
2017-05-12 05:00:00,320.3100,11.7000
2017-05-12 06:00:00,315.8500,11.7000
2017-05-12 07:00:00,378.9100,12.2000
2017-05-12 08:00:00,456.0000,12.8000
2017-05-12 09:00:00,463.3700,13.3000
2017-05-12 10:00:00,515.3700,13.3000
2017-05-12 11:00:00,515.8200,13.9000
2017-05-12 12:00:00,485.2500,14.4000
2017-05-12 13:00:00,480.9800,14.4000
2017-05-12 14:00:00,479.5500,14.4000
2017-05-12 15:00:00,463.4000,13.9000
2017-05-12 16:00:00,444.2800,13.3000
2017-05-12 17:00:00,410.2600,12.2000
2017-05-12 18:00:00,377.8000,11.7000
2017-05-12 19:00:00,361.4700,11.1000
2017-05-12 20:00:00,351.2100,11.1000
2017-05-12 21:00:00,304.8600,10.6000
2017-05-12 22:00:00,244.3400,10.0000
2017-05-12 23:00:00,240.5300,10.0000
2017-05-13 00:00:00,245.0300,10.0000
2017-05-13 01:00:00,247.4600,10.0000
2017-05-13 02:00:00,246.0000,10.0000
2017-05-13 03:00:00,244.9700,10.0000
2017-05-13 04:00:00,244.0200,10.6000
2017-05-13 05:00:00,253.0200,10.6000
2017-05-13 06:00:00,239.9700,10.6000
2017-05-13 07:00:00,362.5400,11.1000
2017-05-13 08:00:00,335.9600,11.7000
2017-05-13 09:00:00,334.0800,12.2000
2017-05-13 10:00:00,341.7600,13.3000
2017-05-13 11:00:00,362.2000,13.3000
2017-05-13 12:00:00,369.5200,13.3000
2017-05-13 13:00:00,370.4000,13.9000
2017-05-13 14:00:00,362.8300,15.0000
2017-05-13 15:00:00,361.5500,15.0000
2017-05-13 16:00:00,347.0900,15.0000
2017-05-13 17:00:00,351.5200,15.0000
2017-05-13 18:00:00,365.0900,15.0000
2017-05-13 19:00:00,242.5100,14.4000
2017-05-13 20:00:00,243.1900,13.3000
2017-05-13 21:00:00,247.0600,12.8000
2017-05-13 22:00:00,233.8200,12.2000
2017-05-13 23:00:00,231.5500,11.7000
2017-05-14 00:00:00,218.7700,11.1000
2017-05-14 01:00:00,219.7600,10.0000
2017-05-14 02:00:00,219.6300,9.4000
2017-05-14 03:00:00,221.1300,9.4000
2017-05-14 04:00:00,222.3100,9.4000
2017-05-14 05:00:00,217.4800,8.3000
2017-05-14 06:00:00,208.3600,10.0000
2017-05-14 07:00:00,213.4100,11.7000
2017-05-14 08:00:00,232.5400,13.3000
2017-05-14 09:00:00,240.7400,16.1000
2017-05-14 10:00:00,381.1900,18.9000
2017-05-14 11:00:00,408.3100,23.3000
2017-05-14 12:00:00,411.0100,24.4000
2017-05-14 13:00:00,416.5400,26.1000
2017-05-14 14:00:00,424.3800,27.2000
2017-05-14 15:00:00,435.0200,26.1000
2017-05-14 16:00:00,441.2400,26.7000
2017-05-14 17:00:00,430.1600,26.1000
2017-05-14 18:00:00,423.4800,25.6000
2017-05-14 19:00:00,407.7600,25.0000
2017-05-14 20:00:00,409.4300,23.9000
2017-05-14 21:00:00,311.8900,22.2000
2017-05-14 22:00:00,241.9800,20.6000
2017-05-14 23:00:00,223.4400,18.3000
2017-05-15 00:00:00,221.1800,17.2000
2017-05-15 01:00:00,219.9500,16.1000
2017-05-15 02:00:00,216.5800,15.0000
2017-05-15 03:00:00,336.6600,13.9000
2017-05-15 04:00:00,332.9100,13.3000
2017-05-15 05:00:00,323.7200,12.8000
2017-05-15 06:00:00,203.0600,12.8000
2017-05-15 07:00:00,,13.9000
2017-05-15 08:00:00,298.0000,15.0000
2017-05-15 09:00:00,504.9500,17.2000
2017-05-15 10:00:00,566.2100,18.3000
2017-05-15 11:00:00,551.9100,19.4000
2017-05-15 12:00:00,515.1300,21.1000
2017-05-15 13:00:00,524.6700,22.2000
2017-05-15 14:00:00,560.4100,23.3000
2017-05-15 15:00:00,579.8000,23.9000
2017-05-15 16:00:00,554.6100,25.0000
2017-05-15 17:00:00,538.1100,24.4000
2017-05-15 18:00:00,506.4800,23.9000
2017-05-15 19:00:00,476.0600,22.8000
2017-05-15 20:00:00,433.8100,22.2000
2017-05-15 21:00:00,261.3300,20.6000
2017-05-15 22:00:00,224.1200,20.0000
2017-05-15 23:00:00,219.0200,18.3000
2017-05-16 00:00:00,212.7300,16.7000
2017-05-16 01:00:00,203.5800,16.1000
2017-05-16 02:00:00,208.0500,15.0000
2017-05-16 03:00:00,371.7900,13.9000
2017-05-16 04:00:00,367.3100,13.3000
2017-05-16 05:00:00,340.4600,13.3000
2017-05-16 06:00:00,345.1800,14.4000
2017-05-16 07:00:00,391.8700,15.6000
2017-05-16 08:00:00,522.3100,17.2000
2017-05-16 09:00:00,595.3500,20.6000
2017-05-16 10:00:00,610.6500,21.7000
2017-05-16 11:00:00,631.6900,22.8000
2017-05-16 12:00:00,618.9700,23.9000
2017-05-16 13:00:00,634.1800,25.0000
2017-05-16 14:00:00,628.4200,25.0000
2017-05-16 15:00:00,622.3200,25.0000
2017-05-16 16:00:00,630.6900,25.6000
2017-05-16 17:00:00,581.0300,24.4000
2017-05-16 18:00:00,546.4800,24.4000
2017-05-16 19:00:00,526.1400,23.3000
2017-05-16 20:00:00,497.4200,21.1000
2017-05-16 21:00:00,344.0700,20.0000
2017-05-16 22:00:00,246.3600,19.4000
2017-05-16 23:00:00,234.0100,18.9000
2017-05-17 00:00:00,244.3600,18.3000
2017-05-17 01:00:00,239.5600,17.8000
2017-05-17 02:00:00,226.4300,17.8000
2017-05-17 03:00:00,434.0000,17.2000
2017-05-17 04:00:00,426.5800,17.2000
2017-05-17 05:00:00,443.6000,16.7000
2017-05-17 06:00:00,435.2300,17.8000
2017-05-17 07:00:00,515.1800,18.9000
2017-05-17 08:00:00,591.0100,21.1000
2017-05-17 09:00:00,670.5500,23.3000
2017-05-17 10:00:00,682.9500,25.6000
2017-05-17 11:00:00,719.2200,27.8000
2017-05-17 12:00:00,741.9800,29.4000
2017-05-17 13:00:00,734.3300,31.1000
2017-05-17 14:00:00,778.2800,32.2000
2017-05-17 15:00:00,770.9300,32.8000
2017-05-17 16:00:00,762.8000,31.7000
2017-05-17 17:00:00,706.0500,30.0000
2017-05-17 18:00:00,649.9700,28.3000
2017-05-17 19:00:00,630.6300,27.2000
2017-05-17 20:00:00,584.7900,26.7000
2017-05-17 21:00:00,377.9500,25.6000
2017-05-17 22:00:00,268.1600,24.4000
2017-05-17 23:00:00,253.7600,24.4000
2017-05-18 00:00:00,242.8200,24.4000
2017-05-18 01:00:00,251.7100,23.3000
2017-05-18 02:00:00,255.7600,23.3000
2017-05-18 03:00:00,512.8300,22.2000
2017-05-18 04:00:00,522.7300,21.7000
2017-05-18 05:00:00,507.8900,21.1000
2017-05-18 06:00:00,491.1800,22.2000
2017-05-18 07:00:00,564.0700,22.2000
2017-05-18 08:00:00,681.1200,25.0000
2017-05-18 09:00:00,717.4700,24.4000
2017-05-18 10:00:00,735.1000,25.6000
2017-05-18 11:00:00,713.7400,27.2000
2017-05-18 12:00:00,725.2100,28.3000
2017-05-18 13:00:00,707.4200,28.9000
2017-05-18 14:00:00,708.7700,30.0000
2017-05-18 15:00:00,721.4700,30.0000
2017-05-18 16:00:00,699.2700,30.6000
2017-05-18 17:00:00,693.2100,31.1000
2017-05-18 18:00:00,659.1200,29.4000
2017-05-18 19:00:00,621.9500,29.4000
2017-05-18 20:00:00,596.2200,23.9000
2017-05-18 21:00:00,405.1600,22.8000
2017-05-18 22:00:00,287.2500,22.2000
2017-05-18 23:00:00,286.8000,21.7000
2017-05-19 00:00:00,280.6400,21.7000
2017-05-19 01:00:00,278.8000,22.2000
2017-05-19 02:00:00,280.5800,21.7000
2017-05-19 03:00:00,548.4900,22.2000
2017-05-19 04:00:00,578.6200,22.2000
2017-05-19 05:00:00,555.5500,21.1000
2017-05-19 06:00:00,544.0500,21.7000
2017-05-19 07:00:00,569.2400,23.9000
2017-05-19 08:00:00,637.8200,23.9000
2017-05-19 09:00:00,662.1600,25.6000
2017-05-19 10:00:00,658.3000,28.9000
2017-05-19 11:00:00,690.3300,31.7000
2017-05-19 12:00:00,710.4500,31.7000
2017-05-19 13:00:00,705.7800,32.8000
2017-05-19 14:00:00,710.2400,32.2000
2017-05-19 15:00:00,727.6400,31.7000
2017-05-19 16:00:00,703.6200,31.1000
2017-05-19 17:00:00,680.7600,30.6000
2017-05-19 18:00:00,625.8700,28.9000
2017-05-19 19:00:00,590.2200,26.7000
2017-05-19 20:00:00,571.2000,24.4000
2017-05-19 21:00:00,393.0900,23.3000
2017-05-19 22:00:00,284.8000,24.4000
2017-05-19 23:00:00,267.7200,23.3000
2017-05-20 00:00:00,264.8200,22.8000
2017-05-20 01:00:00,268.0900,22.2000
2017-05-20 02:00:00,271.9400,21.7000
2017-05-20 03:00:00,269.4200,21.7000
2017-05-20 04:00:00,265.2600,21.7000
2017-05-20 05:00:00,261.5900,22.2000
2017-05-20 06:00:00,248.5900,22.2000
2017-05-20 07:00:00,484.3700,21.7000
2017-05-20 08:00:00,492.6400,21.7000
2017-05-20 09:00:00,476.6700,21.1000
2017-05-20 10:00:00,469.2700,21.7000
2017-05-20 11:00:00,474.8200,20.6000
2017-05-20 12:00:00,464.6300,21.1000
2017-05-20 13:00:00,466.0100,21.1000
2017-05-20 14:00:00,468.2900,21.1000
2017-05-20 15:00:00,461.1200,21.1000
2017-05-20 16:00:00,469.5400,21.1000
2017-05-20 17:00:00,457.3000,20.6000
2017-05-20 18:00:00,447.9900,20.0000
2017-05-20 19:00:00,294.7500,19.4000
2017-05-20 20:00:00,283.0800,18.9000
2017-05-20 21:00:00,263.6300,18.3000
2017-05-20 22:00:00,234.7700,17.8000
2017-05-20 23:00:00,231.0200,16.7000
2017-05-21 00:00:00,210.0000,16.1000
2017-05-21 01:00:00,207.3700,16.1000
2017-05-21 02:00:00,205.2500,15.6000
2017-05-21 03:00:00,206.7300,15.6000
2017-05-21 04:00:00,206.7900,15.6000
2017-05-21 05:00:00,212.0600,15.0000
2017-05-21 06:00:00,207.3300,15.0000
2017-05-21 07:00:00,206.9000,15.0000
2017-05-21 08:00:00,210.2900,15.6000
2017-05-21 09:00:00,210.6300,17.2000
2017-05-21 10:00:00,355.2100,17.2000
2017-05-21 11:00:00,371.4700,17.8000
2017-05-21 12:00:00,374.5500,18.9000
2017-05-21 13:00:00,375.6400,18.9000
2017-05-21 14:00:00,383.1500,19.4000
2017-05-21 15:00:00,379.5100,20.0000
2017-05-21 16:00:00,391.0000,19.4000
2017-05-21 17:00:00,390.7400,20.0000
2017-05-21 18:00:00,383.7500,19.4000
2017-05-21 19:00:00,376.3400,19.4000
2017-05-21 20:00:00,379.8700,18.9000
2017-05-21 21:00:00,296.9900,18.3000
2017-05-21 22:00:00,221.9700,18.3000
2017-05-21 23:00:00,219.3400,17.8000
2017-05-22 00:00:00,207.7100,17.2000
2017-05-22 01:00:00,215.8200,17.2000
2017-05-22 02:00:00,221.6800,15.0000
2017-05-22 03:00:00,399.4400,15.0000
2017-05-22 04:00:00,388.0600,15.0000
2017-05-22 05:00:00,380.8300,15.0000
2017-05-22 06:00:00,359.0500,15.0000
2017-05-22 07:00:00,453.5400,15.6000
2017-05-22 08:00:00,512.1200,16.1000
2017-05-22 09:00:00,563.1100,16.1000
2017-05-22 10:00:00,601.8600,17.2000
2017-05-22 11:00:00,600.6400,17.2000
2017-05-22 12:00:00,590.4500,18.3000
2017-05-22 13:00:00,581.0300,19.4000
2017-05-22 14:00:00,623.2700,20.6000
2017-05-22 15:00:00,612.6000,21.1000
2017-05-22 16:00:00,580.5200,21.7000
2017-05-22 17:00:00,560.7200,21.1000
2017-05-22 18:00:00,510.7500,21.7000
2017-05-22 19:00:00,490.3300,21.1000
2017-05-22 20:00:00,484.7800,20.6000
2017-05-22 21:00:00,313.0100,20.0000
2017-05-22 22:00:00,259.4400,19.4000
2017-05-22 23:00:00,235.5100,18.9000
2017-05-23 00:00:00,222.4100,18.3000
2017-05-23 01:00:00,225.9800,18.3000
2017-05-23 02:00:00,224.3700,17.8000
2017-05-23 03:00:00,380.3800,17.2000
2017-05-23 04:00:00,372.1600,16.1000
2017-05-23 05:00:00,363.6900,16.1000
2017-05-23 06:00:00,384.2700,17.2000
2017-05-23 07:00:00,429.8100,17.2000
2017-05-23 08:00:00,527.3100,17.2000
2017-05-23 09:00:00,558.4300,17.2000
2017-05-23 10:00:00,556.0000,18.3000
2017-05-23 11:00:00,556.8100,19.4000
2017-05-23 12:00:00,564.7400,18.9000
2017-05-23 13:00:00,563.0700,19.4000
2017-05-23 14:00:00,567.3200,19.4000
2017-05-23 15:00:00,548.0300,19.4000
2017-05-23 16:00:00,534.9600,19.4000
2017-05-23 17:00:00,484.8400,18.9000
2017-05-23 18:00:00,453.1900,17.8000
2017-05-23 19:00:00,434.9400,16.7000
2017-05-23 20:00:00,412.9200,15.6000
2017-05-23 21:00:00,312.4100,15.6000
2017-05-23 22:00:00,235.6300,16.1000
2017-05-23 23:00:00,228.9100,16.1000
2017-05-24 00:00:00,207.2700,16.7000
2017-05-24 01:00:00,209.0300,16.1000
2017-05-24 02:00:00,209.4200,15.6000
2017-05-24 03:00:00,350.0300,15.0000
2017-05-24 04:00:00,358.0500,15.0000
2017-05-24 05:00:00,352.2400,14.4000
2017-05-24 06:00:00,335.8200,14.4000
2017-05-24 07:00:00,440.8600,15.0000
2017-05-24 08:00:00,534.5000,16.1000
2017-05-24 09:00:00,550.3400,16.7000
2017-05-24 10:00:00,566.8800,17.2000
2017-05-24 11:00:00,554.0500,17.8000
2017-05-24 12:00:00,528.7500,18.3000
2017-05-24 13:00:00,556.4800,17.8000
2017-05-24 14:00:00,549.4900,17.8000
2017-05-24 15:00:00,544.9000,17.8000
2017-05-24 16:00:00,515.2200,17.8000
2017-05-24 17:00:00,504.5800,18.3000
2017-05-24 18:00:00,498.5000,18.3000
2017-05-24 19:00:00,436.0500,18.3000
2017-05-24 20:00:00,411.4700,17.2000
2017-05-24 21:00:00,311.8600,17.2000
2017-05-24 22:00:00,241.3700,16.7000
2017-05-24 23:00:00,221.0000,15.0000
2017-05-25 00:00:00,212.8900,15.0000
2017-05-25 01:00:00,216.0000,14.4000
2017-05-25 02:00:00,216.0500,14.4000
2017-05-25 03:00:00,338.2100,14.4000
2017-05-25 04:00:00,353.3200,14.4000
2017-05-25 05:00:00,356.5300,14.4000
2017-05-25 06:00:00,347.2600,15.0000
2017-05-25 07:00:00,429.9000,15.6000
2017-05-25 08:00:00,519.6500,16.1000
2017-05-25 09:00:00,576.1400,16.7000
2017-05-25 10:00:00,595.5000,18.3000
2017-05-25 11:00:00,604.8300,19.4000
2017-05-25 12:00:00,614.5500,21.1000
2017-05-25 13:00:00,574.8500,20.6000
2017-05-25 14:00:00,609.1800,22.8000
2017-05-25 15:00:00,618.2700,23.3000
2017-05-25 16:00:00,599.3600,22.8000
2017-05-25 17:00:00,567.0900,19.4000
2017-05-25 18:00:00,508.3300,16.7000
2017-05-25 19:00:00,481.3900,17.2000
2017-05-25 20:00:00,466.0300,16.7000
2017-05-25 21:00:00,335.1600,16.1000
2017-05-25 22:00:00,246.7000,16.1000
2017-05-25 23:00:00,240.2500,16.1000
2017-05-26 00:00:00,218.5100,15.6000
2017-05-26 01:00:00,214.8500,15.0000
2017-05-26 02:00:00,214.9700,15.0000
2017-05-26 03:00:00,389.0800,14.4000
2017-05-26 04:00:00,406.5300,15.6000
2017-05-26 05:00:00,410.8000,15.6000
2017-05-26 06:00:00,405.4400,16.1000
2017-05-26 07:00:00,462.1200,17.8000
2017-05-26 08:00:00,559.7100,21.1000
2017-05-26 09:00:00,607.8300,21.1000
2017-05-26 10:00:00,624.4000,21.7000
2017-05-26 11:00:00,593.2400,21.7000
2017-05-26 12:00:00,608.5700,23.9000
2017-05-26 13:00:00,596.8300,25.0000
2017-05-26 14:00:00,600.1600,24.4000
2017-05-26 15:00:00,594.4900,23.9000
2017-05-26 16:00:00,556.4900,23.9000
2017-05-26 17:00:00,534.4800,23.9000
2017-05-26 18:00:00,526.9600,23.9000
2017-05-26 19:00:00,487.2600,22.8000
2017-05-26 20:00:00,437.9900,21.1000
2017-05-26 21:00:00,315.6300,20.6000
2017-05-26 22:00:00,231.5700,20.0000
2017-05-26 23:00:00,221.7100,19.4000
2017-05-27 00:00:00,215.8600,17.2000
2017-05-27 01:00:00,212.6300,17.8000
2017-05-27 02:00:00,208.5400,17.8000
2017-05-27 03:00:00,210.7200,17.2000
2017-05-27 04:00:00,207.2100,16.7000
2017-05-27 05:00:00,203.9900,16.7000
2017-05-27 06:00:00,198.3900,17.2000
2017-05-27 07:00:00,395.7500,18.3000
2017-05-27 08:00:00,434.4700,20.0000
2017-05-27 09:00:00,439.5400,20.6000
2017-05-27 10:00:00,437.6600,21.7000
2017-05-27 11:00:00,440.0900,21.7000
2017-05-27 12:00:00,455.9600,22.8000
2017-05-27 13:00:00,460.0100,22.2000
2017-05-27 14:00:00,461.3600,21.7000
2017-05-27 15:00:00,459.4700,22.2000
2017-05-27 16:00:00,471.1500,21.1000
2017-05-27 17:00:00,455.6300,21.1000
2017-05-27 18:00:00,456.7200,21.1000
2017-05-27 19:00:00,250.1000,20.6000
2017-05-27 20:00:00,222.0300,20.0000
2017-05-27 21:00:00,225.0400,20.0000
2017-05-27 22:00:00,227.7800,19.4000
2017-05-27 23:00:00,224.5700,18.9000
2017-05-28 00:00:00,224.6400,18.3000
2017-05-28 01:00:00,223.5200,17.8000
2017-05-28 02:00:00,224.7200,17.8000
2017-05-28 03:00:00,222.8200,17.2000
2017-05-28 04:00:00,225.1700,16.7000
2017-05-28 05:00:00,217.4200,16.7000
2017-05-28 06:00:00,211.9700,17.2000
2017-05-28 07:00:00,214.3500,18.3000
2017-05-28 08:00:00,215.4500,20.0000
2017-05-28 09:00:00,210.2700,21.7000
2017-05-28 10:00:00,376.8700,23.3000
2017-05-28 11:00:00,424.5500,22.8000
2017-05-28 12:00:00,405.8800,21.7000
2017-05-28 13:00:00,401.3400,20.0000
2017-05-28 14:00:00,397.9500,19.4000
2017-05-28 15:00:00,404.8400,20.0000
2017-05-28 16:00:00,405.6100,20.0000
2017-05-28 17:00:00,406.0500,20.0000
2017-05-28 18:00:00,421.9000,20.0000
2017-05-28 19:00:00,412.9100,20.0000
2017-05-28 20:00:00,425.9000,19.4000
2017-05-28 21:00:00,327.7100,19.4000
2017-05-28 22:00:00,228.5800,18.9000
2017-05-28 23:00:00,227.5600,18.9000
2017-05-29 00:00:00,227.4600,18.3000
2017-05-29 01:00:00,230.0700,18.3000
2017-05-29 02:00:00,228.0200,18.3000
2017-05-29 03:00:00,424.0200,18.3000
2017-05-29 04:00:00,457.3900,17.8000
2017-05-29 05:00:00,448.3800,17.8000
2017-05-29 06:00:00,433.4100,17.8000
2017-05-29 07:00:00,438.0500,18.3000
2017-05-29 08:00:00,445.5200,18.9000
2017-05-29 09:00:00,460.8300,19.4000
2017-05-29 10:00:00,487.1300,21.1000
2017-05-29 11:00:00,508.0000,23.3000
2017-05-29 12:00:00,520.7100,25.6000
2017-05-29 13:00:00,515.1200,26.1000
2017-05-29 14:00:00,498.1000,27.2000
2017-05-29 15:00:00,504.4000,28.9000
2017-05-29 16:00:00,509.6500,28.3000
2017-05-29 17:00:00,503.9500,27.8000
2017-05-29 18:00:00,490.1700,27.2000
2017-05-29 19:00:00,482.6100,25.6000
2017-05-29 20:00:00,483.2000,23.3000
2017-05-29 21:00:00,305.0800,22.2000
2017-05-29 22:00:00,261.7200,21.7000
2017-05-29 23:00:00,250.3600,21.1000
2017-05-30 00:00:00,253.5200,20.6000
2017-05-30 01:00:00,248.6100,20.0000
2017-05-30 02:00:00,234.5300,19.4000
2017-05-30 03:00:00,442.1800,18.9000
2017-05-30 04:00:00,464.6300,18.3000
2017-05-30 05:00:00,442.9900,17.2000
2017-05-30 06:00:00,433.2700,17.2000
2017-05-30 07:00:00,490.3600,17.2000
2017-05-30 08:00:00,589.9100,17.2000
2017-05-30 09:00:00,593.9700,17.8000
2017-05-30 10:00:00,604.3600,17.8000
2017-05-30 11:00:00,576.3200,17.8000
2017-05-30 12:00:00,580.3000,18.9000
2017-05-30 13:00:00,576.4200,19.4000
2017-05-30 14:00:00,584.0600,20.0000
2017-05-30 15:00:00,622.5600,20.6000
2017-05-30 16:00:00,588.2700,21.1000
2017-05-30 17:00:00,558.3000,21.1000
2017-05-30 18:00:00,517.8400,20.6000
2017-05-30 19:00:00,511.2300,20.6000
2017-05-30 20:00:00,509.7800,20.0000
2017-05-30 21:00:00,359.4500,20.0000
2017-05-30 22:00:00,268.2400,19.4000
2017-05-30 23:00:00,243.5900,19.4000
2017-05-31 00:00:00,234.9200,19.4000
2017-05-31 01:00:00,239.0300,19.4000
2017-05-31 02:00:00,232.1600,19.4000
2017-05-31 03:00:00,430.2600,18.9000
2017-05-31 04:00:00,445.4700,18.9000
2017-05-31 05:00:00,441.7200,18.9000
2017-05-31 06:00:00,441.6000,18.9000
2017-05-31 07:00:00,507.9500,20.6000
2017-05-31 08:00:00,605.0400,20.6000
2017-05-31 09:00:00,649.6800,21.7000
2017-05-31 10:00:00,675.8300,22.2000
2017-05-31 11:00:00,672.6800,23.3000
2017-05-31 12:00:00,643.4500,25.0000
2017-05-31 13:00:00,643.8000,26.1000
2017-05-31 14:00:00,648.9700,26.7000
2017-05-31 15:00:00,664.6700,25.0000
2017-05-31 16:00:00,626.4300,25.6000
2017-05-31 17:00:00,569.9800,24.4000
2017-05-31 18:00:00,538.0300,22.2000
2017-05-31 19:00:00,511.8200,20.6000
2017-05-31 20:00:00,467.8100,19.4000
2017-05-31 21:00:00,324.0100,19.4000
2017-05-31 22:00:00,232.3700,18.9000
2017-05-31 23:00:00,226.3100,19.4000
2017-06-01 00:00:00,227.4800,18.9000
2017-06-01 01:00:00,226.2900,17.8000
2017-06-01 02:00:00,224.8100,17.8000
2017-06-01 03:00:00,409.3600,17.2000
2017-06-01 04:00:00,435.4000,17.2000
2017-06-01 05:00:00,424.8600,17.2000
2017-06-01 06:00:00,428.0500,17.8000
2017-06-01 07:00:00,492.4100,20.0000
2017-06-01 08:00:00,567.9000,22.8000
2017-06-01 09:00:00,611.1300,23.9000
2017-06-01 10:00:00,644.6900,26.7000
2017-06-01 11:00:00,672.9600,27.8000
2017-06-01 12:00:00,656.6400,27.8000
2017-06-01 13:00:00,641.9300,28.3000
2017-06-01 14:00:00,655.0800,27.8000
2017-06-01 15:00:00,661.6100,28.9000
2017-06-01 16:00:00,627.9200,27.8000
2017-06-01 17:00:00,600.2900,28.3000
2017-06-01 18:00:00,553.6200,27.2000
2017-06-01 19:00:00,544.7900,26.1000
2017-06-01 20:00:00,518.1400,25.0000
2017-06-01 21:00:00,354.2000,23.3000
2017-06-01 22:00:00,247.8200,22.8000
2017-06-01 23:00:00,228.8000,22.2000
2017-06-02 00:00:00,216.9400,21.1000
2017-06-02 01:00:00,211.1400,20.6000
2017-06-02 02:00:00,217.1900,19.4000
2017-06-02 03:00:00,408.8800,18.3000
2017-06-02 04:00:00,427.1000,17.8000
2017-06-02 05:00:00,401.1900,16.7000
2017-06-02 06:00:00,376.0500,17.8000
2017-06-02 07:00:00,439.9100,20.0000
2017-06-02 08:00:00,585.6800,21.7000
2017-06-02 09:00:00,676.1000,25.6000
2017-06-02 10:00:00,671.7200,26.7000
2017-06-02 11:00:00,637.7600,27.2000
2017-06-02 12:00:00,650.0000,27.2000
2017-06-02 13:00:00,635.4700,26.7000
2017-06-02 14:00:00,653.4700,27.2000
2017-06-02 15:00:00,623.7700,27.8000
2017-06-02 16:00:00,597.3700,28.3000
2017-06-02 17:00:00,580.5600,27.2000
2017-06-02 18:00:00,552.4800,26.7000
2017-06-02 19:00:00,516.9500,25.6000
2017-06-02 20:00:00,485.6300,23.9000
2017-06-02 21:00:00,319.9200,21.7000
2017-06-02 22:00:00,215.7300,21.7000
2017-06-02 23:00:00,211.6100,20.0000
2017-06-03 00:00:00,203.8400,20.0000
2017-06-03 01:00:00,205.7400,18.3000
2017-06-03 02:00:00,203.4900,16.7000
2017-06-03 03:00:00,208.3200,16.7000
2017-06-03 04:00:00,205.3500,16.7000
2017-06-03 05:00:00,199.3700,16.7000
2017-06-03 06:00:00,193.6400,17.8000
2017-06-03 07:00:00,397.8200,19.4000
2017-06-03 08:00:00,439.1600,22.8000
2017-06-03 09:00:00,453.2400,25.0000
2017-06-03 10:00:00,481.9000,26.7000
2017-06-03 11:00:00,507.6600,27.8000
2017-06-03 12:00:00,527.0400,27.2000
2017-06-03 13:00:00,497.9700,27.2000
2017-06-03 14:00:00,500.7000,28.3000
2017-06-03 15:00:00,516.2200,29.4000
2017-06-03 16:00:00,521.3800,28.9000
2017-06-03 17:00:00,517.5100,28.9000
2017-06-03 18:00:00,504.5100,28.3000
2017-06-03 19:00:00,269.7400,23.9000
2017-06-03 20:00:00,236.2600,22.2000
2017-06-03 21:00:00,236.0300,21.7000
2017-06-03 22:00:00,220.7900,20.6000
2017-06-03 23:00:00,215.5600,20.6000
2017-06-04 00:00:00,209.8700,20.0000
2017-06-04 01:00:00,205.5700,19.4000
2017-06-04 02:00:00,206.9600,17.8000
2017-06-04 03:00:00,205.1200,18.3000
2017-06-04 04:00:00,206.2400,17.2000
2017-06-04 05:00:00,200.9400,16.7000
2017-06-04 06:00:00,208.7400,18.3000
2017-06-04 07:00:00,212.8700,20.0000
2017-06-04 08:00:00,217.1400,21.1000
2017-06-04 09:00:00,224.9200,22.8000
2017-06-04 10:00:00,407.7100,24.4000
2017-06-04 11:00:00,428.1300,26.1000
2017-06-04 12:00:00,427.2000,27.8000
2017-06-04 13:00:00,426.2300,28.9000
2017-06-04 14:00:00,430.4400,30.0000
2017-06-04 15:00:00,458.1100,30.0000
2017-06-04 16:00:00,477.1100,29.4000
2017-06-04 17:00:00,465.2700,29.4000
2017-06-04 18:00:00,462.6300,28.9000
2017-06-04 19:00:00,454.8000,27.2000
2017-06-04 20:00:00,432.6500,26.1000
2017-06-04 21:00:00,336.3000,25.0000
2017-06-04 22:00:00,247.6600,23.9000
2017-06-04 23:00:00,240.2700,25.0000
2017-06-05 00:00:00,248.5400,24.4000
2017-06-05 01:00:00,250.3400,23.9000
2017-06-05 02:00:00,254.2800,23.3000
2017-06-05 03:00:00,473.5200,22.8000
2017-06-05 04:00:00,518.1600,22.2000
2017-06-05 05:00:00,509.2600,22.2000
2017-06-05 06:00:00,509.7700,22.2000
2017-06-05 07:00:00,554.3800,22.8000
2017-06-05 08:00:00,660.8600,22.8000
2017-06-05 09:00:00,719.3700,23.3000
2017-06-05 10:00:00,719.3600,23.3000
2017-06-05 11:00:00,722.7400,23.9000
2017-06-05 12:00:00,694.2400,24.4000
2017-06-05 13:00:00,683.1800,24.4000
2017-06-05 14:00:00,676.9400,22.2000
2017-06-05 15:00:00,659.2700,23.3000
2017-06-05 16:00:00,628.0200,23.3000
2017-06-05 17:00:00,609.5700,23.3000
2017-06-05 18:00:00,581.4400,22.8000
2017-06-05 19:00:00,562.6500,22.8000
2017-06-05 20:00:00,545.2500,22.8000
2017-06-05 21:00:00,315.6500,22.8000
2017-06-05 22:00:00,260.4600,22.2000
2017-06-05 23:00:00,255.6400,21.1000
2017-06-06 00:00:00,254.6100,21.1000
2017-06-06 01:00:00,256.0400,20.6000
2017-06-06 02:00:00,253.7100,20.0000
2017-06-06 03:00:00,484.7100,19.4000
2017-06-06 04:00:00,473.1400,19.4000
2017-06-06 05:00:00,446.2700,19.4000
2017-06-06 06:00:00,448.5000,19.4000
2017-06-06 07:00:00,513.0000,20.6000
2017-06-06 08:00:00,563.5000,21.7000
2017-06-06 09:00:00,595.4100,22.2000
2017-06-06 10:00:00,594.6900,23.9000
2017-06-06 11:00:00,565.0600,24.4000
2017-06-06 12:00:00,565.9400,25.0000
2017-06-06 13:00:00,562.0900,25.0000
2017-06-06 14:00:00,565.2900,24.4000
2017-06-06 15:00:00,590.5200,24.4000
2017-06-06 16:00:00,592.1600,23.9000
2017-06-06 17:00:00,577.4100,24.4000
2017-06-06 18:00:00,550.8500,24.4000
2017-06-06 19:00:00,505.6400,23.3000
2017-06-06 20:00:00,474.4900,21.7000
2017-06-06 21:00:00,304.4200,21.1000
2017-06-06 22:00:00,216.4100,20.6000
2017-06-06 23:00:00,215.5400,20.0000
2017-06-07 00:00:00,208.4300,18.3000
2017-06-07 01:00:00,209.0300,17.8000
2017-06-07 02:00:00,213.3300,17.2000
2017-06-07 03:00:00,410.0400,17.2000
2017-06-07 04:00:00,430.0700,17.2000
2017-06-07 05:00:00,421.0200,17.2000
2017-06-07 06:00:00,406.3700,17.2000
2017-06-07 07:00:00,463.6900,18.3000
2017-06-07 08:00:00,528.7700,18.3000
2017-06-07 09:00:00,588.0400,18.3000
2017-06-07 10:00:00,574.9400,18.3000
2017-06-07 11:00:00,643.7600,18.9000
2017-06-07 12:00:00,611.1100,19.4000
2017-06-07 13:00:00,575.0500,19.4000
2017-06-07 14:00:00,551.6700,19.4000
2017-06-07 15:00:00,549.6700,18.9000
2017-06-07 16:00:00,541.7400,20.0000
2017-06-07 17:00:00,512.2300,18.9000
2017-06-07 18:00:00,472.9400,18.9000
2017-06-07 19:00:00,447.9000,18.3000
2017-06-07 20:00:00,394.2300,17.8000
2017-06-07 21:00:00,274.6400,17.2000
2017-06-07 22:00:00,212.4400,16.7000
2017-06-07 23:00:00,207.6500,16.7000
2017-06-08 00:00:00,202.0900,15.6000
2017-06-08 01:00:00,202.8600,14.4000
2017-06-08 02:00:00,203.5400,14.4000
2017-06-08 03:00:00,327.4900,13.9000
2017-06-08 04:00:00,335.3900,13.9000
2017-06-08 05:00:00,332.6800,13.3000
2017-06-08 06:00:00,333.9400,14.4000
2017-06-08 07:00:00,410.9100,16.7000
2017-06-08 08:00:00,515.6900,17.8000
2017-06-08 09:00:00,567.2300,18.9000
2017-06-08 10:00:00,572.7000,19.4000
2017-06-08 11:00:00,587.2400,21.7000
2017-06-08 12:00:00,585.0400,21.7000
2017-06-08 13:00:00,597.1500,22.8000
2017-06-08 14:00:00,562.1000,23.3000
2017-06-08 15:00:00,577.4600,23.9000
2017-06-08 16:00:00,592.0900,23.3000
2017-06-08 17:00:00,591.6200,23.3000
2017-06-08 18:00:00,566.2600,22.8000
2017-06-08 19:00:00,519.1700,21.7000
2017-06-08 20:00:00,459.1300,20.6000
2017-06-08 21:00:00,303.7000,18.9000
2017-06-08 22:00:00,225.4800,17.8000
2017-06-08 23:00:00,217.1700,16.7000
2017-06-09 00:00:00,214.7700,17.2000
2017-06-09 01:00:00,214.6000,16.7000
2017-06-09 02:00:00,214.4800,16.1000
2017-06-09 03:00:00,350.3000,15.6000
2017-06-09 04:00:00,351.5500,15.6000
2017-06-09 05:00:00,351.5500,16.1000
2017-06-09 06:00:00,345.6100,16.7000
2017-06-09 07:00:00,441.2700,19.4000
2017-06-09 08:00:00,521.8600,22.2000
2017-06-09 09:00:00,602.2400,23.9000
2017-06-09 10:00:00,653.2600,25.0000
2017-06-09 11:00:00,633.6600,26.1000
2017-06-09 12:00:00,597.7600,26.1000
2017-06-09 13:00:00,597.0900,26.7000
2017-06-09 14:00:00,610.8100,27.8000
2017-06-09 15:00:00,599.2000,28.3000
2017-06-09 16:00:00,587.2000,27.8000
2017-06-09 17:00:00,554.1700,27.2000
2017-06-09 18:00:00,579.9400,27.2000
2017-06-09 19:00:00,543.0700,26.7000
2017-06-09 20:00:00,516.3300,25.6000
2017-06-09 21:00:00,355.2200,23.9000
2017-06-09 22:00:00,240.6000,22.8000
2017-06-09 23:00:00,227.9300,21.7000
2017-06-10 00:00:00,213.2500,21.1000
2017-06-10 01:00:00,211.6800,20.6000
2017-06-10 02:00:00,209.2300,20.6000
2017-06-10 03:00:00,208.9200,20.0000
2017-06-10 04:00:00,207.9300,18.3000
2017-06-10 05:00:00,203.4100,18.9000
2017-06-10 06:00:00,195.6700,19.4000
2017-06-10 07:00:00,422.7700,20.6000
2017-06-10 08:00:00,464.3300,22.2000
2017-06-10 09:00:00,485.4300,23.9000
2017-06-10 10:00:00,497.7800,26.1000
2017-06-10 11:00:00,503.9400,28.3000
2017-06-10 12:00:00,519.4400,29.4000
2017-06-10 13:00:00,508.4400,30.0000
2017-06-10 14:00:00,541.0400,30.0000
2017-06-10 15:00:00,541.4200,30.0000
2017-06-10 16:00:00,549.2500,30.0000
2017-06-10 17:00:00,538.6400,29.4000
2017-06-10 18:00:00,546.7100,29.4000
2017-06-10 19:00:00,288.2900,28.3000
2017-06-10 20:00:00,236.4500,27.2000
2017-06-10 21:00:00,245.1200,25.6000
2017-06-10 22:00:00,237.1400,25.0000
2017-06-10 23:00:00,236.5100,23.9000
2017-06-11 00:00:00,233.8400,23.9000
2017-06-11 01:00:00,245.3200,22.8000
2017-06-11 02:00:00,246.2000,22.8000
2017-06-11 03:00:00,242.6200,22.8000
2017-06-11 04:00:00,240.0800,22.8000
2017-06-11 05:00:00,236.5700,21.7000
2017-06-11 06:00:00,232.4100,22.8000
2017-06-11 07:00:00,232.3200,23.9000
2017-06-11 08:00:00,241.4000,24.4000
2017-06-11 09:00:00,230.6100,27.2000
2017-06-11 10:00:00,436.3100,31.7000
2017-06-11 11:00:00,491.3800,32.8000
2017-06-11 12:00:00,500.1700,32.8000
2017-06-11 13:00:00,500.2900,32.8000
2017-06-11 14:00:00,493.5500,33.3000
2017-06-11 15:00:00,500.6400,33.3000
2017-06-11 16:00:00,501.9900,33.3000
2017-06-11 17:00:00,499.2900,32.2000
2017-06-11 18:00:00,499.3900,32.2000
2017-06-11 19:00:00,491.8300,30.0000
2017-06-11 20:00:00,473.9000,28.3000
2017-06-11 21:00:00,336.5400,27.2000
2017-06-11 22:00:00,243.2700,26.7000
2017-06-11 23:00:00,248.8200,25.6000
2017-06-12 00:00:00,253.6500,25.6000
2017-06-12 01:00:00,255.6800,25.0000
2017-06-12 02:00:00,254.2700,24.4000
2017-06-12 03:00:00,508.5900,24.4000
2017-06-12 04:00:00,554.0100,24.4000
2017-06-12 05:00:00,533.0300,23.3000
2017-06-12 06:00:00,526.5600,24.4000
2017-06-12 07:00:00,588.7200,25.6000
2017-06-12 08:00:00,688.1500,26.7000
2017-06-12 09:00:00,710.6400,28.9000
2017-06-12 10:00:00,735.5600,32.8000
2017-06-12 11:00:00,732.8900,33.3000
2017-06-12 12:00:00,713.1400,33.9000
2017-06-12 13:00:00,715.4100,32.2000
2017-06-12 14:00:00,724.9000,35.0000
2017-06-12 15:00:00,728.2000,33.3000
2017-06-12 16:00:00,728.0100,33.3000
2017-06-12 17:00:00,694.7500,32.8000
2017-06-12 18:00:00,691.5900,32.8000
2017-06-12 19:00:00,640.8600,31.1000
2017-06-12 20:00:00,628.5300,28.3000
2017-06-12 21:00:00,351.3300,27.8000
2017-06-12 22:00:00,291.0300,26.7000
2017-06-12 23:00:00,281.7000,26.1000
2017-06-13 00:00:00,274.2000,25.6000
2017-06-13 01:00:00,273.7200,25.6000
2017-06-13 02:00:00,267.1400,25.0000
2017-06-13 03:00:00,559.3300,25.0000
2017-06-13 04:00:00,580.9300,24.4000
2017-06-13 05:00:00,568.1200,23.9000
2017-06-13 06:00:00,544.6400,24.4000
2017-06-13 07:00:00,590.9100,25.6000
2017-06-13 08:00:00,692.8100,27.2000
2017-06-13 09:00:00,761.3700,29.4000
2017-06-13 10:00:00,838.9000,32.8000
2017-06-13 11:00:00,821.9100,33.3000
2017-06-13 12:00:00,810.7400,32.8000
2017-06-13 13:00:00,773.8400,33.9000
2017-06-13 14:00:00,736.5900,34.4000
2017-06-13 15:00:00,769.0600,33.3000
2017-06-13 16:00:00,760.5100,32.2000
2017-06-13 17:00:00,731.7100,32.2000
2017-06-13 18:00:00,701.0400,32.8000
2017-06-13 19:00:00,661.0500,31.7000
2017-06-13 20:00:00,656.8000,31.1000
2017-06-13 21:00:00,453.3700,30.0000
2017-06-13 22:00:00,301.7200,28.9000
2017-06-13 23:00:00,296.8400,27.2000
2017-06-14 00:00:00,297.9300,27.2000
2017-06-14 01:00:00,275.6300,26.7000
2017-06-14 02:00:00,280.1200,26.1000
2017-06-14 03:00:00,544.5800,26.7000
2017-06-14 04:00:00,569.2500,26.1000
2017-06-14 05:00:00,560.9800,25.6000
2017-06-14 06:00:00,548.0500,26.1000
2017-06-14 07:00:00,576.2700,27.2000
2017-06-14 08:00:00,657.8200,28.3000
2017-06-14 09:00:00,700.3800,30.0000
2017-06-14 10:00:00,695.1200,31.1000
2017-06-14 11:00:00,712.4300,31.7000
2017-06-14 12:00:00,749.7100,31.7000
2017-06-14 13:00:00,768.9000,31.7000
2017-06-14 14:00:00,745.2300,31.7000
2017-06-14 15:00:00,731.1100,30.6000
2017-06-14 16:00:00,689.9200,31.1000
2017-06-14 17:00:00,688.8500,30.0000
2017-06-14 18:00:00,662.6300,30.0000
2017-06-14 19:00:00,617.3900,28.3000
2017-06-14 20:00:00,594.0200,27.2000
2017-06-14 21:00:00,392.6000,26.7000
2017-06-14 22:00:00,260.5900,25.6000
2017-06-14 23:00:00,257.2000,24.4000
2017-06-15 00:00:00,261.9800,23.9000
2017-06-15 01:00:00,247.4400,23.3000
2017-06-15 02:00:00,241.3300,22.8000
2017-06-15 03:00:00,491.4900,22.8000
2017-06-15 04:00:00,504.0900,22.8000
2017-06-15 05:00:00,486.7300,22.2000
2017-06-15 06:00:00,471.7800,22.2000
2017-06-15 07:00:00,481.6300,22.8000
2017-06-15 08:00:00,495.5400,24.4000
2017-06-15 09:00:00,532.1000,25.6000
2017-06-15 10:00:00,528.9400,27.2000
2017-06-15 11:00:00,534.1400,28.3000
2017-06-15 12:00:00,553.3200,28.9000
2017-06-15 13:00:00,541.4500,29.4000
2017-06-15 14:00:00,547.6700,28.9000
2017-06-15 15:00:00,540.1000,28.9000
2017-06-15 16:00:00,556.8300,28.9000
2017-06-15 17:00:00,542.5800,28.3000
2017-06-15 18:00:00,532.4400,27.8000
2017-06-15 19:00:00,519.4400,26.1000
2017-06-15 20:00:00,520.9800,25.6000
2017-06-15 21:00:00,374.2000,24.4000
2017-06-15 22:00:00,243.3100,23.9000
2017-06-15 23:00:00,235.1200,23.3000
2017-06-16 00:00:00,232.4800,22.2000
2017-06-16 01:00:00,233.4300,21.7000
2017-06-16 02:00:00,231.1500,21.1000
2017-06-16 03:00:00,470.4500,21.7000
2017-06-16 04:00:00,497.4900,21.7000
2017-06-16 05:00:00,494.5900,21.7000
2017-06-16 06:00:00,487.9200,21.7000
2017-06-16 07:00:00,478.5800,22.2000
2017-06-16 08:00:00,493.9900,23.3000
2017-06-16 09:00:00,504.6700,23.9000
2017-06-16 10:00:00,513.0600,24.4000
2017-06-16 11:00:00,532.3200,25.6000
2017-06-16 12:00:00,544.3500,26.7000
2017-06-16 13:00:00,558.9200,28.3000
2017-06-16 14:00:00,555.5400,28.3000
2017-06-16 15:00:00,568.7200,28.3000
2017-06-16 16:00:00,567.0300,28.9000
2017-06-16 17:00:00,539.6400,28.3000
2017-06-16 18:00:00,548.8000,28.3000
2017-06-16 19:00:00,541.5600,27.8000
2017-06-16 20:00:00,532.6800,25.6000
2017-06-16 21:00:00,382.9100,23.3000
2017-06-16 22:00:00,256.5700,23.9000
2017-06-16 23:00:00,255.2900,23.3000
2017-06-17 00:00:00,252.1100,23.3000
2017-06-17 01:00:00,252.0300,23.3000
2017-06-17 02:00:00,253.0800,23.3000
2017-06-17 03:00:00,248.1900,23.3000
2017-06-17 04:00:00,250.8000,23.3000
2017-06-17 05:00:00,256.7100,23.3000
2017-06-17 06:00:00,249.5000,23.3000
2017-06-17 07:00:00,490.7100,23.3000
2017-06-17 08:00:00,536.8800,23.9000
2017-06-17 09:00:00,534.7400,23.9000
2017-06-17 10:00:00,529.6900,24.4000
2017-06-17 11:00:00,526.5700,26.1000
2017-06-17 12:00:00,555.0200,27.8000
2017-06-17 13:00:00,585.1200,28.9000
2017-06-17 14:00:00,592.6500,30.0000
2017-06-17 15:00:00,599.5900,29.4000
2017-06-17 16:00:00,581.2400,30.0000
2017-06-17 17:00:00,604.8000,30.6000
2017-06-17 18:00:00,604.2100,29.4000
2017-06-17 19:00:00,314.6200,28.3000
2017-06-17 20:00:00,274.0300,27.2000
2017-06-17 21:00:00,278.0800,26.1000
2017-06-17 22:00:00,271.2800,25.6000
2017-06-17 23:00:00,262.4900,25.0000
2017-06-18 00:00:00,267.1200,25.0000
2017-06-18 01:00:00,270.8900,25.0000
2017-06-18 02:00:00,272.3100,25.0000
2017-06-18 03:00:00,273.9500,24.4000
2017-06-18 04:00:00,271.0300,25.0000
2017-06-18 05:00:00,267.5900,25.0000
2017-06-18 06:00:00,260.8300,25.0000
2017-06-18 07:00:00,262.5000,25.6000
2017-06-18 08:00:00,264.7100,26.1000
2017-06-18 09:00:00,271.7800,27.8000
2017-06-18 10:00:00,478.2800,28.9000
2017-06-18 11:00:00,504.0400,30.0000
2017-06-18 12:00:00,507.0800,31.7000
2017-06-18 13:00:00,499.5600,31.7000
2017-06-18 14:00:00,513.9600,32.8000
2017-06-18 15:00:00,521.6400,32.8000
2017-06-18 16:00:00,514.8400,32.8000
2017-06-18 17:00:00,525.2300,31.7000
2017-06-18 18:00:00,516.1100,31.7000
2017-06-18 19:00:00,503.7600,31.1000
2017-06-18 20:00:00,496.3600,30.0000
2017-06-18 21:00:00,395.2400,29.4000
2017-06-18 22:00:00,289.4700,28.9000
2017-06-18 23:00:00,288.3400,28.9000
2017-06-19 00:00:00,291.2300,28.3000
2017-06-19 01:00:00,290.9600,28.3000
2017-06-19 02:00:00,295.4100,27.8000
2017-06-19 03:00:00,569.0100,27.2000
2017-06-19 04:00:00,606.3300,26.7000
2017-06-19 05:00:00,583.3500,26.7000
2017-06-19 06:00:00,578.2700,26.7000
2017-06-19 07:00:00,565.4400,27.2000
2017-06-19 08:00:00,570.4900,27.2000
2017-06-19 09:00:00,579.0500,28.3000
2017-06-19 10:00:00,625.7700,28.3000
2017-06-19 11:00:00,624.0200,30.0000
2017-06-19 12:00:00,634.4900,31.1000
2017-06-19 13:00:00,645.6800,31.1000
2017-06-19 14:00:00,638.2100,31.1000
2017-06-19 15:00:00,610.0200,22.2000
2017-06-19 16:00:00,557.2900,23.3000
2017-06-19 17:00:00,533.1400,24.4000
2017-06-19 18:00:00,534.2100,24.4000
2017-06-19 19:00:00,526.0100,25.0000
2017-06-19 20:00:00,527.0100,24.4000
2017-06-19 21:00:00,328.1900,23.9000
2017-06-19 22:00:00,267.1700,23.3000
2017-06-19 23:00:00,260.6200,23.3000
2017-06-20 00:00:00,260.4000,23.3000
2017-06-20 01:00:00,256.5400,22.2000
2017-06-20 02:00:00,249.5100,22.2000
2017-06-20 03:00:00,497.9700,22.2000
2017-06-20 04:00:00,523.5800,21.7000
2017-06-20 05:00:00,496.2800,21.1000
2017-06-20 06:00:00,476.0700,21.7000
2017-06-20 07:00:00,506.1500,23.3000
2017-06-20 08:00:00,519.5900,25.0000
2017-06-20 09:00:00,529.9500,26.7000
2017-06-20 10:00:00,534.4300,27.8000
2017-06-20 11:00:00,533.8400,28.9000
2017-06-20 12:00:00,534.3700,30.0000
2017-06-20 13:00:00,544.6800,29.4000
2017-06-20 14:00:00,541.8000,30.6000
2017-06-20 15:00:00,536.2000,30.6000
2017-06-20 16:00:00,538.4600,29.4000
2017-06-20 17:00:00,520.7900,28.9000
2017-06-20 18:00:00,530.8100,28.3000
2017-06-20 19:00:00,532.1500,27.8000
2017-06-20 20:00:00,532.3500,26.7000
2017-06-20 21:00:00,373.5900,25.6000
2017-06-20 22:00:00,269.8600,25.0000
2017-06-20 23:00:00,263.1200,25.0000
2017-06-21 00:00:00,,23.9000
2017-06-21 01:00:00,,23.9000
2017-06-21 02:00:00,,22.8000
2017-06-21 03:00:00,,22.2000
2017-06-21 04:00:00,,22.2000
2017-06-21 05:00:00,,21.7000
2017-06-21 06:00:00,,22.2000
2017-06-21 07:00:00,,23.3000
2017-06-21 08:00:00,,25.0000
2017-06-21 09:00:00,,26.7000
2017-06-21 10:00:00,,27.8000
2017-06-21 11:00:00,,28.9000
2017-06-21 12:00:00,,30.0000
2017-06-21 13:00:00,,30.0000
2017-06-21 14:00:00,,31.7000
2017-06-21 15:00:00,,30.6000
2017-06-21 16:00:00,,30.0000
2017-06-21 17:00:00,,30.0000
2017-06-21 18:00:00,,30.0000
2017-06-21 19:00:00,,29.4000
2017-06-21 20:00:00,,28.3000
2017-06-21 21:00:00,,27.8000
2017-06-21 22:00:00,,27.2000
2017-06-21 23:00:00,,27.2000
2017-06-22 00:00:00,,26.7000
2017-06-22 01:00:00,,26.1000
2017-06-22 02:00:00,,25.6000
2017-06-22 03:00:00,,25.0000
2017-06-22 04:00:00,,24.4000
2017-06-22 05:00:00,,24.4000
2017-06-22 06:00:00,,25.0000
2017-06-22 07:00:00,,26.1000
2017-06-22 08:00:00,,26.7000
2017-06-22 09:00:00,,28.3000
2017-06-22 10:00:00,,28.9000
2017-06-22 11:00:00,,30.0000
2017-06-22 12:00:00,,30.6000
2017-06-22 13:00:00,,30.6000
2017-06-22 14:00:00,,31.1000
2017-06-22 15:00:00,,31.1000
2017-06-22 16:00:00,,30.6000
2017-06-22 17:00:00,,30.6000
2017-06-22 18:00:00,,30.6000
2017-06-22 19:00:00,,28.9000
2017-06-22 20:00:00,,28.9000
2017-06-22 21:00:00,,27.8000
2017-06-22 22:00:00,,27.2000
2017-06-22 23:00:00,,26.7000
2017-06-23 00:00:00,134.2400,26.1000
2017-06-23 01:00:00,132.6800,26.1000
2017-06-23 02:00:00,130.4600,26.1000
2017-06-23 03:00:00,257.8600,25.6000
2017-06-23 04:00:00,274.0600,25.6000
2017-06-23 05:00:00,267.3900,25.0000
2017-06-23 06:00:00,258.5800,22.8000
2017-06-23 07:00:00,255.8600,23.3000
2017-06-23 08:00:00,260.5000,23.9000
2017-06-23 09:00:00,260.9700,25.6000
2017-06-23 10:00:00,262.0300,27.8000
2017-06-23 11:00:00,296.1600,30.0000
2017-06-23 12:00:00,316.5000,31.1000
2017-06-23 13:00:00,305.7400,30.0000
2017-06-23 14:00:00,305.5300,30.6000
2017-06-23 15:00:00,296.9200,28.9000
2017-06-23 16:00:00,278.9700,28.9000
2017-06-23 17:00:00,292.5000,30.0000
2017-06-23 18:00:00,296.9700,30.6000
2017-06-23 19:00:00,300.6100,30.0000
2017-06-23 20:00:00,290.1600,29.4000
2017-06-23 21:00:00,206.9000,28.9000
2017-06-23 22:00:00,143.9100,28.9000
2017-06-23 23:00:00,141.1800,28.9000
2017-06-24 00:00:00,136.8800,28.9000
2017-06-24 01:00:00,138.5500,28.3000
2017-06-24 02:00:00,135.2300,26.1000
2017-06-24 03:00:00,136.1500,26.7000
2017-06-24 04:00:00,135.6000,26.1000
2017-06-24 05:00:00,127.5800,23.3000
2017-06-24 06:00:00,124.5000,23.3000
2017-06-24 07:00:00,250.7000,24.4000
2017-06-24 08:00:00,263.7500,26.7000
2017-06-24 09:00:00,255.2900,26.7000
2017-06-24 10:00:00,255.1200,27.8000
2017-06-24 11:00:00,245.9000,29.4000
2017-06-24 12:00:00,251.5200,30.0000
2017-06-24 13:00:00,254.8200,30.6000
2017-06-24 14:00:00,258.8400,31.7000
2017-06-24 15:00:00,262.0400,31.1000
2017-06-24 16:00:00,264.7100,31.1000
2017-06-24 17:00:00,260.6700,30.0000
2017-06-24 18:00:00,259.5900,30.0000
2017-06-24 19:00:00,133.4900,28.9000
2017-06-24 20:00:00,112.8700,27.8000
2017-06-24 21:00:00,115.7000,27.2000
2017-06-24 22:00:00,118.0600,26.7000
2017-06-24 23:00:00,114.8100,25.0000
2017-06-25 00:00:00,112.2100,23.3000
2017-06-25 01:00:00,115.5400,26.1000
2017-06-25 02:00:00,111.5600,25.0000
2017-06-25 03:00:00,105.4600,22.8000
2017-06-25 04:00:00,103.0500,22.8000
2017-06-25 05:00:00,100.5000,22.2000
2017-06-25 06:00:00,97.7300,23.9000
2017-06-25 07:00:00,99.7000,25.0000
2017-06-25 08:00:00,110.1300,25.6000
2017-06-25 09:00:00,112.2800,26.1000
2017-06-25 10:00:00,204.1200,27.8000
2017-06-25 11:00:00,207.7100,28.3000
2017-06-25 12:00:00,197.3900,29.4000
2017-06-25 13:00:00,206.4600,28.9000
2017-06-25 14:00:00,207.6300,30.6000
2017-06-25 15:00:00,206.0000,30.6000
2017-06-25 16:00:00,211.8000,30.6000
2017-06-25 17:00:00,210.1700,29.4000
2017-06-25 18:00:00,211.1100,28.9000
2017-06-25 19:00:00,207.2600,27.8000
2017-06-25 20:00:00,191.7400,26.1000
2017-06-25 21:00:00,146.4200,25.6000
2017-06-25 22:00:00,100.3400,24.4000
2017-06-25 23:00:00,94.0800,24.4000
2017-06-26 00:00:00,97.6700,23.9000
2017-06-26 01:00:00,102.1100,22.2000
2017-06-26 02:00:00,95.5100,22.8000
2017-06-26 03:00:00,201.9700,22.2000
2017-06-26 04:00:00,192.1700,21.1000
2017-06-26 05:00:00,192.6600,20.6000
2017-06-26 06:00:00,196.6900,20.6000
2017-06-26 07:00:00,202.1200,22.8000
2017-06-26 08:00:00,227.0200,25.0000
2017-06-26 09:00:00,243.5800,25.6000
2017-06-26 10:00:00,250.5100,26.1000
2017-06-26 11:00:00,258.6700,26.7000
2017-06-26 12:00:00,255.9000,27.2000
2017-06-26 13:00:00,260.2500,27.2000
2017-06-26 14:00:00,259.7200,27.8000
2017-06-26 15:00:00,269.3500,28.9000
2017-06-26 16:00:00,263.0100,28.3000
2017-06-26 17:00:00,266.4100,28.3000
2017-06-26 18:00:00,252.8100,26.7000
2017-06-26 19:00:00,248.1300,26.1000
2017-06-26 20:00:00,241.6500,25.6000
2017-06-26 21:00:00,143.1700,24.4000
2017-06-26 22:00:00,120.7400,23.9000
2017-06-26 23:00:00,118.0600,23.9000
2017-06-27 00:00:00,,23.9000
2017-06-27 01:00:00,,22.2000
2017-06-27 02:00:00,,21.7000
2017-06-27 03:00:00,,21.1000
2017-06-27 04:00:00,,20.0000
2017-06-27 05:00:00,,21.1000
2017-06-27 06:00:00,,20.6000
2017-06-27 07:00:00,,22.2000
2017-06-27 08:00:00,,23.9000
2017-06-27 09:00:00,,24.4000
2017-06-27 10:00:00,,25.6000
2017-06-27 11:00:00,,26.1000
2017-06-27 12:00:00,,26.7000
2017-06-27 13:00:00,,25.6000
2017-06-27 14:00:00,,27.2000
2017-06-27 15:00:00,,23.3000
2017-06-27 16:00:00,,25.6000
2017-06-27 17:00:00,,26.1000
2017-06-27 18:00:00,,26.7000
2017-06-27 19:00:00,,25.0000
2017-06-27 20:00:00,,23.9000
2017-06-27 21:00:00,,22.8000
2017-06-27 22:00:00,,21.7000
2017-06-27 23:00:00,,20.6000
2017-06-28 00:00:00,90.7300,19.4000
2017-06-28 01:00:00,89.3300,19.4000
2017-06-28 02:00:00,94.4200,18.3000
2017-06-28 03:00:00,207.3100,18.9000
2017-06-28 04:00:00,190.7800,17.2000
2017-06-28 05:00:00,181.6000,16.7000
2017-06-28 06:00:00,184.3700,17.2000
2017-06-28 07:00:00,184.6400,20.0000
2017-06-28 08:00:00,216.7400,21.1000
2017-06-28 09:00:00,247.2900,22.8000
2017-06-28 10:00:00,254.9800,24.4000
2017-06-28 11:00:00,254.0500,25.0000
2017-06-28 12:00:00,262.7000,26.1000
2017-06-28 13:00:00,250.8700,26.7000
2017-06-28 14:00:00,260.3200,27.2000
2017-06-28 15:00:00,261.9000,27.8000
2017-06-28 16:00:00,255.5900,27.8000
2017-06-28 17:00:00,259.1400,27.2000
2017-06-28 18:00:00,251.9800,26.1000
2017-06-28 19:00:00,251.7300,25.0000
2017-06-28 20:00:00,240.0200,24.4000
2017-06-28 21:00:00,170.8000,23.3000
2017-06-28 22:00:00,119.9100,22.8000
2017-06-28 23:00:00,117.3100,21.7000
2017-06-29 00:00:00,111.1200,21.1000
2017-06-29 01:00:00,101.8300,20.6000
2017-06-29 02:00:00,95.7500,20.6000
2017-06-29 03:00:00,209.4900,20.0000
2017-06-29 04:00:00,216.1100,19.4000
2017-06-29 05:00:00,210.7700,18.9000
2017-06-29 06:00:00,202.6800,20.0000
2017-06-29 07:00:00,211.4500,21.1000
2017-06-29 08:00:00,228.3300,23.3000
2017-06-29 09:00:00,253.5600,25.6000
2017-06-29 10:00:00,266.9600,26.7000
2017-06-29 11:00:00,279.7400,28.3000
2017-06-29 12:00:00,289.9700,29.4000
2017-06-29 13:00:00,296.1400,30.6000
2017-06-29 14:00:00,294.8200,31.1000
2017-06-29 15:00:00,299.8900,31.7000
2017-06-29 16:00:00,290.0600,32.2000
2017-06-29 17:00:00,292.0200,31.1000
2017-06-29 18:00:00,277.9700,30.0000
2017-06-29 19:00:00,270.3500,29.4000
2017-06-29 20:00:00,267.9900,28.3000
2017-06-29 21:00:00,195.5000,27.8000
2017-06-29 22:00:00,142.8900,27.2000
2017-06-29 23:00:00,132.6200,26.1000
2017-06-30 00:00:00,130.8000,25.6000
2017-06-30 01:00:00,123.5000,25.0000
2017-06-30 02:00:00,121.1000,24.4000
2017-06-30 03:00:00,239.4400,23.9000
2017-06-30 04:00:00,244.9900,23.3000
2017-06-30 05:00:00,236.0700,22.8000
2017-06-30 06:00:00,237.7900,22.8000
2017-06-30 07:00:00,242.0700,24.4000
2017-06-30 08:00:00,243.9200,25.6000
2017-06-30 09:00:00,253.0200,26.1000
2017-06-30 10:00:00,261.1000,28.3000
2017-06-30 11:00:00,276.4600,30.6000
2017-06-30 12:00:00,288.0200,31.7000
2017-06-30 13:00:00,303.3600,33.3000
2017-06-30 14:00:00,315.2500,34.4000
2017-06-30 15:00:00,318.8200,32.8000
2017-06-30 16:00:00,315.8500,32.2000
2017-06-30 17:00:00,306.9400,32.2000
2017-06-30 18:00:00,312.1300,31.7000
2017-06-30 19:00:00,304.9500,29.4000
2017-06-30 20:00:00,294.8700,29.4000
2017-06-30 21:00:00,206.6600,28.9000
2017-06-30 22:00:00,143.8800,27.8000
2017-06-30 23:00:00,142.0400,27.2000
2017-07-01 00:00:00,143.6700,27.2000
2017-07-01 01:00:00,143.3100,26.7000
2017-07-01 02:00:00,144.4700,26.1000
2017-07-01 03:00:00,143.3600,25.0000
2017-07-01 04:00:00,139.6700,25.6000
2017-07-01 05:00:00,139.9900,25.0000
2017-07-01 06:00:00,135.1500,25.6000
2017-07-01 07:00:00,266.6400,25.6000
2017-07-01 08:00:00,295.2200,26.7000
2017-07-01 09:00:00,296.2300,27.8000
2017-07-01 10:00:00,291.3500,28.3000
2017-07-01 11:00:00,292.9500,30.6000
2017-07-01 12:00:00,311.6500,30.6000
2017-07-01 13:00:00,312.0200,31.7000
2017-07-01 14:00:00,316.3400,32.8000
2017-07-01 15:00:00,298.8400,27.2000
2017-07-01 16:00:00,282.4600,25.6000
2017-07-01 17:00:00,300.0800,27.2000
2017-07-01 18:00:00,306.1100,28.9000
2017-07-01 19:00:00,165.7100,28.9000
2017-07-01 20:00:00,146.3000,28.3000
2017-07-01 21:00:00,148.5000,27.2000
2017-07-01 22:00:00,148.3900,26.1000
2017-07-01 23:00:00,139.7200,25.0000
2017-07-02 00:00:00,127.8800,25.0000
2017-07-02 01:00:00,125.9700,25.0000
2017-07-02 02:00:00,125.4900,25.0000
2017-07-02 03:00:00,126.5100,25.0000
2017-07-02 04:00:00,125.1100,24.4000
2017-07-02 05:00:00,121.3300,24.4000
2017-07-02 06:00:00,114.5400,25.0000
2017-07-02 07:00:00,117.2200,27.8000
2017-07-02 08:00:00,123.0300,28.9000
2017-07-02 09:00:00,124.2800,29.4000
2017-07-02 10:00:00,228.1300,30.6000
2017-07-02 11:00:00,243.7700,30.6000
2017-07-02 12:00:00,237.3100,32.2000
2017-07-02 13:00:00,232.2200,32.8000
2017-07-02 14:00:00,229.4200,33.3000
2017-07-02 15:00:00,232.0100,32.8000
2017-07-02 16:00:00,230.9900,32.8000
2017-07-02 17:00:00,224.1900,32.2000
2017-07-02 18:00:00,224.6400,30.0000
2017-07-02 19:00:00,223.2700,28.9000
2017-07-02 20:00:00,219.3600,28.9000
2017-07-02 21:00:00,177.5200,28.3000
2017-07-02 22:00:00,129.1700,27.8000
2017-07-02 23:00:00,126.9100,26.7000
2017-07-03 00:00:00,125.5900,26.7000
2017-07-03 01:00:00,125.8200,26.7000
2017-07-03 02:00:00,125.1100,26.1000
2017-07-03 03:00:00,247.5400,25.0000
2017-07-03 04:00:00,261.7100,25.6000
2017-07-03 05:00:00,250.5000,23.9000
2017-07-03 06:00:00,244.4100,25.6000
2017-07-03 07:00:00,242.2000,27.2000
2017-07-03 08:00:00,254.5000,28.9000
2017-07-03 09:00:00,264.8700,30.0000
2017-07-03 10:00:00,263.7100,31.1000
2017-07-03 11:00:00,263.9100,31.7000
2017-07-03 12:00:00,267.9100,32.2000
2017-07-03 13:00:00,273.1100,32.8000
2017-07-03 14:00:00,266.4700,32.2000
2017-07-03 15:00:00,277.8500,32.2000
2017-07-03 16:00:00,265.5100,32.8000
2017-07-03 17:00:00,258.8000,31.7000
2017-07-03 18:00:00,253.1000,31.7000
2017-07-03 19:00:00,260.0000,30.6000
2017-07-03 20:00:00,248.4200,29.4000
2017-07-03 21:00:00,144.1500,28.3000
2017-07-03 22:00:00,109.0000,27.8000
2017-07-03 23:00:00,118.1600,26.7000
2017-07-04 00:00:00,120.7500,26.1000
2017-07-04 01:00:00,122.8400,25.6000
2017-07-04 02:00:00,121.3600,25.6000
2017-07-04 03:00:00,247.2800,25.6000
2017-07-04 04:00:00,251.9800,24.4000
2017-07-04 05:00:00,249.8300,25.6000
2017-07-04 06:00:00,240.4800,25.6000
2017-07-04 07:00:00,239.3200,26.1000
2017-07-04 08:00:00,249.8800,28.3000
2017-07-04 09:00:00,259.5700,29.4000
2017-07-04 10:00:00,264.5800,30.6000
2017-07-04 11:00:00,267.7400,32.2000
2017-07-04 12:00:00,269.2600,31.7000
2017-07-04 13:00:00,274.7800,32.2000
2017-07-04 14:00:00,273.4100,32.2000
2017-07-04 15:00:00,272.5400,27.2000
2017-07-04 16:00:00,266.2300,30.6000
2017-07-04 17:00:00,258.3500,28.9000
2017-07-04 18:00:00,258.0100,30.0000
2017-07-04 19:00:00,259.2900,28.3000
2017-07-04 20:00:00,250.7500,26.1000
2017-07-04 21:00:00,180.3800,25.6000
2017-07-04 22:00:00,116.9100,26.1000
2017-07-04 23:00:00,115.8900,26.1000
2017-07-05 00:00:00,115.7100,25.6000
2017-07-05 01:00:00,119.2100,25.0000
2017-07-05 02:00:00,119.0400,25.0000
2017-07-05 03:00:00,245.3800,24.4000
2017-07-05 04:00:00,255.3800,24.4000
2017-07-05 05:00:00,246.6000,24.4000
2017-07-05 06:00:00,242.3400,24.4000
2017-07-05 07:00:00,244.0600,25.0000
2017-07-05 08:00:00,257.0900,25.6000
2017-07-05 09:00:00,266.1700,25.6000
2017-07-05 10:00:00,293.3600,26.7000
2017-07-05 11:00:00,295.9300,27.8000
2017-07-05 12:00:00,302.1200,28.3000
2017-07-05 13:00:00,300.3100,28.3000
2017-07-05 14:00:00,294.1000,28.3000
2017-07-05 15:00:00,301.7600,28.9000
2017-07-05 16:00:00,293.9900,28.9000
2017-07-05 17:00:00,291.4000,28.3000
2017-07-05 18:00:00,272.2300,23.9000
2017-07-05 19:00:00,239.9200,23.3000
2017-07-05 20:00:00,241.1200,23.3000
2017-07-05 21:00:00,172.9000,23.9000
2017-07-05 22:00:00,113.9400,23.9000
2017-07-05 23:00:00,117.8800,23.9000
2017-07-06 00:00:00,118.2000,23.9000
2017-07-06 01:00:00,116.6700,23.9000
2017-07-06 02:00:00,118.5400,23.9000
2017-07-06 03:00:00,242.3900,23.9000
2017-07-06 04:00:00,245.5800,23.3000
2017-07-06 05:00:00,237.2800,23.3000
2017-07-06 06:00:00,235.5900,23.3000
2017-07-06 07:00:00,229.3900,23.9000
2017-07-06 08:00:00,246.7700,23.9000
2017-07-06 09:00:00,248.3400,23.9000
2017-07-06 10:00:00,260.3700,24.4000
2017-07-06 11:00:00,264.5100,25.0000
2017-07-06 12:00:00,280.6700,25.6000
2017-07-06 13:00:00,283.9300,26.1000
2017-07-06 14:00:00,284.6300,27.2000
2017-07-06 15:00:00,287.0600,26.1000
2017-07-06 16:00:00,277.1700,26.7000
2017-07-06 17:00:00,282.3700,25.6000
2017-07-06 18:00:00,286.3600,25.6000
2017-07-06 19:00:00,263.1500,25.0000
2017-07-06 20:00:00,265.8000,25.0000
2017-07-06 21:00:00,184.3100,24.4000
2017-07-06 22:00:00,134.8000,23.9000
2017-07-06 23:00:00,132.0300,24.0000
2017-07-07 00:00:00,126.8800,23.9000
2017-07-07 01:00:00,127.4200,23.9000
2017-07-07 02:00:00,127.9800,24.4000
2017-07-07 03:00:00,239.5700,24.4000
2017-07-07 04:00:00,252.3900,23.9000
2017-07-07 05:00:00,249.4400,23.9000
2017-07-07 06:00:00,243.6500,23.9000
2017-07-07 07:00:00,253.9800,24.4000
2017-07-07 08:00:00,256.7600,25.6000
2017-07-07 09:00:00,267.2600,26.1000
2017-07-07 10:00:00,273.1800,27.2000
2017-07-07 11:00:00,272.1400,27.2000
2017-07-07 12:00:00,279.0400,29.4000
2017-07-07 13:00:00,284.7900,30.6000
2017-07-07 14:00:00,291.9100,31.7000
2017-07-07 15:00:00,302.6500,32.2000
2017-07-07 16:00:00,295.8900,32.2000
2017-07-07 17:00:00,296.9800,32.2000
2017-07-07 18:00:00,289.9400,31.7000
2017-07-07 19:00:00,278.1500,31.1000
2017-07-07 20:00:00,265.5200,25.6000
2017-07-07 21:00:00,185.5100,25.0000
2017-07-07 22:00:00,133.0200,24.4000
2017-07-07 23:00:00,127.1300,23.9000
2017-07-08 00:00:00,122.4100,23.3000
2017-07-08 01:00:00,123.7800,24.4000
2017-07-08 02:00:00,121.0100,22.8000
2017-07-08 03:00:00,123.5800,22.2000
2017-07-08 04:00:00,124.0900,22.2000
2017-07-08 05:00:00,121.7200,22.8000
2017-07-08 06:00:00,118.3700,23.9000
2017-07-08 07:00:00,240.6500,25.6000
2017-07-08 08:00:00,258.1200,25.6000
2017-07-08 09:00:00,259.5300,27.8000
2017-07-08 10:00:00,260.6900,29.4000
2017-07-08 11:00:00,258.9100,30.6000
2017-07-08 12:00:00,269.7000,30.0000
2017-07-08 13:00:00,277.5200,30.6000
2017-07-08 14:00:00,280.2900,31.1000
2017-07-08 15:00:00,280.5200,32.2000
2017-07-08 16:00:00,273.5200,31.7000
2017-07-08 17:00:00,275.7800,31.1000
2017-07-08 18:00:00,272.9700,31.1000
2017-07-08 19:00:00,144.4600,30.0000
2017-07-08 20:00:00,114.9400,26.1000
2017-07-08 21:00:00,120.0100,25.0000
2017-07-08 22:00:00,117.7800,23.9000
2017-07-08 23:00:00,118.1200,23.9000
2017-07-09 00:00:00,117.7400,23.9000
2017-07-09 01:00:00,115.4400,22.2000
2017-07-09 02:00:00,118.5800,21.7000
2017-07-09 03:00:00,114.8100,21.7000
2017-07-09 04:00:00,109.4700,21.7000
2017-07-09 05:00:00,109.2300,21.1000
2017-07-09 06:00:00,106.9000,21.1000
2017-07-09 07:00:00,111.6600,23.3000
2017-07-09 08:00:00,106.3200,23.9000
2017-07-09 09:00:00,107.1800,25.6000
2017-07-09 10:00:00,192.9000,26.7000
2017-07-09 11:00:00,201.1100,27.2000
2017-07-09 12:00:00,197.3000,28.3000
2017-07-09 13:00:00,196.4900,28.3000
2017-07-09 14:00:00,198.7300,28.9000
2017-07-09 15:00:00,203.4800,30.0000
2017-07-09 16:00:00,205.4500,29.4000
2017-07-09 17:00:00,206.3800,29.4000
2017-07-09 18:00:00,206.0800,28.9000
2017-07-09 19:00:00,200.1800,28.3000
2017-07-09 20:00:00,196.3600,26.7000
2017-07-09 21:00:00,154.1700,26.1000
2017-07-09 22:00:00,107.1500,25.6000
2017-07-09 23:00:00,105.9700,24.4000
2017-07-10 00:00:00,100.0100,24.4000
2017-07-10 01:00:00,95.5700,23.9000
2017-07-10 02:00:00,95.0900,23.9000
2017-07-10 03:00:00,217.9400,23.3000
2017-07-10 04:00:00,235.0500,22.8000
2017-07-10 05:00:00,237.8100,22.8000
2017-07-10 06:00:00,235.5500,23.3000
2017-07-10 07:00:00,241.4100,23.9000
2017-07-10 08:00:00,268.9800,25.0000
2017-07-10 09:00:00,292.8600,26.1000
2017-07-10 10:00:00,299.3000,27.2000
2017-07-10 11:00:00,301.4900,28.9000
2017-07-10 12:00:00,288.8200,30.6000
2017-07-10 13:00:00,302.1000,31.1000
2017-07-10 14:00:00,304.4200,30.6000
2017-07-10 15:00:00,313.8300,32.2000
2017-07-10 16:00:00,306.5500,31.1000
2017-07-10 17:00:00,301.4900,31.1000
2017-07-10 18:00:00,302.5600,30.6000
2017-07-10 19:00:00,293.5200,30.0000
2017-07-10 20:00:00,292.7200,28.9000
2017-07-10 21:00:00,175.2000,28.3000
2017-07-10 22:00:00,144.1000,27.8000
2017-07-10 23:00:00,143.8200,27.8000
2017-07-11 00:00:00,143.3100,27.8000
2017-07-11 01:00:00,143.3900,26.7000
2017-07-11 02:00:00,139.0200,25.6000
2017-07-11 03:00:00,252.5700,25.0000
2017-07-11 04:00:00,269.2500,23.9000
2017-07-11 05:00:00,259.9100,24.4000
2017-07-11 06:00:00,259.4200,24.4000
2017-07-11 07:00:00,263.1100,25.6000
2017-07-11 08:00:00,280.4600,27.2000
2017-07-11 09:00:00,311.3800,28.3000
2017-07-11 10:00:00,327.6600,29.4000
2017-07-11 11:00:00,325.5800,29.4000
2017-07-11 12:00:00,317.7000,29.4000
2017-07-11 13:00:00,314.8700,29.4000
2017-07-11 14:00:00,315.4300,31.7000
2017-07-11 15:00:00,329.3400,32.8000
2017-07-11 16:00:00,326.2300,33.3000
2017-07-11 17:00:00,320.5500,32.2000
2017-07-11 18:00:00,298.7300,31.7000
2017-07-11 19:00:00,290.3900,30.6000
2017-07-11 20:00:00,288.4100,30.0000
2017-07-11 21:00:00,207.1100,28.3000
2017-07-11 22:00:00,143.9400,27.8000
2017-07-11 23:00:00,143.2100,27.2000
2017-07-12 00:00:00,143.2800,27.2000
2017-07-12 01:00:00,143.0300,26.7000
2017-07-12 02:00:00,143.0300,26.7000
2017-07-12 03:00:00,262.5100,26.1000
2017-07-12 04:00:00,276.0700,25.6000
2017-07-12 05:00:00,264.7600,25.6000
2017-07-12 06:00:00,262.9900,26.1000
2017-07-12 07:00:00,263.9600,28.3000
2017-07-12 08:00:00,283.5500,29.4000
2017-07-12 09:00:00,304.3000,31.1000
2017-07-12 10:00:00,325.1400,32.8000
2017-07-12 11:00:00,335.3700,31.7000
2017-07-12 12:00:00,340.8300,33.9000
2017-07-12 13:00:00,347.7800,33.3000
2017-07-12 14:00:00,347.8700,33.9000
2017-07-12 15:00:00,337.0600,33.9000
2017-07-12 16:00:00,331.9900,34.4000
2017-07-12 17:00:00,332.9600,34.4000
2017-07-12 18:00:00,327.8800,33.9000
2017-07-12 19:00:00,309.3300,33.3000
2017-07-12 20:00:00,301.0400,32.2000
2017-07-12 21:00:00,215.4400,29.4000
2017-07-12 22:00:00,147.4300,28.9000
2017-07-12 23:00:00,148.0000,28.3000
2017-07-13 00:00:00,148.7500,28.3000
2017-07-13 01:00:00,146.1600,28.3000
2017-07-13 02:00:00,146.8100,27.2000
2017-07-13 03:00:00,283.4700,27.2000
2017-07-13 04:00:00,299.6500,26.7000
2017-07-13 05:00:00,288.7600,26.1000
2017-07-13 06:00:00,280.7700,26.7000
2017-07-13 07:00:00,279.6500,27.8000
2017-07-13 08:00:00,306.8600,28.9000
2017-07-13 09:00:00,334.7800,30.6000
2017-07-13 10:00:00,352.7100,31.7000
2017-07-13 11:00:00,361.6000,34.4000
2017-07-13 12:00:00,355.4700,33.9000
2017-07-13 13:00:00,346.7800,35.0000
2017-07-13 14:00:00,350.1500,35.0000
2017-07-13 15:00:00,352.3400,34.4000
2017-07-13 16:00:00,329.8400,34.4000
2017-07-13 17:00:00,327.2300,35.0000
2017-07-13 18:00:00,315.4000,34.4000
2017-07-13 19:00:00,296.4600,33.3000
2017-07-13 20:00:00,299.8700,32.2000
2017-07-13 21:00:00,219.8200,31.7000
2017-07-13 22:00:00,148.4900,30.6000
2017-07-13 23:00:00,147.9700,29.4000
2017-07-14 00:00:00,148.9600,30.0000
2017-07-14 01:00:00,147.7700,29.4000
2017-07-14 02:00:00,148.6000,28.3000
2017-07-14 03:00:00,277.0200,27.2000
2017-07-14 04:00:00,292.9500,26.7000
2017-07-14 05:00:00,286.5700,26.0000
2017-07-14 06:00:00,280.0200,26.1000
2017-07-14 07:00:00,290.3100,27.2000
2017-07-14 08:00:00,299.9600,28.3000
2017-07-14 09:00:00,305.6700,30.0000
2017-07-14 10:00:00,309.6300,31.7000
2017-07-14 11:00:00,318.9400,32.2000
2017-07-14 12:00:00,321.2300,33.3000
2017-07-14 13:00:00,317.6000,36.1000
2017-07-14 14:00:00,325.9500,34.4000
2017-07-14 15:00:00,333.5800,34.4000
2017-07-14 16:00:00,311.7100,25.6000
2017-07-14 17:00:00,282.1700,23.3000
2017-07-14 18:00:00,270.7100,25.0000
2017-07-14 19:00:00,268.5500,25.0000
2017-07-14 20:00:00,266.3200,25.0000
2017-07-14 21:00:00,202.0300,24.4000
2017-07-14 22:00:00,141.6200,25.0000
2017-07-14 23:00:00,139.4000,24.4000
2017-07-15 00:00:00,141.8600,25.0000
2017-07-15 01:00:00,140.9500,24.4000
2017-07-15 02:00:00,141.2600,24.4000
2017-07-15 03:00:00,140.0900,24.4000
2017-07-15 04:00:00,141.3300,24.4000
2017-07-15 05:00:00,139.5900,24.4000
2017-07-15 06:00:00,138.8700,25.0000
2017-07-15 07:00:00,256.7200,26.1000
2017-07-15 08:00:00,273.6400,26.7000
2017-07-15 09:00:00,272.2500,28.3000
2017-07-15 10:00:00,274.4400,28.3000
2017-07-15 11:00:00,281.1400,30.0000
2017-07-15 12:00:00,278.6500,31.1000
2017-07-15 13:00:00,273.9700,31.1000
2017-07-15 14:00:00,278.2200,31.1000
2017-07-15 15:00:00,276.6800,31.7000
2017-07-15 16:00:00,277.7200,31.1000
2017-07-15 17:00:00,275.6500,31.1000
2017-07-15 18:00:00,273.0500,30.6000
2017-07-15 19:00:00,144.0500,29.4000
2017-07-15 20:00:00,133.5100,28.3000
2017-07-15 21:00:00,138.1700,27.2000
2017-07-15 22:00:00,136.8900,26.7000
2017-07-15 23:00:00,126.9300,26.1000
2017-07-16 00:00:00,128.6500,25.0000
2017-07-16 01:00:00,131.2900,24.4000
2017-07-16 02:00:00,120.2400,23.9000
2017-07-16 03:00:00,122.0400,22.2000
2017-07-16 04:00:00,112.2700,22.8000
2017-07-16 05:00:00,103.6500,21.7000
2017-07-16 06:00:00,98.8800,22.8000
2017-07-16 07:00:00,107.7100,24.4000
2017-07-16 08:00:00,116.8500,25.6000
2017-07-16 09:00:00,126.1100,26.7000
2017-07-16 10:00:00,217.0600,27.8000
2017-07-16 11:00:00,241.2500,28.9000
2017-07-16 12:00:00,239.0500,29.4000
2017-07-16 13:00:00,236.4000,29.4000
2017-07-16 14:00:00,243.8600,30.0000
2017-07-16 15:00:00,246.7400,31.7000
2017-07-16 16:00:00,242.2900,31.1000
2017-07-16 17:00:00,239.7800,31.1000
2017-07-16 18:00:00,236.8900,30.6000
2017-07-16 19:00:00,229.9900,29.4000
2017-07-16 20:00:00,233.3900,27.8000
2017-07-16 21:00:00,187.4400,27.2000
2017-07-16 22:00:00,138.7400,26.7000
2017-07-16 23:00:00,138.9000,26.7000
2017-07-17 00:00:00,142.1000,26.1000
2017-07-17 01:00:00,141.3300,26.1000
2017-07-17 02:00:00,142.7700,25.0000
2017-07-17 03:00:00,257.4900,25.0000
2017-07-17 04:00:00,278.4700,25.0000
2017-07-17 05:00:00,272.9300,24.4000
2017-07-17 06:00:00,267.6500,25.0000
2017-07-17 07:00:00,270.7200,25.6000
2017-07-17 08:00:00,284.5800,26.1000
2017-07-17 09:00:00,305.5200,27.8000
2017-07-17 10:00:00,316.3000,29.4000
2017-07-17 11:00:00,314.8400,30.6000
2017-07-17 12:00:00,307.8000,30.6000
2017-07-17 13:00:00,307.6100,30.6000
2017-07-17 14:00:00,288.0200,31.1000
2017-07-17 15:00:00,231.9700,31.7000
2017-07-17 16:00:00,304.3900,32.2000
2017-07-17 17:00:00,297.8900,30.6000
2017-07-17 18:00:00,286.9700,30.6000
2017-07-17 19:00:00,275.5600,28.3000
2017-07-17 20:00:00,275.9400,28.3000
2017-07-17 21:00:00,177.6400,27.2000
2017-07-17 22:00:00,146.4400,26.7000
2017-07-17 23:00:00,147.7400,26.7000
2017-07-18 00:00:00,145.5400,26.1000
2017-07-18 01:00:00,147.3000,26.1000
2017-07-18 02:00:00,147.0200,25.6000
2017-07-18 03:00:00,264.2100,25.6000
2017-07-18 04:00:00,281.3600,25.6000
2017-07-18 05:00:00,268.3900,25.0000
2017-07-18 06:00:00,260.6900,25.0000
2017-07-18 07:00:00,271.5700,26.7000
2017-07-18 08:00:00,289.5700,27.2000
2017-07-18 09:00:00,303.8400,28.3000
2017-07-18 10:00:00,315.0900,29.4000
2017-07-18 11:00:00,317.1600,31.1000
2017-07-18 12:00:00,317.5800,32.2000
2017-07-18 13:00:00,322.0000,32.2000
2017-07-18 14:00:00,324.0200,32.8000
2017-07-18 15:00:00,305.5200,32.8000
2017-07-18 16:00:00,308.8600,32.8000
2017-07-18 17:00:00,298.2500,27.8000
2017-07-18 18:00:00,281.8800,28.3000
2017-07-18 19:00:00,271.5100,28.3000
2017-07-18 20:00:00,272.5800,28.3000
2017-07-18 21:00:00,202.8000,28.3000
2017-07-18 22:00:00,139.6300,27.8000
2017-07-18 23:00:00,139.2500,27.2000
2017-07-19 00:00:00,138.0300,27.2000
2017-07-19 01:00:00,136.9100,26.7000
2017-07-19 02:00:00,135.5300,26.1000
2017-07-19 03:00:00,256.4100,26.1000
2017-07-19 04:00:00,269.7400,25.6000
2017-07-19 05:00:00,262.7400,25.0000
2017-07-19 06:00:00,255.1800,25.6000
2017-07-19 07:00:00,260.5500,27.2000
2017-07-19 08:00:00,278.1400,27.8000
2017-07-19 09:00:00,298.9800,29.4000
2017-07-19 10:00:00,306.4800,31.1000
2017-07-19 11:00:00,313.5900,32.8000
2017-07-19 12:00:00,297.8900,33.3000
2017-07-19 13:00:00,308.8500,33.9000
2017-07-19 14:00:00,310.5200,32.8000
2017-07-19 15:00:00,311.3700,34.4000
2017-07-19 16:00:00,313.6900,35.6000
2017-07-19 17:00:00,315.9700,35.0000
2017-07-19 18:00:00,310.7300,33.9000
2017-07-19 19:00:00,302.3300,32.8000
2017-07-19 20:00:00,292.8000,31.7000
2017-07-19 21:00:00,213.9600,30.0000
2017-07-19 22:00:00,145.7300,29.4000
2017-07-19 23:00:00,148.0400,28.9000
2017-07-20 00:00:00,146.8300,28.3000
2017-07-20 01:00:00,146.7500,27.8000
2017-07-20 02:00:00,144.8600,27.2000
2017-07-20 03:00:00,273.7200,27.2000
2017-07-20 04:00:00,288.2800,26.7000
2017-07-20 05:00:00,277.9300,26.1000
2017-07-20 06:00:00,274.2900,27.2000
2017-07-20 07:00:00,276.9900,28.3000
2017-07-20 08:00:00,298.2900,30.6000
2017-07-20 09:00:00,315.4700,32.8000
2017-07-20 10:00:00,324.9200,33.3000
2017-07-20 11:00:00,329.2800,34.4000
2017-07-20 12:00:00,330.3300,35.0000
2017-07-20 13:00:00,343.7400,36.1000
2017-07-20 14:00:00,345.4100,35.6000
2017-07-20 15:00:00,347.1300,35.6000
2017-07-20 16:00:00,330.4200,36.1000
2017-07-20 17:00:00,325.7000,36.1000
2017-07-20 18:00:00,323.1400,35.0000
2017-07-20 19:00:00,306.0100,32.8000
2017-07-20 20:00:00,299.6000,31.7000
2017-07-20 21:00:00,221.8300,31.1000
2017-07-20 22:00:00,149.6800,30.6000
2017-07-20 23:00:00,150.3400,30.0000
2017-07-21 00:00:00,148.3700,29.4000
2017-07-21 01:00:00,148.4200,30.0000
2017-07-21 02:00:00,146.1000,29.4000
2017-07-21 03:00:00,275.4400,30.0000
2017-07-21 04:00:00,289.7300,28.9000
2017-07-21 05:00:00,281.6800,27.8000
2017-07-21 06:00:00,275.0000,28.9000
2017-07-21 07:00:00,276.1500,30.0000
2017-07-21 08:00:00,293.1100,31.1000
2017-07-21 09:00:00,317.6600,31.7000
2017-07-21 10:00:00,317.0900,33.3000
2017-07-21 11:00:00,313.5500,32.8000
2017-07-21 12:00:00,325.2000,33.3000
2017-07-21 13:00:00,329.2400,33.9000
2017-07-21 14:00:00,330.1100,33.9000
2017-07-21 15:00:00,336.9100,35.0000
2017-07-21 16:00:00,339.7600,35.6000
2017-07-21 17:00:00,332.9900,34.4000
2017-07-21 18:00:00,319.9700,33.9000
2017-07-21 19:00:00,304.9200,32.8000
2017-07-21 20:00:00,305.6300,32.2000
2017-07-21 21:00:00,223.3300,32.2000
2017-07-21 22:00:00,155.5500,31.1000
2017-07-21 23:00:00,155.1300,30.6000
2017-07-22 00:00:00,153.5300,28.9000
2017-07-22 01:00:00,151.3200,28.3000
2017-07-22 02:00:00,150.8000,27.8000
2017-07-22 03:00:00,151.6300,27.2000
2017-07-22 04:00:00,149.9000,27.2000
2017-07-22 05:00:00,148.9400,26.7000
2017-07-22 06:00:00,133.5700,26.7000
2017-07-22 07:00:00,183.9800,27.2000
2017-07-22 08:00:00,192.1100,28.9000
2017-07-22 09:00:00,186.0600,30.0000
2017-07-22 10:00:00,187.6800,31.7000
2017-07-22 11:00:00,191.3000,33.3000
2017-07-22 12:00:00,204.8000,33.9000
2017-07-22 13:00:00,216.8600,34.4000
2017-07-22 14:00:00,202.0700,24.4000
2017-07-22 15:00:00,192.1700,25.6000
2017-07-22 16:00:00,197.7800,27.8000
2017-07-22 17:00:00,196.2900,27.2000
2017-07-22 18:00:00,187.8100,24.4000
2017-07-22 19:00:00,127.7500,25.0000
2017-07-22 20:00:00,123.5000,24.4000
2017-07-22 21:00:00,126.4700,24.4000
2017-07-22 22:00:00,127.3700,23.9000
2017-07-22 23:00:00,128.4300,23.9000
2017-07-23 00:00:00,127.6800,23.9000
2017-07-23 01:00:00,128.6000,23.9000
2017-07-23 02:00:00,127.7200,24.4000
2017-07-23 03:00:00,128.2100,23.9000
2017-07-23 04:00:00,127.4900,23.9000
2017-07-23 05:00:00,127.6600,23.9000
2017-07-23 06:00:00,124.1700,24.4000
2017-07-23 07:00:00,123.8400,25.0000
2017-07-23 08:00:00,127.5100,26.7000
2017-07-23 09:00:00,129.0000,27.8000
2017-07-23 10:00:00,161.2700,29.4000
2017-07-23 11:00:00,169.5000,31.1000
2017-07-23 12:00:00,170.6600,31.7000
2017-07-23 13:00:00,175.6700,28.3000
2017-07-23 14:00:00,176.0300,27.8000
2017-07-23 15:00:00,172.6700,26.7000
2017-07-23 16:00:00,171.7700,27.8000
2017-07-23 17:00:00,181.4500,28.9000
2017-07-23 18:00:00,175.2100,22.8000
2017-07-23 19:00:00,171.2000,25.0000
2017-07-23 20:00:00,179.6900,25.6000
2017-07-23 21:00:00,160.6000,25.0000
2017-07-23 22:00:00,148.0700,25.6000
2017-07-23 23:00:00,144.4000,24.4000
2017-07-24 00:00:00,141.8900,24.4000
2017-07-24 01:00:00,143.6900,23.3000
2017-07-24 02:00:00,146.7900,25.0000
2017-07-24 03:00:00,178.9200,24.4000
2017-07-24 04:00:00,209.0700,24.4000
2017-07-24 05:00:00,211.8400,25.6000
2017-07-24 06:00:00,250.8000,25.0000
2017-07-24 07:00:00,275.9400,25.6000
2017-07-24 08:00:00,295.9300,27.2000
2017-07-24 09:00:00,306.6900,27.8000
2017-07-24 10:00:00,315.1300,29.4000
2017-07-24 11:00:00,315.2200,30.0000
2017-07-24 12:00:00,316.7100,30.6000
2017-07-24 13:00:00,315.3600,32.2000
2017-07-24 14:00:00,316.7600,31.7000
2017-07-24 15:00:00,325.4500,32.2000
2017-07-24 16:00:00,311.0800,31.1000
2017-07-24 17:00:00,308.1500,29.4000
2017-07-24 18:00:00,301.7900,29.4000
2017-07-24 19:00:00,293.1000,29.4000
2017-07-24 20:00:00,287.6400,29.4000
2017-07-24 21:00:00,180.8300,29.4000
2017-07-24 22:00:00,149.2500,28.3000
2017-07-24 23:00:00,146.2400,27.2000
2017-07-25 00:00:00,144.6600,26.1000
2017-07-25 01:00:00,136.8000,26.1000
2017-07-25 02:00:00,133.8400,25.0000
2017-07-25 03:00:00,237.2300,23.9000
2017-07-25 04:00:00,242.8800,22.8000
2017-07-25 05:00:00,227.6300,22.2000
2017-07-25 06:00:00,209.6000,21.7000
2017-07-25 07:00:00,210.4000,22.2000
2017-07-25 08:00:00,229.0100,23.3000
2017-07-25 09:00:00,257.6000,24.4000
2017-07-25 10:00:00,264.1000,25.6000
2017-07-25 11:00:00,266.5800,25.6000
2017-07-25 12:00:00,264.2400,26.1000
2017-07-25 13:00:00,270.8700,27.2000
2017-07-25 14:00:00,276.3000,26.1000
2017-07-25 15:00:00,274.5300,26.7000
2017-07-25 16:00:00,271.4600,27.8000
2017-07-25 17:00:00,266.8300,26.7000
2017-07-25 18:00:00,262.9300,26.7000
2017-07-25 19:00:00,246.5400,25.6000
2017-07-25 20:00:00,248.9600,25.0000
2017-07-25 21:00:00,179.9200,23.9000
2017-07-25 22:00:00,122.6400,23.9000
2017-07-25 23:00:00,115.8800,23.3000
2017-07-26 00:00:00,118.9600,23.3000
2017-07-26 01:00:00,113.9600,22.8000
2017-07-26 02:00:00,106.3700,22.2000
2017-07-26 03:00:00,188.4900,21.7000
2017-07-26 04:00:00,212.1000,20.6000
2017-07-26 05:00:00,209.2700,20.6000
2017-07-26 06:00:00,202.3400,21.1000
2017-07-26 07:00:00,212.3900,22.2000
2017-07-26 08:00:00,236.8500,23.9000
2017-07-26 09:00:00,260.0600,25.0000
2017-07-26 10:00:00,271.1900,25.6000
2017-07-26 11:00:00,272.0900,27.2000
2017-07-26 12:00:00,270.1800,28.3000
2017-07-26 13:00:00,268.3500,28.3000
2017-07-26 14:00:00,273.7000,28.3000
2017-07-26 15:00:00,281.1800,29.4000
2017-07-26 16:00:00,276.4000,28.9000
2017-07-26 17:00:00,277.0700,29.4000
2017-07-26 18:00:00,275.3800,28.9000
2017-07-26 19:00:00,268.0300,27.2000
2017-07-26 20:00:00,262.5900,26.1000
2017-07-26 21:00:00,189.6400,25.0000
2017-07-26 22:00:00,129.0000,24.4000
2017-07-26 23:00:00,128.2700,23.9000
2017-07-27 00:00:00,133.1200,23.3000
2017-07-27 01:00:00,132.6200,23.3000
2017-07-27 02:00:00,131.5100,23.3000
2017-07-27 03:00:00,228.3200,23.3000
2017-07-27 04:00:00,243.4400,22.8000
2017-07-27 05:00:00,235.8100,22.8000
2017-07-27 06:00:00,230.8400,22.8000
2017-07-27 07:00:00,233.8300,23.3000
2017-07-27 08:00:00,246.7000,24.4000
2017-07-27 09:00:00,260.2300,25.0000
2017-07-27 10:00:00,285.3200,26.1000
2017-07-27 11:00:00,294.5900,27.8000
2017-07-27 12:00:00,295.0800,28.3000
2017-07-27 13:00:00,295.0400,28.3000
2017-07-27 14:00:00,300.1500,29.4000
2017-07-27 15:00:00,297.4300,28.9000
2017-07-27 16:00:00,300.1400,29.4000
2017-07-27 17:00:00,289.9700,28.9000
2017-07-27 18:00:00,286.1100,28.9000
2017-07-27 19:00:00,273.8600,28.3000
2017-07-27 20:00:00,275.0600,28.3000
2017-07-27 21:00:00,204.3000,27.8000
2017-07-27 22:00:00,146.9300,27.2000
2017-07-27 23:00:00,144.9600,26.7000
2017-07-28 00:00:00,143.4700,26.1000
2017-07-28 01:00:00,143.0200,26.1000
2017-07-28 02:00:00,144.1700,26.1000
2017-07-28 03:00:00,237.1100,25.0000
2017-07-28 04:00:00,255.8400,25.0000
2017-07-28 05:00:00,249.0800,24.4000
2017-07-28 06:00:00,243.4600,24.4000
2017-07-28 07:00:00,245.2600,25.6000
2017-07-28 08:00:00,256.1600,26.1000
2017-07-28 09:00:00,259.3300,26.7000
2017-07-28 10:00:00,259.3100,27.2000
2017-07-28 11:00:00,263.0300,25.6000
2017-07-28 12:00:00,251.0900,25.0000
2017-07-28 13:00:00,244.5200,24.4000
2017-07-28 14:00:00,264.2800,23.9000
2017-07-28 15:00:00,257.6200,23.3000
2017-07-28 16:00:00,245.8100,22.8000
2017-07-28 17:00:00,234.1600,22.2000
2017-07-28 18:00:00,227.5700,22.8000
2017-07-28 19:00:00,219.2500,23.3000
2017-07-28 20:00:00,222.3200,23.3000
2017-07-28 21:00:00,171.4000,22.2000
2017-07-28 22:00:00,128.7000,22.8000
2017-07-28 23:00:00,123.8400,22.8000
2017-07-29 00:00:00,114.2900,21.7000
2017-07-29 01:00:00,118.9000,21.7000
2017-07-29 02:00:00,116.3300,21.7000
2017-07-29 03:00:00,115.4600,21.7000
2017-07-29 04:00:00,116.5100,22.2000
2017-07-29 05:00:00,114.1900,22.2000
2017-07-29 06:00:00,105.5600,22.2000
2017-07-29 07:00:00,178.5400,22.2000
2017-07-29 08:00:00,182.4200,21.1000
2017-07-29 09:00:00,207.7800,23.3000
2017-07-29 10:00:00,215.8500,22.8000
2017-07-29 11:00:00,210.8400,22.8000
2017-07-29 12:00:00,206.2000,22.2000
2017-07-29 13:00:00,204.1000,21.1000
2017-07-29 14:00:00,222.1200,23.3000
2017-07-29 15:00:00,222.4800,22.8000
2017-07-29 16:00:00,222.3600,23.9000
2017-07-29 17:00:00,213.1800,25.0000
2017-07-29 18:00:00,212.9200,23.9000
2017-07-29 19:00:00,140.1400,23.9000
2017-07-29 20:00:00,123.0900,23.3000
2017-07-29 21:00:00,122.7900,22.8000
2017-07-29 22:00:00,120.2200,22.2000
2017-07-29 23:00:00,114.9300,21.1000
2017-07-30 00:00:00,110.3200,20.6000
2017-07-30 01:00:00,114.5000,19.4000
2017-07-30 02:00:00,118.1000,18.9000
2017-07-30 03:00:00,125.6900,18.3000
2017-07-30 04:00:00,127.9200,18.3000
2017-07-30 05:00:00,127.1600,17.2000
2017-07-30 06:00:00,123.4400,17.8000
2017-07-30 07:00:00,122.1300,19.4000
2017-07-30 08:00:00,137.2600,21.7000
2017-07-30 09:00:00,130.2100,23.3000
2017-07-30 10:00:00,192.7000,25.0000
2017-07-30 11:00:00,204.1900,25.6000
2017-07-30 12:00:00,204.6800,26.7000
2017-07-30 13:00:00,197.4300,27.2000
2017-07-30 14:00:00,206.5200,28.3000
2017-07-30 15:00:00,208.9100,28.3000
2017-07-30 16:00:00,211.6800,28.3000
2017-07-30 17:00:00,215.3300,28.3000
2017-07-30 18:00:00,216.6300,27.8000
2017-07-30 19:00:00,214.1300,26.7000
2017-07-30 20:00:00,202.4800,24.4000
2017-07-30 21:00:00,161.9400,23.9000
2017-07-30 22:00:00,123.7000,23.3000
2017-07-30 23:00:00,117.6000,22.2000
2017-07-31 00:00:00,116.1800,21.1000
2017-07-31 01:00:00,108.7900,20.6000
2017-07-31 02:00:00,118.1400,19.4000
2017-07-31 03:00:00,180.6700,20.0000
2017-07-31 04:00:00,182.7700,19.4000
2017-07-31 05:00:00,175.7800,19.4000
2017-07-31 06:00:00,173.4100,20.0000
2017-07-31 07:00:00,176.9200,21.7000
2017-07-31 08:00:00,201.4000,24.4000
2017-07-31 09:00:00,220.5000,25.0000
2017-07-31 10:00:00,234.8600,28.3000
2017-07-31 11:00:00,244.6700,28.9000
2017-07-31 12:00:00,252.4300,30.0000
2017-07-31 13:00:00,253.7800,31.1000
2017-07-31 14:00:00,273.1000,30.6000
2017-07-31 15:00:00,268.4900,32.8000
2017-07-31 16:00:00,265.2700,31.1000
2017-07-31 17:00:00,266.6100,31.1000
2017-07-31 18:00:00,261.4700,31.1000
2017-07-31 19:00:00,250.0700,28.3000
2017-07-31 20:00:00,244.4400,26.7000
2017-07-31 21:00:00,174.2200,25.6000
2017-07-31 22:00:00,151.3600,25.0000
2017-07-31 23:00:00,145.4000,24.4000
2017-08-01 00:00:00,146.3000,23.9000
2017-08-01 01:00:00,140.1700,23.3000
2017-08-01 02:00:00,140.8000,22.8000
2017-08-01 03:00:00,211.9200,22.8000
2017-08-01 04:00:00,216.6700,21.7000
2017-08-01 05:00:00,212.7500,22.2000
2017-08-01 06:00:00,205.1700,22.8000
2017-08-01 07:00:00,207.6400,24.4000
2017-08-01 08:00:00,227.3700,26.7000
2017-08-01 09:00:00,244.7100,27.8000
2017-08-01 10:00:00,249.4200,30.0000
2017-08-01 11:00:00,262.2200,30.6000
2017-08-01 12:00:00,267.1200,30.0000
2017-08-01 13:00:00,270.0400,32.2000
2017-08-01 14:00:00,273.7800,31.1000
2017-08-01 15:00:00,279.3700,31.1000
2017-08-01 16:00:00,282.0900,30.6000
2017-08-01 17:00:00,266.2400,27.8000
2017-08-01 18:00:00,234.9000,25.6000
2017-08-01 19:00:00,230.3400,25.6000
2017-08-01 20:00:00,230.6100,26.1000
2017-08-01 21:00:00,198.2200,25.6000
2017-08-01 22:00:00,152.4600,25.6000
2017-08-01 23:00:00,151.2100,25.6000
2017-08-02 00:00:00,150.2700,25.6000
2017-08-02 01:00:00,151.1400,25.0000
2017-08-02 02:00:00,150.9600,24.4000
2017-08-02 03:00:00,221.4200,24.4000
2017-08-02 04:00:00,224.9200,24.4000
2017-08-02 05:00:00,222.8600,23.3000
2017-08-02 06:00:00,214.4300,23.3000
2017-08-02 07:00:00,225.6800,24.4000
2017-08-02 08:00:00,234.1800,25.0000
2017-08-02 09:00:00,249.4800,27.2000
2017-08-02 10:00:00,261.0000,28.3000
2017-08-02 11:00:00,274.6200,29.4000
2017-08-02 12:00:00,279.0100,30.6000
2017-08-02 13:00:00,271.6800,31.1000
2017-08-02 14:00:00,270.9200,31.1000
2017-08-02 15:00:00,279.4200,32.2000
2017-08-02 16:00:00,283.0800,31.7000
2017-08-02 17:00:00,271.9200,30.6000
2017-08-02 18:00:00,257.5300,30.0000
2017-08-02 19:00:00,244.6700,26.7000
2017-08-02 20:00:00,251.3000,26.1000
2017-08-02 21:00:00,201.4400,25.6000
2017-08-02 22:00:00,151.1900,25.6000
2017-08-02 23:00:00,149.3000,25.0000
2017-08-03 00:00:00,155.5200,24.4000
2017-08-03 01:00:00,153.4200,23.9000
2017-08-03 02:00:00,154.2500,23.9000
2017-08-03 03:00:00,224.8300,23.9000
2017-08-03 04:00:00,226.7000,22.8000
2017-08-03 05:00:00,223.7800,22.8000
2017-08-03 06:00:00,214.1100,22.8000
2017-08-03 07:00:00,218.3400,23.3000
2017-08-03 08:00:00,238.1700,25.0000
2017-08-03 09:00:00,253.9800,26.7000
2017-08-03 10:00:00,263.8000,28.9000
2017-08-03 11:00:00,272.6100,30.0000
2017-08-03 12:00:00,282.2900,30.6000
2017-08-03 13:00:00,288.9700,31.1000
2017-08-03 14:00:00,282.3300,31.7000
2017-08-03 15:00:00,278.9500,31.7000
2017-08-03 16:00:00,278.0800,31.1000
2017-08-03 17:00:00,255.7700,30.6000
2017-08-03 18:00:00,245.5500,22.8000
2017-08-03 19:00:00,236.5200,23.3000
2017-08-03 20:00:00,236.7600,23.9000
2017-08-03 21:00:00,197.4400,23.9000
2017-08-03 22:00:00,147.2800,23.9000
2017-08-03 23:00:00,145.5900,23.9000
2017-08-04 00:00:00,146.8600,24.4000
2017-08-04 01:00:00,149.6400,25.0000
2017-08-04 02:00:00,154.7800,24.4000
2017-08-04 03:00:00,235.2300,24.4000
2017-08-04 04:00:00,233.0700,23.9000
2017-08-04 05:00:00,231.7900,23.9000
2017-08-04 06:00:00,227.7500,23.9000
2017-08-04 07:00:00,232.8400,24.4000
2017-08-04 08:00:00,244.0200,25.6000
2017-08-04 09:00:00,258.7100,26.7000
2017-08-04 10:00:00,270.1500,27.8000
2017-08-04 11:00:00,287.7900,29.4000
2017-08-04 12:00:00,294.5200,31.1000
2017-08-04 13:00:00,298.1800,31.7000
2017-08-04 14:00:00,289.1200,31.7000
2017-08-04 15:00:00,287.7700,31.7000
2017-08-04 16:00:00,287.4400,31.1000
2017-08-04 17:00:00,281.3400,30.6000
2017-08-04 18:00:00,273.8200,29.4000
2017-08-04 19:00:00,267.4800,28.3000
2017-08-04 20:00:00,258.5800,27.2000
2017-08-04 21:00:00,208.1200,26.7000
2017-08-04 22:00:00,155.6400,26.1000
2017-08-04 23:00:00,162.1300,26.1000
2017-08-05 00:00:00,161.5200,26.1000
2017-08-05 01:00:00,164.2700,26.1000
2017-08-05 02:00:00,149.9700,26.1000
2017-08-05 03:00:00,159.5200,25.6000
2017-08-05 04:00:00,151.0600,25.0000
2017-08-05 05:00:00,150.3700,24.4000
2017-08-05 06:00:00,145.6800,23.9000
2017-08-05 07:00:00,220.8100,23.3000
2017-08-05 08:00:00,224.6700,23.9000
2017-08-05 09:00:00,218.9500,23.9000
2017-08-05 10:00:00,211.3200,23.9000
2017-08-05 11:00:00,207.9400,24.4000
2017-08-05 12:00:00,217.2500,25.6000
2017-08-05 13:00:00,226.8500,24.4000
2017-08-05 14:00:00,221.8400,26.7000
2017-08-05 15:00:00,222.9300,27.2000
2017-08-05 16:00:00,230.6600,26.7000
2017-08-05 17:00:00,225.0800,26.7000
2017-08-05 18:00:00,223.7100,25.6000
2017-08-05 19:00:00,140.7500,25.0000
2017-08-05 20:00:00,128.2500,23.9000
2017-08-05 21:00:00,129.0500,23.9000
2017-08-05 22:00:00,128.9000,22.8000
2017-08-05 23:00:00,122.8800,22.8000
2017-08-06 00:00:00,112.7100,21.7000
2017-08-06 01:00:00,113.7100,21.7000
2017-08-06 02:00:00,108.7800,21.1000
2017-08-06 03:00:00,103.2900,19.4000
2017-08-06 04:00:00,104.0100,20.0000
2017-08-06 05:00:00,108.7300,20.0000
2017-08-06 06:00:00,104.6900,21.1000
2017-08-06 07:00:00,105.4500,21.7000
2017-08-06 08:00:00,111.2200,22.2000
2017-08-06 09:00:00,112.4500,23.3000
2017-08-06 10:00:00,180.2900,24.4000
2017-08-06 11:00:00,196.7800,25.6000
2017-08-06 12:00:00,200.0400,26.7000
2017-08-06 13:00:00,201.2600,27.2000
2017-08-06 14:00:00,199.0300,27.2000
2017-08-06 15:00:00,197.2900,27.2000
2017-08-06 16:00:00,197.1000,27.2000
2017-08-06 17:00:00,199.5400,27.2000
2017-08-06 18:00:00,196.0600,26.7000
2017-08-06 19:00:00,191.1300,26.1000
2017-08-06 20:00:00,194.6500,25.6000
2017-08-06 21:00:00,161.1800,24.4000
2017-08-06 22:00:00,126.1700,24.4000
2017-08-06 23:00:00,124.7700,24.4000
2017-08-07 00:00:00,126.4600,24.4000
2017-08-07 01:00:00,130.5100,23.3000
2017-08-07 02:00:00,118.7700,22.2000
2017-08-07 03:00:00,201.8400,21.7000
2017-08-07 04:00:00,199.5400,21.7000
2017-08-07 05:00:00,198.0300,21.7000
2017-08-07 06:00:00,197.1400,22.2000
2017-08-07 07:00:00,199.0000,21.7000
2017-08-07 08:00:00,205.6400,21.7000
2017-08-07 09:00:00,209.7100,22.2000
2017-08-07 10:00:00,220.2700,22.2000
2017-08-07 11:00:00,225.4300,22.2000
2017-08-07 12:00:00,219.6400,22.2000
2017-08-07 13:00:00,219.5300,22.2000
2017-08-07 14:00:00,222.0600,22.2000
2017-08-07 15:00:00,224.1300,22.8000
2017-08-07 16:00:00,222.8600,22.8000
2017-08-07 17:00:00,212.6000,23.3000
2017-08-07 18:00:00,208.0600,22.2000
2017-08-07 19:00:00,204.8200,22.8000
2017-08-07 20:00:00,209.9800,22.8000
2017-08-07 21:00:00,160.4100,22.8000
2017-08-07 22:00:00,135.2400,22.8000
2017-08-07 23:00:00,129.0700,22.2000
2017-08-08 00:00:00,127.2400,22.2000
2017-08-08 01:00:00,126.9400,22.2000
2017-08-08 02:00:00,126.0900,22.2000
2017-08-08 03:00:00,196.9500,21.7000
2017-08-08 04:00:00,208.5500,21.1000
2017-08-08 05:00:00,203.8400,21.1000
2017-08-08 06:00:00,204.9100,21.1000
2017-08-08 07:00:00,199.5100,21.1000
2017-08-08 08:00:00,205.0400,21.1000
2017-08-08 09:00:00,209.3100,22.8000
2017-08-08 10:00:00,218.7800,23.3000
2017-08-08 11:00:00,226.4400,23.9000
2017-08-08 12:00:00,229.5700,24.4000
2017-08-08 13:00:00,227.4000,25.6000
2017-08-08 14:00:00,228.0300,26.1000
2017-08-08 15:00:00,226.2100,26.1000
2017-08-08 16:00:00,228.7800,26.1000
2017-08-08 17:00:00,221.6900,27.2000
2017-08-08 18:00:00,219.9900,26.1000
2017-08-08 19:00:00,210.0600,25.6000
2017-08-08 20:00:00,201.0900,24.4000
2017-08-08 21:00:00,160.3700,22.8000
2017-08-08 22:00:00,124.5500,22.2000
2017-08-08 23:00:00,123.0000,22.2000
2017-08-09 00:00:00,113.7700,21.1000
2017-08-09 01:00:00,120.0200,21.1000
2017-08-09 02:00:00,119.8200,21.7000
2017-08-09 03:00:00,185.9500,20.0000
2017-08-09 04:00:00,187.3600,18.9000
2017-08-09 05:00:00,180.8400,18.3000
2017-08-09 06:00:00,169.3200,18.9000
2017-08-09 07:00:00,173.1800,20.6000
2017-08-09 08:00:00,182.6800,22.8000
2017-08-09 09:00:00,202.2000,24.4000
2017-08-09 10:00:00,232.9200,26.1000
2017-08-09 11:00:00,235.2800,27.8000
2017-08-09 12:00:00,235.1100,28.3000
2017-08-09 13:00:00,238.6000,28.3000
2017-08-09 14:00:00,247.2800,29.4000
2017-08-09 15:00:00,245.3400,29.4000
2017-08-09 16:00:00,241.7600,28.3000
2017-08-09 17:00:00,237.0600,27.8000
2017-08-09 18:00:00,229.3400,27.2000
2017-08-09 19:00:00,218.8400,26.1000
2017-08-09 20:00:00,214.4300,25.0000
2017-08-09 21:00:00,167.1400,24.4000
2017-08-09 22:00:00,122.4300,23.3000
2017-08-09 23:00:00,124.5800,23.3000
2017-08-10 00:00:00,124.4900,22.8000
2017-08-10 01:00:00,121.7000,21.1000
2017-08-10 02:00:00,120.7800,21.7000
2017-08-10 03:00:00,208.9600,20.6000
2017-08-10 04:00:00,188.9500,20.6000
2017-08-10 05:00:00,189.1900,20.0000
2017-08-10 06:00:00,184.3200,21.1000
2017-08-10 07:00:00,193.6300,22.2000
2017-08-10 08:00:00,209.4900,24.4000
2017-08-10 09:00:00,228.5000,26.7000
2017-08-10 10:00:00,235.8300,26.7000
2017-08-10 11:00:00,234.5300,27.8000
2017-08-10 12:00:00,244.6500,28.3000
2017-08-10 13:00:00,250.3800,28.3000
2017-08-10 14:00:00,240.1000,28.3000
2017-08-10 15:00:00,242.3900,27.8000
2017-08-10 16:00:00,232.3700,27.2000
2017-08-10 17:00:00,222.3200,27.2000
2017-08-10 18:00:00,224.7400,26.1000
2017-08-10 19:00:00,213.3600,26.1000
2017-08-10 20:00:00,217.0900,25.0000
2017-08-10 21:00:00,173.2400,23.9000
2017-08-10 22:00:00,130.0300,23.3000
2017-08-10 23:00:00,125.8100,23.3000
2017-08-11 00:00:00,126.2000,22.8000
2017-08-11 01:00:00,124.8900,22.2000
2017-08-11 02:00:00,125.7900,21.7000
2017-08-11 03:00:00,205.6300,22.2000
2017-08-11 04:00:00,213.2700,21.7000
2017-08-11 05:00:00,203.8000,22.2000
2017-08-11 06:00:00,192.0300,22.2000
2017-08-11 07:00:00,199.3200,22.8000
2017-08-11 08:00:00,201.9900,22.8000
2017-08-11 09:00:00,204.0000,23.3000
2017-08-11 10:00:00,217.1900,23.9000
2017-08-11 11:00:00,225.9100,24.4000
2017-08-11 12:00:00,229.2200,25.6000
2017-08-11 13:00:00,229.6700,26.7000
2017-08-11 14:00:00,247.9900,27.2000
2017-08-11 15:00:00,256.9200,28.3000
2017-08-11 16:00:00,249.8100,27.8000
2017-08-11 17:00:00,240.8900,27.2000
2017-08-11 18:00:00,240.9400,26.7000
2017-08-11 19:00:00,233.2900,24.4000
2017-08-11 20:00:00,225.1400,23.3000
2017-08-11 21:00:00,192.7800,23.3000
2017-08-11 22:00:00,144.8000,22.8000
2017-08-11 23:00:00,135.4400,22.8000
2017-08-12 00:00:00,135.7900,23.3000
2017-08-12 01:00:00,136.0100,22.8000
2017-08-12 02:00:00,135.7200,22.8000
2017-08-12 03:00:00,136.0200,22.8000
2017-08-12 04:00:00,133.0000,22.8000
2017-08-12 05:00:00,133.4300,22.8000
2017-08-12 06:00:00,128.1700,23.3000
2017-08-12 07:00:00,204.3300,23.3000
2017-08-12 08:00:00,219.3200,23.3000
2017-08-12 09:00:00,216.5700,23.9000
2017-08-12 10:00:00,226.1500,25.6000
2017-08-12 11:00:00,237.6300,26.1000
2017-08-12 12:00:00,245.8100,26.7000
2017-08-12 13:00:00,254.7500,27.8000
2017-08-12 14:00:00,261.3200,28.3000
2017-08-12 15:00:00,255.9800,28.3000
2017-08-12 16:00:00,255.0600,29.4000
2017-08-12 17:00:00,260.2100,28.9000
2017-08-12 18:00:00,262.9600,28.3000
2017-08-12 19:00:00,160.4000,27.8000
2017-08-12 20:00:00,136.2700,22.2000
2017-08-12 21:00:00,134.8400,22.8000
2017-08-12 22:00:00,136.7400,22.2000
2017-08-12 23:00:00,134.1800,22.8000
2017-08-13 00:00:00,130.9200,22.8000
2017-08-13 01:00:00,131.7200,22.8000
2017-08-13 02:00:00,129.4700,22.8000
2017-08-13 03:00:00,134.6400,22.8000
2017-08-13 04:00:00,126.9900,22.2000
2017-08-13 05:00:00,128.6000,21.1000
2017-08-13 06:00:00,119.2000,21.1000
2017-08-13 07:00:00,117.8500,21.7000
2017-08-13 08:00:00,120.8700,22.8000
2017-08-13 09:00:00,131.4300,23.9000
2017-08-13 10:00:00,212.6200,25.6000
2017-08-13 11:00:00,221.3600,26.7000
2017-08-13 12:00:00,221.5700,27.8000
2017-08-13 13:00:00,220.6100,28.3000
2017-08-13 14:00:00,220.0800,28.9000
2017-08-13 15:00:00,220.7200,29.4000
2017-08-13 16:00:00,217.7100,29.4000
2017-08-13 17:00:00,214.4400,28.3000
2017-08-13 18:00:00,216.0100,28.3000
2017-08-13 19:00:00,214.2500,27.2000
2017-08-13 20:00:00,217.0300,25.0000
2017-08-13 21:00:00,171.2100,24.4000
2017-08-13 22:00:00,126.7500,25.0000
2017-08-13 23:00:00,126.1100,23.9000
2017-08-14 00:00:00,126.1400,23.3000
2017-08-14 01:00:00,127.9100,23.3000
2017-08-14 02:00:00,125.8400,22.8000
2017-08-14 03:00:00,211.6500,22.8000
2017-08-14 04:00:00,212.4500,22.2000
2017-08-14 05:00:00,204.8500,21.7000
2017-08-14 06:00:00,203.8900,21.7000
2017-08-14 07:00:00,219.9200,22.8000
2017-08-14 08:00:00,234.8700,25.0000
2017-08-14 09:00:00,244.5500,25.0000
2017-08-14 10:00:00,250.4800,25.6000
2017-08-14 11:00:00,270.0900,25.6000
2017-08-14 12:00:00,272.2300,26.1000
2017-08-14 13:00:00,270.4900,26.7000
2017-08-14 14:00:00,286.4300,26.1000
2017-08-14 15:00:00,282.0200,25.6000
2017-08-14 16:00:00,272.9900,25.6000
2017-08-14 17:00:00,254.8900,25.6000
2017-08-14 18:00:00,238.4300,25.6000
2017-08-14 19:00:00,232.8900,25.0000
2017-08-14 20:00:00,241.9600,25.0000
2017-08-14 21:00:00,169.6100,25.0000
2017-08-14 22:00:00,145.8100,24.4000
2017-08-14 23:00:00,142.1400,25.0000
2017-08-15 00:00:00,141.4100,24.4000
2017-08-15 01:00:00,142.0000,24.4000
2017-08-15 02:00:00,140.8400,24.4000
2017-08-15 03:00:00,227.2200,23.9000
2017-08-15 04:00:00,227.0800,23.9000
2017-08-15 05:00:00,225.6600,23.9000
2017-08-15 06:00:00,217.3700,23.9000
2017-08-15 07:00:00,229.7200,23.9000
2017-08-15 08:00:00,253.7800,24.4000
2017-08-15 09:00:00,276.0600,24.4000
2017-08-15 10:00:00,280.3600,25.0000
2017-08-15 11:00:00,276.7200,25.0000
2017-08-15 12:00:00,292.5000,26.1000
2017-08-15 13:00:00,283.1900,26.7000
2017-08-15 14:00:00,303.0600,26.7000
2017-08-15 15:00:00,306.6900,26.1000
2017-08-15 16:00:00,285.6900,26.7000
2017-08-15 17:00:00,270.6300,27.2000
2017-08-15 18:00:00,263.2800,27.8000
2017-08-15 19:00:00,249.6700,26.1000
2017-08-15 20:00:00,246.6200,26.1000
2017-08-15 21:00:00,202.9700,25.6000
2017-08-15 22:00:00,151.3100,25.0000
2017-08-15 23:00:00,149.8700,23.9000
2017-08-16 00:00:00,146.8200,23.9000
2017-08-16 01:00:00,139.4900,23.9000
2017-08-16 02:00:00,141.5800,22.8000
2017-08-16 03:00:00,219.0000,22.8000
2017-08-16 04:00:00,219.3400,22.8000
2017-08-16 05:00:00,217.9200,22.8000
2017-08-16 06:00:00,210.5500,22.8000
2017-08-16 07:00:00,219.2400,23.9000
2017-08-16 08:00:00,233.3400,24.4000
2017-08-16 09:00:00,245.5700,25.6000
2017-08-16 10:00:00,1.7300,27.2000
2017-08-16 11:00:00,1.7900,29.4000
2017-08-16 12:00:00,1.8800,31.1000
2017-08-16 13:00:00,1.9700,31.7000
2017-08-16 14:00:00,1.9800,32.8000
2017-08-16 15:00:00,2.0000,32.8000
2017-08-16 16:00:00,1.8800,32.2000
2017-08-16 17:00:00,1.8500,31.1000
2017-08-16 18:00:00,1.7100,30.6000
2017-08-16 19:00:00,1.6400,30.0000
2017-08-16 20:00:00,1.6300,29.4000
2017-08-16 21:00:00,1.3100,27.8000
2017-08-16 22:00:00,0.9500,28.3000
2017-08-16 23:00:00,0.9500,27.2000
2017-08-17 00:00:00,0.9500,27.2000
2017-08-17 01:00:00,0.9500,26.7000
2017-08-17 02:00:00,0.9200,26.1000
2017-08-17 03:00:00,1.2600,25.6000
2017-08-17 04:00:00,1.4600,25.0000
2017-08-17 05:00:00,1.3600,25.0000
2017-08-17 06:00:00,1.3700,25.0000
2017-08-17 07:00:00,1.5100,25.6000
2017-08-17 08:00:00,1.7000,26.7000
2017-08-17 09:00:00,1.7800,27.2000
2017-08-17 10:00:00,1.8500,28.9000
2017-08-17 11:00:00,1.9100,29.4000
2017-08-17 12:00:00,1.9800,30.6000
2017-08-17 13:00:00,2.0200,30.6000
2017-08-17 14:00:00,1.9500,31.1000
2017-08-17 15:00:00,2.0400,28.3000
2017-08-17 16:00:00,1.9800,29.4000
2017-08-17 17:00:00,1.8800,30.6000
2017-08-17 18:00:00,1.8000,30.0000
2017-08-17 19:00:00,1.6700,28.9000
2017-08-17 20:00:00,1.6000,28.3000
2017-08-17 21:00:00,1.2600,27.8000
2017-08-17 22:00:00,0.8900,27.2000
2017-08-17 23:00:00,0.8800,26.7000
2017-08-18 00:00:00,0.8800,26.1000
2017-08-18 01:00:00,0.8800,26.7000
2017-08-18 02:00:00,0.8800,26.1000
2017-08-18 03:00:00,1.4900,26.1000
2017-08-18 04:00:00,1.5500,25.6000
2017-08-18 05:00:00,1.5400,25.6000
2017-08-18 06:00:00,1.4800,25.6000
2017-08-18 07:00:00,1.5800,25.6000
2017-08-18 08:00:00,1.8600,26.7000
2017-08-18 09:00:00,2.0000,27.2000
2017-08-18 10:00:00,2.0900,28.3000
2017-08-18 11:00:00,2.1400,29.4000
2017-08-18 12:00:00,2.1700,30.6000
2017-08-18 13:00:00,2.3400,31.7000
2017-08-18 14:00:00,2.2700,32.2000
2017-08-18 15:00:00,2.2900,32.2000
2017-08-18 16:00:00,2.1400,32.8000
2017-08-18 17:00:00,2.0200,28.3000
2017-08-18 18:00:00,1.7000,26.7000
2017-08-18 19:00:00,1.7100,26.7000
2017-08-18 20:00:00,1.7500,26.7000
2017-08-18 21:00:00,1.4100,26.1000
2017-08-18 22:00:00,1.0600,25.6000
2017-08-18 23:00:00,1.0500,25.6000
2017-08-19 00:00:00,1.0400,25.6000
2017-08-19 01:00:00,1.0500,25.6000
2017-08-19 02:00:00,1.0400,26.1000
2017-08-19 03:00:00,1.0400,26.7000
2017-08-19 04:00:00,1.0100,26.1000
2017-08-19 05:00:00,,26.1000
2017-08-19 06:00:00,0.9300,25.0000
2017-08-19 07:00:00,1.4600,26.1000
2017-08-19 08:00:00,1.5800,26.7000
2017-08-19 09:00:00,1.6700,27.8000
2017-08-19 10:00:00,1.8100,28.9000
2017-08-19 11:00:00,1.8300,30.0000
2017-08-19 12:00:00,1.8500,29.4000
2017-08-19 13:00:00,1.7500,30.6000
2017-08-19 14:00:00,1.8000,31.1000
2017-08-19 15:00:00,1.8300,31.7000
2017-08-19 16:00:00,1.8000,32.2000
2017-08-19 17:00:00,1.7400,31.7000
2017-08-19 18:00:00,1.7000,30.6000
2017-08-19 19:00:00,1.0200,28.9000
2017-08-19 20:00:00,0.9500,28.3000
2017-08-19 21:00:00,0.9500,27.8000
2017-08-19 22:00:00,0.8400,23.9000
2017-08-19 23:00:00,0.8000,23.3000
2017-08-20 00:00:00,0.8000,22.8000
2017-08-20 01:00:00,0.8300,23.3000
2017-08-20 02:00:00,0.7500,22.2000
2017-08-20 03:00:00,0.7700,22.8000
2017-08-20 04:00:00,0.7700,21.7000
2017-08-20 05:00:00,0.7500,21.7000
2017-08-20 06:00:00,0.7100,21.7000
2017-08-20 07:00:00,0.8500,22.8000
2017-08-20 08:00:00,1.1300,24.4000
2017-08-20 09:00:00,1.1900,26.1000
2017-08-20 10:00:00,1.4600,27.2000
2017-08-20 11:00:00,1.4800,28.3000
2017-08-20 12:00:00,1.4800,28.9000
2017-08-20 13:00:00,1.4800,30.0000
2017-08-20 14:00:00,1.4600,30.6000
2017-08-20 15:00:00,1.5500,30.6000
2017-08-20 16:00:00,1.5600,30.6000
2017-08-20 17:00:00,1.5800,30.0000
2017-08-20 18:00:00,1.5600,29.4000
2017-08-20 19:00:00,1.5400,
2017-08-20 20:00:00,1.4500,26.7000
2017-08-20 21:00:00,1.1600,25.6000
2017-08-20 22:00:00,0.9600,25.0000
2017-08-20 23:00:00,0.9400,25.0000
2017-08-21 00:00:00,0.9700,24.4000
2017-08-21 01:00:00,,24.4000
2017-08-21 02:00:00,0.9600,24.4000
2017-08-21 03:00:00,1.5000,24.4000
2017-08-21 04:00:00,1.5400,24.4000
2017-08-21 05:00:00,1.5300,24.4000
2017-08-21 06:00:00,1.5100,23.9000
2017-08-21 07:00:00,1.7500,25.0000
2017-08-21 08:00:00,2.0600,25.6000
2017-08-21 09:00:00,2.1900,26.7000
2017-08-21 10:00:00,370.3800,27.8000
2017-08-21 11:00:00,365.6300,29.4000
2017-08-21 12:00:00,371.7200,30.6000
2017-08-21 13:00:00,370.9400,31.7000
2017-08-21 14:00:00,350.3400,30.6000
2017-08-21 15:00:00,344.2300,31.1000
2017-08-21 16:00:00,336.0400,30.0000
2017-08-21 17:00:00,337.7000,28.3000
2017-08-21 18:00:00,330.0800,26.7000
2017-08-21 19:00:00,310.1100,26.1000
2017-08-21 20:00:00,296.9200,26.1000
2017-08-21 21:00:00,206.2800,25.6000
2017-08-21 22:00:00,176.9300,25.6000
2017-08-21 23:00:00,170.7600,25.0000
2017-08-22 00:00:00,173.7100,24.4000
2017-08-22 01:00:00,173.1800,24.4000
2017-08-22 02:00:00,170.1900,24.4000
2017-08-22 03:00:00,260.9800,23.9000
2017-08-22 04:00:00,276.8000,24.4000
2017-08-22 05:00:00,280.9400,24.4000
2017-08-22 06:00:00,271.7500,24.4000
2017-08-22 07:00:00,304.4200,25.0000
2017-08-22 08:00:00,341.3100,26.1000
2017-08-22 09:00:00,359.0700,27.8000
2017-08-22 10:00:00,373.5200,28.9000
2017-08-22 11:00:00,371.2800,29.4000
2017-08-22 12:00:00,364.0400,31.1000
2017-08-22 13:00:00,378.2600,32.2000
2017-08-22 14:00:00,377.9800,32.8000
2017-08-22 15:00:00,378.5500,33.3000
2017-08-22 16:00:00,357.0800,33.3000
2017-08-22 17:00:00,343.2300,32.8000
2017-08-22 18:00:00,327.6200,31.7000
2017-08-22 19:00:00,307.7800,30.6000
2017-08-22 20:00:00,297.9900,30.0000
2017-08-22 21:00:00,242.8000,29.4000
2017-08-22 22:00:00,180.4300,28.9000
2017-08-22 23:00:00,179.8900,28.3000
2017-08-23 00:00:00,179.5400,28.9000
2017-08-23 01:00:00,177.6600,26.7000
2017-08-23 02:00:00,174.0500,26.7000
2017-08-23 03:00:00,269.8400,26.1000
2017-08-23 04:00:00,279.2000,26.1000
2017-08-23 05:00:00,275.2500,26.1000
2017-08-23 06:00:00,263.3700,25.6000
2017-08-23 07:00:00,326.0500,25.6000
2017-08-23 08:00:00,359.3600,25.6000
2017-08-23 09:00:00,375.6900,25.6000
2017-08-23 10:00:00,386.1500,26.1000
2017-08-23 11:00:00,398.8700,26.7000
2017-08-23 12:00:00,373.0100,27.8000
2017-08-23 13:00:00,366.4500,28.3000
2017-08-23 14:00:00,360.3000,28.3000
2017-08-23 15:00:00,354.9200,29.4000
2017-08-23 16:00:00,335.0900,29.4000
2017-08-23 17:00:00,321.5100,28.9000
2017-08-23 18:00:00,313.1000,27.8000
2017-08-23 19:00:00,282.6900,26.7000
2017-08-23 20:00:00,280.0100,26.1000
2017-08-23 21:00:00,236.4200,25.6000
2017-08-23 22:00:00,187.2700,23.9000
2017-08-23 23:00:00,181.2500,25.0000
2017-08-24 00:00:00,175.6100,22.8000
2017-08-24 01:00:00,174.4600,22.2000
2017-08-24 02:00:00,168.2400,22.8000
2017-08-24 03:00:00,239.1300,22.2000
2017-08-24 04:00:00,233.3700,22.8000
2017-08-24 05:00:00,227.8600,22.8000
2017-08-24 06:00:00,222.9300,21.7000
2017-08-24 07:00:00,253.3200,22.8000
2017-08-24 08:00:00,285.9000,22.8000
2017-08-24 09:00:00,313.0700,23.3000
2017-08-24 10:00:00,324.4900,24.4000
2017-08-24 11:00:00,334.9700,25.6000
2017-08-24 12:00:00,342.0300,26.7000
2017-08-24 13:00:00,331.6600,27.2000
2017-08-24 14:00:00,326.9000,28.3000
2017-08-24 15:00:00,333.9800,28.9000
2017-08-24 16:00:00,308.0700,27.8000
2017-08-24 17:00:00,304.2900,27.2000
2017-08-24 18:00:00,288.1000,26.1000
2017-08-24 19:00:00,265.0800,25.6000
2017-08-24 20:00:00,249.8400,25.0000
2017-08-24 21:00:00,202.6000,23.9000
2017-08-24 22:00:00,165.9200,23.3000
2017-08-24 23:00:00,166.1800,23.3000
2017-08-25 00:00:00,163.5300,22.2000
2017-08-25 01:00:00,156.6200,21.7000
2017-08-25 02:00:00,155.2300,20.6000
2017-08-25 03:00:00,223.2100,19.4000
2017-08-25 04:00:00,222.5800,19.4000
2017-08-25 05:00:00,216.3600,18.9000
2017-08-25 06:00:00,213.8300,18.9000
2017-08-25 07:00:00,245.6700,20.0000
2017-08-25 08:00:00,283.2500,21.1000
2017-08-25 09:00:00,325.0400,22.2000
2017-08-25 10:00:00,324.7400,23.3000
2017-08-25 11:00:00,321.2000,24.4000
2017-08-25 12:00:00,314.4200,24.4000
2017-08-25 13:00:00,315.4100,25.6000
2017-08-25 14:00:00,321.5200,25.6000
2017-08-25 15:00:00,313.6200,26.7000
2017-08-25 16:00:00,300.9200,26.7000
2017-08-25 17:00:00,292.0400,25.6000
2017-08-25 18:00:00,278.6100,25.6000
2017-08-25 19:00:00,256.9100,25.0000
2017-08-25 20:00:00,239.4000,23.9000
2017-08-25 21:00:00,202.2400,23.3000
2017-08-25 22:00:00,165.9000,22.8000
2017-08-25 23:00:00,161.6100,22.2000
2017-08-26 00:00:00,157.4300,21.7000
2017-08-26 01:00:00,153.4600,20.6000
2017-08-26 02:00:00,152.7400,19.4000
2017-08-26 03:00:00,151.5700,19.4000
2017-08-26 04:00:00,150.1600,19.4000
2017-08-26 05:00:00,150.5200,19.4000
2017-08-26 06:00:00,146.8600,19.4000
2017-08-26 07:00:00,216.9500,19.4000
2017-08-26 08:00:00,207.1000,21.7000
2017-08-26 09:00:00,223.7100,22.8000
2017-08-26 10:00:00,235.1800,24.4000
2017-08-26 11:00:00,239.4400,26.1000
2017-08-26 12:00:00,246.1400,25.6000
2017-08-26 13:00:00,253.2300,26.7000
2017-08-26 14:00:00,252.2400,26.7000
2017-08-26 15:00:00,249.1200,26.1000
2017-08-26 16:00:00,249.9300,26.1000
2017-08-26 17:00:00,253.7000,25.6000
2017-08-26 18:00:00,245.8400,25.0000
2017-08-26 19:00:00,169.1200,23.9000
2017-08-26 20:00:00,153.0900,23.3000
2017-08-26 21:00:00,155.8100,22.8000
2017-08-26 22:00:00,153.9700,22.2000
2017-08-26 23:00:00,153.9300,21.7000
2017-08-27 00:00:00,152.7200,21.1000
2017-08-27 01:00:00,148.7600,20.6000
2017-08-27 02:00:00,149.8600,20.0000
2017-08-27 03:00:00,148.7800,19.4000
2017-08-27 04:00:00,146.3200,18.9000
2017-08-27 05:00:00,149.9600,18.9000
2017-08-27 06:00:00,147.4500,18.9000
2017-08-27 07:00:00,143.6400,19.4000
2017-08-27 08:00:00,147.7300,21.1000
2017-08-27 09:00:00,151.7000,22.8000
2017-08-27 10:00:00,215.3900,24.4000
2017-08-27 11:00:00,216.9900,24.4000
2017-08-27 12:00:00,219.3400,25.6000
2017-08-27 13:00:00,225.5400,26.1000
2017-08-27 14:00:00,229.1300,25.6000
2017-08-27 15:00:00,226.0300,25.0000
2017-08-27 16:00:00,224.2600,25.6000
2017-08-27 17:00:00,219.3800,25.0000
2017-08-27 18:00:00,209.8300,23.9000
2017-08-27 19:00:00,201.9900,22.8000
2017-08-27 20:00:00,202.3800,22.2000
2017-08-27 21:00:00,169.4800,21.7000
2017-08-27 22:00:00,140.0500,21.1000
2017-08-27 23:00:00,145.7300,20.6000
2017-08-28 00:00:00,148.2400,20.0000
2017-08-28 01:00:00,145.6600,19.4000
2017-08-28 02:00:00,146.5300,18.9000
2017-08-28 03:00:00,217.4100,19.4000
2017-08-28 04:00:00,204.2400,19.4000
2017-08-28 05:00:00,205.0300,18.3000
2017-08-28 06:00:00,205.1100,17.8000
2017-08-28 07:00:00,215.4700,18.3000
2017-08-28 08:00:00,254.1100,20.0000
2017-08-28 09:00:00,300.2600,21.7000
2017-08-28 10:00:00,328.5100,22.8000
2017-08-28 11:00:00,317.4200,23.3000
2017-08-28 12:00:00,301.0500,24.4000
2017-08-28 13:00:00,301.6100,24.4000
2017-08-28 14:00:00,304.3500,25.0000
2017-08-28 15:00:00,300.5600,25.6000
2017-08-28 16:00:00,286.9500,24.4000
2017-08-28 17:00:00,276.3900,23.9000
2017-08-28 18:00:00,264.8500,22.8000
2017-08-28 19:00:00,237.2600,22.2000
2017-08-28 20:00:00,229.2300,21.1000
2017-08-28 21:00:00,169.0700,21.1000
2017-08-28 22:00:00,157.5100,20.6000
2017-08-28 23:00:00,154.5000,20.6000
2017-08-29 00:00:00,155.1100,20.6000
2017-08-29 01:00:00,158.2100,20.0000
2017-08-29 02:00:00,157.1200,20.0000
2017-08-29 03:00:00,223.4800,19.4000
2017-08-29 04:00:00,220.0800,18.3000
2017-08-29 05:00:00,221.5800,18.3000
2017-08-29 06:00:00,218.1100,18.3000
2017-08-29 07:00:00,255.4700,18.3000
2017-08-29 08:00:00,284.6400,18.9000
2017-08-29 09:00:00,302.5700,19.4000
2017-08-29 10:00:00,320.3700,20.0000
2017-08-29 11:00:00,318.2200,20.0000
2017-08-29 12:00:00,312.2700,20.0000
2017-08-29 13:00:00,315.9000,20.0000
2017-08-29 14:00:00,316.7600,20.0000
2017-08-29 15:00:00,312.1500,20.0000
2017-08-29 16:00:00,306.5100,20.0000
2017-08-29 17:00:00,288.2200,20.0000
2017-08-29 18:00:00,268.3000,20.0000
2017-08-29 19:00:00,251.0800,19.4000
2017-08-29 20:00:00,241.2100,19.4000
2017-08-29 21:00:00,194.9800,19.4000
2017-08-29 22:00:00,159.8400,18.9000
2017-08-29 23:00:00,156.9800,18.3000
2017-08-30 00:00:00,155.5100,18.3000
2017-08-30 01:00:00,155.9100,17.8000
2017-08-30 02:00:00,154.0700,17.8000
2017-08-30 03:00:00,221.6100,17.8000
2017-08-30 04:00:00,223.2600,17.2000
2017-08-30 05:00:00,218.2900,16.7000
2017-08-30 06:00:00,214.4300,16.7000
2017-08-30 07:00:00,244.3200,17.2000
2017-08-30 08:00:00,270.3400,19.4000
2017-08-30 09:00:00,290.4900,20.6000
2017-08-30 10:00:00,294.5900,22.2000
2017-08-30 11:00:00,306.1700,22.8000
2017-08-30 12:00:00,295.3400,23.9000
2017-08-30 13:00:00,299.5900,24.4000
2017-08-30 14:00:00,310.1400,25.0000
2017-08-30 15:00:00,303.0300,25.0000
2017-08-30 16:00:00,284.8800,25.6000
2017-08-30 17:00:00,280.8100,25.6000
2017-08-30 18:00:00,278.3300,24.4000
2017-08-30 19:00:00,260.5500,23.9000
2017-08-30 20:00:00,245.5200,22.2000
2017-08-30 21:00:00,207.9400,21.7000
2017-08-30 22:00:00,169.3500,21.7000
2017-08-30 23:00:00,165.0700,21.1000
2017-08-31 00:00:00,166.4200,21.7000
2017-08-31 01:00:00,159.6800,21.1000
2017-08-31 02:00:00,156.6900,20.6000
2017-08-31 03:00:00,218.0900,20.6000
2017-08-31 04:00:00,224.3200,20.0000
2017-08-31 05:00:00,226.5400,20.0000
2017-08-31 06:00:00,223.7300,20.0000
2017-08-31 07:00:00,256.1000,21.1000
2017-08-31 08:00:00,297.7400,22.2000
2017-08-31 09:00:00,342.2500,24.4000
2017-08-31 10:00:00,331.6100,26.1000
2017-08-31 11:00:00,339.5400,27.2000
2017-08-31 12:00:00,348.6600,27.8000
2017-08-31 13:00:00,349.8400,28.9000
2017-08-31 14:00:00,348.9800,29.4000
2017-08-31 15:00:00,339.0300,28.3000
2017-08-31 16:00:00,323.4900,28.3000
2017-08-31 17:00:00,310.9600,27.8000
2017-08-31 18:00:00,315.3600,27.8000
2017-08-31 19:00:00,288.9100,26.7000
2017-08-31 20:00:00,270.2700,26.7000
2017-08-31 21:00:00,234.1600,25.6000
2017-08-31 22:00:00,183.0200,24.4000
2017-08-31 23:00:00,168.6000,23.3000
2017-09-01 00:00:00,167.6200,22.8000
2017-09-01 01:00:00,163.9200,22.2000
2017-09-01 02:00:00,161.5900,21.7000
2017-09-01 03:00:00,200.6800,20.6000
2017-09-01 04:00:00,200.1400,19.4000
2017-09-01 05:00:00,193.4800,18.9000
2017-09-01 06:00:00,184.4900,17.8000
2017-09-01 07:00:00,201.5500,17.2000
2017-09-01 08:00:00,246.2800,17.2000
2017-09-01 09:00:00,249.0000,17.8000
2017-09-01 10:00:00,239.2900,17.8000
2017-09-01 11:00:00,236.6800,17.8000
2017-09-01 12:00:00,230.0000,17.8000
2017-09-01 13:00:00,237.9000,18.3000
2017-09-01 14:00:00,236.8900,18.9000
2017-09-01 15:00:00,240.7400,18.9000
2017-09-01 16:00:00,220.0500,18.9000
2017-09-01 17:00:00,206.4700,19.4000
2017-09-01 18:00:00,198.0300,18.3000
2017-09-01 19:00:00,183.6100,17.8000
2017-09-01 20:00:00,186.8100,17.8000
2017-09-01 21:00:00,161.2300,17.8000
2017-09-01 22:00:00,127.5100,17.8000
2017-09-01 23:00:00,127.8200,17.2000
2017-09-02 00:00:00,129.9500,17.8000
2017-09-02 01:00:00,124.8600,17.2000
2017-09-02 02:00:00,130.3000,17.2000
2017-09-02 03:00:00,127.8000,16.7000
2017-09-02 04:00:00,131.3600,16.7000
2017-09-02 05:00:00,132.4500,15.0000
2017-09-02 06:00:00,132.5600,13.9000
2017-09-02 07:00:00,161.3300,14.4000
2017-09-02 08:00:00,184.4000,15.0000
2017-09-02 09:00:00,180.6700,15.6000
2017-09-02 10:00:00,191.6300,15.6000
2017-09-02 11:00:00,195.1700,16.1000
2017-09-02 12:00:00,202.6300,16.7000
2017-09-02 13:00:00,200.3200,17.2000
2017-09-02 14:00:00,203.7500,16.7000
2017-09-02 15:00:00,201.2200,17.2000
2017-09-02 16:00:00,201.5700,17.2000
2017-09-02 17:00:00,199.9100,17.8000
2017-09-02 18:00:00,199.8300,17.8000
2017-09-02 19:00:00,145.1800,17.8000
2017-09-02 20:00:00,139.5900,17.8000
2017-09-02 21:00:00,142.1000,17.2000
2017-09-02 22:00:00,137.3600,17.2000
2017-09-02 23:00:00,142.3500,17.8000
2017-09-03 00:00:00,155.2500,17.8000
2017-09-03 01:00:00,138.4100,17.2000
2017-09-03 02:00:00,134.9900,17.2000
2017-09-03 03:00:00,137.6100,17.2000
2017-09-03 04:00:00,137.5100,17.2000
2017-09-03 05:00:00,135.6900,17.2000
2017-09-03 06:00:00,133.7400,17.2000
2017-09-03 07:00:00,132.5300,17.2000
2017-09-03 08:00:00,129.9300,18.3000
2017-09-03 09:00:00,140.4100,18.9000
2017-09-03 10:00:00,200.0700,21.1000
2017-09-03 11:00:00,215.8900,22.8000
2017-09-03 12:00:00,216.1200,23.3000
2017-09-03 13:00:00,222.1100,24.4000
2017-09-03 14:00:00,225.7300,26.1000
2017-09-03 15:00:00,229.1700,26.1000
2017-09-03 16:00:00,227.1200,25.6000
2017-09-03 17:00:00,231.9100,26.1000
2017-09-03 18:00:00,222.3900,25.6000
2017-09-03 19:00:00,209.9700,24.4000
2017-09-03 20:00:00,207.1200,21.7000
2017-09-03 21:00:00,185.6700,21.1000
2017-09-03 22:00:00,156.5200,19.4000
2017-09-03 23:00:00,147.0600,19.4000
2017-09-04 00:00:00,145.4200,18.9000
2017-09-04 01:00:00,147.9900,17.8000
2017-09-04 02:00:00,145.0700,18.9000
2017-09-04 03:00:00,203.7900,17.2000
2017-09-04 04:00:00,207.6300,16.7000
2017-09-04 05:00:00,200.2000,16.7000
2017-09-04 06:00:00,197.1000,17.2000
2017-09-04 07:00:00,198.9600,18.3000
2017-09-04 08:00:00,215.0100,20.0000
2017-09-04 09:00:00,235.4000,21.1000
2017-09-04 10:00:00,240.4200,23.3000
2017-09-04 11:00:00,243.1300,25.6000
2017-09-04 12:00:00,248.1600,27.2000
2017-09-04 13:00:00,244.9600,27.2000
2017-09-04 14:00:00,255.6900,27.8000
2017-09-04 15:00:00,256.8500,27.8000
2017-09-04 16:00:00,264.1200,27.8000
2017-09-04 17:00:00,260.3000,27.2000
2017-09-04 18:00:00,260.1700,26.1000
2017-09-04 19:00:00,255.4000,25.0000
2017-09-04 20:00:00,254.7400,24.4000
2017-09-04 21:00:00,197.6600,24.4000
2017-09-04 22:00:00,181.1100,24.4000
2017-09-04 23:00:00,179.0500,23.3000
2017-09-05 00:00:00,169.6900,22.8000
2017-09-05 01:00:00,168.5800,22.8000
2017-09-05 02:00:00,164.7300,22.2000
2017-09-05 03:00:00,206.8000,22.2000
2017-09-05 04:00:00,217.8000,21.7000
2017-09-05 05:00:00,238.6400,21.1000
2017-09-05 06:00:00,235.9400,21.1000
2017-09-05 07:00:00,259.5600,21.7000
2017-09-05 08:00:00,290.5900,22.2000
2017-09-05 09:00:00,317.0400,24.4000
2017-09-05 10:00:00,338.7400,25.6000
2017-09-05 11:00:00,344.3200,26.7000
2017-09-05 12:00:00,353.6100,27.8000
2017-09-05 13:00:00,345.3800,28.9000
2017-09-05 14:00:00,336.3100,30.0000
2017-09-05 15:00:00,339.2600,30.0000
2017-09-05 16:00:00,322.0200,30.0000
2017-09-05 17:00:00,299.7300,27.2000
2017-09-05 18:00:00,267.5900,22.8000
2017-09-05 19:00:00,253.2000,21.1000
2017-09-05 20:00:00,243.7800,21.7000
2017-09-05 21:00:00,212.8900,21.1000
2017-09-05 22:00:00,171.6800,21.1000
2017-09-05 23:00:00,169.3800,21.7000
2017-09-06 00:00:00,168.6800,21.7000
2017-09-06 01:00:00,169.4300,21.1000
2017-09-06 02:00:00,168.1200,21.1000
2017-09-06 03:00:00,237.0100,21.1000
2017-09-06 04:00:00,239.2100,21.1000
2017-09-06 05:00:00,240.6100,21.1000
2017-09-06 06:00:00,238.2400,20.6000
2017-09-06 07:00:00,267.1800,19.4000
2017-09-06 08:00:00,312.4500,19.4000
2017-09-06 09:00:00,308.7700,19.4000
2017-09-06 10:00:00,307.1900,18.9000
2017-09-06 11:00:00,293.3400,18.3000
2017-09-06 12:00:00,284.6200,18.3000
2017-09-06 13:00:00,276.4000,18.3000
2017-09-06 14:00:00,278.2800,18.3000
2017-09-06 15:00:00,280.9800,18.3000
2017-09-06 16:00:00,258.9000,17.8000
2017-09-06 17:00:00,245.0200,17.8000
2017-09-06 18:00:00,229.5300,17.2000
2017-09-06 19:00:00,219.2700,17.2000
2017-09-06 20:00:00,209.8700,17.2000
2017-09-06 21:00:00,174.8400,16.7000
2017-09-06 22:00:00,150.0400,16.7000
2017-09-06 23:00:00,141.5300,16.7000
2017-09-07 00:00:00,138.8900,16.1000
2017-09-07 01:00:00,143.0200,15.6000
2017-09-07 02:00:00,141.1900,15.6000
2017-09-07 03:00:00,201.5700,15.6000
2017-09-07 04:00:00,208.9400,16.1000
2017-09-07 05:00:00,207.7300,15.6000
2017-09-07 06:00:00,200.7400,15.0000
2017-09-07 07:00:00,234.8200,15.6000
2017-09-07 08:00:00,260.0900,17.2000
2017-09-07 09:00:00,285.8300,19.4000
2017-09-07 10:00:00,293.5300,20.6000
2017-09-07 11:00:00,273.5700,21.1000
2017-09-07 12:00:00,264.4900,21.7000
2017-09-07 13:00:00,263.5700,22.8000
2017-09-07 14:00:00,262.4100,23.3000
2017-09-07 15:00:00,261.9500,23.3000
2017-09-07 16:00:00,249.3300,23.3000
2017-09-07 17:00:00,247.9200,22.8000
2017-09-07 18:00:00,234.8500,22.8000
2017-09-07 19:00:00,202.5000,20.6000
2017-09-07 20:00:00,197.5300,20.0000
2017-09-07 21:00:00,168.4400,18.9000
2017-09-07 22:00:00,138.5400,18.9000
2017-09-07 23:00:00,135.0700,17.8000
2017-09-08 00:00:00,134.6300,16.1000
2017-09-08 01:00:00,133.2900,15.0000
2017-09-08 02:00:00,134.2200,14.4000
2017-09-08 03:00:00,193.8500,14.4000
2017-09-08 04:00:00,192.3000,13.3000
2017-09-08 05:00:00,181.4400,13.9000
2017-09-08 06:00:00,176.3600,13.3000
2017-09-08 07:00:00,199.2300,15.0000
2017-09-08 08:00:00,235.9000,17.2000
2017-09-08 09:00:00,258.1600,20.0000
2017-09-08 10:00:00,273.9800,21.7000
2017-09-08 11:00:00,275.8800,22.8000
2017-09-08 12:00:00,262.7700,23.9000
2017-09-08 13:00:00,266.6000,24.4000
2017-09-08 14:00:00,264.7300,24.4000
2017-09-08 15:00:00,264.7300,23.3000
2017-09-08 16:00:00,249.9600,23.3000
2017-09-08 17:00:00,236.6200,23.9000
2017-09-08 18:00:00,221.8600,22.2000
2017-09-08 19:00:00,213.2800,22.2000
2017-09-08 20:00:00,199.0400,21.1000
2017-09-08 21:00:00,170.3500,20.0000
2017-09-08 22:00:00,133.7700,18.9000
2017-09-08 23:00:00,132.3700,17.8000
2017-09-09 00:00:00,130.0800,16.7000
2017-09-09 01:00:00,133.1400,16.1000
2017-09-09 02:00:00,126.4500,15.6000
2017-09-09 03:00:00,118.7400,15.6000
2017-09-09 04:00:00,119.6900,15.0000
2017-09-09 05:00:00,126.0200,15.0000
2017-09-09 06:00:00,116.9400,13.9000
2017-09-09 07:00:00,170.9200,15.6000
2017-09-09 08:00:00,186.9700,16.7000
2017-09-09 09:00:00,185.5800,18.3000
2017-09-09 10:00:00,187.7600,19.4000
2017-09-09 11:00:00,190.8200,20.6000
2017-09-09 12:00:00,192.3800,21.7000
2017-09-09 13:00:00,189.1000,20.6000
2017-09-09 14:00:00,197.3200,21.1000
2017-09-09 15:00:00,197.4200,21.7000
2017-09-09 16:00:00,193.8600,22.2000
2017-09-09 17:00:00,190.4300,21.7000
2017-09-09 18:00:00,185.7700,20.0000
2017-09-09 19:00:00,134.9900,19.4000
2017-09-09 20:00:00,129.6500,18.3000
2017-09-09 21:00:00,129.6600,17.8000
2017-09-09 22:00:00,124.0600,17.2000
2017-09-09 23:00:00,122.4300,16.1000
2017-09-10 00:00:00,124.3500,15.6000
2017-09-10 01:00:00,117.0400,15.0000
2017-09-10 02:00:00,117.2000,14.4000
2017-09-10 03:00:00,115.6200,13.3000
2017-09-10 04:00:00,105.3400,12.8000
2017-09-10 05:00:00,99.6400,11.7000
2017-09-10 06:00:00,95.3900,12.2000
2017-09-10 07:00:00,104.6500,13.9000
2017-09-10 08:00:00,121.3500,15.6000
2017-09-10 09:00:00,127.1600,17.8000
2017-09-10 10:00:00,185.9200,19.4000
2017-09-10 11:00:00,187.3000,20.6000
2017-09-10 12:00:00,185.3900,21.7000
2017-09-10 13:00:00,187.3100,22.2000
2017-09-10 14:00:00,185.7200,23.3000
2017-09-10 15:00:00,187.9600,22.8000
2017-09-10 16:00:00,185.0000,22.8000
2017-09-10 17:00:00,180.4000,21.7000
2017-09-10 18:00:00,182.7100,21.1000
2017-09-10 19:00:00,180.8100,20.6000
2017-09-10 20:00:00,180.8900,19.4000
2017-09-10 21:00:00,160.2200,18.3000
2017-09-10 22:00:00,130.8400,17.2000
2017-09-10 23:00:00,123.1700,16.1000
2017-09-11 00:00:00,124.5800,16.1000
2017-09-11 01:00:00,125.2100,14.4000
2017-09-11 02:00:00,127.0800,15.0000
2017-09-11 03:00:00,193.0200,14.4000
2017-09-11 04:00:00,188.3800,14.4000
2017-09-11 05:00:00,184.0400,14.4000
2017-09-11 06:00:00,175.8500,14.4000
2017-09-11 07:00:00,204.5500,15.0000
2017-09-11 08:00:00,235.6800,16.7000
2017-09-11 09:00:00,254.5100,18.3000
2017-09-11 10:00:00,281.1200,20.6000
2017-09-11 11:00:00,286.4900,22.8000
2017-09-11 12:00:00,268.6500,23.3000
2017-09-11 13:00:00,261.9900,22.8000
2017-09-11 14:00:00,268.9100,23.3000
2017-09-11 15:00:00,255.4500,22.8000
2017-09-11 16:00:00,236.8000,22.2000
2017-09-11 17:00:00,230.5400,21.7000
2017-09-11 18:00:00,217.2500,21.1000
2017-09-11 19:00:00,206.4000,20.6000
2017-09-11 20:00:00,199.9900,20.6000
2017-09-11 21:00:00,148.6700,20.0000
2017-09-11 22:00:00,136.0100,19.4000
2017-09-11 23:00:00,133.0000,18.9000
2017-09-12 00:00:00,126.2700,18.3000
2017-09-12 01:00:00,129.4500,17.8000
2017-09-12 02:00:00,130.5300,17.8000
2017-09-12 03:00:00,186.3500,17.8000
2017-09-12 04:00:00,193.1000,17.2000
2017-09-12 05:00:00,194.3300,17.8000
2017-09-12 06:00:00,196.9800,17.8000
2017-09-12 07:00:00,221.3600,17.8000
2017-09-12 08:00:00,251.7700,18.9000
2017-09-12 09:00:00,257.6700,20.0000
2017-09-12 10:00:00,273.1200,21.7000
2017-09-12 11:00:00,273.0800,22.8000
2017-09-12 12:00:00,267.6800,24.4000
2017-09-12 13:00:00,266.4100,25.0000
2017-09-12 14:00:00,281.2000,25.6000
2017-09-12 15:00:00,279.9100,25.6000
2017-09-12 16:00:00,264.7600,25.6000
2017-09-12 17:00:00,261.6400,24.4000
2017-09-12 18:00:00,244.7200,22.8000
2017-09-12 19:00:00,216.5100,22.2000
2017-09-12 20:00:00,203.3800,21.7000
2017-09-12 21:00:00,174.2900,21.7000
2017-09-12 22:00:00,140.3600,21.7000
2017-09-12 23:00:00,133.1300,21.1000
2017-09-13 00:00:00,144.9700,20.6000
2017-09-13 01:00:00,141.3500,20.6000
2017-09-13 02:00:00,145.4900,20.6000
2017-09-13 03:00:00,211.9700,20.6000
2017-09-13 04:00:00,216.6600,20.0000
2017-09-13 05:00:00,216.4700,20.0000
2017-09-13 06:00:00,220.8000,19.4000
2017-09-13 07:00:00,247.1200,20.0000
2017-09-13 08:00:00,296.2200,20.0000
2017-09-13 09:00:00,302.2500,20.6000
2017-09-13 10:00:00,307.5200,21.1000
2017-09-13 11:00:00,297.8500,22.2000
2017-09-13 12:00:00,296.7200,23.3000
2017-09-13 13:00:00,302.5800,23.3000
2017-09-13 14:00:00,300.8200,25.0000
2017-09-13 15:00:00,302.1000,25.0000
2017-09-13 16:00:00,298.4000,26.1000
2017-09-13 17:00:00,289.2400,26.7000
2017-09-13 18:00:00,277.2400,25.0000
2017-09-13 19:00:00,260.6300,26.1000
2017-09-13 20:00:00,246.2000,23.3000
2017-09-13 21:00:00,210.3700,22.2000
2017-09-13 22:00:00,174.2800,22.2000
2017-09-13 23:00:00,164.8800,21.7000
2017-09-14 00:00:00,162.0100,21.1000
2017-09-14 01:00:00,160.2900,20.6000
2017-09-14 02:00:00,159.3000,21.1000
2017-09-14 03:00:00,230.6000,21.1000
2017-09-14 04:00:00,239.2400,21.1000
2017-09-14 05:00:00,236.9700,21.1000
2017-09-14 06:00:00,233.6000,21.1000
2017-09-14 07:00:00,258.6700,21.7000
2017-09-14 08:00:00,288.5000,21.7000
2017-09-14 09:00:00,311.7700,23.3000
2017-09-14 10:00:00,321.2000,24.4000
2017-09-14 11:00:00,317.0900,24.4000
2017-09-14 12:00:00,317.9000,26.7000
2017-09-14 13:00:00,316.9600,26.7000
2017-09-14 14:00:00,323.1200,27.8000
2017-09-14 15:00:00,312.9800,26.7000
2017-09-14 16:00:00,293.9700,26.1000
2017-09-14 17:00:00,276.3000,26.1000
2017-09-14 18:00:00,271.0000,26.1000
2017-09-14 19:00:00,257.1200,24.4000
2017-09-14 20:00:00,240.0900,25.0000
2017-09-14 21:00:00,208.4500,24.4000
2017-09-14 22:00:00,167.6900,22.2000
2017-09-14 23:00:00,159.8900,22.2000
2017-09-15 00:00:00,158.0800,22.2000
2017-09-15 01:00:00,155.9300,21.7000
2017-09-15 02:00:00,154.4200,20.6000
2017-09-15 03:00:00,227.6700,20.6000
2017-09-15 04:00:00,227.0800,20.0000
2017-09-15 05:00:00,224.9100,19.4000
2017-09-15 06:00:00,214.1500,19.4000
2017-09-15 07:00:00,236.4400,20.6000
2017-09-15 08:00:00,274.1900,22.2000
2017-09-15 09:00:00,314.5200,23.9000
2017-09-15 10:00:00,332.5300,26.1000
2017-09-15 11:00:00,324.2700,26.1000
2017-09-15 12:00:00,318.5000,26.7000
2017-09-15 13:00:00,314.5600,28.3000
2017-09-15 14:00:00,317.6000,27.8000
2017-09-15 15:00:00,310.7400,27.2000
2017-09-15 16:00:00,295.5900,26.7000
2017-09-15 17:00:00,283.8600,26.7000
2017-09-15 18:00:00,268.3000,26.7000
2017-09-15 19:00:00,247.5200,25.6000
2017-09-15 20:00:00,240.0400,24.4000
2017-09-15 21:00:00,207.8100,23.3000
2017-09-15 22:00:00,163.6600,23.3000
2017-09-15 23:00:00,159.0300,22.2000
2017-09-16 00:00:00,157.5400,21.7000
2017-09-16 01:00:00,157.7900,21.7000
2017-09-16 02:00:00,151.3600,21.1000
2017-09-16 03:00:00,149.1400,20.6000
2017-09-16 04:00:00,147.3900,20.6000
2017-09-16 05:00:00,148.2400,20.0000
2017-09-16 06:00:00,147.2700,19.4000
2017-09-16 07:00:00,209.0000,21.1000
2017-09-16 08:00:00,231.0500,22.8000
2017-09-16 09:00:00,238.1900,25.0000
2017-09-16 10:00:00,249.7700,27.2000
2017-09-16 11:00:00,262.6500,28.3000
2017-09-16 12:00:00,256.6600,30.0000
2017-09-16 13:00:00,252.9200,28.3000
2017-09-16 14:00:00,258.4500,26.7000
2017-09-16 15:00:00,251.0700,27.2000
2017-09-16 16:00:00,250.7400,27.2000
2017-09-16 17:00:00,249.0300,27.2000
2017-09-16 18:00:00,246.1200,26.1000
2017-09-16 19:00:00,177.2700,25.6000
2017-09-16 20:00:00,174.6200,25.0000
2017-09-16 21:00:00,168.3800,24.4000
2017-09-16 22:00:00,161.6400,23.9000
2017-09-16 23:00:00,162.1700,22.8000
2017-09-17 00:00:00,153.3900,22.2000
2017-09-17 01:00:00,154.9500,22.2000
2017-09-17 02:00:00,153.3600,21.7000
2017-09-17 03:00:00,155.3600,21.7000
2017-09-17 04:00:00,151.8400,20.6000
2017-09-17 05:00:00,152.6900,20.6000
2017-09-17 06:00:00,149.2300,20.6000
2017-09-17 07:00:00,146.3200,21.1000
2017-09-17 08:00:00,148.5500,22.8000
2017-09-17 09:00:00,153.4900,23.3000
2017-09-17 10:00:00,218.4300,25.6000
2017-09-17 11:00:00,221.7600,26.1000
2017-09-17 12:00:00,232.2000,27.2000
2017-09-17 13:00:00,236.5300,27.8000
2017-09-17 14:00:00,244.2500,28.9000
2017-09-17 15:00:00,244.0200,28.9000
2017-09-17 16:00:00,244.4500,26.7000
2017-09-17 17:00:00,240.7000,26.1000
2017-09-17 18:00:00,238.2600,25.6000
2017-09-17 19:00:00,232.2800,25.0000
2017-09-17 20:00:00,226.3000,24.4000
2017-09-17 21:00:00,195.3500,23.3000
2017-09-17 22:00:00,158.7800,23.3000
2017-09-17 23:00:00,156.0800,22.8000
2017-09-18 00:00:00,155.1500,22.2000
2017-09-18 01:00:00,155.0700,22.2000
2017-09-18 02:00:00,153.2100,21.7000
2017-09-18 03:00:00,231.1200,21.7000
2017-09-18 04:00:00,231.7200,21.7000
2017-09-18 05:00:00,227.9200,21.7000
2017-09-18 06:00:00,227.5100,21.7000
2017-09-18 07:00:00,274.9800,22.2000
2017-09-18 08:00:00,298.5400,22.8000
2017-09-18 09:00:00,327.0500,23.3000
2017-09-18 10:00:00,330.8200,23.3000
2017-09-18 11:00:00,319.2600,23.9000
2017-09-18 12:00:00,331.7300,24.4000
2017-09-18 13:00:00,317.3700,23.9000
2017-09-18 14:00:00,318.9200,23.9000
2017-09-18 15:00:00,305.2700,23.9000
2017-09-18 16:00:00,293.1800,24.4000
2017-09-18 17:00:00,276.6900,25.0000
2017-09-18 18:00:00,262.6400,23.3000
2017-09-18 19:00:00,237.8900,22.8000
2017-09-18 20:00:00,225.8700,22.2000
2017-09-18 21:00:00,173.6800,22.2000
2017-09-18 22:00:00,154.5800,21.7000
2017-09-18 23:00:00,148.2400,21.7000
2017-09-19 00:00:00,147.5000,21.1000
2017-09-19 01:00:00,143.6300,21.1000
2017-09-19 02:00:00,142.6800,21.1000
2017-09-19 03:00:00,214.8100,21.7000
2017-09-19 04:00:00,220.0600,21.1000
2017-09-19 05:00:00,219.4700,20.6000
2017-09-19 06:00:00,218.2800,20.6000
2017-09-19 07:00:00,241.4800,21.1000
2017-09-19 08:00:00,278.8300,22.2000
2017-09-19 09:00:00,298.1200,23.3000
2017-09-19 10:00:00,319.1700,25.0000
2017-09-19 11:00:00,308.3800,25.0000
2017-09-19 12:00:00,305.5800,26.7000
2017-09-19 13:00:00,309.7200,27.8000
2017-09-19 14:00:00,309.8200,28.3000
2017-09-19 15:00:00,312.8700,27.8000
2017-09-19 16:00:00,302.4600,28.3000
2017-09-19 17:00:00,286.1200,27.8000
2017-09-19 18:00:00,266.3200,26.7000
2017-09-19 19:00:00,250.8200,25.6000
2017-09-19 20:00:00,241.9200,25.0000
2017-09-19 21:00:00,205.3500,23.3000
2017-09-19 22:00:00,160.3500,23.9000
2017-09-19 23:00:00,156.8900,22.8000
2017-09-20 00:00:00,151.4000,22.2000
2017-09-20 01:00:00,149.6100,21.7000
2017-09-20 02:00:00,149.3700,22.8000
2017-09-20 03:00:00,213.4800,21.7000
2017-09-20 04:00:00,225.6700,21.7000
2017-09-20 05:00:00,220.0300,22.2000
2017-09-20 06:00:00,216.0900,21.7000
2017-09-20 07:00:00,250.2700,21.7000
2017-09-20 08:00:00,289.2200,22.8000
2017-09-20 09:00:00,320.3500,23.9000
2017-09-20 10:00:00,314.4000,25.0000
2017-09-20 11:00:00,327.5800,27.2000
2017-09-20 12:00:00,307.2900,29.4000
2017-09-20 13:00:00,304.1100,30.0000
2017-09-20 14:00:00,311.5100,30.6000
2017-09-20 15:00:00,311.3000,30.6000
2017-09-20 16:00:00,305.6500,30.6000
2017-09-20 17:00:00,292.8000,29.4000
2017-09-20 18:00:00,276.2000,28.9000
2017-09-20 19:00:00,253.8500,26.7000
2017-09-20 20:00:00,243.8800,25.6000
2017-09-20 21:00:00,203.5400,23.9000
2017-09-20 22:00:00,162.3500,23.9000
2017-09-20 23:00:00,154.8400,23.3000
2017-09-21 00:00:00,149.7600,22.8000
2017-09-21 01:00:00,150.1700,22.8000
2017-09-21 02:00:00,144.2600,22.2000
2017-09-21 03:00:00,204.4400,20.6000
2017-09-21 04:00:00,209.8600,20.6000
2017-09-21 05:00:00,211.6100,20.0000
2017-09-21 06:00:00,210.7600,20.0000
2017-09-21 07:00:00,237.6500,21.7000
2017-09-21 08:00:00,265.6500,23.3000
2017-09-21 09:00:00,303.8900,25.6000
2017-09-21 10:00:00,323.3900,27.8000
2017-09-21 11:00:00,307.0700,28.9000
2017-09-21 12:00:00,303.5300,30.0000
2017-09-21 13:00:00,305.5000,30.0000
2017-09-21 14:00:00,305.0900,30.6000
2017-09-21 15:00:00,307.6000,30.0000
2017-09-21 16:00:00,295.6300,29.4000
2017-09-21 17:00:00,272.2400,29.4000
2017-09-21 18:00:00,259.9000,27.8000
2017-09-21 19:00:00,247.6800,27.2000
2017-09-21 20:00:00,244.3200,26.7000
2017-09-21 21:00:00,203.1300,25.0000
2017-09-21 22:00:00,161.9100,24.4000
2017-09-21 23:00:00,156.3000,24.4000
2017-09-22 00:00:00,155.6200,23.3000
2017-09-22 01:00:00,152.1900,23.3000
2017-09-22 02:00:00,149.8200,22.8000
2017-09-22 03:00:00,226.7400,22.2000
2017-09-22 04:00:00,224.2200,22.2000
2017-09-22 05:00:00,220.0200,21.1000
2017-09-22 06:00:00,218.7300,21.7000
2017-09-22 07:00:00,228.0600,22.2000
2017-09-22 08:00:00,240.1900,22.8000
2017-09-22 09:00:00,246.8300,23.9000
2017-09-22 10:00:00,252.6900,26.7000
2017-09-22 11:00:00,266.1500,26.7000
2017-09-22 12:00:00,271.0700,26.7000
2017-09-22 13:00:00,278.4500,28.3000
2017-09-22 14:00:00,279.9000,28.3000
2017-09-22 15:00:00,275.0700,27.8000
2017-09-22 16:00:00,270.6900,27.8000
2017-09-22 17:00:00,260.3200,27.2000
2017-09-22 18:00:00,242.9400,26.1000
2017-09-22 19:00:00,241.2800,26.7000
2017-09-22 20:00:00,235.6500,23.9000
2017-09-22 21:00:00,205.3000,24.4000
2017-09-22 22:00:00,161.4600,23.3000
2017-09-22 23:00:00,157.7700,22.8000
2017-09-23 00:00:00,148.6000,21.1000
2017-09-23 01:00:00,144.3800,20.6000
2017-09-23 02:00:00,141.4700,20.0000
2017-09-23 03:00:00,140.8400,19.4000
2017-09-23 04:00:00,140.0600,18.9000
2017-09-23 05:00:00,134.3500,18.3000
2017-09-23 06:00:00,134.9900,18.9000
2017-09-23 07:00:00,187.0700,20.0000
2017-09-23 08:00:00,205.0800,22.2000
2017-09-23 09:00:00,213.0400,24.4000
2017-09-23 10:00:00,216.3500,27.2000
2017-09-23 11:00:00,226.7500,28.3000
2017-09-23 12:00:00,229.8300,29.4000
2017-09-23 13:00:00,237.7300,29.4000
2017-09-23 14:00:00,240.0400,31.1000
2017-09-23 15:00:00,244.5800,31.1000
2017-09-23 16:00:00,246.5900,31.1000
2017-09-23 17:00:00,248.5800,30.6000
2017-09-23 18:00:00,238.1500,28.3000
2017-09-23 19:00:00,162.4300,27.2000
2017-09-23 20:00:00,153.3800,25.0000
2017-09-23 21:00:00,150.4800,23.3000
2017-09-23 22:00:00,147.1400,23.3000
2017-09-23 23:00:00,141.7800,22.8000
2017-09-24 00:00:00,141.2700,21.7000
2017-09-24 01:00:00,140.5100,21.1000
2017-09-24 02:00:00,139.2100,21.1000
2017-09-24 03:00:00,138.1800,20.6000
2017-09-24 04:00:00,135.2500,20.0000
2017-09-24 05:00:00,133.9300,19.4000
2017-09-24 06:00:00,134.4300,19.4000
2017-09-24 07:00:00,129.1500,21.1000
2017-09-24 08:00:00,132.6000,23.3000
2017-09-24 09:00:00,144.5000,25.6000
2017-09-24 10:00:00,209.3700,28.3000
2017-09-24 11:00:00,224.3900,30.0000
2017-09-24 12:00:00,225.9300,31.7000
2017-09-24 13:00:00,228.2300,32.2000
2017-09-24 14:00:00,230.6200,32.8000
2017-09-24 15:00:00,236.1500,32.8000
2017-09-24 16:00:00,234.1700,32.2000
2017-09-24 17:00:00,231.1900,30.6000
2017-09-24 18:00:00,225.2700,28.9000
2017-09-24 19:00:00,224.1000,27.8000
2017-09-24 20:00:00,221.6700,26.7000
2017-09-24 21:00:00,187.6600,25.6000
2017-09-24 22:00:00,161.4000,25.6000
2017-09-24 23:00:00,155.7900,23.9000
2017-09-25 00:00:00,153.6000,23.9000
2017-09-25 01:00:00,151.2300,22.8000
2017-09-25 02:00:00,151.1200,22.8000
2017-09-25 03:00:00,216.8900,22.2000
2017-09-25 04:00:00,229.7500,22.2000
2017-09-25 05:00:00,221.1600,21.7000
2017-09-25 06:00:00,220.8300,22.2000
2017-09-25 07:00:00,236.5500,22.8000
2017-09-25 08:00:00,279.0700,24.4000
2017-09-25 09:00:00,313.0700,26.7000
2017-09-25 10:00:00,332.6700,28.9000
2017-09-25 11:00:00,324.3600,30.0000
2017-09-25 12:00:00,328.6900,31.1000
2017-09-25 13:00:00,327.0200,32.2000
2017-09-25 14:00:00,326.0900,32.8000
2017-09-25 15:00:00,319.4800,32.2000
2017-09-25 16:00:00,311.0800,31.1000
2017-09-25 17:00:00,297.0200,30.0000
2017-09-25 18:00:00,277.2000,28.9000
2017-09-25 19:00:00,263.2900,27.8000
2017-09-25 20:00:00,247.8200,26.7000
2017-09-25 21:00:00,188.0200,25.6000
2017-09-25 22:00:00,166.6700,25.0000
2017-09-25 23:00:00,159.7000,24.4000
2017-09-26 00:00:00,154.2200,23.9000
2017-09-26 01:00:00,150.2700,22.8000
2017-09-26 02:00:00,148.1900,22.2000
2017-09-26 03:00:00,225.3500,22.2000
2017-09-26 04:00:00,230.7000,21.7000
2017-09-26 05:00:00,220.1200,21.1000
2017-09-26 06:00:00,221.5600,20.6000
2017-09-26 07:00:00,244.4800,21.7000
2017-09-26 08:00:00,302.7100,22.2000
2017-09-26 09:00:00,309.0100,22.8000
2017-09-26 10:00:00,323.5300,23.9000
2017-09-26 11:00:00,319.5900,25.0000
2017-09-26 12:00:00,292.7100,26.7000
2017-09-26 13:00:00,297.1700,28.3000
2017-09-26 14:00:00,316.2900,29.4000
2017-09-26 15:00:00,318.4400,29.4000
2017-09-26 16:00:00,309.3100,28.3000
2017-09-26 17:00:00,297.9300,27.8000
2017-09-26 18:00:00,285.9000,27.2000
2017-09-26 19:00:00,278.8700,27.2000
2017-09-26 20:00:00,262.2900,26.7000
2017-09-26 21:00:00,203.6100,25.6000
2017-09-26 22:00:00,148.5600,25.6000
2017-09-26 23:00:00,147.3200,25.6000
2017-09-27 00:00:00,124.0300,25.0000
2017-09-27 01:00:00,112.6800,24.4000
2017-09-27 02:00:00,112.0900,24.4000
2017-09-27 03:00:00,231.1500,23.3000
2017-09-27 04:00:00,251.2400,23.3000
2017-09-27 05:00:00,241.5000,22.8000
2017-09-27 06:00:00,237.4000,23.3000
2017-09-27 07:00:00,257.4300,23.3000
2017-09-27 08:00:00,312.7600,25.0000
2017-09-27 09:00:00,345.7800,27.2000
2017-09-27 10:00:00,344.9200,28.3000
2017-09-27 11:00:00,348.7800,28.9000
2017-09-27 12:00:00,350.9300,30.6000
2017-09-27 13:00:00,354.5300,31.7000
2017-09-27 14:00:00,354.4100,32.2000
2017-09-27 15:00:00,351.0900,32.8000
2017-09-27 16:00:00,333.3200,32.8000
2017-09-27 17:00:00,321.5800,31.7000
2017-09-27 18:00:00,293.2200,30.0000
2017-09-27 19:00:00,282.1000,28.3000
2017-09-27 20:00:00,265.2500,28.3000
2017-09-27 21:00:00,202.8700,27.2000
2017-09-27 22:00:00,138.3200,25.6000
2017-09-27 23:00:00,129.5800,24.4000
2017-09-28 00:00:00,131.7700,25.6000
2017-09-28 01:00:00,122.9900,23.9000
2017-09-28 02:00:00,125.5900,23.9000
2017-09-28 03:00:00,228.6200,24.4000
2017-09-28 04:00:00,256.1100,23.3000
2017-09-28 05:00:00,246.5900,23.9000
2017-09-28 06:00:00,245.2200,23.9000
2017-09-28 07:00:00,274.7300,23.9000
2017-09-28 08:00:00,296.7200,24.4000
2017-09-28 09:00:00,285.6800,25.0000
2017-09-28 10:00:00,309.2200,25.6000
2017-09-28 11:00:00,302.0100,26.1000
2017-09-28 12:00:00,289.7200,26.1000
2017-09-28 13:00:00,290.7200,26.7000
2017-09-28 14:00:00,286.6900,26.7000
2017-09-28 15:00:00,282.3400,26.7000
2017-09-28 16:00:00,263.7500,26.7000
2017-09-28 17:00:00,240.2900,26.1000
2017-09-28 18:00:00,225.6300,24.4000
2017-09-28 19:00:00,199.3900,23.3000
2017-09-28 20:00:00,213.7200,22.2000
2017-09-28 21:00:00,158.3800,21.1000
2017-09-28 22:00:00,107.2900,20.6000
2017-09-28 23:00:00,103.0300,19.4000
2017-09-29 00:00:00,105.7200,19.4000
2017-09-29 01:00:00,96.5300,17.8000
2017-09-29 02:00:00,99.7800,17.2000
2017-09-29 03:00:00,173.1100,16.7000
2017-09-29 04:00:00,168.2600,16.1000
2017-09-29 05:00:00,163.6700,15.0000
2017-09-29 06:00:00,160.9100,15.0000
2017-09-29 07:00:00,180.7800,15.6000
2017-09-29 08:00:00,213.4200,16.7000
2017-09-29 09:00:00,256.6900,18.9000
2017-09-29 10:00:00,262.8000,19.4000
2017-09-29 11:00:00,267.1300,20.6000
2017-09-29 12:00:00,257.6800,21.7000
2017-09-29 13:00:00,254.2100,22.2000
2017-09-29 14:00:00,254.1900,23.3000
2017-09-29 15:00:00,247.2300,23.3000
2017-09-29 16:00:00,230.7000,23.3000
2017-09-29 17:00:00,216.3900,22.8000
2017-09-29 18:00:00,214.5500,21.7000
2017-09-29 19:00:00,184.4400,20.6000
2017-09-29 20:00:00,182.6300,18.9000
2017-09-29 21:00:00,145.6900,17.8000
2017-09-29 22:00:00,125.4600,17.8000
2017-09-29 23:00:00,112.6800,17.8000
2017-09-30 00:00:00,122.2000,18.9000
2017-09-30 01:00:00,119.0100,18.3000
2017-09-30 02:00:00,101.7300,18.3000
2017-09-30 03:00:00,90.6000,18.3000
2017-09-30 04:00:00,79.8800,17.2000
2017-09-30 05:00:00,75.1900,16.7000
2017-09-30 06:00:00,74.6600,15.6000
2017-09-30 07:00:00,141.3600,15.0000
2017-09-30 08:00:00,168.4700,16.1000
2017-09-30 09:00:00,158.8100,17.2000
2017-09-30 10:00:00,158.9500,18.9000
2017-09-30 11:00:00,167.8700,19.4000
2017-09-30 12:00:00,148.8600,18.3000
2017-09-30 13:00:00,160.1500,18.9000
2017-09-30 14:00:00,155.1800,20.6000
2017-09-30 15:00:00,156.5100,20.6000
2017-09-30 16:00:00,157.5000,19.4000
2017-09-30 17:00:00,164.3700,18.9000
2017-09-30 18:00:00,163.5900,17.2000
2017-09-30 19:00:00,109.0900,16.7000
2017-09-30 20:00:00,101.6700,16.1000
2017-09-30 21:00:00,99.6800,15.6000
2017-09-30 22:00:00,95.8500,14.4000
2017-09-30 23:00:00,76.3900,14.4000
2017-10-01 00:00:00,76.0200,13.9000
2017-10-01 01:00:00,75.1000,13.3000
2017-10-01 02:00:00,74.9500,12.8000
2017-10-01 03:00:00,75.3300,11.7000
2017-10-01 04:00:00,75.3400,11.1000
2017-10-01 05:00:00,75.2400,11.7000
2017-10-01 06:00:00,73.7300,11.1000
2017-10-01 07:00:00,68.8900,11.7000
2017-10-01 08:00:00,67.2900,13.3000
2017-10-01 09:00:00,67.0900,15.6000
2017-10-01 10:00:00,95.2100,16.7000
2017-10-01 11:00:00,99.4300,18.3000
2017-10-01 12:00:00,100.5000,19.4000
2017-10-01 13:00:00,106.6500,20.0000
2017-10-01 14:00:00,99.0100,21.1000
2017-10-01 15:00:00,102.4100,21.1000
2017-10-01 16:00:00,85.0800,20.6000
2017-10-01 17:00:00,96.8500,20.0000
2017-10-01 18:00:00,97.8800,18.3000
2017-10-01 19:00:00,96.3800,17.8000
2017-10-01 20:00:00,100.1300,16.7000
2017-10-01 21:00:00,80.0400,16.1000
2017-10-01 22:00:00,71.7800,15.6000
2017-10-01 23:00:00,70.8000,15.0000
2017-10-02 00:00:00,71.2500,13.9000
2017-10-02 01:00:00,72.2200,13.9000
2017-10-02 02:00:00,72.8900,13.3000
2017-10-02 03:00:00,97.3200,12.8000
2017-10-02 04:00:00,102.7200,11.7000
2017-10-02 05:00:00,108.5700,11.7000
2017-10-02 06:00:00,125.9400,12.2000
2017-10-02 07:00:00,139.6100,12.8000
2017-10-02 08:00:00,195.1700,15.6000
2017-10-02 09:00:00,237.7200,16.7000
2017-10-02 10:00:00,235.2300,18.9000
2017-10-02 11:00:00,252.1900,20.6000
2017-10-02 12:00:00,265.0100,21.7000
2017-10-02 13:00:00,264.3600,22.2000
2017-10-02 14:00:00,264.8800,22.2000
2017-10-02 15:00:00,268.2600,22.8000
2017-10-02 16:00:00,248.1100,22.8000
2017-10-02 17:00:00,239.6000,22.2000
2017-10-02 18:00:00,228.9700,21.1000
2017-10-02 19:00:00,209.1300,19.4000
2017-10-02 20:00:00,192.8600,17.8000
2017-10-02 21:00:00,151.5800,17.8000
2017-10-02 22:00:00,139.2900,17.2000
2017-10-02 23:00:00,130.7700,17.2000
2017-10-03 00:00:00,121.0500,16.1000
2017-10-03 01:00:00,119.4400,16.1000
2017-10-03 02:00:00,111.3500,14.4000
2017-10-03 03:00:00,155.3500,14.4000
2017-10-03 04:00:00,146.2300,13.3000
2017-10-03 05:00:00,156.5600,13.9000
2017-10-03 06:00:00,160.2900,13.9000
2017-10-03 07:00:00,179.6900,13.9000
2017-10-03 08:00:00,206.8900,15.6000
2017-10-03 09:00:00,244.3100,18.3000
2017-10-03 10:00:00,253.0600,20.6000
2017-10-03 11:00:00,242.5100,21.7000
2017-10-03 12:00:00,269.1700,22.2000
2017-10-03 13:00:00,284.4900,22.8000
2017-10-03 14:00:00,282.1800,23.3000
2017-10-03 15:00:00,261.0100,23.9000
2017-10-03 16:00:00,250.3500,22.8000
2017-10-03 17:00:00,236.8200,22.2000
2017-10-03 18:00:00,200.3100,20.6000
2017-10-03 19:00:00,170.4500,20.0000
2017-10-03 20:00:00,173.6800,18.9000
2017-10-03 21:00:00,124.6300,17.8000
2017-10-03 22:00:00,105.7400,17.2000
2017-10-03 23:00:00,113.5000,17.2000
2017-10-04 00:00:00,109.1500,16.7000
2017-10-04 01:00:00,107.2500,15.6000
2017-10-04 02:00:00,104.8100,15.0000
2017-10-04 03:00:00,145.5900,15.0000
2017-10-04 04:00:00,156.2900,14.4000
2017-10-04 05:00:00,137.4900,14.4000
2017-10-04 06:00:00,140.5300,13.9000
2017-10-04 07:00:00,177.1300,14.4000
2017-10-04 08:00:00,224.2400,16.1000
2017-10-04 09:00:00,253.2600,17.8000
2017-10-04 10:00:00,274.5500,20.0000
2017-10-04 11:00:00,274.9000,21.7000
2017-10-04 12:00:00,282.0700,22.8000
2017-10-04 13:00:00,284.8900,23.3000
2017-10-04 14:00:00,302.7000,24.4000
2017-10-04 15:00:00,295.6600,24.4000
2017-10-04 16:00:00,272.5300,24.4000
2017-10-04 17:00:00,262.8100,23.9000
2017-10-04 18:00:00,240.9600,21.7000
2017-10-04 19:00:00,210.4700,20.6000
2017-10-04 20:00:00,191.3500,19.4000
2017-10-04 21:00:00,144.3700,18.9000
2017-10-04 22:00:00,124.7300,18.3000
2017-10-04 23:00:00,121.2500,17.8000
2017-10-05 00:00:00,102.4900,17.2000
2017-10-05 01:00:00,96.3700,16.7000
2017-10-05 02:00:00,95.0900,16.1000
2017-10-05 03:00:00,172.1000,16.1000
2017-10-05 04:00:00,175.6000,15.6000
2017-10-05 05:00:00,139.0600,15.6000
2017-10-05 06:00:00,130.3100,15.0000
2017-10-05 07:00:00,159.5600,16.1000
2017-10-05 08:00:00,182.4800,17.8000
2017-10-05 09:00:00,156.8000,19.4000
2017-10-05 10:00:00,221.0900,20.6000
2017-10-05 11:00:00,253.3400,22.2000
2017-10-05 12:00:00,273.6200,24.4000
2017-10-05 13:00:00,289.7900,26.7000
2017-10-05 14:00:00,300.3500,26.1000
2017-10-05 15:00:00,333.6400,26.1000
2017-10-05 16:00:00,303.1600,26.7000
2017-10-05 17:00:00,281.9400,24.4000
2017-10-05 18:00:00,266.7600,23.3000
2017-10-05 19:00:00,250.3800,22.8000
2017-10-05 20:00:00,249.6100,22.8000
2017-10-05 21:00:00,167.2200,22.2000
2017-10-05 22:00:00,115.7800,21.7000
2017-10-05 23:00:00,117.0000,21.1000
2017-10-06 00:00:00,111.8900,20.6000
2017-10-06 01:00:00,115.1600,20.6000
2017-10-06 02:00:00,123.5300,20.6000
2017-10-06 03:00:00,204.5500,20.0000
2017-10-06 04:00:00,193.1100,19.4000
2017-10-06 05:00:00,182.2200,18.9000
2017-10-06 06:00:00,212.9000,18.9000
2017-10-06 07:00:00,196.0400,18.3000
2017-10-06 08:00:00,239.2100,20.0000
2017-10-06 09:00:00,273.5200,20.6000
2017-10-06 10:00:00,304.5700,22.2000
2017-10-06 11:00:00,316.0000,23.9000
2017-10-06 12:00:00,292.1600,26.7000
2017-10-06 13:00:00,303.6300,26.7000
2017-10-06 14:00:00,328.3500,27.8000
2017-10-06 15:00:00,317.4900,27.8000
2017-10-06 16:00:00,266.8700,27.2000
2017-10-06 17:00:00,252.5500,26.1000
2017-10-06 18:00:00,235.1500,25.6000
2017-10-06 19:00:00,235.8300,23.9000
2017-10-06 20:00:00,247.0300,24.4000
2017-10-06 21:00:00,174.9600,23.3000
2017-10-06 22:00:00,106.3200,22.2000
2017-10-06 23:00:00,109.1300,21.7000
2017-10-07 00:00:00,110.2400,21.1000
2017-10-07 01:00:00,107.5000,20.6000
2017-10-07 02:00:00,106.7600,20.6000
2017-10-07 03:00:00,105.4600,20.0000
2017-10-07 04:00:00,96.4100,20.0000
2017-10-07 05:00:00,87.5100,19.4000
2017-10-07 06:00:00,97.9700,18.3000
2017-10-07 07:00:00,181.6300,19.4000
2017-10-07 08:00:00,162.4900,21.1000
2017-10-07 09:00:00,186.4400,22.2000
2017-10-07 10:00:00,193.9400,24.4000
2017-10-07 11:00:00,196.3900,26.7000
2017-10-07 12:00:00,196.7900,27.8000
2017-10-07 13:00:00,195.9300,27.8000
2017-10-07 14:00:00,199.8300,28.3000
2017-10-07 15:00:00,200.9600,28.9000
2017-10-07 16:00:00,196.6300,27.8000
2017-10-07 17:00:00,195.3000,27.2000
2017-10-07 18:00:00,192.5700,26.7000
2017-10-07 19:00:00,114.9000,25.6000
2017-10-07 20:00:00,97.8500,25.0000
2017-10-07 21:00:00,97.6700,24.4000
2017-10-07 22:00:00,97.4300,24.4000
2017-10-07 23:00:00,97.7500,24.4000
2017-10-08 00:00:00,97.4600,24.4000
2017-10-08 01:00:00,98.8000,24.4000
2017-10-08 02:00:00,98.9400,24.4000
2017-10-08 03:00:00,99.4200,24.4000
2017-10-08 04:00:00,99.1300,23.9000
2017-10-08 05:00:00,98.8800,23.9000
2017-10-08 06:00:00,98.4700,24.4000
2017-10-08 07:00:00,94.2600,24.4000
2017-10-08 08:00:00,93.2600,24.4000
2017-10-08 09:00:00,94.2800,25.0000
2017-10-08 10:00:00,162.1200,25.6000
2017-10-08 11:00:00,175.2700,26.7000
2017-10-08 12:00:00,175.8100,27.8000
2017-10-08 13:00:00,170.8000,27.8000
2017-10-08 14:00:00,172.6600,27.8000
2017-10-08 15:00:00,171.6200,27.8000
2017-10-08 16:00:00,170.1800,27.2000
2017-10-08 17:00:00,162.0700,26.7000
2017-10-08 18:00:00,170.1900,26.1000
2017-10-08 19:00:00,165.8900,25.6000
2017-10-08 20:00:00,173.1200,25.6000
2017-10-08 21:00:00,126.8700,25.6000
2017-10-08 22:00:00,99.0100,25.6000
2017-10-08 23:00:00,99.4100,24.4000
2017-10-09 00:00:00,99.7100,25.0000
2017-10-09 01:00:00,99.3900,24.4000
2017-10-09 02:00:00,99.9000,24.4000
2017-10-09 03:00:00,184.5100,24.4000
2017-10-09 04:00:00,211.1000,24.4000
2017-10-09 05:00:00,202.7300,23.9000
2017-10-09 06:00:00,205.8800,23.3000
2017-10-09 07:00:00,199.3600,23.3000
2017-10-09 08:00:00,197.8100,23.9000
2017-10-09 09:00:00,199.9200,23.9000
2017-10-09 10:00:00,209.1800,24.4000
2017-10-09 11:00:00,205.3100,25.6000
2017-10-09 12:00:00,206.7100,26.7000
2017-10-09 13:00:00,222.5400,28.3000
2017-10-09 14:00:00,225.4500,29.4000
2017-10-09 15:00:00,225.5400,29.4000
2017-10-09 16:00:00,225.8200,29.4000
2017-10-09 17:00:00,219.1100,28.9000
2017-10-09 18:00:00,222.5000,27.2000
2017-10-09 19:00:00,213.8900,26.7000
2017-10-09 20:00:00,211.1100,27.2000
2017-10-09 21:00:00,128.7200,26.7000
2017-10-09 22:00:00,102.9700,26.7000
2017-10-09 23:00:00,99.8100,25.0000
2017-10-10 00:00:00,99.0400,24.4000
2017-10-10 01:00:00,97.0600,24.4000
2017-10-10 02:00:00,97.1300,23.9000
2017-10-10 03:00:00,188.0200,23.3000
2017-10-10 04:00:00,211.7300,22.8000
2017-10-10 05:00:00,202.1200,22.8000
2017-10-10 06:00:00,198.9300,22.8000
2017-10-10 07:00:00,226.1000,23.3000
2017-10-10 08:00:00,265.0800,24.4000
2017-10-10 09:00:00,284.5200,26.1000
2017-10-10 10:00:00,294.3900,26.7000
2017-10-10 11:00:00,376.3600,27.8000
2017-10-10 12:00:00,362.2800,28.9000
2017-10-10 13:00:00,350.6900,28.9000
2017-10-10 14:00:00,354.2300,29.4000
2017-10-10 15:00:00,353.6900,28.9000
2017-10-10 16:00:00,335.2000,29.4000
2017-10-10 17:00:00,322.2200,28.3000
2017-10-10 18:00:00,315.7100,26.7000
2017-10-10 19:00:00,299.9200,26.1000
2017-10-10 20:00:00,277.3900,26.1000
2017-10-10 21:00:00,192.6100,25.0000
2017-10-10 22:00:00,124.9900,24.4000
2017-10-10 23:00:00,120.0800,24.4000
2017-10-11 00:00:00,122.8500,23.9000
2017-10-11 01:00:00,126.6000,23.9000
2017-10-11 02:00:00,122.9700,23.3000
2017-10-11 03:00:00,260.1600,23.3000
2017-10-11 04:00:00,289.2700,23.3000
2017-10-11 05:00:00,282.0800,23.3000
2017-10-11 06:00:00,270.3900,23.3000
2017-10-11 07:00:00,282.7100,22.8000
2017-10-11 08:00:00,327.4700,23.3000
2017-10-11 09:00:00,351.7000,23.3000
2017-10-11 10:00:00,355.2700,23.3000
2017-10-11 11:00:00,349.0800,23.9000
2017-10-11 12:00:00,343.4800,23.3000
2017-10-11 13:00:00,336.7600,23.9000
2017-10-11 14:00:00,338.1100,23.9000
2017-10-11 15:00:00,325.8600,23.3000
2017-10-11 16:00:00,311.3100,22.8000
2017-10-11 17:00:00,291.2300,22.2000
2017-10-11 18:00:00,284.5900,21.7000
2017-10-11 19:00:00,269.5600,21.1000
2017-10-11 20:00:00,257.0000,21.1000
2017-10-11 21:00:00,201.7200,20.6000
2017-10-11 22:00:00,138.1700,19.4000
2017-10-11 23:00:00,91.0000,19.4000
2017-10-12 00:00:00,92.6500,19.4000
2017-10-12 01:00:00,93.4500,19.4000
2017-10-12 02:00:00,93.2800,19.4000
2017-10-12 03:00:00,168.4100,19.4000
2017-10-12 04:00:00,189.0700,19.4000
2017-10-12 05:00:00,175.8600,19.4000
2017-10-12 06:00:00,220.3900,18.9000
2017-10-12 07:00:00,253.0200,18.9000
2017-10-12 08:00:00,273.6200,18.9000
2017-10-12 09:00:00,285.7800,18.9000
2017-10-12 10:00:00,280.6400,18.3000
2017-10-12 11:00:00,272.7500,17.8000
2017-10-12 12:00:00,259.3400,17.8000
2017-10-12 13:00:00,258.6600,17.8000
2017-10-12 14:00:00,257.2200,17.8000
2017-10-12 15:00:00,262.4300,17.8000
2017-10-12 16:00:00,244.6400,17.2000
2017-10-12 17:00:00,233.1400,16.7000
2017-10-12 18:00:00,227.6300,16.7000
2017-10-12 19:00:00,211.9100,16.7000
2017-10-12 20:00:00,193.1900,16.7000
2017-10-12 21:00:00,153.9500,16.7000
2017-10-12 22:00:00,118.5500,16.1000
2017-10-12 23:00:00,111.4500,16.7000
2017-10-13 00:00:00,90.7100,16.1000
2017-10-13 01:00:00,91.1000,16.7000
2017-10-13 02:00:00,90.4900,16.1000
2017-10-13 03:00:00,164.6800,15.6000
2017-10-13 04:00:00,179.9600,16.1000
2017-10-13 05:00:00,198.5400,16.7000
2017-10-13 06:00:00,197.7600,16.1000
2017-10-13 07:00:00,206.2000,16.1000
2017-10-13 08:00:00,224.3900,16.7000
2017-10-13 09:00:00,248.9000,17.2000
2017-10-13 10:00:00,260.8400,17.2000
2017-10-13 11:00:00,252.7400,18.3000
2017-10-13 12:00:00,242.7800,18.9000
2017-10-13 13:00:00,244.4200,18.3000
2017-10-13 14:00:00,245.3900,18.9000
2017-10-13 15:00:00,243.1800,18.3000
2017-10-13 16:00:00,237.1700,18.3000
2017-10-13 17:00:00,225.0900,17.8000
2017-10-13 18:00:00,210.3900,17.2000
2017-10-13 19:00:00,205.2700,17.2000
2017-10-13 20:00:00,200.8900,17.2000
2017-10-13 21:00:00,151.9300,17.2000
2017-10-13 22:00:00,122.1500,17.2000
2017-10-13 23:00:00,119.0200,17.2000
2017-10-14 00:00:00,118.0100,17.2000
2017-10-14 01:00:00,102.0700,17.2000
2017-10-14 02:00:00,99.5100,17.8000
2017-10-14 03:00:00,97.9300,17.8000
2017-10-14 04:00:00,94.4200,17.2000
2017-10-14 05:00:00,86.5600,17.2000
2017-10-14 06:00:00,91.5100,17.2000
2017-10-14 07:00:00,166.9400,17.2000
2017-10-14 08:00:00,197.6000,17.8000
2017-10-14 09:00:00,203.2000,18.3000
2017-10-14 10:00:00,204.5900,18.9000
2017-10-14 11:00:00,215.3000,18.9000
2017-10-14 12:00:00,208.8100,20.0000
2017-10-14 13:00:00,208.9400,20.0000
2017-10-14 14:00:00,223.3600,20.6000
2017-10-14 15:00:00,221.6000,20.6000
2017-10-14 16:00:00,221.9400,20.6000
2017-10-14 17:00:00,221.4500,20.6000
2017-10-14 18:00:00,210.8300,19.4000
2017-10-14 19:00:00,155.7800,18.9000
2017-10-14 20:00:00,139.3000,18.3000
2017-10-14 21:00:00,130.4600,18.9000
2017-10-14 22:00:00,112.0000,18.9000
2017-10-14 23:00:00,93.1600,18.3000
2017-10-15 00:00:00,94.4800,18.3000
2017-10-15 01:00:00,94.7500,18.3000
2017-10-15 02:00:00,94.5700,18.3000
2017-10-15 03:00:00,97.3400,17.8000
2017-10-15 04:00:00,97.3900,17.8000
2017-10-15 05:00:00,96.1500,17.8000
2017-10-15 06:00:00,97.4100,17.8000
2017-10-15 07:00:00,94.5600,18.3000
2017-10-15 08:00:00,97.3300,18.3000
2017-10-15 09:00:00,100.5800,18.9000
2017-10-15 10:00:00,184.9300,20.0000
2017-10-15 11:00:00,203.0500,21.1000
2017-10-15 12:00:00,193.1600,22.2000
2017-10-15 13:00:00,194.7500,23.3000
2017-10-15 14:00:00,203.7900,24.4000
2017-10-15 15:00:00,206.3600,25.6000
2017-10-15 16:00:00,213.0100,25.6000
2017-10-15 17:00:00,210.7600,24.4000
2017-10-15 18:00:00,207.7000,23.3000
2017-10-15 19:00:00,209.3900,22.8000
2017-10-15 20:00:00,206.5100,22.8000
2017-10-15 21:00:00,178.1900,22.8000
2017-10-15 22:00:00,143.3200,22.2000
2017-10-15 23:00:00,143.8500,22.8000
2017-10-16 00:00:00,149.5400,22.8000
2017-10-16 01:00:00,128.4500,21.7000
2017-10-16 02:00:00,98.7800,20.6000
2017-10-16 03:00:00,190.4100,17.2000
2017-10-16 04:00:00,198.8600,17.2000
2017-10-16 05:00:00,199.1300,17.2000
2017-10-16 06:00:00,196.6200,17.2000
2017-10-16 07:00:00,226.2700,16.7000
2017-10-16 08:00:00,240.9700,16.7000
2017-10-16 09:00:00,249.8200,16.7000
2017-10-16 10:00:00,257.3300,16.7000
2017-10-16 11:00:00,244.5400,17.2000
2017-10-16 12:00:00,231.8400,16.1000
2017-10-16 13:00:00,227.1000,17.8000
2017-10-16 14:00:00,227.0100,16.7000
2017-10-16 15:00:00,224.5100,18.3000
2017-10-16 16:00:00,213.1700,18.3000
2017-10-16 17:00:00,207.5300,17.2000
2017-10-16 18:00:00,208.1300,16.1000
2017-10-16 19:00:00,197.9400,15.0000
2017-10-16 20:00:00,185.7700,14.4000
2017-10-16 21:00:00,124.4400,13.9000
2017-10-16 22:00:00,103.3000,12.8000
2017-10-16 23:00:00,98.9100,12.2000
2017-10-17 00:00:00,85.8800,11.1000
2017-10-17 01:00:00,86.3400,10.0000
2017-10-17 02:00:00,85.3600,10.0000
2017-10-17 03:00:00,153.5000,9.4000
2017-10-17 04:00:00,167.4800,9.4000
2017-10-17 05:00:00,161.4600,8.9000
2017-10-17 06:00:00,164.9600,8.3000
2017-10-17 07:00:00,196.0000,8.9000
2017-10-17 08:00:00,205.1700,10.0000
2017-10-17 09:00:00,205.5600,11.7000
2017-10-17 10:00:00,232.6400,12.8000
2017-10-17 11:00:00,234.2900,14.4000
2017-10-17 12:00:00,225.7000,15.6000
2017-10-17 13:00:00,209.4300,15.6000
2017-10-17 14:00:00,224.7300,17.2000
2017-10-17 15:00:00,219.6700,17.2000
2017-10-17 16:00:00,228.7600,16.7000
2017-10-17 17:00:00,209.2800,15.6000
2017-10-17 18:00:00,208.1800,15.0000
2017-10-17 19:00:00,198.1900,13.9000
2017-10-17 20:00:00,180.4100,12.2000
2017-10-17 21:00:00,143.2200,11.7000
2017-10-17 22:00:00,97.5900,10.6000
2017-10-17 23:00:00,96.1200,10.0000
2017-10-18 00:00:00,91.8500,9.4000
2017-10-18 01:00:00,85.4200,10.0000
2017-10-18 02:00:00,85.5500,9.4000
2017-10-18 03:00:00,144.9300,8.9000
2017-10-18 04:00:00,151.9100,8.3000
2017-10-18 05:00:00,157.5700,8.9000
2017-10-18 06:00:00,151.6900,7.8000
2017-10-18 07:00:00,181.7700,8.9000
2017-10-18 08:00:00,201.9400,10.6000
2017-10-18 09:00:00,224.9400,13.3000
2017-10-18 10:00:00,235.7900,15.6000
2017-10-18 11:00:00,233.7100,17.2000
2017-10-18 12:00:00,233.7900,18.9000
2017-10-18 13:00:00,238.2900,20.6000
2017-10-18 14:00:00,243.4000,21.1000
2017-10-18 15:00:00,240.6200,20.6000
2017-10-18 16:00:00,236.4000,20.6000
2017-10-18 17:00:00,218.7200,19.4000
2017-10-18 18:00:00,205.6000,17.2000
2017-10-18 19:00:00,193.9400,16.1000
2017-10-18 20:00:00,185.0900,15.6000
2017-10-18 21:00:00,146.1300,15.0000
2017-10-18 22:00:00,109.8400,13.9000
2017-10-18 23:00:00,102.3600,13.3000
2017-10-19 00:00:00,101.1000,11.7000
2017-10-19 01:00:00,101.6500,11.7000
2017-10-19 02:00:00,94.9500,10.6000
2017-10-19 03:00:00,160.0100,10.6000
2017-10-19 04:00:00,160.5500,10.6000
2017-10-19 05:00:00,163.5200,9.4000
2017-10-19 06:00:00,160.0500,10.0000
2017-10-19 07:00:00,184.4800,10.0000
2017-10-19 08:00:00,211.4600,12.2000
2017-10-19 09:00:00,237.5700,14.4000
2017-10-19 10:00:00,245.6500,16.1000
2017-10-19 11:00:00,237.2300,18.3000
2017-10-19 12:00:00,242.1400,20.0000
2017-10-19 13:00:00,256.5800,20.6000
2017-10-19 14:00:00,272.3700,21.7000
2017-10-19 15:00:00,268.3000,21.7000
2017-10-19 16:00:00,260.3700,21.7000
2017-10-19 17:00:00,241.3300,20.6000
2017-10-19 18:00:00,215.5100,18.3000
2017-10-19 19:00:00,198.9900,17.2000
2017-10-19 20:00:00,193.3700,17.2000
2017-10-19 21:00:00,143.4400,15.6000
2017-10-19 22:00:00,113.8100,15.0000
2017-10-19 23:00:00,111.6700,15.0000
2017-10-20 00:00:00,111.1100,15.0000
2017-10-20 01:00:00,110.7800,13.9000
2017-10-20 02:00:00,106.7500,12.8000
2017-10-20 03:00:00,169.4700,12.8000
2017-10-20 04:00:00,184.2700,13.3000
2017-10-20 05:00:00,172.4300,13.3000
2017-10-20 06:00:00,181.6300,13.3000
2017-10-20 07:00:00,197.9600,15.6000
2017-10-20 08:00:00,227.1000,19.4000
2017-10-20 09:00:00,248.2000,20.6000
2017-10-20 10:00:00,247.7400,22.2000
2017-10-20 11:00:00,257.9900,22.2000
2017-10-20 12:00:00,268.4900,23.9000
2017-10-20 13:00:00,268.7800,24.4000
2017-10-20 14:00:00,281.0900,24.4000
2017-10-20 15:00:00,270.7400,24.4000
2017-10-20 16:00:00,257.0000,23.9000
2017-10-20 17:00:00,235.0500,22.8000
2017-10-20 18:00:00,204.9800,21.7000
2017-10-20 19:00:00,200.1600,18.9000
2017-10-20 20:00:00,180.9600,18.3000
2017-10-20 21:00:00,143.1600,17.2000
2017-10-20 22:00:00,114.0100,15.6000
2017-10-20 23:00:00,99.2000,15.6000
2017-10-21 00:00:00,89.3200,15.0000
2017-10-21 01:00:00,89.1500,14.4000
2017-10-21 02:00:00,87.9500,13.3000
2017-10-21 03:00:00,89.7800,12.2000
2017-10-21 04:00:00,83.5900,12.2000
2017-10-21 05:00:00,79.1400,11.1000
2017-10-21 06:00:00,78.1600,11.1000
2017-10-21 07:00:00,145.6300,12.2000
2017-10-21 08:00:00,170.6300,14.4000
2017-10-21 09:00:00,178.7300,16.7000
2017-10-21 10:00:00,181.1300,20.0000
2017-10-21 11:00:00,205.9500,22.8000
2017-10-21 12:00:00,204.8300,23.9000
2017-10-21 13:00:00,209.2400,24.4000
2017-10-21 14:00:00,211.5400,25.0000
2017-10-21 15:00:00,209.0200,25.0000
2017-10-21 16:00:00,206.0700,23.9000
2017-10-21 17:00:00,206.7300,21.7000
2017-10-21 18:00:00,192.7000,20.6000
2017-10-21 19:00:00,108.4400,19.4000
2017-10-21 20:00:00,91.9600,18.9000
2017-10-21 21:00:00,91.4900,18.3000
2017-10-21 22:00:00,91.5900,16.7000
2017-10-21 23:00:00,88.0100,16.1000
2017-10-22 00:00:00,82.6400,15.0000
2017-10-22 01:00:00,83.3700,14.4000
2017-10-22 02:00:00,80.4400,14.4000
2017-10-22 03:00:00,80.6400,13.3000
2017-10-22 04:00:00,80.4400,13.3000
2017-10-22 05:00:00,80.3700,12.2000
2017-10-22 06:00:00,80.0400,12.8000
2017-10-22 07:00:00,75.9300,12.8000
2017-10-22 08:00:00,74.2500,13.9000
2017-10-22 09:00:00,76.1300,16.1000
2017-10-22 10:00:00,143.1100,18.9000
2017-10-22 11:00:00,164.2100,21.7000
2017-10-22 12:00:00,170.7000,23.9000
2017-10-22 13:00:00,174.0300,24.4000
2017-10-22 14:00:00,177.9300,24.4000
2017-10-22 15:00:00,180.6900,24.4000
2017-10-22 16:00:00,180.8400,23.9000
2017-10-22 17:00:00,180.3400,22.8000
2017-10-22 18:00:00,169.5600,21.1000
2017-10-22 19:00:00,169.2700,18.9000
2017-10-22 20:00:00,160.8600,18.9000
2017-10-22 21:00:00,136.7200,18.3000
2017-10-22 22:00:00,117.3400,17.8000
2017-10-22 23:00:00,91.9200,17.8000
2017-10-23 00:00:00,88.9400,17.2000
2017-10-23 01:00:00,89.0600,17.2000
2017-10-23 02:00:00,88.6800,16.1000
2017-10-23 03:00:00,178.1200,15.6000
2017-10-23 04:00:00,195.1700,16.1000
2017-10-23 05:00:00,195.0000,15.6000
2017-10-23 06:00:00,193.8500,16.7000
2017-10-23 07:00:00,227.7800,16.7000
2017-10-23 08:00:00,275.5900,17.8000
2017-10-23 09:00:00,286.7600,18.9000
2017-10-23 10:00:00,282.7600,20.0000
2017-10-23 11:00:00,283.4300,22.2000
2017-10-23 12:00:00,296.7600,23.9000
2017-10-23 13:00:00,309.2600,24.4000
2017-10-23 14:00:00,298.9300,24.4000
2017-10-23 15:00:00,282.5000,23.9000
2017-10-23 16:00:00,267.1100,23.3000
2017-10-23 17:00:00,263.4200,22.8000
2017-10-23 18:00:00,253.5400,22.2000
2017-10-23 19:00:00,252.2100,22.8000
2017-10-23 20:00:00,250.4600,22.8000
2017-10-23 21:00:00,202.7700,22.8000
2017-10-23 22:00:00,194.2800,22.2000
2017-10-23 23:00:00,194.1600,21.7000
2017-10-24 00:00:00,194.3500,21.7000
2017-10-24 01:00:00,184.8500,22.2000
2017-10-24 02:00:00,162.9600,22.2000
2017-10-24 03:00:00,233.1200,18.3000
2017-10-24 04:00:00,205.5700,17.8000
2017-10-24 05:00:00,206.4700,17.2000
2017-10-24 06:00:00,206.5700,17.2000
2017-10-24 07:00:00,239.3400,16.1000
2017-10-24 08:00:00,266.6400,16.7000
2017-10-24 09:00:00,267.0100,17.8000
2017-10-24 10:00:00,282.6800,18.3000
2017-10-24 11:00:00,290.5800,20.0000
2017-10-24 12:00:00,270.3300,21.1000
2017-10-24 13:00:00,276.5200,21.1000
2017-10-24 14:00:00,279.0300,21.7000
2017-10-24 15:00:00,276.2400,22.8000
2017-10-24 16:00:00,271.4700,22.2000
2017-10-24 17:00:00,245.4200,21.1000
2017-10-24 18:00:00,210.6000,20.0000
2017-10-24 19:00:00,201.6400,18.9000
2017-10-24 20:00:00,188.7700,17.8000
2017-10-24 21:00:00,145.4300,17.2000
2017-10-24 22:00:00,116.2800,17.8000
2017-10-24 23:00:00,113.1200,16.1000
2017-10-25 00:00:00,109.7700,15.0000
2017-10-25 01:00:00,102.4100,13.9000
2017-10-25 02:00:00,93.3900,12.8000
2017-10-25 03:00:00,153.2100,13.3000
2017-10-25 04:00:00,158.7300,13.3000
2017-10-25 05:00:00,156.4200,13.3000
2017-10-25 06:00:00,154.1000,13.9000
2017-10-25 07:00:00,171.1100,13.3000
2017-10-25 08:00:00,217.9900,13.9000
2017-10-25 09:00:00,230.0800,15.0000
2017-10-25 10:00:00,229.7400,16.1000
2017-10-25 11:00:00,215.3400,16.1000
2017-10-25 12:00:00,206.3700,16.7000
2017-10-25 13:00:00,216.2500,17.2000
2017-10-25 14:00:00,227.6100,17.2000
2017-10-25 15:00:00,216.8800,17.2000
2017-10-25 16:00:00,209.5900,17.2000
2017-10-25 17:00:00,194.7500,16.7000
2017-10-25 18:00:00,181.3100,15.6000
2017-10-25 19:00:00,168.4200,15.0000
2017-10-25 20:00:00,155.2200,13.9000
2017-10-25 21:00:00,125.7200,12.8000
2017-10-25 22:00:00,89.2200,11.1000
2017-10-25 23:00:00,86.9200,10.6000
2017-10-26 00:00:00,86.7500,10.0000
2017-10-26 01:00:00,87.0200,10.6000
2017-10-26 02:00:00,87.4800,10.6000
2017-10-26 03:00:00,144.4800,10.6000
2017-10-26 04:00:00,145.1200,10.6000
2017-10-26 05:00:00,142.9400,10.0000
2017-10-26 06:00:00,148.0400,10.0000
2017-10-26 07:00:00,173.2700,10.0000
2017-10-26 08:00:00,193.4000,10.6000
2017-10-26 09:00:00,201.8100,11.1000
2017-10-26 10:00:00,184.8300,13.3000
2017-10-26 11:00:00,182.7400,12.8000
2017-10-26 12:00:00,201.4800,13.9000
2017-10-26 13:00:00,201.3300,16.1000
2017-10-26 14:00:00,202.2000,16.7000
2017-10-26 15:00:00,203.7100,16.7000
2017-10-26 16:00:00,199.2900,16.1000
2017-10-26 17:00:00,178.4200,14.4000
2017-10-26 18:00:00,166.9200,13.3000
2017-10-26 19:00:00,155.1000,12.2000
2017-10-26 20:00:00,151.0100,12.2000
2017-10-26 21:00:00,117.8100,11.7000
2017-10-26 22:00:00,87.4000,10.6000
2017-10-26 23:00:00,86.1500,10.0000
2017-10-27 00:00:00,87.1300,9.4000
2017-10-27 01:00:00,88.4600,7.8000
2017-10-27 02:00:00,89.6900,7.8000
2017-10-27 03:00:00,154.5400,7.2000
2017-10-27 04:00:00,163.3000,6.1000
2017-10-27 05:00:00,157.9900,7.2000
2017-10-27 06:00:00,158.1800,7.8000
2017-10-27 07:00:00,162.6600,7.8000
2017-10-27 08:00:00,178.2900,9.4000
2017-10-27 09:00:00,177.2500,12.2000
2017-10-27 10:00:00,193.7400,13.3000
2017-10-27 11:00:00,203.6400,15.0000
2017-10-27 12:00:00,204.4500,16.7000
2017-10-27 13:00:00,207.5100,19.4000
2017-10-27 14:00:00,212.0600,19.4000
2017-10-27 15:00:00,207.0900,20.0000
2017-10-27 16:00:00,204.8300,20.0000
2017-10-27 17:00:00,202.9400,18.9000
2017-10-27 18:00:00,192.3400,17.2000
2017-10-27 19:00:00,180.4000,16.7000
2017-10-27 20:00:00,171.5200,15.6000
2017-10-27 21:00:00,144.6500,15.0000
2017-10-27 22:00:00,109.4400,13.9000
2017-10-27 23:00:00,101.2800,14.4000
2017-10-28 00:00:00,101.5700,14.4000
2017-10-28 01:00:00,100.7300,14.4000
2017-10-28 02:00:00,101.2800,13.9000
2017-10-28 03:00:00,95.9700,12.8000
2017-10-28 04:00:00,93.2500,12.8000
2017-10-28 05:00:00,92.8500,12.8000
2017-10-28 06:00:00,92.6200,12.2000
2017-10-28 07:00:00,152.7700,12.2000
2017-10-28 08:00:00,155.5300,13.3000
2017-10-28 09:00:00,166.6500,15.6000
2017-10-28 10:00:00,169.8500,17.8000
2017-10-28 11:00:00,167.1700,18.9000
2017-10-28 12:00:00,173.4400,20.0000
2017-10-28 13:00:00,176.1800,21.7000
2017-10-28 14:00:00,181.4100,21.7000
2017-10-28 15:00:00,180.0400,21.7000
2017-10-28 16:00:00,176.3600,20.6000
2017-10-28 17:00:00,177.0200,20.0000
2017-10-28 18:00:00,172.0500,18.9000
2017-10-28 19:00:00,127.8300,19.4000
2017-10-28 20:00:00,118.2400,18.9000
2017-10-28 21:00:00,117.1100,18.3000
2017-10-28 22:00:00,117.8500,18.3000
2017-10-28 23:00:00,114.6600,17.8000
2017-10-29 00:00:00,109.2100,17.8000
2017-10-29 01:00:00,111.8900,17.8000
2017-10-29 02:00:00,113.0900,17.8000
2017-10-29 03:00:00,114.0400,18.3000
2017-10-29 04:00:00,112.4400,18.3000
2017-10-29 05:00:00,112.4400,18.3000
2017-10-29 06:00:00,113.1100,18.3000
2017-10-29 07:00:00,111.6900,18.3000
2017-10-29 08:00:00,108.6900,18.3000
2017-10-29 09:00:00,107.3700,18.3000
2017-10-29 10:00:00,159.1200,18.9000
2017-10-29 11:00:00,187.3100,19.4000
2017-10-29 12:00:00,189.8600,20.0000
2017-10-29 13:00:00,195.1600,20.0000
2017-10-29 14:00:00,175.7300,18.9000
2017-10-29 15:00:00,167.0000,15.6000
2017-10-29 16:00:00,167.6500,15.6000
2017-10-29 17:00:00,148.6500,13.3000
2017-10-29 18:00:00,141.0200,11.1000
2017-10-29 19:00:00,135.1400,9.4000
2017-10-29 20:00:00,142.1600,8.9000
2017-10-29 21:00:00,126.2300,8.3000
2017-10-29 22:00:00,87.1500,8.9000
2017-10-29 23:00:00,88.1600,8.3000
2017-10-30 00:00:00,89.0100,8.3000
2017-10-30 01:00:00,89.5500,7.8000
2017-10-30 02:00:00,90.5000,7.8000
2017-10-30 03:00:00,159.8300,7.8000
2017-10-30 04:00:00,169.9800,7.8000
2017-10-30 05:00:00,175.7900,8.9000
2017-10-30 06:00:00,170.6200,8.9000
2017-10-30 07:00:00,188.8800,8.9000
2017-10-30 08:00:00,219.3900,9.4000
2017-10-30 09:00:00,220.1600,9.4000
2017-10-30 10:00:00,233.3400,10.0000
2017-10-30 11:00:00,221.7100,11.7000
2017-10-30 12:00:00,227.6700,12.8000
2017-10-30 13:00:00,219.7100,13.9000
2017-10-30 14:00:00,215.1800,14.4000
2017-10-30 15:00:00,212.7900,15.0000
2017-10-30 16:00:00,205.9500,15.0000
2017-10-30 17:00:00,186.4900,13.9000
2017-10-30 18:00:00,181.9800,12.2000
2017-10-30 19:00:00,172.9400,11.7000
2017-10-30 20:00:00,168.4400,11.7000
2017-10-30 21:00:00,109.8300,10.6000
2017-10-30 22:00:00,92.9300,10.6000
2017-10-30 23:00:00,92.6700,10.6000
2017-10-31 00:00:00,92.1600,10.6000
2017-10-31 01:00:00,92.2500,10.0000
2017-10-31 02:00:00,92.8700,8.9000
2017-10-31 03:00:00,165.4900,8.9000
2017-10-31 04:00:00,163.8900,8.3000
2017-10-31 05:00:00,164.7700,7.8000
2017-10-31 06:00:00,166.1000,7.8000
2017-10-31 07:00:00,189.4200,7.8000
2017-10-31 08:00:00,213.6800,10.0000
2017-10-31 09:00:00,212.8100,12.2000
2017-10-31 10:00:00,219.6100,13.3000
2017-10-31 11:00:00,223.3000,14.4000
2017-10-31 12:00:00,215.6500,16.1000
2017-10-31 13:00:00,207.5800,16.7000
2017-10-31 14:00:00,212.5400,17.2000
2017-10-31 15:00:00,221.7000,16.7000
2017-10-31 16:00:00,211.7800,16.1000
2017-10-31 17:00:00,199.4600,14.4000
2017-10-31 18:00:00,177.9800,12.8000
2017-10-31 19:00:00,174.6200,13.3000
2017-10-31 20:00:00,172.3200,11.1000
2017-10-31 21:00:00,134.1400,10.6000
2017-10-31 22:00:00,100.1300,10.0000
2017-10-31 23:00:00,99.0900,8.3000
2017-11-01 00:00:00,99.4800,7.8000
2017-11-01 01:00:00,97.9400,7.8000
2017-11-01 02:00:00,99.2900,8.3000
2017-11-01 03:00:00,162.7900,7.8000
2017-11-01 04:00:00,159.3800,7.8000
2017-11-01 05:00:00,158.8400,7.8000
2017-11-01 06:00:00,163.7400,7.8000
2017-11-01 07:00:00,182.9000,8.3000
2017-11-01 08:00:00,206.0200,8.9000
2017-11-01 09:00:00,211.7400,10.0000
2017-11-01 10:00:00,214.4900,11.7000
2017-11-01 11:00:00,216.2500,12.8000
2017-11-01 12:00:00,209.9300,13.9000
2017-11-01 13:00:00,211.2200,15.0000
2017-11-01 14:00:00,215.7400,17.2000
2017-11-01 15:00:00,221.3400,17.2000
2017-11-01 16:00:00,220.3900,17.2000
2017-11-01 17:00:00,212.3800,14.4000
2017-11-01 18:00:00,202.7100,15.6000
2017-11-01 19:00:00,183.9000,15.0000
2017-11-01 20:00:00,166.5200,13.9000
2017-11-01 21:00:00,134.0600,13.3000
2017-11-01 22:00:00,95.9000,12.2000
2017-11-01 23:00:00,95.4000,11.7000
2017-11-02 00:00:00,97.1800,11.7000
2017-11-02 01:00:00,96.7900,11.7000
2017-11-02 02:00:00,97.6800,11.1000
2017-11-02 03:00:00,161.1300,11.1000
2017-11-02 04:00:00,154.8200,11.7000
2017-11-02 05:00:00,165.9300,11.7000
2017-11-02 06:00:00,179.5100,12.2000
2017-11-02 07:00:00,200.4200,12.2000
2017-11-02 08:00:00,197.8600,13.3000
2017-11-02 09:00:00,221.2000,15.0000
2017-11-02 10:00:00,243.3600,17.2000
2017-11-02 11:00:00,236.8100,21.1000
2017-11-02 12:00:00,263.5200,21.1000
2017-11-02 13:00:00,270.1400,22.8000
2017-11-02 14:00:00,258.9500,23.9000
2017-11-02 15:00:00,256.6500,24.4000
2017-11-02 16:00:00,257.4200,21.7000
2017-11-02 17:00:00,247.6100,20.6000
2017-11-02 18:00:00,237.9800,20.0000
2017-11-02 19:00:00,224.9000,18.3000
2017-11-02 20:00:00,195.6700,17.2000
2017-11-02 21:00:00,155.6000,17.8000
2017-11-02 22:00:00,126.7300,16.7000
2017-11-02 23:00:00,120.7800,16.1000
2017-11-03 00:00:00,114.7200,16.7000
2017-11-03 01:00:00,114.1500,16.1000
2017-11-03 02:00:00,114.8600,16.1000
2017-11-03 03:00:00,182.3600,15.0000
2017-11-03 04:00:00,185.6500,15.0000
2017-11-03 05:00:00,177.4800,14.4000
2017-11-03 06:00:00,180.9900,15.0000
2017-11-03 07:00:00,183.2400,15.6000
2017-11-03 08:00:00,193.9400,16.1000
2017-11-03 09:00:00,198.0800,17.2000
2017-11-03 10:00:00,205.6900,18.9000
2017-11-03 11:00:00,250.8400,20.0000
2017-11-03 12:00:00,273.9300,22.8000
2017-11-03 13:00:00,282.3200,23.9000
2017-11-03 14:00:00,280.6400,25.6000
2017-11-03 15:00:00,277.4300,25.0000
2017-11-03 16:00:00,277.8600,24.4000
2017-11-03 17:00:00,283.4900,23.3000
2017-11-03 18:00:00,270.6800,22.2000
2017-11-03 19:00:00,238.3400,21.7000
2017-11-03 20:00:00,211.4300,21.1000
2017-11-03 21:00:00,165.3000,19.4000
2017-11-03 22:00:00,120.4100,18.3000
2017-11-03 23:00:00,117.5800,17.2000
2017-11-04 00:00:00,109.5700,15.6000
2017-11-04 01:00:00,104.5700,13.9000
2017-11-04 02:00:00,99.3100,13.3000
2017-11-04 03:00:00,96.2100,12.2000
2017-11-04 04:00:00,89.9700,11.7000
2017-11-04 05:00:00,89.6600,11.1000
2017-11-04 06:00:00,88.6500,10.6000
2017-11-04 07:00:00,145.9000,10.0000
2017-11-04 08:00:00,147.0000,9.4000
2017-11-04 09:00:00,145.0100,10.0000
2017-11-04 10:00:00,148.6700,10.6000
2017-11-04 11:00:00,158.3200,12.2000
2017-11-04 12:00:00,160.6800,13.9000
2017-11-04 13:00:00,165.3600,13.9000
2017-11-04 14:00:00,164.2400,15.6000
2017-11-04 15:00:00,164.3100,15.0000
2017-11-04 16:00:00,149.7500,13.9000
2017-11-04 17:00:00,143.3400,13.3000
2017-11-04 18:00:00,153.1900,13.3000
2017-11-04 19:00:00,104.0100,12.2000
2017-11-04 20:00:00,94.4200,11.7000
2017-11-04 21:00:00,95.5800,11.7000
2017-11-04 22:00:00,95.1400,12.2000
2017-11-04 23:00:00,94.4500,12.2000
2017-11-05 00:00:00,,12.2000
2017-11-05 01:00:00,94.9500,12.8000
2017-11-05 02:00:00,96.0900,12.8000
2017-11-05 03:00:00,97.1600,12.2000
2017-11-05 04:00:00,96.1400,12.8000
2017-11-05 05:00:00,94.8700,12.8000
2017-11-05 06:00:00,95.8900,12.8000
2017-11-05 07:00:00,93.2300,12.8000
2017-11-05 08:00:00,91.1100,13.3000
2017-11-05 09:00:00,93.2500,13.3000
2017-11-05 10:00:00,92.9600,13.9000
2017-11-05 11:00:00,141.1800,14.4000
2017-11-05 12:00:00,152.7200,15.0000
2017-11-05 13:00:00,167.3600,15.6000
2017-11-05 14:00:00,164.8200,15.6000
2017-11-05 15:00:00,168.4900,15.6000
2017-11-05 16:00:00,168.5200,15.6000
2017-11-05 17:00:00,164.9900,16.1000
2017-11-05 18:00:00,167.2100,15.6000
2017-11-05 19:00:00,177.0400,15.6000
2017-11-05 20:00:00,171.8600,16.1000
2017-11-05 21:00:00,171.6200,16.1000
2017-11-05 22:00:00,149.6500,16.1000
2017-11-05 23:00:00,123.0200,15.6000
2017-11-06 00:00:00,115.1600,16.1000
2017-11-06 01:00:00,114.4100,16.7000
2017-11-06 02:00:00,111.9700,16.7000
2017-11-06 03:00:00,111.6900,15.6000
2017-11-06 04:00:00,167.9000,16.7000
2017-11-06 05:00:00,190.8000,16.7000
2017-11-06 06:00:00,191.6400,16.1000
2017-11-06 07:00:00,180.8800,16.7000
2017-11-06 08:00:00,211.7200,17.2000
2017-11-06 09:00:00,251.3900,17.2000
2017-11-06 10:00:00,260.0500,18.3000
2017-11-06 11:00:00,283.0600,18.3000
2017-11-06 12:00:00,262.9800,20.0000
2017-11-06 13:00:00,268.0500,20.6000
2017-11-06 14:00:00,256.7400,21.1000
2017-11-06 15:00:00,255.1200,20.0000
2017-11-06 16:00:00,248.5000,20.0000
2017-11-06 17:00:00,232.4600,19.4000
2017-11-06 18:00:00,223.2900,21.1000
2017-11-06 19:00:00,209.1600,19.4000
2017-11-06 20:00:00,183.4900,18.9000
2017-11-06 21:00:00,158.6900,17.2000
2017-11-06 22:00:00,122.1600,16.1000
2017-11-06 23:00:00,109.5900,15.0000
2017-11-07 00:00:00,108.7000,13.9000
2017-11-07 01:00:00,93.2100,12.2000
2017-11-07 02:00:00,88.7700,10.6000
2017-11-07 03:00:00,88.6100,10.0000
2017-11-07 04:00:00,136.5400,8.9000
2017-11-07 05:00:00,139.4200,8.9000
2017-11-07 06:00:00,140.7600,8.9000
2017-11-07 07:00:00,139.5500,8.3000
2017-11-07 08:00:00,172.1100,8.9000
2017-11-07 09:00:00,198.0300,8.3000
2017-11-07 10:00:00,201.6900,8.3000
2017-11-07 11:00:00,216.8100,7.8000
2017-11-07 12:00:00,211.3400,7.2000
2017-11-07 13:00:00,210.5700,6.7000
2017-11-07 14:00:00,196.5100,6.1000
2017-11-07 15:00:00,191.9200,6.7000
2017-11-07 16:00:00,192.0600,6.7000
2017-11-07 17:00:00,181.3900,6.1000
2017-11-07 18:00:00,175.1800,6.1000
2017-11-07 19:00:00,164.0200,6.7000
2017-11-07 20:00:00,155.4000,6.1000
2017-11-07 21:00:00,149.7500,6.1000
2017-11-07 22:00:00,128.1500,6.1000
2017-11-07 23:00:00,98.3300,5.6000
2017-11-08 00:00:00,99.1200,5.6000
2017-11-08 01:00:00,99.6100,5.6000
2017-11-08 02:00:00,99.7500,5.6000
2017-11-08 03:00:00,100.2500,5.6000
2017-11-08 04:00:00,161.5500,5.6000
2017-11-08 05:00:00,170.2100,5.6000
2017-11-08 06:00:00,164.9700,5.6000
2017-11-08 07:00:00,159.2400,5.6000
2017-11-08 08:00:00,183.1800,6.1000
2017-11-08 09:00:00,204.7000,6.1000
2017-11-08 10:00:00,195.3000,7.2000
2017-11-08 11:00:00,200.6700,7.2000
2017-11-08 12:00:00,218.5500,7.8000
2017-11-08 13:00:00,201.8700,8.9000
2017-11-08 14:00:00,184.1900,9.4000
2017-11-08 15:00:00,190.2900,9.4000
2017-11-08 16:00:00,185.1600,9.4000
2017-11-08 17:00:00,186.5900,9.4000
2017-11-08 18:00:00,179.9500,9.4000
2017-11-08 19:00:00,170.5000,8.9000
2017-11-08 20:00:00,160.9400,8.9000
2017-11-08 21:00:00,155.7300,8.3000
2017-11-08 22:00:00,129.1600,8.3000
2017-11-08 23:00:00,93.0000,8.3000
2017-11-09 00:00:00,92.5700,7.8000
2017-11-09 01:00:00,92.6600,7.2000
2017-11-09 02:00:00,93.2600,7.2000
2017-11-09 03:00:00,94.3900,7.2000
2017-11-09 04:00:00,170.8700,7.8000
2017-11-09 05:00:00,167.9800,7.8000
2017-11-09 06:00:00,164.1600,7.8000
2017-11-09 07:00:00,160.9000,7.8000
2017-11-09 08:00:00,198.6300,8.3000
2017-11-09 09:00:00,221.6300,8.3000
2017-11-09 10:00:00,212.5100,9.4000
2017-11-09 11:00:00,209.6200,10.0000
2017-11-09 12:00:00,199.8600,10.6000
2017-11-09 13:00:00,193.2800,12.2000
2017-11-09 14:00:00,192.7700,13.9000
2017-11-09 15:00:00,187.0500,13.3000
2017-11-09 16:00:00,179.8000,13.3000
2017-11-09 17:00:00,169.3200,13.3000
2017-11-09 18:00:00,160.7600,12.8000
2017-11-09 19:00:00,158.5800,11.7000
2017-11-09 20:00:00,155.2000,11.1000
2017-11-09 21:00:00,152.1700,10.6000
2017-11-09 22:00:00,138.2800,11.1000
2017-11-09 23:00:00,107.5800,10.0000
2017-11-10 00:00:00,106.3100,9.4000
2017-11-10 01:00:00,106.5100,9.4000
2017-11-10 02:00:00,98.9300,8.3000
2017-11-10 03:00:00,97.1900,7.8000
2017-11-10 04:00:00,162.7700,7.2000
2017-11-10 05:00:00,159.1900,9.4000
2017-11-10 06:00:00,155.6700,8.3000
2017-11-10 07:00:00,159.2000,7.8000
2017-11-10 08:00:00,159.2900,6.7000
2017-11-10 09:00:00,158.5300,6.7000
2017-11-10 10:00:00,155.7000,7.2000
2017-11-10 11:00:00,150.9100,7.2000
2017-11-10 12:00:00,152.6800,5.6000
2017-11-10 13:00:00,152.3200,6.1000
2017-11-10 14:00:00,157.4400,5.6000
2017-11-10 15:00:00,157.0900,5.6000
2017-11-10 16:00:00,155.2100,5.0000
2017-11-10 17:00:00,161.3400,3.9000
2017-11-10 18:00:00,172.9900,3.3000
2017-11-10 19:00:00,172.9900,2.8000
2017-11-10 20:00:00,173.2100,2.2000
2017-11-10 21:00:00,173.9600,1.7000
2017-11-10 22:00:00,149.8700,1.1000
2017-11-10 23:00:00,100.4200,0.6000
2017-11-11 00:00:00,99.8900,0.0000
2017-11-11 01:00:00,102.8900,-0.6000
2017-11-11 02:00:00,103.1100,-1.1000
2017-11-11 03:00:00,105.5900,-1.7000
2017-11-11 04:00:00,103.9500,-2.2000
2017-11-11 05:00:00,106.0000,-2.8000
2017-11-11 06:00:00,103.2700,-3.3000
2017-11-11 07:00:00,101.0800,-3.3000
2017-11-11 08:00:00,197.9100,-2.2000
2017-11-11 09:00:00,203.0000,-1.1000
2017-11-11 10:00:00,187.0300,0.0000
2017-11-11 11:00:00,174.4500,1.1000
2017-11-11 12:00:00,172.6500,1.7000
2017-11-11 13:00:00,171.1300,3.3000
2017-11-11 14:00:00,169.9800,3.3000
2017-11-11 15:00:00,170.1900,3.3000
2017-11-11 16:00:00,174.2000,3.3000
2017-11-11 17:00:00,176.9700,2.8000
2017-11-11 18:00:00,179.0100,2.2000
2017-11-11 19:00:00,180.8100,2.2000
2017-11-11 20:00:00,113.3900,2.2000
2017-11-11 21:00:00,120.8600,1.7000
2017-11-11 22:00:00,119.7900,1.7000
2017-11-11 23:00:00,124.6200,1.1000
2017-11-12 00:00:00,121.0300,0.6000
2017-11-12 01:00:00,123.6600,0.0000
2017-11-12 02:00:00,122.2700,0.0000
2017-11-12 03:00:00,121.1200,0.6000
2017-11-12 04:00:00,118.2400,1.1000
2017-11-12 05:00:00,110.6300,1.1000
2017-11-12 06:00:00,118.6000,1.1000
2017-11-12 07:00:00,118.7500,1.7000
2017-11-12 08:00:00,108.4100,2.8000
2017-11-12 09:00:00,110.0400,3.3000
2017-11-12 10:00:00,111.1700,4.4000
2017-11-12 11:00:00,158.8200,5.6000
2017-11-12 12:00:00,160.5400,6.7000
2017-11-12 13:00:00,149.2000,6.7000
2017-11-12 14:00:00,139.6700,7.8000
2017-11-12 15:00:00,141.7100,7.8000
2017-11-12 16:00:00,140.7600,8.3000
2017-11-12 17:00:00,145.5500,8.3000
2017-11-12 18:00:00,148.7700,8.3000
2017-11-12 19:00:00,150.7200,7.2000
2017-11-12 20:00:00,149.5100,6.7000
2017-11-12 21:00:00,153.2300,6.7000
2017-11-12 22:00:00,132.9900,6.7000
2017-11-12 23:00:00,100.2000,7.2000
2017-11-13 00:00:00,93.1400,6.1000
2017-11-13 01:00:00,92.3400,5.0000
2017-11-13 02:00:00,94.5300,5.0000
2017-11-13 03:00:00,94.4400,5.0000
2017-11-13 04:00:00,179.1800,5.0000
2017-11-13 05:00:00,172.9000,5.6000
2017-11-13 06:00:00,174.9300,5.6000
2017-11-13 07:00:00,165.7600,5.6000
2017-11-13 08:00:00,191.1800,5.6000
2017-11-13 09:00:00,215.6500,6.1000
2017-11-13 10:00:00,213.1600,7.2000
2017-11-13 11:00:00,210.8500,7.8000
2017-11-13 12:00:00,199.8600,8.9000
2017-11-13 13:00:00,186.6300,10.6000
2017-11-13 14:00:00,187.1300,11.7000
2017-11-13 15:00:00,186.5300,11.7000
2017-11-13 16:00:00,180.1500,10.6000
2017-11-13 17:00:00,163.2100,10.0000
2017-11-13 18:00:00,171.0700,9.4000
2017-11-13 19:00:00,170.8400,8.3000
2017-11-13 20:00:00,161.8200,7.8000
2017-11-13 21:00:00,154.3400,7.2000
2017-11-13 22:00:00,113.0100,6.1000
2017-11-13 23:00:00,96.6300,6.1000
2017-11-14 00:00:00,94.7100,6.1000
2017-11-14 01:00:00,95.8500,5.6000
2017-11-14 02:00:00,96.3600,3.9000
2017-11-14 03:00:00,96.0100,5.0000
2017-11-14 04:00:00,160.6600,5.0000
2017-11-14 05:00:00,164.5100,4.4000
2017-11-14 06:00:00,157.4700,6.1000
2017-11-14 07:00:00,160.4600,6.1000
2017-11-14 08:00:00,185.8900,7.2000
2017-11-14 09:00:00,220.7200,7.2000
2017-11-14 10:00:00,227.5500,8.3000
2017-11-14 11:00:00,205.8100,9.4000
2017-11-14 12:00:00,202.3800,10.0000
2017-11-14 13:00:00,189.4200,10.6000
2017-11-14 14:00:00,187.4900,10.0000
2017-11-14 15:00:00,185.4500,10.0000
2017-11-14 16:00:00,188.7600,9.4000
2017-11-14 17:00:00,183.2700,8.9000
2017-11-14 18:00:00,185.7600,8.3000
2017-11-14 19:00:00,179.3100,8.3000
2017-11-14 20:00:00,169.3400,8.3000
2017-11-14 21:00:00,165.4100,7.8000
2017-11-14 22:00:00,139.9400,6.1000
2017-11-14 23:00:00,102.5800,6.7000
2017-11-15 00:00:00,98.4100,6.1000
2017-11-15 01:00:00,96.6900,3.9000
2017-11-15 02:00:00,96.7900,3.9000
2017-11-15 03:00:00,98.7300,3.3000
2017-11-15 04:00:00,182.6000,3.3000
2017-11-15 05:00:00,182.1800,2.8000
2017-11-15 06:00:00,186.5000,2.2000
2017-11-15 07:00:00,183.0700,2.8000
2017-11-15 08:00:00,221.5800,4.4000
2017-11-15 09:00:00,229.0000,6.1000
2017-11-15 10:00:00,219.8100,7.2000
2017-11-15 11:00:00,222.9900,9.4000
2017-11-15 12:00:00,217.5900,10.6000
2017-11-15 13:00:00,207.3600,11.7000
2017-11-15 14:00:00,210.7900,12.2000
2017-11-15 15:00:00,206.0300,11.7000
2017-11-15 16:00:00,206.9500,11.7000
2017-11-15 17:00:00,193.4400,10.6000
2017-11-15 18:00:00,191.1300,10.6000
2017-11-15 19:00:00,178.5600,10.6000
2017-11-15 20:00:00,170.2700,10.0000
2017-11-15 21:00:00,158.1300,10.0000
2017-11-15 22:00:00,131.8800,10.0000
2017-11-15 23:00:00,97.0700,10.0000
2017-11-16 00:00:00,97.7400,10.0000
2017-11-16 01:00:00,98.5600,9.4000
2017-11-16 02:00:00,99.7300,9.4000
2017-11-16 03:00:00,100.0100,8.9000
2017-11-16 04:00:00,167.4800,8.9000
2017-11-16 05:00:00,167.1200,8.9000
2017-11-16 06:00:00,168.1600,7.2000
2017-11-16 07:00:00,173.4100,6.7000
2017-11-16 08:00:00,189.0500,7.8000
2017-11-16 09:00:00,215.3100,9.4000
2017-11-16 10:00:00,233.8800,10.6000
2017-11-16 11:00:00,233.3100,10.6000
2017-11-16 12:00:00,241.7900,13.3000
2017-11-16 13:00:00,229.0500,16.7000
2017-11-16 14:00:00,228.7900,17.8000
2017-11-16 15:00:00,226.7100,16.7000
2017-11-16 16:00:00,220.8600,15.6000
2017-11-16 17:00:00,205.6400,13.3000
2017-11-16 18:00:00,191.2600,11.7000
2017-11-16 19:00:00,179.3100,9.4000
2017-11-16 20:00:00,180.7600,8.9000
2017-11-16 21:00:00,172.6200,8.9000
2017-11-16 22:00:00,140.9800,8.3000
2017-11-16 23:00:00,110.3900,8.3000
2017-11-17 00:00:00,104.3700,8.3000
2017-11-17 01:00:00,105.5300,7.8000
2017-11-17 02:00:00,105.4000,7.8000
2017-11-17 03:00:00,105.3200,7.2000
2017-11-17 04:00:00,179.7500,7.2000
2017-11-17 05:00:00,180.7800,6.7000
2017-11-17 06:00:00,179.0900,6.1000
2017-11-17 07:00:00,176.2600,6.1000
2017-11-17 08:00:00,199.0900,6.7000
2017-11-17 09:00:00,215.2200,7.8000
2017-11-17 10:00:00,216.3000,8.9000
2017-11-17 11:00:00,219.2900,10.0000
2017-11-17 12:00:00,223.2500,10.6000
2017-11-17 13:00:00,213.8800,11.7000
2017-11-17 14:00:00,209.1600,11.7000
2017-11-17 15:00:00,207.5900,11.1000
2017-11-17 16:00:00,195.6700,10.6000
2017-11-17 17:00:00,189.7300,10.0000
2017-11-17 18:00:00,183.6600,10.0000
2017-11-17 19:00:00,181.4800,8.3000
2017-11-17 20:00:00,170.4900,6.1000
2017-11-17 21:00:00,162.9200,6.7000
2017-11-17 22:00:00,129.8100,5.6000
2017-11-17 23:00:00,96.7100,4.4000
2017-11-18 00:00:00,97.9700,5.0000
2017-11-18 01:00:00,103.6700,4.4000
2017-11-18 02:00:00,104.3600,3.9000
2017-11-18 03:00:00,105.3900,3.9000
2017-11-18 04:00:00,104.3400,3.9000
2017-11-18 05:00:00,101.4500,3.9000
2017-11-18 06:00:00,97.8200,4.4000
2017-11-18 07:00:00,93.9600,5.0000
2017-11-18 08:00:00,176.3900,6.7000
2017-11-18 09:00:00,201.1900,8.3000
2017-11-18 10:00:00,181.2800,10.0000
2017-11-18 11:00:00,169.8500,11.7000
2017-11-18 12:00:00,174.6700,12.8000
2017-11-18 13:00:00,185.5300,15.6000
2017-11-18 14:00:00,199.1000,15.0000
2017-11-18 15:00:00,192.8000,14.4000
2017-11-18 16:00:00,180.9200,12.2000
2017-11-18 17:00:00,185.9200,12.2000
2017-11-18 18:00:00,188.0400,12.8000
2017-11-18 19:00:00,187.7700,13.9000
2017-11-18 20:00:00,141.3900,13.9000
2017-11-18 21:00:00,131.9400,16.1000
2017-11-18 22:00:00,133.5700,17.2000
2017-11-18 23:00:00,137.5200,16.7000
2017-11-19 00:00:00,139.0400,17.2000
2017-11-19 01:00:00,139.5600,17.8000
2017-11-19 02:00:00,134.7100,15.6000
2017-11-19 03:00:00,131.4400,14.4000
2017-11-19 04:00:00,139.8400,16.1000
2017-11-19 05:00:00,135.1100,16.1000
2017-11-19 06:00:00,111.7400,12.2000
2017-11-19 07:00:00,105.3000,10.0000
2017-11-19 08:00:00,100.9500,9.4000
2017-11-19 09:00:00,104.3000,10.0000
2017-11-19 10:00:00,104.8900,10.6000
2017-11-19 11:00:00,164.1800,10.6000
2017-11-19 12:00:00,163.3500,10.6000
2017-11-19 13:00:00,155.1300,10.6000
2017-11-19 14:00:00,159.3800,11.1000
2017-11-19 15:00:00,156.5100,10.0000
2017-11-19 16:00:00,157.0900,8.9000
2017-11-19 17:00:00,161.1500,8.9000
2017-11-19 18:00:00,168.3900,8.3000
2017-11-19 19:00:00,163.0100,7.8000
2017-11-19 20:00:00,166.6500,7.8000
2017-11-19 21:00:00,161.8800,7.8000
2017-11-19 22:00:00,152.3200,7.2000
2017-11-19 23:00:00,108.1400,7.2000
2017-11-20 00:00:00,107.2900,6.1000
2017-11-20 01:00:00,108.5100,6.1000
2017-11-20 02:00:00,109.4200,6.1000
2017-11-20 03:00:00,111.4900,6.1000
2017-11-20 04:00:00,194.4400,5.6000
2017-11-20 05:00:00,200.4100,5.0000
2017-11-20 06:00:00,199.2100,4.4000
2017-11-20 07:00:00,191.2700,3.9000
2017-11-20 08:00:00,219.1500,4.4000
2017-11-20 09:00:00,223.2900,5.6000
2017-11-20 10:00:00,243.9300,6.7000
2017-11-20 11:00:00,232.8200,7.8000
2017-11-20 12:00:00,221.4100,8.9000
2017-11-20 13:00:00,210.9600,10.0000
2017-11-20 14:00:00,203.8700,10.6000
2017-11-20 15:00:00,205.9300,11.1000
2017-11-20 16:00:00,210.8100,11.1000
2017-11-20 17:00:00,196.1800,10.0000
2017-11-20 18:00:00,196.9400,8.9000
2017-11-20 19:00:00,189.0000,7.2000
2017-11-20 20:00:00,178.9100,7.2000
2017-11-20 21:00:00,170.7400,6.1000
2017-11-20 22:00:00,127.0400,6.1000
2017-11-20 23:00:00,115.0600,6.1000
2017-11-21 00:00:00,107.2000,5.6000
2017-11-21 01:00:00,108.0500,5.6000
2017-11-21 02:00:00,105.6800,5.0000
2017-11-21 03:00:00,107.2500,5.0000
2017-11-21 04:00:00,179.0700,5.0000
2017-11-21 05:00:00,176.6800,4.4000
2017-11-21 06:00:00,172.4400,5.0000
2017-11-21 07:00:00,169.3200,5.0000
2017-11-21 08:00:00,199.3000,5.6000
2017-11-21 09:00:00,207.4800,8.3000
2017-11-21 10:00:00,228.0100,10.0000
2017-11-21 11:00:00,219.1100,11.1000
2017-11-21 12:00:00,215.7100,15.0000
2017-11-21 13:00:00,227.7000,15.6000
2017-11-21 14:00:00,222.0700,16.1000
2017-11-21 15:00:00,225.4800,16.1000
2017-11-21 16:00:00,228.8100,16.1000
2017-11-21 17:00:00,216.3000,16.1000
2017-11-21 18:00:00,210.3600,15.6000
2017-11-21 19:00:00,202.0700,13.9000
2017-11-21 20:00:00,183.9900,12.2000
2017-11-21 21:00:00,162.7300,11.1000
2017-11-21 22:00:00,134.0000,12.2000
2017-11-21 23:00:00,103.5700,11.7000
2017-11-22 00:00:00,99.5300,11.7000
2017-11-22 01:00:00,98.2600,11.1000
2017-11-22 02:00:00,96.8100,11.7000
2017-11-22 03:00:00,97.0700,11.7000
2017-11-22 04:00:00,152.8000,11.7000
2017-11-22 05:00:00,157.1500,10.6000
2017-11-22 06:00:00,156.4000,11.1000
2017-11-22 07:00:00,156.1200,10.6000
2017-11-22 08:00:00,173.2200,13.3000
2017-11-22 09:00:00,212.3900,13.9000
2017-11-22 10:00:00,249.1600,14.4000
2017-11-22 11:00:00,236.5700,14.4000
2017-11-22 12:00:00,235.4400,13.3000
2017-11-22 13:00:00,212.1700,12.8000
2017-11-22 14:00:00,200.2700,11.7000
2017-11-22 15:00:00,188.8800,11.1000
2017-11-22 16:00:00,193.8300,10.0000
2017-11-22 17:00:00,176.4400,8.9000
2017-11-22 18:00:00,167.8000,7.2000
2017-11-22 19:00:00,163.3000,6.7000
2017-11-22 20:00:00,155.5300,5.6000
2017-11-22 21:00:00,159.3300,5.0000
2017-11-22 22:00:00,129.7000,4.4000
2017-11-22 23:00:00,93.7900,3.9000
2017-11-23 00:00:00,92.4500,3.3000
2017-11-23 01:00:00,91.7000,2.2000
2017-11-23 02:00:00,92.2000,2.2000
2017-11-23 03:00:00,95.7900,1.7000
2017-11-23 04:00:00,164.8300,1.1000
2017-11-23 05:00:00,171.1700,0.0000
2017-11-23 06:00:00,174.4400,0.6000
2017-11-23 07:00:00,178.1800,0.0000
2017-11-23 08:00:00,171.3500,1.1000
2017-11-23 09:00:00,165.4100,1.7000
2017-11-23 10:00:00,161.3000,3.9000
2017-11-23 11:00:00,158.0900,5.0000
2017-11-23 12:00:00,155.7200,5.6000
2017-11-23 13:00:00,149.3500,7.2000
2017-11-23 14:00:00,156.2900,7.2000
2017-11-23 15:00:00,154.3100,7.8000
2017-11-23 16:00:00,151.4800,7.2000
2017-11-23 17:00:00,152.6500,6.1000
2017-11-23 18:00:00,163.7600,5.6000
2017-11-23 19:00:00,160.8700,5.0000
2017-11-23 20:00:00,162.3700,3.9000
2017-11-23 21:00:00,161.5100,3.3000
2017-11-23 22:00:00,136.3800,2.8000
2017-11-23 23:00:00,100.7900,3.3000
2017-11-24 00:00:00,94.5900,2.8000
2017-11-24 01:00:00,93.8500,2.2000
2017-11-24 02:00:00,95.8600,1.7000
2017-11-24 03:00:00,97.0300,1.1000
2017-11-24 04:00:00,168.1800,0.6000
2017-11-24 05:00:00,172.2300,1.1000
2017-11-24 06:00:00,170.6600,0.0000
2017-11-24 07:00:00,172.8100,0.6000
2017-11-24 08:00:00,167.3700,1.7000
2017-11-24 09:00:00,163.9800,3.3000
2017-11-24 10:00:00,162.0600,5.0000
2017-11-24 11:00:00,151.8800,7.8000
2017-11-24 12:00:00,162.2500,9.4000
2017-11-24 13:00:00,164.3100,10.0000
2017-11-24 14:00:00,169.5000,11.1000
2017-11-24 15:00:00,166.9500,11.7000
2017-11-24 16:00:00,160.4700,11.1000
2017-11-24 17:00:00,153.2600,9.4000
2017-11-24 18:00:00,155.5900,8.3000
2017-11-24 19:00:00,154.0600,8.3000
2017-11-24 20:00:00,154.9700,7.8000
2017-11-24 21:00:00,156.5300,6.1000
2017-11-24 22:00:00,133.4400,6.1000
2017-11-24 23:00:00,97.7700,5.0000
2017-11-25 00:00:00,97.5400,5.0000
2017-11-25 01:00:00,97.3100,4.4000
2017-11-25 02:00:00,101.4400,3.9000
2017-11-25 03:00:00,101.4700,4.4000
2017-11-25 04:00:00,101.1300,3.9000
2017-11-25 05:00:00,101.9000,4.4000
2017-11-25 06:00:00,100.6200,3.9000
2017-11-25 07:00:00,100.4800,4.4000
2017-11-25 08:00:00,156.2600,5.6000
2017-11-25 09:00:00,156.7900,7.2000
2017-11-25 10:00:00,154.0500,8.9000
2017-11-25 11:00:00,160.4200,10.6000
2017-11-25 12:00:00,173.9400,12.2000
2017-11-25 13:00:00,180.5100,14.4000
2017-11-25 14:00:00,183.9200,14.4000
2017-11-25 15:00:00,180.4100,15.0000
2017-11-25 16:00:00,178.7800,15.6000
2017-11-25 17:00:00,175.4400,13.9000
2017-11-25 18:00:00,178.0400,11.1000
2017-11-25 19:00:00,166.4500,10.6000
2017-11-25 20:00:00,111.6400,11.1000
2017-11-25 21:00:00,97.2600,15.0000
2017-11-25 22:00:00,97.3300,13.3000
2017-11-25 23:00:00,96.0900,14.4000
2017-11-26 00:00:00,95.9100,12.2000
2017-11-26 01:00:00,96.6800,11.1000
2017-11-26 02:00:00,97.6000,11.1000
2017-11-26 03:00:00,97.4500,9.4000
2017-11-26 04:00:00,96.5300,8.9000
2017-11-26 05:00:00,96.9600,9.4000
2017-11-26 06:00:00,98.3900,8.9000
2017-11-26 07:00:00,97.2000,8.3000
2017-11-26 08:00:00,93.2900,9.4000
2017-11-26 09:00:00,92.0100,10.6000
2017-11-26 10:00:00,91.8200,10.6000
2017-11-26 11:00:00,137.1100,11.7000
2017-11-26 12:00:00,149.9500,12.2000
2017-11-26 13:00:00,153.4400,12.2000
2017-11-26 14:00:00,149.7900,12.2000
2017-11-26 15:00:00,145.1800,12.2000
2017-11-26 16:00:00,143.5400,11.7000
2017-11-26 17:00:00,139.7600,10.6000
2017-11-26 18:00:00,138.8200,10.0000
2017-11-26 19:00:00,141.3200,8.9000
2017-11-26 20:00:00,138.6500,7.8000
2017-11-26 21:00:00,138.7000,8.3000
2017-11-26 22:00:00,124.5400,7.8000
2017-11-26 23:00:00,97.4900,8.3000
2017-11-27 00:00:00,96.9200,7.2000
2017-11-27 01:00:00,97.1300,6.1000
2017-11-27 02:00:00,99.2100,5.0000
2017-11-27 03:00:00,99.5300,4.4000
2017-11-27 04:00:00,156.3000,4.4000
2017-11-27 05:00:00,162.6300,3.9000
2017-11-27 06:00:00,163.1800,3.3000
2017-11-27 07:00:00,161.3000,3.9000
2017-11-27 08:00:00,181.0300,5.0000
2017-11-27 09:00:00,213.0000,6.7000
2017-11-27 10:00:00,232.0000,8.9000
2017-11-27 11:00:00,257.5200,13.3000
2017-11-27 12:00:00,233.7700,14.4000
2017-11-27 13:00:00,223.0700,15.0000
2017-11-27 14:00:00,221.1500,16.1000
2017-11-27 15:00:00,225.7000,16.1000
2017-11-27 16:00:00,225.1100,16.1000
2017-11-27 17:00:00,211.4900,15.0000
2017-11-27 18:00:00,203.0600,11.1000
2017-11-27 19:00:00,182.2200,11.1000
2017-11-27 20:00:00,165.6400,10.6000
2017-11-27 21:00:00,158.5900,7.8000
2017-11-27 22:00:00,115.6600,8.9000
2017-11-27 23:00:00,99.1900,7.2000
2017-11-28 00:00:00,102.1600,6.7000
2017-11-28 01:00:00,97.9300,6.1000
2017-11-28 02:00:00,97.7200,6.1000
2017-11-28 03:00:00,97.6000,5.0000
2017-11-28 04:00:00,166.7400,5.0000
2017-11-28 05:00:00,166.5700,4.4000
2017-11-28 06:00:00,159.5500,4.4000
2017-11-28 07:00:00,160.8600,3.9000
2017-11-28 08:00:00,188.7600,4.4000
2017-11-28 09:00:00,212.4100,6.7000
2017-11-28 10:00:00,214.9800,8.3000
2017-11-28 11:00:00,234.3600,10.6000
2017-11-28 12:00:00,234.9800,13.3000
2017-11-28 13:00:00,225.2100,15.6000
2017-11-28 14:00:00,233.5300,15.6000
2017-11-28 15:00:00,240.9000,15.6000
2017-11-28 16:00:00,240.2000,13.9000
2017-11-28 17:00:00,230.9900,12.8000
2017-11-28 18:00:00,216.7100,11.7000
2017-11-28 19:00:00,189.7500,11.1000
2017-11-28 20:00:00,173.9700,10.0000
2017-11-28 21:00:00,159.4800,10.6000
2017-11-28 22:00:00,129.2600,10.0000
2017-11-28 23:00:00,94.4200,10.0000
2017-11-29 00:00:00,94.1800,9.4000
2017-11-29 01:00:00,94.5000,8.9000
2017-11-29 02:00:00,94.7300,7.8000
2017-11-29 03:00:00,95.0900,8.3000
2017-11-29 04:00:00,161.5200,7.2000
2017-11-29 05:00:00,161.2900,6.7000
2017-11-29 06:00:00,158.9000,6.1000
2017-11-29 07:00:00,157.6800,6.1000
2017-11-29 08:00:00,175.3300,6.7000
2017-11-29 09:00:00,205.4900,8.3000
2017-11-29 10:00:00,229.4500,10.0000
2017-11-29 11:00:00,251.2000,12.8000
2017-11-29 12:00:00,237.1100,16.1000
2017-11-29 13:00:00,234.6900,20.0000
2017-11-29 14:00:00,237.9100,20.6000
2017-11-29 15:00:00,244.6100,21.1000
2017-11-29 16:00:00,242.0000,18.9000
2017-11-29 17:00:00,222.0200,16.1000
2017-11-29 18:00:00,212.7800,15.0000
2017-11-29 19:00:00,199.5800,14.4000
2017-11-29 20:00:00,180.0900,9.4000
2017-11-29 21:00:00,170.1400,10.0000
2017-11-29 22:00:00,136.7500,10.0000
2017-11-29 23:00:00,104.1900,6.7000
2017-11-30 00:00:00,97.9700,8.3000
2017-11-30 01:00:00,95.7700,8.3000
2017-11-30 02:00:00,96.6800,7.8000
2017-11-30 03:00:00,96.7500,7.8000
2017-11-30 04:00:00,158.9300,7.2000
2017-11-30 05:00:00,159.5800,6.7000
2017-11-30 06:00:00,159.9000,6.7000
2017-11-30 07:00:00,162.0800,6.1000
2017-11-30 08:00:00,180.4000,6.1000
2017-11-30 09:00:00,205.7200,7.8000
2017-11-30 10:00:00,215.2000,9.4000
2017-11-30 11:00:00,209.9800,10.6000
2017-11-30 12:00:00,205.0800,12.2000
2017-11-30 13:00:00,205.5700,13.3000
2017-11-30 14:00:00,209.2800,15.0000
2017-11-30 15:00:00,225.2800,15.0000
2017-11-30 16:00:00,225.5800,14.4000
2017-11-30 17:00:00,203.7900,13.3000
2017-11-30 18:00:00,198.9800,11.7000
2017-11-30 19:00:00,182.6600,11.1000
2017-11-30 20:00:00,177.2100,12.2000
2017-11-30 21:00:00,159.3600,11.7000
2017-11-30 22:00:00,129.3200,11.1000
2017-11-30 23:00:00,102.9700,11.1000
2017-12-01 00:00:00,101.3000,11.1000
2017-12-01 01:00:00,97.9200,10.0000
2017-12-01 02:00:00,94.6100,8.3000
2017-12-01 03:00:00,93.6400,8.9000
2017-12-01 04:00:00,152.4100,10.0000
2017-12-01 05:00:00,155.9800,9.4000
2017-12-01 06:00:00,152.7900,8.9000
2017-12-01 07:00:00,152.6800,7.8000
2017-12-01 08:00:00,154.6400,8.9000
2017-12-01 09:00:00,166.1000,10.0000
2017-12-01 10:00:00,171.4500,11.1000
2017-12-01 11:00:00,183.0600,12.8000
2017-12-01 12:00:00,188.2000,12.8000
2017-12-01 13:00:00,192.6800,13.3000
2017-12-01 14:00:00,196.5800,13.3000
2017-12-01 15:00:00,204.8600,13.3000
2017-12-01 16:00:00,192.2700,13.3000
2017-12-01 17:00:00,175.1800,11.7000
2017-12-01 18:00:00,170.6200,11.1000
2017-12-01 19:00:00,167.9400,10.0000
2017-12-01 20:00:00,151.1700,8.9000
2017-12-01 21:00:00,148.4400,7.2000
2017-12-01 22:00:00,125.2000,7.2000
2017-12-01 23:00:00,93.7300,6.1000
2017-12-02 00:00:00,94.0200,6.1000
2017-12-02 01:00:00,93.9700,5.0000
2017-12-02 02:00:00,95.0100,4.4000
2017-12-02 03:00:00,96.8300,3.3000
2017-12-02 04:00:00,98.0300,3.3000
2017-12-02 05:00:00,97.9600,2.2000
2017-12-02 06:00:00,95.7700,2.8000
2017-12-02 07:00:00,90.3800,3.3000
2017-12-02 08:00:00,159.7500,3.9000
2017-12-02 09:00:00,158.3600,4.4000
2017-12-02 10:00:00,155.2000,6.1000
2017-12-02 11:00:00,151.6300,7.8000
2017-12-02 12:00:00,154.8900,8.9000
2017-12-02 13:00:00,159.7900,10.0000
2017-12-02 14:00:00,161.1500,10.6000
2017-12-02 15:00:00,165.0200,11.1000
2017-12-02 16:00:00,165.6400,11.1000
2017-12-02 17:00:00,160.7200,10.0000
2017-12-02 18:00:00,156.4300,9.4000
2017-12-02 19:00:00,151.1400,8.9000
2017-12-02 20:00:00,103.4000,8.3000
2017-12-02 21:00:00,94.2300,7.2000
2017-12-02 22:00:00,95.3100,7.2000
2017-12-02 23:00:00,94.8300,6.7000
2017-12-03 00:00:00,95.5500,5.6000
2017-12-03 01:00:00,98.1300,5.6000
2017-12-03 02:00:00,95.8900,5.6000
2017-12-03 03:00:00,98.0000,5.6000
2017-12-03 04:00:00,96.9900,5.6000
2017-12-03 05:00:00,96.3300,6.1000
2017-12-03 06:00:00,95.3700,5.6000
2017-12-03 07:00:00,96.2100,6.1000
2017-12-03 08:00:00,94.9400,6.7000
2017-12-03 09:00:00,91.8200,8.3000
2017-12-03 10:00:00,94.8000,9.4000
2017-12-03 11:00:00,152.1600,10.0000
2017-12-03 12:00:00,148.0900,11.1000
2017-12-03 13:00:00,157.8700,12.2000
2017-12-03 14:00:00,166.3200,13.9000
2017-12-03 15:00:00,166.8800,13.9000
2017-12-03 16:00:00,151.9700,12.8000
2017-12-03 17:00:00,147.1900,11.7000
2017-12-03 18:00:00,141.0200,10.6000
2017-12-03 19:00:00,138.3300,10.0000
2017-12-03 20:00:00,137.7800,8.3000
2017-12-03 21:00:00,140.6700,7.2000
2017-12-03 22:00:00,122.9700,6.1000
2017-12-03 23:00:00,95.0500,6.1000
2017-12-04 00:00:00,94.2700,3.9000
2017-12-04 01:00:00,95.2700,4.4000
2017-12-04 02:00:00,97.6800,3.9000
2017-12-04 03:00:00,98.6500,3.9000
2017-12-04 04:00:00,164.5800,3.3000
2017-12-04 05:00:00,169.6100,3.3000
2017-12-04 06:00:00,166.1100,2.8000
2017-12-04 07:00:00,159.3100,3.3000
2017-12-04 08:00:00,192.0700,3.9000
2017-12-04 09:00:00,226.9200,5.0000
2017-12-04 10:00:00,218.1100,7.2000
2017-12-04 11:00:00,232.9800,9.4000
2017-12-04 12:00:00,220.4300,11.1000
2017-12-04 13:00:00,214.0500,12.2000
2017-12-04 14:00:00,212.1900,13.3000
2017-12-04 15:00:00,213.3100,12.8000
2017-12-04 16:00:00,204.7700,12.2000
2017-12-04 17:00:00,191.9100,11.1000
2017-12-04 18:00:00,183.3700,10.0000
2017-12-04 19:00:00,174.4800,10.0000
2017-12-04 20:00:00,165.0500,8.9000
2017-12-04 21:00:00,157.8200,8.9000
2017-12-04 22:00:00,106.7500,8.9000
2017-12-04 23:00:00,93.6900,8.9000
2017-12-05 00:00:00,93.3600,7.8000
2017-12-05 01:00:00,93.6400,7.2000
2017-12-05 02:00:00,94.1800,8.3000
2017-12-05 03:00:00,96.8600,7.8000
2017-12-05 04:00:00,164.5400,8.3000
2017-12-05 05:00:00,170.9000,8.3000
2017-12-05 06:00:00,161.1900,8.9000
2017-12-05 07:00:00,158.9900,8.3000
2017-12-05 08:00:00,192.0400,9.4000
2017-12-05 09:00:00,219.4400,10.0000
2017-12-05 10:00:00,238.2000,11.1000
2017-12-05 11:00:00,224.0300,11.7000
2017-12-05 12:00:00,216.0800,13.9000
2017-12-05 13:00:00,233.8300,13.9000
2017-12-05 14:00:00,238.4200,14.4000
2017-12-05 15:00:00,238.0800,14.4000
2017-12-05 16:00:00,237.4000,15.0000
2017-12-05 17:00:00,224.2300,14.4000
2017-12-05 18:00:00,222.1500,13.9000
2017-12-05 19:00:00,207.5700,15.6000
2017-12-05 20:00:00,197.8500,14.4000
2017-12-05 21:00:00,172.7600,12.8000
2017-12-05 22:00:00,148.5200,14.4000
2017-12-05 23:00:00,111.4200,13.9000
2017-12-06 00:00:00,111.1800,12.8000
2017-12-06 01:00:00,110.2800,13.9000
2017-12-06 02:00:00,103.6200,11.7000
2017-12-06 03:00:00,98.1600,11.1000
2017-12-06 04:00:00,160.9400,10.6000
2017-12-06 05:00:00,165.4400,9.4000
2017-12-06 06:00:00,168.6800,7.2000
2017-12-06 07:00:00,167.3700,6.1000
2017-12-06 08:00:00,196.1300,5.6000
2017-12-06 09:00:00,227.9300,5.6000
2017-12-06 10:00:00,240.8900,5.6000
2017-12-06 11:00:00,222.4000,6.1000
2017-12-06 12:00:00,221.9500,7.2000
2017-12-06 13:00:00,206.6300,8.3000
2017-12-06 14:00:00,190.7900,8.3000
2017-12-06 15:00:00,187.1700,8.3000
2017-12-06 16:00:00,189.5300,8.3000
2017-12-06 17:00:00,183.9600,7.8000
2017-12-06 18:00:00,180.3800,7.8000
2017-12-06 19:00:00,171.6700,7.2000
2017-12-06 20:00:00,165.8800,6.7000
2017-12-06 21:00:00,158.5100,6.7000
2017-12-06 22:00:00,131.7100,6.1000
2017-12-06 23:00:00,95.6800,6.7000
2017-12-07 00:00:00,97.5200,5.6000
2017-12-07 01:00:00,99.8600,6.1000
2017-12-07 02:00:00,101.8000,6.7000
2017-12-07 03:00:00,102.5900,6.1000
2017-12-07 04:00:00,179.0700,6.7000
2017-12-07 05:00:00,167.4400,6.1000
2017-12-07 06:00:00,167.6100,6.1000
2017-12-07 07:00:00,165.6200,6.1000
2017-12-07 08:00:00,196.3300,5.6000
2017-12-07 09:00:00,229.4300,6.7000
2017-12-07 10:00:00,213.6200,8.3000
2017-12-07 11:00:00,213.2600,8.3000
2017-12-07 12:00:00,216.5200,8.9000
2017-12-07 13:00:00,203.2900,8.9000
2017-12-07 14:00:00,199.2300,9.4000
2017-12-07 15:00:00,192.0300,8.9000
2017-12-07 16:00:00,188.8800,8.9000
2017-12-07 17:00:00,186.1200,7.8000
2017-12-07 18:00:00,189.8300,7.2000
2017-12-07 19:00:00,183.1700,7.2000
2017-12-07 20:00:00,176.8200,6.1000
2017-12-07 21:00:00,161.8100,6.1000
2017-12-07 22:00:00,131.6500,5.6000
2017-12-07 23:00:00,102.2700,5.6000
2017-12-08 00:00:00,103.3300,5.0000
2017-12-08 01:00:00,103.5000,5.0000
2017-12-08 02:00:00,104.2700,5.0000
2017-12-08 03:00:00,102.4000,4.4000
2017-12-08 04:00:00,170.4900,3.9000
2017-12-08 05:00:00,176.0100,3.9000
2017-12-08 06:00:00,169.2200,3.3000
2017-12-08 07:00:00,169.3800,3.3000
2017-12-08 08:00:00,189.9600,3.3000
2017-12-08 09:00:00,233.6800,3.9000
2017-12-08 10:00:00,224.1800,4.4000
2017-12-08 11:00:00,233.7800,5.0000
2017-12-08 12:00:00,218.4000,5.0000
2017-12-08 13:00:00,207.7200,5.6000
2017-12-08 14:00:00,207.6100,5.0000
2017-12-08 15:00:00,205.6600,5.0000
2017-12-08 16:00:00,201.5400,5.0000
2017-12-08 17:00:00,200.4300,5.0000
2017-12-08 18:00:00,185.9000,3.9000
2017-12-08 19:00:00,181.6700,3.3000
2017-12-08 20:00:00,171.9400,3.3000
2017-12-08 21:00:00,163.0300,2.8000
2017-12-08 22:00:00,132.4000,2.8000
2017-12-08 23:00:00,94.6200,2.8000
2017-12-09 00:00:00,94.8500,2.8000
2017-12-09 01:00:00,94.9600,2.8000
2017-12-09 02:00:00,96.7700,2.8000
2017-12-09 03:00:00,96.6300,2.8000
2017-12-09 04:00:00,94.9800,3.3000
2017-12-09 05:00:00,95.1800,3.3000
2017-12-09 06:00:00,97.1800,3.3000
2017-12-09 07:00:00,96.8200,3.3000
2017-12-09 08:00:00,183.1400,2.8000
2017-12-09 09:00:00,191.7300,1.7000
2017-12-09 10:00:00,182.2000,1.1000
2017-12-09 11:00:00,174.6900,0.6000
2017-12-09 12:00:00,183.4200,0.0000
2017-12-09 13:00:00,178.8800,0.0000
2017-12-09 14:00:00,188.9500,0.6000
2017-12-09 15:00:00,177.5000,0.0000
2017-12-09 16:00:00,179.4800,0.0000
2017-12-09 17:00:00,176.1200,0.0000
2017-12-09 18:00:00,185.8700,0.0000
2017-12-09 19:00:00,188.5400,0.0000
2017-12-09 20:00:00,105.3100,0.0000
2017-12-09 21:00:00,99.3800,0.0000
2017-12-09 22:00:00,99.8600,0.6000
2017-12-09 23:00:00,98.8500,0.0000
2017-12-10 00:00:00,98.6300,0.0000
2017-12-10 01:00:00,98.9700,-0.6000
2017-12-10 02:00:00,99.5300,-0.6000
2017-12-10 03:00:00,99.5100,-0.6000
2017-12-10 04:00:00,99.2000,0.0000
2017-12-10 05:00:00,99.1600,0.6000
2017-12-10 06:00:00,99.3900,1.1000
2017-12-10 07:00:00,99.7800,1.1000
2017-12-10 08:00:00,95.0200,2.2000
2017-12-10 09:00:00,95.0800,1.7000
2017-12-10 10:00:00,94.6200,1.7000
2017-12-10 11:00:00,174.5600,2.8000
2017-12-10 12:00:00,197.1000,3.3000
2017-12-10 13:00:00,186.9600,4.4000
2017-12-10 14:00:00,171.4100,4.4000
2017-12-10 15:00:00,170.9600,5.0000
2017-12-10 16:00:00,170.4400,5.0000
2017-12-10 17:00:00,170.3700,4.4000
2017-12-10 18:00:00,183.0900,3.9000
2017-12-10 19:00:00,164.4000,3.3000
2017-12-10 20:00:00,179.7500,2.8000
2017-12-10 21:00:00,179.0100,2.8000
2017-12-10 22:00:00,142.8800,2.8000
2017-12-10 23:00:00,97.6800,3.3000
2017-12-11 00:00:00,97.6300,2.8000
2017-12-11 01:00:00,98.2200,2.8000
2017-12-11 02:00:00,99.9700,3.3000
2017-12-11 03:00:00,96.9400,3.3000
2017-12-11 04:00:00,180.9800,2.2000
2017-12-11 05:00:00,212.2200,2.2000
2017-12-11 06:00:00,202.0100,2.2000
2017-12-11 07:00:00,202.5100,2.2000
2017-12-11 08:00:00,230.5400,1.7000
2017-12-11 09:00:00,256.3700,3.3000
2017-12-11 10:00:00,225.7900,5.0000
2017-12-11 11:00:00,224.0300,6.1000
2017-12-11 12:00:00,214.7800,7.8000
2017-12-11 13:00:00,203.1000,8.9000
2017-12-11 14:00:00,206.5800,8.9000
2017-12-11 15:00:00,207.7200,8.9000
2017-12-11 16:00:00,197.8800,8.3000
2017-12-11 17:00:00,189.4000,6.7000
2017-12-11 18:00:00,194.3200,6.7000
2017-12-11 19:00:00,187.2800,6.1000
2017-12-11 20:00:00,180.5700,5.6000
2017-12-11 21:00:00,174.0700,5.6000
2017-12-11 22:00:00,114.7200,5.0000
2017-12-11 23:00:00,96.3000,5.0000
2017-12-12 00:00:00,96.6300,5.6000
2017-12-12 01:00:00,97.2300,5.0000
2017-12-12 02:00:00,97.4100,5.6000
2017-12-12 03:00:00,99.4300,6.1000
2017-12-12 04:00:00,180.5000,6.1000
2017-12-12 05:00:00,185.6400,5.6000
2017-12-12 06:00:00,187.2200,5.6000
2017-12-12 07:00:00,186.9200,5.6000
2017-12-12 08:00:00,211.8400,5.6000
2017-12-12 09:00:00,236.7900,6.1000
2017-12-12 10:00:00,242.2600,6.7000
2017-12-12 11:00:00,240.2500,7.2000
2017-12-12 12:00:00,241.7500,7.8000
2017-12-12 13:00:00,247.2300,8.9000
2017-12-12 14:00:00,246.1100,8.9000
2017-12-12 15:00:00,241.6500,8.9000
2017-12-12 16:00:00,235.4400,7.2000
2017-12-12 17:00:00,237.4800,5.0000
2017-12-12 18:00:00,234.1400,4.4000
2017-12-12 19:00:00,238.1600,2.2000
2017-12-12 20:00:00,228.7000,0.6000
2017-12-12 21:00:00,228.5700,-1.7000
2017-12-12 22:00:00,186.0800,-2.8000
2017-12-12 23:00:00,124.4300,-3.3000
2017-12-13 00:00:00,128.7000,-3.9000
2017-12-13 01:00:00,125.1700,-3.9000
2017-12-13 02:00:00,125.2100,-4.4000
2017-12-13 03:00:00,125.3100,-5.0000
2017-12-13 04:00:00,207.6900,-5.0000
2017-12-13 05:00:00,239.9100,-5.0000
2017-12-13 06:00:00,235.2100,-5.0000
2017-12-13 07:00:00,236.1100,-5.0000
2017-12-13 08:00:00,277.3800,-5.0000
2017-12-13 09:00:00,304.8300,-3.9000
2017-12-13 10:00:00,311.6300,-2.8000
2017-12-13 11:00:00,295.3100,-1.7000
2017-12-13 12:00:00,268.2900,-0.6000
2017-12-13 13:00:00,262.2900,0.6000
2017-12-13 14:00:00,252.0100,1.1000
2017-12-13 15:00:00,243.8500,1.7000
2017-12-13 16:00:00,248.0300,1.7000
2017-12-13 17:00:00,251.3700,1.1000
2017-12-13 18:00:00,250.8900,1.1000
2017-12-13 19:00:00,250.8100,1.1000
2017-12-13 20:00:00,239.4300,
2017-12-13 21:00:00,229.0900,1.7000
2017-12-13 22:00:00,181.5400,1.7000
2017-12-13 23:00:00,123.8300,2.2000
2017-12-14 00:00:00,124.5500,2.2000
2017-12-14 01:00:00,124.9800,2.8000
2017-12-14 02:00:00,125.2400,2.2000
2017-12-14 03:00:00,125.9900,1.7000
2017-12-14 04:00:00,211.1800,2.2000
2017-12-14 05:00:00,233.6100,2.2000
2017-12-14 06:00:00,226.3300,3.3000
2017-12-14 07:00:00,211.2800,2.8000
2017-12-14 08:00:00,253.5300,3.3000
2017-12-14 09:00:00,267.6000,5.0000
2017-12-14 10:00:00,281.7600,6.7000
2017-12-14 11:00:00,256.6000,5.6000
2017-12-14 12:00:00,245.2400,5.0000
2017-12-14 13:00:00,239.4600,5.0000
2017-12-14 14:00:00,234.9800,5.0000
2017-12-14 15:00:00,231.4600,4.4000
2017-12-14 16:00:00,238.0100,3.9000
2017-12-14 17:00:00,237.8000,2.8000
2017-12-14 18:00:00,243.9400,2.2000
2017-12-14 19:00:00,233.5400,1.7000
2017-12-14 20:00:00,221.1800,1.7000
2017-12-14 21:00:00,225.3800,1.1000
2017-12-14 22:00:00,180.2600,0.6000
2017-12-14 23:00:00,122.7400,0.0000
2017-12-15 00:00:00,123.9600,-0.6000
2017-12-15 01:00:00,125.7500,-1.1000
2017-12-15 02:00:00,125.4700,-0.6000
2017-12-15 03:00:00,125.8700,-1.1000
2017-12-15 04:00:00,206.9600,-1.1000
2017-12-15 05:00:00,230.6700,-1.1000
2017-12-15 06:00:00,241.3700,-1.1000
2017-12-15 07:00:00,221.1800,-1.1000
2017-12-15 08:00:00,276.5300,-1.1000
2017-12-15 09:00:00,313.2100,-1.1000
2017-12-15 10:00:00,292.1100,-0.6000
2017-12-15 11:00:00,282.5900,-0.6000
2017-12-15 12:00:00,283.3100,-0.6000
2017-12-15 13:00:00,272.1200,-1.1000
2017-12-15 14:00:00,257.1500,-1.7000
2017-12-15 15:00:00,263.0000,-2.2000
2017-12-15 16:00:00,269.2500,-1.7000
2017-12-15 17:00:00,256.6600,-1.7000
2017-12-15 18:00:00,254.5500,-1.7000
2017-12-15 19:00:00,251.9600,-1.7000
2017-12-15 20:00:00,235.0400,-2.2000
2017-12-15 21:00:00,227.8200,-2.2000
2017-12-15 22:00:00,171.9800,-2.8000
2017-12-15 23:00:00,119.0400,-3.3000
2017-12-16 00:00:00,122.6600,-3.3000
2017-12-16 01:00:00,121.8800,-2.8000
2017-12-16 02:00:00,122.6400,-2.8000
2017-12-16 03:00:00,122.0500,-2.2000
2017-12-16 04:00:00,121.5600,-1.7000
2017-12-16 05:00:00,121.3000,-1.7000
2017-12-16 06:00:00,120.7200,-2.2000
2017-12-16 07:00:00,121.6200,-1.7000
2017-12-16 08:00:00,196.1700,-1.7000
2017-12-16 09:00:00,223.5500,0.6000
2017-12-16 10:00:00,222.9000,2.8000
2017-12-16 11:00:00,213.1300,5.0000
2017-12-16 12:00:00,203.9700,6.7000
2017-12-16 13:00:00,202.6500,7.8000
2017-12-16 14:00:00,198.6800,8.3000
2017-12-16 15:00:00,194.1900,8.3000
2017-12-16 16:00:00,195.0700,8.3000
2017-12-16 17:00:00,197.8900,7.2000
2017-12-16 18:00:00,210.3700,6.1000
2017-12-16 19:00:00,207.7800,4.4000
2017-12-16 20:00:00,140.7100,4.4000
2017-12-16 21:00:00,128.5200,5.0000
2017-12-16 22:00:00,129.7900,3.9000
2017-12-16 23:00:00,126.8800,2.8000
2017-12-17 00:00:00,128.9900,2.2000
2017-12-17 01:00:00,127.8300,1.7000
2017-12-17 02:00:00,127.1500,0.0000
2017-12-17 03:00:00,124.5200,0.0000
2017-12-17 04:00:00,124.0000,0.0000
2017-12-17 05:00:00,124.8200,0.6000
2017-12-17 06:00:00,124.1400,-0.6000
2017-12-17 07:00:00,125.4400,0.6000
2017-12-17 08:00:00,120.5200,1.1000
2017-12-17 09:00:00,122.6800,2.2000
2017-12-17 10:00:00,118.9800,4.4000
2017-12-17 11:00:00,189.2000,6.7000
2017-12-17 12:00:00,193.6200,7.8000
2017-12-17 13:00:00,186.9600,9.4000
2017-12-17 14:00:00,177.5800,8.3000
2017-12-17 15:00:00,181.5000,10.0000
2017-12-17 16:00:00,177.9100,8.3000
2017-12-17 17:00:00,179.4900,8.3000
2017-12-17 18:00:00,182.4100,7.8000
2017-12-17 19:00:00,179.3200,7.8000
2017-12-17 20:00:00,182.1000,7.8000
2017-12-17 21:00:00,183.3000,7.8000
2017-12-17 22:00:00,159.2300,7.2000
2017-12-17 23:00:00,124.5200,7.2000
2017-12-18 00:00:00,127.1800,7.2000
2017-12-18 01:00:00,124.5600,5.6000
2017-12-18 02:00:00,125.7300,5.6000
2017-12-18 03:00:00,125.7000,5.6000
2017-12-18 04:00:00,200.4000,6.1000
2017-12-18 05:00:00,203.7200,5.0000
2017-12-18 06:00:00,206.8600,5.0000
2017-12-18 07:00:00,211.8700,3.9000
2017-12-18 08:00:00,223.8100,5.0000
2017-12-18 09:00:00,250.0500,5.6000
2017-12-18 10:00:00,241.7100,7.2000
2017-12-18 11:00:00,247.4300,8.9000
2017-12-18 12:00:00,242.0200,10.0000
2017-12-18 13:00:00,257.2300,11.7000
2017-12-18 14:00:00,245.4600,11.7000
2017-12-18 15:00:00,248.3500,11.1000
2017-12-18 16:00:00,250.1500,12.2000
2017-12-18 17:00:00,226.6900,10.6000
2017-12-18 18:00:00,228.3500,11.7000
2017-12-18 19:00:00,223.7200,10.0000
2017-12-18 20:00:00,215.8100,10.6000
2017-12-18 21:00:00,192.8900,9.4000
2017-12-18 22:00:00,141.3100,8.3000
2017-12-18 23:00:00,126.3200,9.4000
2017-12-19 00:00:00,118.9100,8.9000
2017-12-19 01:00:00,118.4800,8.3000
2017-12-19 02:00:00,119.7000,7.2000
2017-12-19 03:00:00,120.1500,6.7000
2017-12-19 04:00:00,185.3700,5.6000
2017-12-19 05:00:00,197.7800,5.6000
2017-12-19 06:00:00,191.1900,5.0000
2017-12-19 07:00:00,194.7700,5.0000
2017-12-19 08:00:00,218.6600,4.4000
2017-12-19 09:00:00,246.7100,6.1000
2017-12-19 10:00:00,249.4600,8.9000
2017-12-19 11:00:00,261.1600,11.7000
2017-12-19 12:00:00,262.8000,12.8000
2017-12-19 13:00:00,255.9700,13.3000
2017-12-19 14:00:00,255.2400,16.1000
2017-12-19 15:00:00,250.8200,16.1000
2017-12-19 16:00:00,246.4800,16.1000
2017-12-19 17:00:00,237.8700,13.9000
2017-12-19 18:00:00,231.7500,11.1000
2017-12-19 19:00:00,213.3800,12.2000
2017-12-19 20:00:00,201.9400,10.6000
2017-12-19 21:00:00,193.8200,10.6000
2017-12-19 22:00:00,156.9500,8.9000
2017-12-19 23:00:00,121.1100,10.0000
2017-12-20 00:00:00,120.8000,8.9000
2017-12-20 01:00:00,121.2900,7.8000
2017-12-20 02:00:00,122.3500,6.1000
2017-12-20 03:00:00,122.2800,12.8000
2017-12-20 04:00:00,185.9600,11.7000
2017-12-20 05:00:00,192.8700,12.2000
2017-12-20 06:00:00,179.9200,11.1000
2017-12-20 07:00:00,180.9300,10.0000
2017-12-20 08:00:00,209.0800,9.4000
2017-12-20 09:00:00,251.0800,10.6000
2017-12-20 10:00:00,272.0600,10.6000
2017-12-20 11:00:00,267.3800,10.6000
2017-12-20 12:00:00,254.1200,10.0000
2017-12-20 13:00:00,238.9500,10.6000
2017-12-20 14:00:00,236.3800,10.6000
2017-12-20 15:00:00,232.6700,11.7000
2017-12-20 16:00:00,224.7400,10.6000
2017-12-20 17:00:00,212.2500,7.8000
2017-12-20 18:00:00,208.6000,7.8000
2017-12-20 19:00:00,204.9900,7.2000
2017-12-20 20:00:00,197.5900,6.7000
2017-12-20 21:00:00,194.0000,5.0000
2017-12-20 22:00:00,164.6200,4.4000
2017-12-20 23:00:00,122.8100,4.4000
2017-12-21 00:00:00,122.5900,3.9000
2017-12-21 01:00:00,118.4400,3.9000
2017-12-21 02:00:00,118.7100,1.7000
2017-12-21 03:00:00,118.0200,0.6000
2017-12-21 04:00:00,199.8400,2.2000
2017-12-21 05:00:00,206.4300,1.1000
2017-12-21 06:00:00,205.2300,1.1000
2017-12-21 07:00:00,206.1200,1.1000
2017-12-21 08:00:00,226.6000,1.1000
2017-12-21 09:00:00,252.1600,2.2000
2017-12-21 10:00:00,261.0700,3.9000
2017-12-21 11:00:00,258.4100,4.4000
2017-12-21 12:00:00,243.7700,5.6000
2017-12-21 13:00:00,234.5000,6.1000
2017-12-21 14:00:00,228.2600,6.7000
2017-12-21 15:00:00,225.6200,6.7000
2017-12-21 16:00:00,211.6000,6.7000
2017-12-21 17:00:00,194.7800,6.1000
2017-12-21 18:00:00,195.6900,5.6000
2017-12-21 19:00:00,182.3900,3.9000
2017-12-21 20:00:00,181.8000,3.3000
2017-12-21 21:00:00,183.2000,3.3000
2017-12-21 22:00:00,152.1000,2.8000
2017-12-21 23:00:00,114.4600,3.3000
2017-12-22 00:00:00,116.1700,1.7000
2017-12-22 01:00:00,118.7900,2.8000
2017-12-22 02:00:00,118.6900,3.9000
2017-12-22 03:00:00,117.1400,3.9000
2017-12-22 04:00:00,197.8600,3.9000
2017-12-22 05:00:00,196.5400,3.3000
2017-12-22 06:00:00,185.3500,3.9000
2017-12-22 07:00:00,191.8200,3.9000
2017-12-22 08:00:00,187.7900,3.3000
2017-12-22 09:00:00,181.5500,4.4000
2017-12-22 10:00:00,180.8700,5.6000
2017-12-22 11:00:00,178.4400,6.7000
2017-12-22 12:00:00,177.5400,8.3000
2017-12-22 13:00:00,172.6900,10.6000
2017-12-22 14:00:00,176.7600,12.2000
2017-12-22 15:00:00,185.2500,12.8000
2017-12-22 16:00:00,184.4800,13.3000
2017-12-22 17:00:00,184.5100,12.2000
2017-12-22 18:00:00,183.7500,11.7000
2017-12-22 19:00:00,184.2600,11.1000
2017-12-22 20:00:00,188.3100,11.1000
2017-12-22 21:00:00,185.9500,11.7000
2017-12-22 22:00:00,158.5300,10.6000
2017-12-22 23:00:00,126.7200,11.7000
2017-12-23 00:00:00,125.4000,9.4000
2017-12-23 01:00:00,119.8200,8.3000
2017-12-23 02:00:00,121.7900,8.9000
2017-12-23 03:00:00,117.0600,8.3000
2017-12-23 04:00:00,117.4300,7.8000
2017-12-23 05:00:00,117.2300,9.4000
2017-12-23 06:00:00,117.6300,8.3000
2017-12-23 07:00:00,118.5000,10.0000
2017-12-23 08:00:00,182.5400,10.6000
2017-12-23 09:00:00,187.6200,11.1000
2017-12-23 10:00:00,181.9800,12.2000
2017-12-23 11:00:00,184.1800,11.7000
2017-12-23 12:00:00,191.1800,15.6000
2017-12-23 13:00:00,196.1300,17.2000
2017-12-23 14:00:00,202.6900,17.8000
2017-12-23 15:00:00,203.1600,17.8000
2017-12-23 16:00:00,204.4500,17.2000
2017-12-23 17:00:00,204.2600,17.2000
2017-12-23 18:00:00,207.9800,17.2000
2017-12-23 19:00:00,200.1700,12.2000
2017-12-23 20:00:00,134.7900,11.7000
2017-12-23 21:00:00,124.4900,11.1000
2017-12-23 22:00:00,122.4100,9.4000
2017-12-23 23:00:00,119.8400,8.9000
2017-12-24 00:00:00,118.1200,7.8000
2017-12-24 01:00:00,118.3200,7.2000
2017-12-24 02:00:00,118.4000,7.2000
2017-12-24 03:00:00,119.9100,6.7000
2017-12-24 04:00:00,119.9800,5.6000
2017-12-24 05:00:00,120.3900,4.4000
2017-12-24 06:00:00,119.4300,4.4000
2017-12-24 07:00:00,118.8900,3.9000
2017-12-24 08:00:00,115.9700,4.4000
2017-12-24 09:00:00,115.9300,6.1000
2017-12-24 10:00:00,112.9700,7.2000
2017-12-24 11:00:00,181.9200,6.7000
2017-12-24 12:00:00,178.2700,6.7000
2017-12-24 13:00:00,171.3300,6.7000
2017-12-24 14:00:00,168.0700,6.1000
2017-12-24 15:00:00,173.3300,6.1000
2017-12-24 16:00:00,172.6200,6.1000
2017-12-24 17:00:00,170.0300,5.6000
2017-12-24 18:00:00,173.9900,5.6000
2017-12-24 19:00:00,175.0900,5.0000
2017-12-24 20:00:00,175.2000,4.4000
2017-12-24 21:00:00,172.8100,4.4000
2017-12-24 22:00:00,149.1700,4.4000
2017-12-24 23:00:00,119.5600,4.4000
2017-12-25 00:00:00,118.6700,4.4000
2017-12-25 01:00:00,119.0900,3.9000
2017-12-25 02:00:00,120.5100,4.4000
2017-12-25 03:00:00,118.4400,5.0000
2017-12-25 04:00:00,189.1400,4.4000
2017-12-25 05:00:00,208.6700,4.4000
2017-12-25 06:00:00,199.1700,4.4000
2017-12-25 07:00:00,205.1900,3.3000
2017-12-25 08:00:00,213.0900,1.7000
2017-12-25 09:00:00,209.6900,1.7000
2017-12-25 10:00:00,200.4000,1.7000
2017-12-25 11:00:00,199.8900,1.7000
2017-12-25 12:00:00,193.1300,1.7000
2017-12-25 13:00:00,195.2400,2.8000
2017-12-25 14:00:00,195.1200,2.2000
2017-12-25 15:00:00,195.0500,2.2000
2017-12-25 16:00:00,194.6300,1.7000
2017-12-25 17:00:00,198.9300,0.6000
2017-12-25 18:00:00,209.4900,0.0000
2017-12-25 19:00:00,215.9700,-0.6000
2017-12-25 20:00:00,218.0900,0.0000
2017-12-25 21:00:00,211.8500,0.0000
2017-12-25 22:00:00,137.2900,0.0000
2017-12-25 23:00:00,119.3200,0.0000
2017-12-26 00:00:00,123.8900,0.0000
2017-12-26 01:00:00,124.3300,-0.6000
2017-12-26 02:00:00,123.7600,-0.6000
2017-12-26 03:00:00,124.1900,-1.1000
2017-12-26 04:00:00,204.7600,-1.1000
2017-12-26 05:00:00,224.8200,-1.1000
2017-12-26 06:00:00,230.2000,-1.1000
2017-12-26 07:00:00,225.7600,-1.1000
2017-12-26 08:00:00,223.6000,-1.1000
2017-12-26 09:00:00,221.4800,-0.6000
2017-12-26 10:00:00,217.9200,0.0000
2017-12-26 11:00:00,207.8200,1.1000
2017-12-26 12:00:00,205.7900,1.7000
2017-12-26 13:00:00,199.9000,2.8000
2017-12-26 14:00:00,202.3100,3.3000
2017-12-26 15:00:00,201.8400,2.8000
2017-12-26 16:00:00,197.2100,2.8000
2017-12-26 17:00:00,200.3200,2.2000
2017-12-26 18:00:00,213.3300,1.7000
2017-12-26 19:00:00,208.0100,1.7000
2017-12-26 20:00:00,205.2900,1.7000
2017-12-26 21:00:00,197.1900,1.1000
2017-12-26 22:00:00,170.4300,1.1000
2017-12-26 23:00:00,117.7500,0.6000
2017-12-27 00:00:00,119.2700,0.6000
2017-12-27 01:00:00,119.3200,0.6000
2017-12-27 02:00:00,120.6500,0.6000
2017-12-27 03:00:00,121.3800,0.6000
2017-12-27 04:00:00,210.5400,0.0000
2017-12-27 05:00:00,219.1100,0.0000
2017-12-27 06:00:00,217.0000,0.0000
2017-12-27 07:00:00,211.4800,0.0000
2017-12-27 08:00:00,227.3600,0.0000
2017-12-27 09:00:00,229.0600,-0.6000
2017-12-27 10:00:00,224.9600,-1.1000
2017-12-27 11:00:00,219.4300,-1.1000
2017-12-27 12:00:00,239.2100,-0.6000
2017-12-27 13:00:00,229.3500,-1.7000
2017-12-27 14:00:00,213.6300,-1.7000
2017-12-27 15:00:00,227.5800,-1.7000
2017-12-27 16:00:00,235.8100,-1.7000
2017-12-27 17:00:00,229.9000,-2.8000
2017-12-27 18:00:00,227.6300,-3.3000
2017-12-27 19:00:00,220.6500,-3.9000
2017-12-27 20:00:00,224.6200,-5.0000
2017-12-27 21:00:00,233.9900,-5.6000
2017-12-27 22:00:00,186.9200,-6.1000
2017-12-27 23:00:00,116.9300,-6.7000
2017-12-28 00:00:00,118.3000,-7.2000
2017-12-28 01:00:00,119.0600,-7.2000
2017-12-28 02:00:00,120.4000,-7.8000
2017-12-28 03:00:00,119.9000,-8.3000
2017-12-28 04:00:00,219.3700,-8.9000
2017-12-28 05:00:00,258.8900,-8.9000
2017-12-28 06:00:00,246.0500,-8.9000
2017-12-28 07:00:00,243.3800,-8.9000
2017-12-28 08:00:00,231.4400,-8.3000
2017-12-28 09:00:00,234.6600,-7.8000
2017-12-28 10:00:00,255.5500,-6.7000
2017-12-28 11:00:00,247.2600,-5.6000
2017-12-28 12:00:00,234.7600,-5.0000
2017-12-28 13:00:00,246.3100,-4.4000
2017-12-28 14:00:00,246.1800,-4.4000
2017-12-28 15:00:00,238.2300,-4.4000
2017-12-28 16:00:00,241.0300,-4.4000
2017-12-28 17:00:00,234.0100,-5.6000
2017-12-28 18:00:00,251.0000,-5.6000
2017-12-28 19:00:00,246.2700,-6.1000
2017-12-28 20:00:00,232.2900,-6.7000
2017-12-28 21:00:00,242.1000,-6.7000
2017-12-28 22:00:00,193.1400,-6.7000
2017-12-28 23:00:00,123.7000,-7.2000
2017-12-29 00:00:00,123.4800,-6.7000
2017-12-29 01:00:00,123.3400,-6.1000
2017-12-29 02:00:00,123.1100,-6.7000
2017-12-29 03:00:00,124.2800,-6.7000
2017-12-29 04:00:00,219.1300,-6.7000
2017-12-29 05:00:00,235.5500,-6.1000
2017-12-29 06:00:00,226.1800,-6.1000
2017-12-29 07:00:00,233.4200,-6.1000
2017-12-29 08:00:00,228.5900,-6.7000
2017-12-29 09:00:00,211.4300,-5.6000
2017-12-29 10:00:00,211.2400,-3.9000
2017-12-29 11:00:00,222.0700,-2.8000
2017-12-29 12:00:00,224.5700,-2.2000
2017-12-29 13:00:00,198.2100,-1.7000
2017-12-29 14:00:00,215.8900,-0.6000
2017-12-29 15:00:00,213.6100,-0.6000
2017-12-29 16:00:00,199.5500,-0.6000
2017-12-29 17:00:00,208.0500,-2.2000
2017-12-29 18:00:00,218.7300,-3.3000
2017-12-29 19:00:00,220.7300,-2.8000
2017-12-29 20:00:00,208.6400,-3.3000
2017-12-29 21:00:00,222.8000,-3.3000
2017-12-29 22:00:00,175.0200,-3.9000
2017-12-29 23:00:00,122.7600,-4.4000
2017-12-30 00:00:00,122.2900,-4.4000
2017-12-30 01:00:00,121.6300,-4.4000
2017-12-30 02:00:00,122.1100,-4.4000
2017-12-30 03:00:00,121.6400,-5.0000
2017-12-30 04:00:00,119.9100,-5.6000
2017-12-30 05:00:00,120.4000,-5.6000
2017-12-30 06:00:00,119.9800,-5.0000
2017-12-30 07:00:00,119.9100,-5.0000
2017-12-30 08:00:00,207.2000,-5.0000
2017-12-30 09:00:00,215.2300,-4.4000
2017-12-30 10:00:00,213.5700,-4.4000
2017-12-30 11:00:00,204.0700,-3.3000
2017-12-30 12:00:00,207.5100,-2.8000
2017-12-30 13:00:00,211.3500,-2.2000
2017-12-30 14:00:00,199.7400,-1.7000
2017-12-30 15:00:00,198.4700,-0.6000
2017-12-30 16:00:00,199.8200,-0.6000
2017-12-30 17:00:00,201.7700,-1.1000
2017-12-30 18:00:00,199.5400,0.6000
2017-12-30 19:00:00,208.3400,-1.7000
2017-12-30 20:00:00,138.8000,-2.8000
2017-12-30 21:00:00,120.7900,-3.3000
2017-12-30 22:00:00,121.4900,-3.3000
2017-12-30 23:00:00,119.9500,-4.4000
2017-12-31 00:00:00,120.8800,-5.0000
2017-12-31 01:00:00,120.7800,-5.6000
2017-12-31 02:00:00,120.6200,-6.1000
2017-12-31 03:00:00,121.2000,-6.7000
2017-12-31 04:00:00,121.4900,-6.7000
2017-12-31 05:00:00,121.1700,-7.2000
2017-12-31 06:00:00,122.0900,-7.2000
2017-12-31 07:00:00,121.9400,-7.2000
2017-12-31 08:00:00,119.4100,-7.8000
2017-12-31 09:00:00,115.2800,-7.2000
2017-12-31 10:00:00,115.4100,-6.7000
2017-12-31 11:00:00,212.0000,-6.1000
2017-12-31 12:00:00,241.4100,-5.6000
2017-12-31 13:00:00,222.7100,-5.0000
2017-12-31 14:00:00,214.7000,-5.6000
2017-12-31 15:00:00,220.0300,-6.1000
2017-12-31 16:00:00,220.7000,-6.7000
2017-12-31 17:00:00,213.4800,-7.2000
2017-12-31 18:00:00,218.0600,-6.7000
2017-12-31 19:00:00,229.0100,-7.2000
2017-12-31 20:00:00,216.0500,-7.2000
2017-12-31 21:00:00,213.3000,-7.8000
2017-12-31 22:00:00,189.1800,-8.3000
2017-12-31 23:00:00,121.8600,-8.3000
